Frame Number,Timecode,content_val,delta_edges,delta_hue,delta_lum,delta_sat
2,00:00:00.017,2.054472254372428,8.648430266203704,1.461037326388889,1.923524787808642,2.778854648919753
3,00:00:00.033,1.880151909722222,8.502336516203703,1.2837413194444445,1.8385411844135802,2.518173225308642
4,00:00:00.050,2.3020622749485598,8.74201388888889,1.940378086419753,2.107331211419753,2.8584775270061726
5,00:00:00.067,2.6241632908950616,9.550694444444444,2.1756235532407406,2.3582484567901236,3.338617862654321
6,00:00:00.083,2.7635045331790127,10.294444444444444,2.330394965277778,2.4162712191358025,3.543847415123457
7,00:00:00.100,3.070360403806584,12.956966145833333,2.584486882716049,2.6251094714506173,4.001484857253087
8,00:00:00.117,2.8509701324588477,13.429311342592593,2.2061482445987655,2.5694401041666666,3.777322048611111
9,00:00:00.133,2.740642682613169,12.173003472222222,2.055337577160494,2.4896421682098766,3.676948302469136
10,00:00:00.150,2.7624156057098763,12.321556712962963,1.9983680555555556,2.6716883680555554,3.6171903935185186
11,00:00:00.167,2.7551212062757204,10.528956886574074,1.9939790702160494,2.6790432098765433,3.5923413387345677
12,00:00:00.183,3.336228137860082,14.066688368055555,2.721585165895062,3.0739539930555555,4.213145254629629
13,00:00:00.200,3.2179711612654316,15.099797453703705,2.196124614197531,3.0198601466049384,4.437928722993827
14,00:00:00.217,0.0050435635288065845,0.062348090277777775,0.004242380401234568,0.0033391203703703703,0.007549189814814815
15,00:00:00.233,2.8625766782407407,13.966341145833333,1.6330396412037036,2.8582151813271603,4.096475212191358
16,00:00:00.250,2.8139257008744853,13.286291956018518,1.6049845679012347,2.702139274691358,4.1346532600308645
17,00:00:00.267,2.7412930812757197,12.086552372685185,1.7162480709876544,2.4487885802469136,4.058842592592592
18,00:00:00.283,2.7989162165637858,11.243684895833333,1.8650135030864197,2.4293721064814813,4.102363040123457
19,00:00:00.300,3.719397344393004,18.600759548611112,2.634934895833333,3.2506028163580245,5.272654320987654
20,00:00:00.317,3.40029095936214,18.775875289351852,2.2501456404320987,3.176281828703704,4.774445408950617
21,00:00:00.333,3.461908436213992,18.301685474537038,2.355964023919753,3.292370273919753,4.737391010802469
22,00:00:00.350,3.3649998392489713,16.84136284722222,2.3218696952160496,3.278896122685185,4.494233699845679
23,00:00:00.367,3.2564602623456786,15.678761574074073,2.2347608024691357,3.26834587191358,4.266274112654321
24,00:00:00.383,3.0223161008230455,14.291977719907408,2.107125771604938,2.9871397569444444,3.972682773919753
25,00:00:00.400,3.5482862332818925,16.979094328703702,2.5228303433641974,3.5256886574074073,4.596339699074074
26,00:00:00.417,3.5541076710390946,17.561378761574073,2.4847130594135804,3.567885320216049,4.609724633487654
27,00:00:00.433,4.2457995756172835,19.26150173611111,3.3046720679012345,4.12737075617284,5.3053559027777775
28,00:00:00.450,3.5403676376028805,15.983492476851852,2.836070601851852,3.349809027777778,4.435223283179012
29,00:00:00.467,4.2301077031893,18.156575520833332,3.546127025462963,4.060309124228395,5.083886959876543
30,00:00:00.483,4.194068769290123,16.721339699074075,3.463863811728395,4.047220293209876,5.071122202932099
31,00:00:00.500,8.555220389660494,19.169147858796297,11.871296296296297,4.877120466820988,8.917244405864198
32,00:00:00.517,3.2800271669238685,15.185510706018519,2.570299961419753,3.3125935570987655,3.957187982253086
33,00:00:00.533,3.875558770576132,15.906510416666666,3.3798316936728394,3.961990740740741,4.284853877314815
34,00:00:00.550,3.746185056584362,15.029824942129629,3.360946662808642,3.789252989969136,4.088355516975309
35,00:00:00.567,3.296981899434156,13.069364872685185,2.9146084104938272,3.305149016203704,3.6711882716049384
36,00:00:00.583,3.9924205889917697,15.80837673611111,3.822668788580247,4.003103780864198,4.151489197530864
37,00:00:00.600,3.1656124614197534,12.941471354166667,3.0080058834876544,3.119693287037037,3.369138213734568
38,00:00:00.617,0.0392066936728395,0.159375,0.04349585262345679,0.02685570987654321,0.047268518518518515
39,00:00:00.633,3.9782719264403297,14.754116030092593,4.097525077160494,3.854955150462963,3.9823355516975307
40,00:00:00.650,3.203586516203704,11.152191840277778,3.308071952160494,3.062200038580247,3.2404875578703702
41,00:00:00.667,3.808080954218107,14.858029513888889,4.110916280864197,3.6704465663580246,3.6428800154320986
42,00:00:00.683,3.2618504050925927,13.164793113425926,3.5465480324074075,3.128733121141975,3.110270061728395
43,00:00:00.700,3.24506462191358,12.850347222222222,3.576883198302469,3.0673775077160492,3.0909331597222223
44,00:00:00.717,3.033450842335391,11.57214988425926,3.329742959104938,2.83890625,2.9317033179012344
45,00:00:00.733,3.459112654320988,14.264308449074074,3.9125347222222224,3.2201692708333334,3.2446339699074076
46,00:00:00.750,3.366817933384773,12.644733796296297,3.9240446566358025,3.0728684413580245,3.103540702160494
47,00:00:00.767,3.3892210005144037,11.981532118055556,4.055421006944444,2.9992042824074074,3.113037712191358
48,00:00:00.783,3.3178816229423873,10.967361111111112,4.087688078703704,2.818387827932099,3.047568962191358
49,00:00:00.800,3.5190036651234564,11.96099537037037,4.387966338734568,2.9539414544753084,3.2151032021604937
50,00:00:00.817,3.607615258487654,12.230186631944445,4.420818383487655,3.032279610339506,3.3697477816358026
51,00:00:00.833,3.8699356995884773,13.157414641203705,4.813533950617284,3.2005299961419755,3.5957431520061727
52,00:00:00.850,4.279742798353909,14.985554108796297,5.432613329475308,3.4930184220679013,3.9135966435185185
53,00:00:00.867,4.5537996720679015,15.113693576388888,5.854573206018519,3.634885223765432,4.171940586419753
54,00:00:00.883,4.3312294238683124,14.89996383101852,5.553683931327161,3.4667713155864197,3.973233024691358
55,00:00:00.900,5.388451324588478,18.518366608796295,7.113593267746913,4.251871624228395,4.799889081790123
56,00:00:00.917,0.044355870627572014,0.14228153935185187,0.042278645833333336,0.028610628858024692,0.06217833719135803
57,00:00:00.933,5.2237466242283945,18.421831597222223,6.884011381172839,4.103297646604938,4.683930844907407
58,00:00:00.950,5.72336869855967,19.915111400462962,7.747622974537037,4.368464023919753,5.0540190972222225
59,00:00:00.967,5.211802340534979,19.137543402777776,6.7411236496913585,4.086833526234568,4.807449845679012
60,00:00:00.983,4.094172775205762,15.471549479166667,4.8922868441358025,3.4344073109567903,3.9558241705246915
61,00:00:01.000,9.400570023148148,21.368055555555557,13.547361593364197,5.35587818287037,9.298470293209876
62,00:00:01.017,3.807605452674897,19.35360966435185,3.839501350308642,3.733778452932099,3.8495365547839504
63,00:00:01.033,3.8071357381687245,19.091550925925926,3.4523326581790124,3.720499614197531,4.24857494212963
64,00:00:01.050,3.742306134259259,17.563715277777778,3.2746768904320986,3.559846161265432,4.392395351080247
65,00:00:01.067,3.2833736818415638,15.70753761574074,2.5288507908950617,3.114557773919753,4.206712480709877
66,00:00:01.083,3.285606674382716,16.071050347222222,2.6105362654320987,3.016934799382716,4.2293489583333335
67,00:00:01.100,3.1069095614711935,16.27076099537037,2.164131462191358,2.9777314814814817,4.178865740740741
68,00:00:01.117,3.102192161779835,15.84576099537037,2.1238565779320986,3.010896026234568,4.171823881172839
69,00:00:01.133,2.8243497620884774,13.760727719907408,1.7954658564814814,2.7777527006172837,3.8998307291666667
70,00:00:01.150,3.3331153549382715,16.429644097222223,2.2514597800925924,3.264846161265432,4.4830401234567905
71,00:00:01.167,3.07726015946502,14.994285300925926,2.066979648919753,2.9257291666666667,4.239071662808642
72,00:00:01.183,3.6735890882201647,17.01032986111111,2.6146223958333334,3.4705565200617285,4.935588348765432
73,00:00:01.200,3.215796521347736,14.314359085648148,2.2775,2.940233410493827,4.429656153549383
74,00:00:01.217,3.211413805298354,14.34952980324074,2.3065629822530864,2.896386477623457,4.431291956018518
75,00:00:01.233,3.2227406442901234,14.599905960648147,2.2952488425925925,2.8963300540123456,4.476643036265432
76,00:00:01.250,3.2253854809670783,14.524891493055556,2.2790089699074074,2.846499324845679,4.550648148148148
77,00:00:01.267,0.03921666023662552,0.0839916087962963,0.03864486882716049,0.024719328703703705,0.054285783179012344
78,00:00:01.283,4.07606674382716,15.884129050925926,3.2617626350308644,3.5387393904320987,5.427698206018518
79,00:00:01.300,0.029451517489711934,0.2154513888888889,0.025278742283950616,0.02216676311728395,0.04090904706790124
80,00:00:01.317,2.9407780349794237,11.052828414351852,2.1041642554012348,2.584050925925926,4.134118923611111
81,00:00:01.333,3.1763118891460906,12.195384837962964,2.445401234567901,2.7773307291666667,4.306203703703703
82,00:00:01.350,2.6990821116255144,11.283036747685186,1.7863078703703703,2.4416126543209877,3.869325810185185
83,00:00:01.367,3.2675636574074076,13.063831018518519,2.36425106095679,2.9727695794753086,4.465670331790124
84,00:00:01.383,2.722419302983539,11.765711805555556,1.8381876929012346,2.463809799382716,3.8652604166666666
85,00:00:01.400,3.012049414866255,13.216688368055555,2.082918113425926,2.778708526234568,4.174521604938271
86,00:00:01.417,2.7151549639917696,11.704839409722222,1.8200597993827161,2.518424479166667,3.806980613425926
87,00:00:01.433,3.507314011059671,13.908051215277778,2.6673133680555554,3.2764072145061727,4.578221450617284
88,00:00:01.450,3.1394208140432096,11.136942997685185,2.3484929591049384,2.920654417438272,4.14911506558642
89,00:00:01.467,3.7220199974279837,13.271043113425925,3.1519367283950617,3.383375289351852,4.630747974537037
90,00:00:01.483,3.796242123199588,12.241254340277777,3.5084211033950616,3.341344039351852,4.5389612268518515
91,00:00:01.500,8.4704202031893,12.956966145833333,12.449681712962963,4.305352044753087,8.656226851851851
92,00:00:01.517,3.533844843106996,10.758427372685185,3.2166984953703706,3.1871619405864196,4.197674093364197
93,00:00:01.533,2.5564544753086422,8.011791087962964,2.230574363425926,2.298230613425926,3.140558449074074
94,00:00:01.550,3.1881860853909463,9.422186053240742,3.0236077353395063,2.8485681905864197,3.6923823302469136
95,00:00:01.567,2.7213887281378604,8.104267939814815,2.500155285493827,2.44090518904321,3.223105709876543
96,00:00:01.583,0.04934638631687243,0.09321469907407408,0.06593894675925926,0.029622395833333332,0.05247781635802469
97,00:00:01.600,2.7504825745884776,6.81451099537037,2.565829475308642,2.483851273148148,3.201766975308642
98,00:00:01.617,2.384075038580247,6.215133101851852,2.300629822530864,2.087591145833333,2.7640041473765433
99,00:00:01.633,1.8096206275720164,4.604289641203704,1.5299382716049383,1.643121624228395,2.255801986882716
100,00:00:01.650,2.1189290766460904,5.1548466435185185,1.9142838541666667,1.8756958912037036,2.566807484567901
101,00:00:01.667,1.8461712319958847,4.409129050925926,1.6578968942901235,1.555128761574074,2.325488040123457
102,00:00:01.683,2.2323694701646093,4.328457754629629,2.0900626929012347,1.8523808834876543,2.7546648341049385
103,00:00:01.700,1.8128684413580247,2.908101851851852,1.6371219135802468,1.4842655285493827,2.3172178819444444
104,00:00:01.717,1.9898757394547324,4.2400390625,1.8737263695987654,1.6109727044753086,2.4849281442901234
105,00:00:01.733,1.9505870627572017,3.825,1.9852531828703703,1.4678313078703704,2.398676697530864
106,00:00:01.750,1.2063495048868313,2.463548900462963,1.032596450617284,1.1004865933641976,1.4859654706790124
107,00:00:01.767,1.365419720936214,2.938845486111111,1.3790962577160495,1.1458945794753086,1.571268325617284
108,00:00:01.783,1.3447199717078189,3.1657335069444446,1.3370259452160493,1.1644536072530864,1.532680362654321
109,00:00:01.800,1.507104552469136,3.4298828125,1.664297839506173,1.1805488040123457,1.6764670138888889
110,00:00:01.817,2.285240001286008,4.893402777777778,2.638693576388889,1.7042134452160493,2.5128129822530862
111,00:00:01.833,2.002682130915638,4.796744791666667,2.1369511959876544,1.544293499228395,2.3268016975308643
112,00:00:01.850,2.681404963991769,5.369683159722222,2.90397087191358,2.036979648919753,3.103264371141975
113,00:00:01.867,2.8496358989197534,4.855034722222222,3.0791777584876545,2.101383101851852,3.3683468364197533
114,00:00:01.883,2.1229242219650204,4.678566261574074,2.023192997685185,1.803734085648148,2.5418455825617285
115,00:00:01.900,2.5189380787037035,5.382718460648148,2.636695601851852,2.08077449845679,2.839344135802469
116,00:00:01.917,2.500147247942387,5.708723958333334,2.5599281442901236,2.089920428240741,2.850593171296296
117,00:00:01.933,2.4647148276748974,6.0240306712962965,2.4500255594135805,2.023682002314815,2.920436921296296
118,00:00:01.950,2.50598058127572,7.539199942129629,2.3356655092592593,2.1183309220679014,3.0639453125
119,00:00:01.967,2.974285783179012,7.698451967592592,2.6708458719135804,2.576832561728395,3.675178915895062
120,00:00:01.983,2.4719344778806582,6.919900173611111,1.8310860339506172,2.340315875771605,3.2444015239197532
121,00:00:02.000,7.572363200874485,13.532118055555555,10.387306616512346,4.096934799382716,8.232848186728395
122,00:00:02.017,2.3622170781893,8.924139178240742,1.50160831404321,2.4343094135802468,3.1507335069444444
123,00:00:02.033,0.026394193672839506,0.2602141203703704,0.030516975308641975,0.017430073302469137,0.031235532407407406
124,00:00:02.050,2.770476305298354,7.752437789351852,2.35130256558642,2.5290108989197533,3.431115451388889
125,00:00:02.067,0.18593573173868314,1.1306278935185186,0.19263213734567902,0.12769627700617284,0.23747878086419752
126,00:00:02.083,2.230166055812757,6.235792824074074,1.6981095679012346,2.0403568672839505,2.9520317322530865
127,00:00:02.100,2.4341883680555556,6.7321180555555555,1.9731785300925926,2.1632402584876544,3.1661463155864196
128,00:00:02.117,3.348739872685185,9.323314525462964,2.9202189429012346,2.910434510030864,4.215566165123457
129,00:00:02.133,3.2937993505658434,8.042042824074073,2.835152874228395,2.824685570987654,4.221559606481481
130,00:00:02.150,3.2290007716049387,7.255620659722222,2.9907841435185185,2.6113667052469136,4.084851466049383
131,00:00:02.167,2.220088252314815,5.529427083333333,1.8335966435185185,2.0490822723765434,2.7775858410493828
132,00:00:02.183,2.1769346386316872,5.252119502314815,1.850191936728395,1.9408497299382717,2.739762249228395
133,00:00:02.200,2.0924831211419757,5.771072048611111,1.7946238425925927,1.9088025655864198,2.5740229552469134
134,00:00:02.217,2.0086440650720165,5.541478587962963,1.7889535108024692,1.7833955439814815,2.453583140432099
135,00:00:02.233,2.3829721257716048,6.677517361111111,2.2347029320987652,2.1112287808641974,2.8029846643518517
136,00:00:02.250,2.1013353587962964,4.941116898148148,1.9147280092592593,1.7894511959876542,2.599826871141975
137,00:00:02.267,2.5323760609567905,5.6198133680555555,2.4772313850308643,2.1001432291666666,3.0197535686728396
138,00:00:02.283,2.3255735596707816,5.681546585648148,2.209034529320988,1.8777840470679013,2.8899021026234566
139,00:00:02.300,2.96659882973251,7.587528935185185,2.9526123649691356,2.404402488425926,3.542781635802469
140,00:00:02.317,0.21233908822016465,0.43877314814814816,0.27087818287037035,0.10505449459876544,0.261084587191358
141,00:00:02.333,2.3533199909979423,7.066362847222222,2.0210344328703704,2.1646397569444447,2.8742857831790123
142,00:00:02.350,2.523099119084362,6.581228298611111,2.3539708719135803,2.2272304205246916,2.988096064814815
143,00:00:02.367,2.738689718364198,7.558629918981482,2.620614390432099,2.3801543209876543,3.2153004436728394
144,00:00:02.383,2.428007008744856,6.5103949652777775,2.243071952160494,2.086507523148148,2.954441550925926
145,00:00:02.400,3.0383225630144026,8.01941550925926,2.929660011574074,2.5877753665123455,3.5975323109567903
146,00:00:02.417,1.9113847093621399,5.283600983796297,1.5815128279320987,1.8051220100308643,2.347519290123457
147,00:00:02.433,2.6784194958847736,7.400730613425926,2.5294709683641976,2.460796199845679,3.0449913194444442
148,00:00:02.450,1.5822945601851852,4.76046730324074,1.2092230902777779,1.5315186149691358,2.006141975308642
149,00:00:02.467,2.6057024819958845,7.19720775462963,2.389698109567901,2.366024787808642,3.061384548611111
150,00:00:02.483,2.036454636059671,5.682161458333334,1.730826099537037,1.85414737654321,2.5243904320987656
151,00:00:02.500,6.503962030606996,11.180353009259258,8.882749807098765,3.6067963927469138,7.022339891975308
152,00:00:02.517,2.1246399176954736,6.973640046296296,1.4754142554012346,2.107475405092593,2.7910300925925924
153,00:00:02.533,2.5477507716049383,7.591341145833334,2.1217447916666665,2.3360517939814813,3.1854557291666667
154,00:00:02.550,2.618952224794239,6.9254340277777775,2.2608159722222223,2.317333140432099,3.278707561728395
155,00:00:02.567,2.6983130787037037,6.423083043981482,2.467582947530864,2.2760807291666665,3.35127555941358
156,00:00:02.583,1.4466243891460906,4.403964120370371,0.8911800733024692,1.554942611882716,1.8937504822530864
157,00:00:02.600,2.9490878986625515,8.277047164351853,2.7870625964506175,2.875203510802469,3.184997588734568
158,00:00:02.617,1.9363964441872428,6.413982928240741,1.5575361689814815,2.008960262345679,2.2426929012345678
159,00:00:02.633,2.4557703189300413,7.144697627314815,2.2941999421296297,2.3626224922839505,2.710488522376543
160,00:00:02.650,2.249104134516461,6.892722800925926,2.0200390625,2.179090470679012,2.54818287037037
161,00:00:02.667,2.3504632844650204,6.635951967592592,2.2067954282407407,2.255060763888889,2.589533661265432
162,00:00:02.683,0.1435664223251029,0.3014105902777778,0.15738859953703704,0.09597366898148148,0.17733699845679013
163,00:00:02.700,2.1209493955761314,6.573726851851852,1.8259312307098765,2.119208622685185,2.417708333333333
164,00:00:02.717,2.716469746656379,7.850571469907408,2.7350578703703703,2.495509259259259,2.918842110339506
165,00:00:02.733,2.41413933899177,6.597952835648148,2.329898726851852,2.2209037422839506,2.6916155478395063
166,00:00:02.750,3.0500133423353906,8.379484953703704,3.315472125771605,2.6701499807098767,3.1644179205246914
167,00:00:02.767,2.1872141846707818,7.0251663773148145,2.016227334104938,2.1873640046296297,2.358051215277778
168,00:00:02.783,2.6325138245884774,7.5062427662037035,2.690037615740741,2.510465374228395,2.6970384837962964
169,00:00:02.800,2.4785723701131688,6.888295717592593,2.510316358024691,2.3904658564814816,2.5349348958333335
170,00:00:02.817,2.4585807291666666,7.309975405092593,2.40494743441358,2.4005049189814813,2.5702898341049383
171,00:00:02.833,2.6615718235596706,7.59478443287037,2.684891010802469,2.501478587962963,2.7983458719135803
172,00:00:02.850,3.2104682677469136,10.113425925925926,3.1041478587962965,3.1971667631172838,3.3300901813271606
173,00:00:02.867,2.5932833397633743,8.161942997685186,2.284956597222222,2.6849628665123455,2.8099305555555554
174,00:00:02.883,2.773441036522634,7.877133969907407,2.6096199845679013,2.8242814429012344,2.8864216820987654
175,00:00:02.900,2.599723186728395,7.734237557870371,2.2742457561728395,2.742149884259259,2.7827739197530863
176,00:00:02.917,2.4574471129115225,7.892013888888889,2.091921296296296,2.625105613425926,2.655314429012346
177,00:00:02.933,2.8206251607510286,8.478110532407408,2.5783989197530865,2.951778549382716,2.931698013117284
178,00:00:02.950,2.509548932613169,8.247410300925926,2.0076075424382718,2.773202160493827,2.7478370949074074
179,00:00:02.967,2.6013136574074074,8.681141493055556,2.1902092978395062,2.7907267554012347,2.8230049189814816
180,00:00:02.983,2.6939115547839507,8.841377314814816,2.332989486882716,2.8721141975308644,2.8766309799382714
181,00:00:03.000,7.548945955504116,11.6244140625,11.029877025462962,4.196952642746914,7.420008198302469
182,00:00:03.017,2.4382325424382714,8.819610821759259,1.8595119598765433,2.83464168595679,2.6205439814814815
183,00:00:03.033,2.07412985468107,6.363071469907408,1.5948384452160493,2.3216251929012346,2.305925925925926
184,00:00:03.050,2.6520167824074075,7.878978587962963,2.218156828703704,2.8889023919753085,2.84899112654321
185,00:00:03.067,0.03684927983539095,0.057060185185185186,0.04376736111111111,0.02560474537037037,0.04117573302469136
186,00:00:03.083,2.393661747685185,6.921744791666667,1.948115837191358,2.539655671296296,2.6932137345679013
187,00:00:03.100,2.6368430105452676,7.222417534722222,2.2628221450617283,2.729322916666667,2.9183839699074072
188,00:00:03.117,2.2325691229423867,6.496990740740741,1.5939781057098765,2.5396855709876545,2.5640436921296295
189,00:00:03.133,2.3665813078703706,6.851772280092592,1.8828182870370371,2.545054976851852,2.6718706597222224
190,00:00:03.150,2.4449549897119343,7.266565393518518,1.9293007330246914,2.598863811728395,2.806700424382716
191,00:00:03.167,1.8812993505658435,5.220638020833333,1.3249696180555555,2.064891010802469,2.2540374228395064
192,00:00:03.183,2.3485458461934154,6.3061342592592595,1.8168103780864198,2.4965354938271607,2.732291666666667
193,00:00:03.200,1.9557859117798355,6.147005208333334,1.3760329861111111,2.1470881558641977,2.3442365933641973
194,00:00:03.217,1.9029025205761316,4.997439236111111,1.4241555748456791,2.0217814429012346,2.2627705439814814
195,00:00:03.233,2.838769129372428,7.995435474537037,2.6923321759259258,2.7992742091049383,3.02470100308642
196,00:00:03.250,2.7034942451131685,6.985568576388889,2.4345476466049383,2.687745949074074,2.988189139660494
197,00:00:03.267,2.541304012345679,6.869234664351852,2.2456934799382715,2.558410011574074,2.8198085455246913
198,00:00:03.283,2.4342282343106993,7.023444733796296,2.218774112654321,2.3841782407407406,2.699732349537037
199,00:00:03.300,2.2994833461934157,6.647511574074074,2.1177864583333332,2.255151909722222,2.525511670524691
200,00:00:03.317,2.5089879115226332,7.428645833333333,2.4046744791666668,2.400511188271605,2.7217780671296294
201,00:00:03.333,2.4516251929012345,7.843070023148148,2.223488136574074,2.345590760030864,2.7857966820987654
202,00:00:03.350,2.3970542373971195,7.225491898148148,2.190089216820988,2.2878713348765434,2.713202160493827
203,00:00:03.367,2.442560763888889,6.946216724537037,2.1700887345679014,2.3542293595679014,2.8033641975308643
204,00:00:03.383,2.3595900848765434,7.308745659722222,1.9735291280864198,2.3186173804012347,2.7866237461419754
205,00:00:03.400,2.560954218106996,7.930627893518518,2.177426215277778,2.5157238618827162,2.989712577160494
206,00:00:03.417,2.5970166216563784,7.6614366319444445,2.522860725308642,2.3988343942901236,2.8693547453703703
207,00:00:03.433,0.07319524819958849,0.28812934027777776,0.12139805169753086,0.0355054012345679,0.06268229166666667
208,00:00:03.450,2.615687371399177,8.674131944444444,2.350218942901235,2.5987885802469135,2.898054591049383
209,00:00:03.467,3.432993987911523,11.154405381944445,3.397375578703704,3.2461521026234568,3.6554542824074074
210,00:00:03.483,3.040591724537037,9.149674479166666,2.6431071566358026,3.048020351080247,3.4306476658950618
211,00:00:03.500,8.361201774691358,14.96637008101852,11.895752314814814,4.86731143904321,8.320541570216049
212,00:00:03.517,2.7333815586419754,10.486284722222223,1.7697858796296295,3.137390528549383,3.2929682677469136
213,00:00:03.533,3.7338847093621403,12.834975405092592,2.8675877700617285,4.104168595679012,4.229897762345679
214,00:00:03.550,3.5743743569958846,11.273444733796296,2.463167438271605,3.9667804783950618,4.293175154320988
215,00:00:03.567,3.114220679012346,9.462398726851852,2.1831833526234568,3.2840518904320986,3.8754267939814815
216,00:00:03.583,3.482667824074074,13.680302372685185,2.2189930555555555,3.8353419174382717,4.393668499228395
217,00:00:03.600,3.4725753922325104,13.291579861111112,2.1388700810185184,3.843244116512346,4.435611979166667
218,00:00:03.617,3.4216377314814816,12.014243344907408,2.1012962962962964,3.8255473572530865,4.338069540895062
219,00:00:03.633,3.2799943737139916,10.877466724537037,1.9902546296296297,3.713449074074074,4.1362794174382715
220,00:00:03.650,3.1506656700102877,11.083080150462964,1.8864882330246913,3.5168108603395063,4.048697916666667
221,00:00:03.667,3.0729261509773664,10.519487847222223,1.8166247106481481,3.387519290123457,4.014634452160494
222,00:00:03.683,3.2675649434156377,11.54177517361111,2.0634037422839504,3.4702498070987655,4.269041280864197
223,00:00:03.700,3.1954459233539096,10.95125144675926,2.3772477816358024,3.0843079668209876,4.124782021604938
224,00:00:03.717,2.785694765946502,9.414930555555555,1.9453867669753087,2.647057773919753,3.7646397569444443
225,00:00:03.733,2.237040895061728,7.370601851851852,1.468342013888889,2.129796971450617,3.112983699845679
226,00:00:03.750,3.031728555812757,10.029311342592592,2.2919304591049383,2.78352912808642,4.0197260802469135
227,00:00:03.767,2.789652295524691,9.899819155092592,1.9707002314814814,2.6059022955246913,3.7923543595679012
228,00:00:03.783,2.658721868569959,10.14724392361111,1.717313850308642,2.5252970679012345,3.7335546875
229,00:00:03.800,2.501126864711934,9.372750289351853,1.5637003279320987,2.410590760030864,3.5290895061728396
230,00:00:03.817,2.3658865419238686,8.439742476851851,1.489346064814815,2.2438300540123457,3.3644835069444445
231,00:00:03.833,2.430690425668724,8.212731481481482,1.583671875,2.2539925733024693,3.4544068287037035
232,00:00:03.850,2.261720357510288,8.019661458333333,1.4273186728395062,2.089861111111111,3.267981288580247
233,00:00:03.867,2.3288667052469134,7.175318287037037,1.7183666087962963,2.0726856674382717,3.195547839506173
234,00:00:03.883,2.71615033436214,7.762029803240741,2.443587962962963,2.183850308641975,3.5210127314814814
235,00:00:03.900,2.43128231095679,7.799168113425926,2.2561921296296297,1.9306573109567902,3.1069974922839507
236,00:00:03.917,3.8820733667695477,10.696940104166666,3.640653452932099,3.1422690007716048,4.863297646604939
237,00:00:03.933,0.012996238425925927,0.016355613425925924,0.014936824845679013,0.00646412037037037,0.017587770061728396
238,00:00:03.950,2.6956640625,9.018952546296296,1.9053472222222223,2.5403501157407407,3.641294849537037
239,00:00:03.967,3.556093910751029,11.509186921296296,2.965851176697531,3.238472222222222,4.463958333333333
240,00:00:03.983,3.3058719135802463,10.321006944444445,2.509106385030864,3.1425385802469137,4.2659707754629625
241,00:00:04.000,7.734324684927984,13.375817418981482,9.905285976080247,4.507469135802469,8.790218942901234
242,00:00:04.017,3.4545500578703705,12.090118634259259,2.463745659722222,3.624714988425926,4.275189525462963
243,00:00:04.033,3.2821903935185186,11.862984664351853,2.106586612654321,3.309956597222222,4.430027970679013
244,00:00:04.050,3.509385448816872,14.264554398148148,2.103856095679012,3.6387991898148146,4.78550106095679
245,00:00:04.067,2.7329009130658437,10.560561342592592,1.5525221836419754,2.779811921296296,3.8663686342592594
246,00:00:04.083,2.852460294495885,11.761899594907407,1.8656626157407408,2.7223490547839506,3.9693692129629627
247,00:00:04.100,2.5056417181069954,9.44714988425926,1.487325424382716,2.491221547067901,3.53837818287037
248,00:00:04.117,3.360592046039095,14.210445601851852,2.0503559027777776,3.3819902584876544,4.649429976851851
249,00:00:04.133,3.0853145897633745,12.891420717592593,1.7211607831790123,3.2183183834876545,4.316464602623457
250,00:00:04.150,3.116077031893004,13.541833043981482,1.7468687307098765,3.297106963734568,4.304255401234568
251,00:00:04.167,2.908761895576132,13.275224247685186,1.5042660108024692,3.076708622685185,4.145311053240741
252,00:00:04.183,2.9373358731995887,14.500296585648147,1.5259751157407409,3.093064236111111,4.192968267746914
253,00:00:04.200,2.9937115805041152,15.205678530092593,1.5633048804012346,3.1554456018518517,4.262384259259259
254,00:00:04.217,3.30986802340535,17.66025028935185,1.8030314429012346,3.5004648919753087,4.626107735339506
255,00:00:04.233,2.990416345164609,14.761986400462963,1.5636366705246914,3.143618827160494,4.263993537808642
256,00:00:04.250,3.2016390174897125,16.73179253472222,1.7100882523148149,3.3493523341049385,4.545476466049383
257,00:00:04.267,3.1714874292695474,15.954716435185185,1.7502936921296297,3.2754118441358027,4.48875675154321
258,00:00:04.283,0.04168113425925926,0.3432219328703704,0.03320457175925926,0.0308179012345679,0.061020929783950614
259,00:00:04.300,3.304798096707819,17.25283564814815,1.8094695216049383,3.4494212962962965,4.655503472222223
260,00:00:04.317,3.0082113233024685,15.161530671296296,1.6246011766975308,3.0751774691358023,4.324855324074074
261,00:00:04.333,3.38426858281893,18.675159143518517,1.8469502314814814,3.5076808449074073,4.798174672067901
262,00:00:04.350,3.124078896604938,16.716666666666665,1.6572670717592592,3.237052951388889,4.477916666666666
263,00:00:04.367,3.645828510802469,18.73701533564815,2.0696773726851854,3.787256462191358,5.080551697530864
264,00:00:04.383,3.3503570280349795,17.453038194444446,1.8860551697530865,3.410853587962963,4.754162326388889
265,00:00:04.400,3.8468701774691354,20.50551215277778,2.3232947530864196,3.9920635609567903,5.225252218364197
266,00:00:04.417,3.1736358667695472,17.83930121527778,1.7847868441358026,3.2654933449074073,4.470627411265432
267,00:00:04.433,3.3950257201646092,17.692961516203702,2.0244304591049382,3.4684606481481484,4.692186053240741
268,00:00:04.450,3.356933031121399,16.98462818287037,2.0375303819444444,3.417457561728395,4.615811149691358
269,00:00:04.467,3.7079851466049383,18.192607060185185,2.3385045331790124,3.8299792631172838,4.955471643518519
270,00:00:04.483,3.5670296424897123,17.113382523148147,2.292705439814815,3.689061535493827,4.719321952160493
271,00:00:04.500,7.797468332047324,19.25400028935185,9.60692756558642,4.6303192515432094,9.155158179012346
272,00:00:04.517,3.325511188271605,17.55904224537037,1.7607841435185185,3.6757484567901235,4.540000964506173
273,00:00:04.533,2.9686718749999996,14.352604166666667,1.5931114969135802,3.2433463541666665,4.069557773919753
274,00:00:04.550,3.291381494341564,15.952133969907408,1.9685021219135803,3.5498042052469136,4.355838155864197
275,00:00:04.567,3.34942210005144,15.279094328703703,2.1041261574074075,3.4953655478395063,4.448774594907407
276,00:00:04.583,3.1149493634259255,13.899934895833333,1.8922453703703703,3.3067824074074075,4.1458203125
277,00:00:04.600,3.2179674639917693,12.868055555555555,1.8975053047839505,3.463305362654321,4.293091724537037
278,00:00:04.617,0.043867187499999995,0.3267433449074074,0.04199411651234568,0.031820505401234565,0.057786940586419755
279,00:00:04.633,3.6348085455246917,14.654014756944445,2.157355324074074,4.01137249228395,4.73569782021605
280,00:00:04.650,3.300206886574074,13.196889467592593,1.9657253086419753,3.6183516589506173,4.316543692129629
281,00:00:04.667,2.9606812628600827,11.387934027777778,1.8017959104938273,3.2205989583333334,3.8596489197530865
282,00:00:04.683,3.5395129243827164,12.975658275462964,2.1691087962962965,3.9533058449074074,4.496124131944445
283,00:00:04.700,2.7235196437757203,9.846448206018518,1.6580213155864199,2.963186246141975,3.5493513695987655
284,00:00:04.717,2.96360178755144,10.673206018518519,1.8708473186728396,3.134759837962963,3.8851982060185186
285,00:00:04.733,2.7365679655349795,9.674283854166667,1.7660701195987654,2.8247651427469136,3.6188686342592593
286,00:00:04.750,3.173264531893004,11.135467303240741,2.1319208140432098,3.225231963734568,4.162640817901234
287,00:00:04.767,2.6165002893518516,8.804239004629629,1.7741020447530864,2.583640528549383,3.4917582947530863
288,00:00:04.783,2.814392361111111,9.938433159722223,1.8512355324074075,2.8382233796296297,3.7537181712962964
289,00:00:04.800,3.3456399498456793,11.38289207175926,2.5047362075617285,3.1982576195987655,4.333926022376543
290,00:00:04.817,2.3334275334362142,6.724001736111111,1.608533950617284,2.257825038580247,3.1339236111111113
291,00:00:04.833,3.3309926376028804,10.785604745370371,2.469187885802469,3.254756462191358,4.269033564814815
292,00:00:04.850,2.9529867541152264,9.334874131944444,2.067874710648148,2.956408661265432,3.8346768904320987
293,00:00:04.867,0.056032664609053505,0.29476996527777777,0.05996190200617284,0.036284722222222225,0.07185136959876544
294,00:00:04.883,3.9578726208847734,14.075788483796297,2.514603587962963,4.12395881558642,5.235055459104938
295,00:00:04.900,1.4347955246913582,4.3856409143518515,0.7907204861111111,1.467935474537037,2.045730613425926
296,00:00:04.917,5.07287583590535,18.33230613425926,3.6775477430555554,5.275752797067901,6.265326967592593
297,00:00:04.933,3.8836715534979422,14.066811342592592,2.4854899691358026,4.056738522376543,5.1087861689814815
298,00:00:04.950,3.5464472415123462,13.261328125,2.2077985146604937,3.6913305362654323,4.740212673611111
299,00:00:04.967,3.5087646283436214,12.916384548611111,2.200214602623457,3.66822868441358,4.657850597993827
300,00:00:04.983,3.838554365997942,15.991116898148148,2.5310050154320987,3.994142554012346,4.990515528549382
301,00:00:05.000,8.146211259002056,18.844372106481483,10.002329282407407,5.145980420524691,9.290324074074075
302,00:00:05.017,5.0537247620884775,23.787210648148147,3.608309702932099,5.19283805941358,6.360026523919753
303,00:00:05.033,4.81558320473251,21.48229890046296,3.5200559413580246,4.767629243827161,6.1590644290123455
304,00:00:05.050,5.45677662037037,26.019444444444446,4.181608796296296,5.431201774691358,6.757519290123457
305,00:00:05.067,4.9083387988683125,25.781119791666665,3.652468653549383,4.811202256944444,6.261345486111111
306,00:00:05.083,5.357103909465021,27.99564525462963,4.122868923611111,5.277327353395061,6.671115451388889
307,00:00:05.100,4.834360210905349,26.257154224537036,3.5344478202160494,4.76515094521605,6.2034818672839505
308,00:00:05.117,5.213251350308641,28.18773148148148,3.948004436728395,5.11969280478395,6.5720568094135805
309,00:00:05.133,4.897542116769547,25.32488425925926,3.48477237654321,4.907975983796296,6.2998779899691355
310,00:00:05.150,5.430208333333333,29.461870659722223,4.180712287808642,5.36585792824074,6.7440547839506175
311,00:00:05.167,4.532600951646091,21.8509765625,3.153835358796296,4.61322868441358,5.830738811728395
312,00:00:05.183,5.263805941358025,29.34418402777778,3.9169974922839508,5.316718267746913,6.55770206404321
313,00:00:05.200,4.762387795781893,25.176085069444444,3.330988136574074,4.875004822530864,6.081170428240741
314,00:00:05.217,5.098420781893004,27.95912181712963,3.6418195408950615,5.278764467592593,6.374678337191358
315,00:00:05.233,4.470035847479424,22.74660011574074,3.133139949845679,4.6601890432098765,5.616778549382716
316,00:00:05.250,0.6753086419753087,2.459367766203704,0.8355256558641976,0.426430362654321,0.7639699074074074
317,00:00:05.267,5.733479777520576,30.053624131944446,4.4453747106481485,5.887132040895062,6.867932581018518
318,00:00:05.283,0.037814268261316876,0.15433304398148148,0.034134355709876545,0.02871720679012346,0.050591242283950615
319,00:00:05.300,4.545244180812758,18.847077546296298,3.5466377314814816,4.784880401234568,5.304214409722222
320,00:00:05.317,4.853746784979424,19.346477141203703,4.048349247685185,4.979587673611111,5.533303433641976
321,00:00:05.333,3.6295470036008233,12.6537109375,2.9103944830246915,3.8150752314814813,4.163171296296296
322,00:00:05.350,4.323842753343622,14.51345486111111,3.974079861111111,4.326988329475308,4.670460069444444
323,00:00:05.367,4.05866110468107,15.09450954861111,3.7946836419753085,4.047322048611111,4.33397762345679
324,00:00:05.383,3.845160590277778,13.957486979166667,3.4221199845679013,3.942503858024691,4.170857928240741
325,00:00:05.400,3.7066875643004114,12.407392939814814,3.1805406057098766,3.834796489197531,4.104725597993827
326,00:00:05.417,0.0509619341563786,0.21188512731481482,0.05184944058641975,0.037873746141975306,0.06316261574074074
327,00:00:05.433,5.927910075874485,25.636870659722224,5.205428240740741,6.104693769290123,6.473608217592592
328,00:00:05.450,5.589151234567901,24.787731481481483,4.826349826388889,5.724931037808642,6.216172839506173
329,00:00:05.467,6.071176215277778,27.55109230324074,5.130101755401235,6.2864911265432095,6.7969357638888885
330,00:00:05.483,4.103284465020575,14.517758969907407,3.397002797067901,4.2250766782407405,4.687773919753086
331,00:00:05.500,8.337947852366254,16.72699652777778,10.89604648919753,5.265540605709877,8.852256462191358
332,00:00:05.517,4.272536008230453,17.588310185185186,3.311127989969136,4.594476755401234,4.912003279320988
333,00:00:05.533,3.745357188786008,13.542570891203704,2.785510223765432,4.13934944058642,4.311211902006173
334,00:00:05.550,4.396551408179012,17.349124710648148,3.598174672067901,4.635812114197531,4.955667438271605
335,00:00:05.567,0.04941261574074074,0.32969473379629627,0.04585841049382716,0.03943335262345679,0.06294608410493827
336,00:00:05.583,5.074994373713992,22.33119212962963,3.7327155671296297,5.598455825617284,5.893811728395062
337,00:00:05.600,3.2450120563271603,9.065805844907407,2.231847511574074,3.703720100308642,3.7994685570987654
338,00:00:05.617,3.9302739197530863,11.111118344907407,2.830896026234568,4.531554783950617,4.428370949074074
339,00:00:05.633,3.8515925604423864,11.115053530092593,2.7952256944444445,4.4804875578703705,4.279064429012346
340,00:00:05.650,4.925803433641975,16.541919849537038,3.6555304783950615,5.811908275462963,5.309971547067901
341,00:00:05.667,4.482975983796297,13.397952835648148,3.2029190779320986,5.252805266203704,4.993203607253086
342,00:00:05.683,4.915425186471193,16.129586226851853,3.5437654320987653,5.615304301697531,5.587205825617284
343,00:00:05.700,3.575444798096708,10.291861979166667,2.7152189429012346,3.9389390432098765,4.072176408179012
344,00:00:05.717,4.273799511316873,12.9326171875,3.1798186728395064,4.7266121720679015,4.91496768904321
345,00:00:05.733,4.364958043981481,12.965943287037037,3.2342742091049383,4.827451292438272,5.033148630401235
346,00:00:05.750,4.410924800668724,14.212659143518518,3.028670910493827,5.082645158179012,5.121458333333333
347,00:00:05.767,4.545667920524692,15.057863136574074,3.2053819444444445,5.138142843364197,5.293478973765432
348,00:00:05.783,4.062574427726337,13.459440104166667,2.887633101851852,4.448220968364198,4.851869212962963
349,00:00:05.800,4.3195228909465015,15.61875,3.3662987075617283,4.5567795138888885,5.035490451388889
350,00:00:05.817,3.978936310442387,12.888838252314814,3.135686728395062,4.110552179783951,4.690570023148148
351,00:00:05.833,4.314881687242798,15.79644820601852,3.3557137345679013,4.5271349344135805,5.061796392746913
352,00:00:05.850,4.0779226144547325,14.265046296296296,3.148500675154321,4.265037133487654,4.820230034722222
353,00:00:05.867,4.497340374228394,15.775419560185185,3.6002763310185184,4.610244502314814,5.281500289351852
354,00:00:05.883,4.653316454475309,16.897316261574073,3.573666087962963,4.8765557484567905,5.509727527006173
355,00:00:05.900,4.81126077031893,17.92341579861111,3.699025848765432,5.051589023919753,5.683167438271605
356,00:00:05.917,4.189484632201647,14.564735243055555,3.1859153163580247,4.414425154320988,4.968113425925926
357,00:00:05.933,7.243869598765432,31.74304832175926,6.703123553240741,7.069513406635802,7.958971836419753
358,00:00:05.950,6.0730799897119345,26.516015625,4.853927469135803,6.181314621913581,7.183997878086419
359,00:00:05.967,3.443928112139918,10.635698784722223,2.6374363425925926,3.505334201388889,4.1890137924382715
360,00:00:05.983,3.765728202160494,11.138664641203704,3.0339592978395062,3.725892650462963,4.537332658179013
361,00:00:06.000,9.415017843364197,22.94077690972222,11.720456211419753,6.343590856481481,10.181006462191357
362,00:00:06.017,5.831590470679012,28.57301070601852,4.802067418981482,6.112863136574074,6.579840856481481
363,00:00:06.033,5.995956950874485,27.782161458333334,5.265873360339506,6.264646508487655,6.457350983796296
364,00:00:06.050,6.381128472222223,27.214633969907407,5.692420910493827,6.711207079475309,6.739757426697531
365,00:00:06.067,5.804774144804527,22.018836805555555,5.251289544753086,6.132774402006173,6.030258487654321
366,00:00:06.083,6.6770056905864195,25.586942997685185,6.420108506944445,6.881958429783951,6.728950135030864
367,00:00:06.100,0.051272826646090536,0.45328414351851853,0.060711805555555554,0.03553481867283951,0.057571855709876545
368,00:00:06.117,5.843101691100824,21.510828993055554,5.498315972222223,6.080529996141975,5.950459104938272
369,00:00:06.133,7.365674350565843,29.86080005787037,7.683753375771605,7.2611564429012345,7.152113233024691
370,00:00:06.150,8.19263181584362,33.4146412037037,8.936300636574074,7.967872781635802,7.673722029320988
371,00:00:06.167,8.470546874999998,33.88243634259259,9.781991705246913,8.09177806712963,7.537870852623457
372,00:00:06.183,7.441696566358025,27.707024016203704,8.544461805555555,7.159051408179012,6.6215764853395065
373,00:00:06.200,9.639796167695472,39.40091869212963,11.701275077160494,8.929142554012346,8.28897087191358
374,00:00:06.217,0.051100340792181065,0.1507667824074074,0.06631944444444444,0.03257619598765432,0.05440538194444444
375,00:00:06.233,7.075184059927984,30.87017505787037,7.907072723765432,6.90416618441358,6.4143132716049385
376,00:00:06.250,8.418005561985597,36.45949074074074,10.034455054012346,7.689423707561728,7.530137924382716
377,00:00:06.267,6.837156314300412,31.187941261574075,7.773928433641975,6.405917245370371,6.331623263888889
378,00:00:06.283,6.5823691486625515,28.23470775462963,7.702236207561729,5.9585016396604935,6.086369598765432
379,00:00:06.300,6.42573414994856,29.142505787037038,7.22107349537037,5.903521412037037,6.152607542438272
380,00:00:06.317,6.015295299639917,26.329832175925926,6.809575135030864,5.513997395833333,5.722313368055556
381,00:00:06.333,5.547860243055555,22.454289641203705,6.276456404320988,5.033081597222222,5.334042727623457
382,00:00:06.350,5.333163419495885,22.50052806712963,6.049636863425926,4.777636959876543,5.172216435185185
383,00:00:06.367,5.918394097222222,24.73005642361111,6.975396412037037,5.05604793595679,5.723737943672839
384,00:00:06.383,4.515388374485597,18.59288917824074,4.993898533950618,4.026878858024691,4.525387731481482
385,00:00:06.400,4.633587802211934,18.454542824074075,5.2939347029320984,4.00896412037037,4.597864583333333
386,00:00:06.417,4.06361111111111,14.404745370370371,4.604553433641975,3.5385749421296295,4.047704957561728
387,00:00:06.433,5.49417550797325,20.912803819444445,6.582609953703703,4.576117862654321,5.323798707561728
388,00:00:06.450,0.09071437757201646,0.47640335648148147,0.14304398148148148,0.044778163580246916,0.08432098765432099
389,00:00:06.467,4.376341467335391,16.664525462962963,5.0836540316358025,3.6576316550925925,4.387738715277778
390,00:00:06.483,4.000892811213991,13.043540219907408,4.677083815586419,3.277153260030864,4.048441358024691
391,00:00:06.500,10.649404899691357,19.751432291666667,17.39841290509259,5.204511959876543,9.345289834104939
392,00:00:06.517,3.125167663323045,11.629947916666667,2.9856809413580248,2.9354841820987656,3.4543378665123456
393,00:00:06.533,6.049857735339507,32.01457609953704,6.086782407407408,5.730581597222222,6.332209201388889
394,00:00:06.550,5.308577996399177,27.801099537037036,4.8324286265432095,5.151590470679013,5.941714891975309
395,00:00:06.567,4.614963348765432,22.88113425925926,3.794259259259259,4.499456983024691,5.551173804012346
396,00:00:06.583,4.587192644032922,22.389605034722223,3.6328886959876545,4.483206500771605,5.645482735339506
397,00:00:06.600,3.9512205825617284,18.26958912037037,2.958028549382716,3.866331500771605,5.029301697530864
398,00:00:06.617,4.497968428497942,20.577452256944444,3.4206978202160494,4.379773823302469,5.693433641975308
399,00:00:06.633,3.8002692579732504,16.472808159722224,2.662440200617284,3.737124324845679,5.00124324845679
400,00:00:06.650,4.2877247299382715,17.90521556712963,3.172778260030864,4.116138117283951,5.5742578125
401,00:00:06.667,4.458861078960905,16.648292824074073,3.2667881944444446,4.232827449845679,5.876967592592592
402,00:00:06.683,3.9584426440329223,12.869285300925926,2.6756057098765433,3.88544319058642,5.314279031635802
403,00:00:06.700,3.637686471193416,11.800390625,2.244297839506173,3.64883487654321,5.019926697530864
404,00:00:06.717,4.227060345936214,14.852987557870371,2.807759452160494,3.9857658179012345,5.887655767746914
405,00:00:06.733,0.06589586548353908,0.1988498263888889,0.08916956018518518,0.037210648148148145,0.07130738811728395
406,00:00:06.750,3.4750009645061724,11.180967881944444,2.141655092592593,3.2404673032407407,5.042880497685185
407,00:00:06.767,3.0723940650720163,10.637174479166667,1.8837152777777777,2.858418209876543,4.4750487075617285
408,00:00:06.783,4.409948077417695,14.864055266203703,3.1217447916666665,3.955283564814815,6.152815875771605
409,00:00:06.800,2.9398654513888887,9.802669270833333,1.8927498070987654,2.691821952160494,4.235024594907407
410,00:00:06.817,3.9535577417695476,13.133434606481481,2.8629634452160495,3.4920018325617286,5.505707947530865
411,00:00:06.833,3.5104435120884774,11.543373842592592,2.4724946952160494,3.086823398919753,4.972012442129629
412,00:00:06.850,3.9380947788065845,12.030107060185186,3.1724479166666666,3.242527970679012,5.399308449074074
413,00:00:06.867,3.076919849537037,8.962999131944445,2.410639949845679,2.543024209104938,4.277095389660494
414,00:00:06.883,3.253980677726337,8.952054398148148,2.9212688078703706,2.553065200617284,4.287608024691358
415,00:00:06.900,3.0740403163580248,9.495847800925926,2.6390523726851853,2.4464588155864195,4.136609760802469
416,00:00:06.917,4.08221981095679,11.455692997685185,3.8825245949074074,3.1185889274691356,5.245545910493827
417,00:00:06.933,3.2897974537037036,10.238736979166667,2.9714255401234566,2.6110951967592593,4.286871624228395
418,00:00:06.950,3.2496791409465016,9.86218894675926,3.0993764467592593,2.5166319444444443,4.133029031635802
419,00:00:06.967,3.111660397376543,10.222258391203704,3.0617766203703702,2.358432195216049,3.91477237654321
420,00:00:06.983,2.8675692836934155,10.140849247685185,2.9066121720679012,2.1332021604938274,3.5628935185185187
421,00:00:07.000,8.911093106995885,18.77771990740741,13.782867476851852,4.040522762345679,8.909889081790123
422,00:00:07.017,2.2759231931584365,8.782472511574074,2.0665837191358025,1.9739221643518519,2.7872636959876544
423,00:00:07.033,3.46794045781893,13.381843171296296,3.080472125771605,2.961340663580247,4.362008584104938
424,00:00:07.050,3.389386413323045,13.01439525462963,2.8383849344135803,2.890357349537037,4.439416956018518
425,00:00:07.067,4.622403710133745,18.7830078125,3.6984172453703703,3.949674961419753,6.219118923611111
426,00:00:07.083,3.610338220164609,15.062782118055555,2.5706105324074073,3.1149392361111112,5.145464891975308
427,00:00:07.100,5.581090213477366,25.946028645833334,4.315684317129629,4.7328795331790126,7.6947067901234565
428,00:00:07.117,4.965705214763374,21.765386284722222,3.478657889660494,4.253749035493827,7.1647087191358025
429,00:00:07.133,0.07293740354938272,0.29501591435185187,0.10329619984567902,0.03704330632716049,0.07847270447530864
430,00:00:07.150,3.6162784529320984,15.576569733796296,2.2623365162037037,3.124144000771605,5.4623548418209875
431,00:00:07.167,7.867885963220165,29.085568576388887,5.910763406635803,6.534206211419753,11.15868827160494
432,00:00:07.183,7.689641203703704,28.986574074074074,5.787977430555555,6.2797251157407405,11.001221064814814
433,00:00:07.200,6.682195698302469,29.51130642361111,4.490017361111111,5.584140625,9.972429108796296
434,00:00:07.217,0.07160943930041153,0.7362485532407408,0.07268470293209876,0.04244020061728395,0.09970341435185186
435,00:00:07.233,7.618733924897119,28.759194155092594,5.422406925154321,6.352887731481482,11.080907118055556
436,00:00:07.250,8.441800411522633,30.11351273148148,5.850938464506173,7.272392939814814,12.202069830246913
437,00:00:07.267,8.797050700874486,29.008832465277777,6.118871527777777,7.612788387345679,12.6594921875
438,00:00:07.283,6.802009870113168,30.631481481481483,4.4386853780864195,5.795654417438271,10.171689814814815
439,00:00:07.300,5.325230516975309,23.713548900462964,2.37330680941358,4.785732060185185,8.816652681327161
440,00:00:07.317,5.666076710390946,24.937022569444444,2.6126832561728395,5.285808738425926,9.099738136574073
441,00:00:07.333,6.220003536522634,27.443120659722222,2.8914067322530865,6.085274402006172,9.683329475308643
442,00:00:07.350,5.871293563528806,27.154376446759258,2.8841078317901236,5.760145640432099,8.969627218364197
443,00:00:07.367,6.720045974794239,30.685221354166668,3.360595100308642,6.593624614197531,10.205918209876543
444,00:00:07.383,5.490968203446502,26.472359664351853,2.547100212191358,5.376358506944444,8.549445891203703
445,00:00:07.400,5.764176633230453,27.240827546296295,2.9291734182098765,5.467051986882716,8.896304494598766
446,00:00:07.417,5.461187789351851,25.919097222222224,2.61328800154321,5.250636574074074,8.519638792438272
447,00:00:07.433,5.802289255401234,27.57937644675926,2.7860416666666667,5.682484567901234,8.938341531635803
448,00:00:07.450,5.356475855195473,24.68111255787037,2.528968460648148,5.286468460648148,8.253990644290123
449,00:00:07.467,6.072483121141975,26.295891203703704,2.939593460648148,6.006517650462963,9.271338252314814
450,00:00:07.483,5.204375160751028,24.48644386574074,2.541807002314815,5.05639419367284,8.014924286265432
451,00:00:07.500,6.932854777520576,11.99714988425926,10.303830536265432,2.4554552469135804,8.039278549382717
452,00:00:07.517,5.902288290895062,29.05101273148148,2.6800766782407406,6.000995852623457,9.025792341820988
453,00:00:07.533,4.918876028806584,24.654796006944444,2.2187866512345678,4.835601369598765,7.70224006558642
454,00:00:07.550,5.171335841049383,25.39288917824074,2.418443287037037,5.139939236111111,7.955625
455,00:00:07.567,5.936890110596707,27.396513310185185,2.8704619984567903,5.961317997685185,8.978890335648147
456,00:00:07.583,5.239270833333333,24.272591145833335,2.4760802469135803,5.193470775462963,8.048261477623457
457,00:00:07.600,5.619070376800411,25.355750868055555,2.8380787037037036,5.59822193287037,8.42091049382716
458,00:00:07.617,4.917622492283951,22.648589409722224,2.481856674382716,4.917842881944445,7.353167920524691
459,00:00:07.633,5.813821534207819,25.486595775462963,2.978998360339506,5.904291087962963,8.558175154320988
460,00:00:07.650,5.693250064300411,25.37259837962963,2.936099537037037,5.810406539351852,8.333244116512345
461,00:00:07.667,5.332919238683128,22.618214699074073,2.768266300154321,5.410156732253086,7.820334683641975
462,00:00:07.683,5.981296617798354,24.949320023148147,3.1806944444444443,6.272662519290123,8.490532889660495
463,00:00:07.700,4.781302083333333,20.28046875,2.3650467785493827,4.921046006944445,7.0578134645061725
464,00:00:07.717,0.04961242926954732,0.16982783564814816,0.05015625,0.032492766203703706,0.06618827160493827
465,00:00:07.733,6.33690072016461,26.227394386574073,3.4249040316358026,6.7704190779320985,8.815379050925927
466,00:00:07.750,4.931715213477367,23.125607638888887,2.5170090663580247,5.1460407021604935,7.13209587191358
467,00:00:07.767,5.01925909850823,23.043706597222222,2.6007484567901233,5.247827449845679,7.209201388888889
468,00:00:07.783,5.7716796875,26.97839988425926,3.0696913580246914,6.096042631172839,8.14930507330247
469,00:00:07.800,3.4390189364711934,16.924001736111112,1.6831876929012346,3.467899787808642,5.165969328703704
470,00:00:07.817,6.151796714248971,27.201721643518518,3.2165239197530866,6.6668754822530865,8.571990740740741
471,00:00:07.833,4.720586098251029,23.261986400462963,2.346644000771605,4.999724151234568,6.815390142746914
472,00:00:07.850,4.737835969650206,23.325933159722222,2.3355565200617283,4.983309220679012,6.894642168209876
473,00:00:07.867,4.892052629886831,24.701280381944443,2.3649180169753086,5.184749228395062,7.126490644290123
474,00:00:07.883,4.684999035493827,23.650462962962962,2.2512977430555554,4.935559413580247,6.868139949845679
475,00:00:07.900,5.490521797839506,26.146969039351852,2.650288387345679,5.821866319444444,7.999410686728395
476,00:00:07.917,4.288177244084362,21.986986400462964,2.014778163580247,4.468278838734568,6.3814747299382715
477,00:00:07.933,5.773442161779836,27.62081886574074,2.7706799768518517,6.315551215277778,8.234095293209876
478,00:00:07.950,4.642915702160494,23.077278645833335,2.124052372685185,5.106769386574074,6.697925347222222
479,00:00:07.967,0.042042502572016464,0.21791087962962963,0.040914351851851855,0.029284818672839507,0.05592833719135802
480,00:00:07.983,4.778778131430041,24.231025752314814,2.2294931520061727,5.227510609567902,6.87933063271605
481,00:00:08.000,8.662635834619342,28.649500868055554,8.495873360339505,6.454619502314815,11.037414641203704
482,00:00:08.017,4.3891811342592595,25.51045283564815,1.7258265817901235,5.012714602623457,6.4290022183641975
483,00:00:08.033,4.360840084876544,23.99307002314815,1.8569839891975308,4.899453607253086,6.326082658179012
484,00:00:08.050,3.7089477237654322,20.06796875,1.5023061342592592,4.103842592592593,5.520694444444445
485,00:00:08.067,5.086994116512346,25.05003616898148,2.286237461419753,5.797999131944445,7.176745756172839
486,00:00:08.083,4.100912905092593,21.52066695601852,1.8262003279320989,4.469604552469136,6.006933834876543
487,00:00:08.100,3.7141169945987653,19.672605613425926,1.5613030478395062,4.109823013117284,5.4712249228395065
488,00:00:08.117,4.919210712448559,22.093974247685185,2.3709104938271603,5.6246696566358025,6.7620519868827165
489,00:00:08.133,3.49674029063786,17.688780381944444,1.5566454475308642,3.8756534529320987,5.057921971450617
490,00:00:08.150,4.714900816615226,22.507414641203702,2.3319709683641974,5.401365740740741,6.411365740740741
491,00:00:08.167,0.14190747170781892,1.0811921296296296,0.11893856095679012,0.11100646219135803,0.19577739197530863
492,00:00:08.183,3.767070634002058,19.50818865740741,1.6796580825617284,4.3887186535493825,5.232835165895062
493,00:00:08.200,5.2150009645061735,24.304318576388887,2.6735204475308643,6.092462384259259,6.879020061728395
494,00:00:08.217,3.8099545074588477,20.739409722222224,1.9211757330246915,4.249461323302469,5.259226466049383
495,00:00:08.233,4.998780864197531,23.944741030092594,2.591395640432099,5.731567322530864,6.67337962962963
496,00:00:08.250,4.176729038065844,21.35760271990741,2.0135108024691357,4.825463927469136,5.691212384259259
497,00:00:08.267,3.755588831018519,18.935373263888888,1.8045693479938272,4.27038387345679,5.191813271604938
498,00:00:08.283,4.529393004115225,22.83575665509259,2.2805531442901232,5.287587287808642,6.020038580246913
499,00:00:08.300,3.7150115740740746,20.095146122685186,1.794738136574074,4.252584394290124,5.097712191358025
500,00:00:08.317,4.500766943158436,22.348408564814815,2.2428197337962965,5.262193287037037,5.997287808641976
501,00:00:08.333,3.729742959104938,19.906872106481483,1.7620066550925926,4.285449942129629,5.141772280092592
502,00:00:08.350,4.910644933127572,22.472858796296297,2.5577753665123457,5.644220679012346,6.5299387538580245
503,00:00:08.367,4.118940972222222,20.415617766203702,2.024027295524691,4.707430073302469,5.625365547839507
504,00:00:08.383,0.045005947788065846,0.19110243055555556,0.044515817901234565,0.03177613811728395,0.05872588734567901
505,00:00:08.400,3.6005867412551438,18.06004050925926,1.7550139853395061,4.0362201003086415,5.010526138117284
506,00:00:08.417,4.850547196502057,23.453334780092593,2.505505401234568,5.582272858796296,6.463863329475308
507,00:00:08.433,4.226029771090535,19.928269675925925,2.2576340663580248,4.760326967592593,5.660128279320988
508,00:00:08.450,4.346644322273662,20.987449363425927,2.2804914158950615,5.017150848765432,5.742290702160494
509,00:00:08.467,3.397907664609054,16.745442708333332,1.5493383487654322,4.020745081018519,4.62363956404321
510,00:00:08.483,4.404345904063786,20.83619068287037,2.370730613425926,5.12645881558642,5.715848283179012
511,00:00:08.500,7.990747331532923,23.268627025462962,8.732678915895061,5.791395640432099,9.448167438271605
512,00:00:08.517,3.9540272955246913,21.48119212962963,1.7434654706790123,4.90481674382716,5.213799672067902
513,00:00:08.533,4.160925443672839,20.960886863425927,2.0079176311728397,5.167672164351852,5.307186535493827
514,00:00:08.550,3.7050641396604935,18.385062210648147,1.7510759066358024,4.598168402777778,4.765948109567901
515,00:00:08.567,3.332600790895062,15.33775318287037,1.5268778935185185,4.057920524691358,4.413003954475308
516,00:00:08.583,4.474799543467078,21.041066261574073,2.4565803433641977,5.455945216049383,5.511873070987654
517,00:00:08.600,3.337992541152263,15.432935474537038,1.6161472800925927,4.22778549382716,4.170044849537037
518,00:00:08.617,0.050397858796296297,0.2084418402777778,0.05228202160493827,0.03474295910493827,0.06416859567901234
519,00:00:08.633,3.422675861625514,15.021462673611111,1.8520789930555555,4.267702546296296,4.148246045524691
520,00:00:08.650,3.695039705504115,16.749500868055556,1.9119511959876543,4.73753231095679,4.4356356095679015
521,00:00:08.667,3.5456021733539096,14.602857349537038,1.9887461419753087,4.444659529320988,4.203400848765432
522,00:00:08.683,3.2293224344135805,11.55259693287037,2.0941550925925925,3.816611689814815,3.7772005208333335
523,00:00:08.700,3.1986557998971192,11.801128472222222,1.977526523919753,3.896453510802469,3.7219873649691357
524,00:00:08.717,3.2693589248971193,12.143858506944444,2.020083912037037,3.976073977623457,3.811918885030864
525,00:00:08.733,3.269155735596708,11.516688368055556,2.101401909722222,3.9181143904320987,3.7879509066358024
526,00:00:08.750,3.29616512345679,11.27037037037037,2.119182098765432,3.9498866705246916,3.819426601080247
527,00:00:08.767,3.332011477623457,11.288570601851852,2.261766975308642,3.936339699074074,3.7979277584876545
528,00:00:08.783,3.385995852623457,11.571903935185185,2.407197627314815,3.9275853587962963,3.823204571759259
529,00:00:08.800,3.3796863747427985,11.972063078703703,2.4872487461419754,3.879092399691358,3.7727179783950615
530,00:00:08.817,3.6448177083333335,12.901135706018518,2.687874710648148,4.167523630401234,4.0790547839506175
531,00:00:08.833,2.976717624742798,11.0267578125,1.972505787037037,3.575441261574074,3.382205825617284
532,00:00:08.850,3.5076948302469133,13.518344907407407,2.3781717785493828,4.197643711419753,3.947269000771605
533,00:00:08.867,2.9389872685185185,10.684519675925927,1.891926601080247,3.5686342592592593,3.3564009452160493
534,00:00:08.883,0.05471563143004115,0.3635127314814815,0.0610228587962963,0.0375342399691358,0.06558979552469135
535,00:00:08.900,3.947966981738683,14.806011284722222,2.7895085841049383,4.7021952160493825,4.352197145061728
536,00:00:08.917,3.352335551697531,12.552748842592592,2.26125,4.012150366512346,3.783606288580247
537,00:00:08.933,3.14476160622428,11.528002025462962,2.111242283950617,3.770177951388889,3.552864583333333
538,00:00:08.950,3.5575040187757203,13.624963831018519,2.431253375771605,4.269633005401235,3.971625675154321
539,00:00:08.967,3.1689221643518515,11.88917824074074,2.0532344714506174,3.8818180941358023,3.5717139274691356
540,00:00:08.983,3.310159465020576,12.626410590277779,2.163083526234568,4.0967028356481485,3.6706920331790123
541,00:00:09.000,7.583000417952675,20.645211226851853,7.5570953896604935,6.353621238425926,8.838284625771605
542,00:00:09.017,3.1937798996913584,13.181517650462963,1.625114776234568,4.357278163580247,3.598946759259259
543,00:00:09.033,2.9464761766975314,12.247771990740741,1.6246682098765433,3.879079378858025,3.335680941358025
544,00:00:09.050,3.2343859310699585,14.732964409722221,1.8690625,4.183181905864197,3.650913387345679
545,00:00:09.067,2.77443560313786,12.094053819444444,1.5317500964506172,3.624140625,3.167416087962963
546,00:00:09.083,3.7132891268004116,15.7880859375,2.2538642939814815,4.685697337962963,4.20030574845679
547,00:00:09.100,0.03894884902263374,0.2667317708333333,0.02652295524691358,0.03400414737654321,0.05631944444444444
548,00:00:09.117,4.349988104423868,19.102864583333332,2.8161955054012346,5.411766010802469,4.822002797067901
549,00:00:09.133,0.06256317515432099,0.7334201388888889,0.05541618441358025,0.049737172067901236,0.08253616898148149
550,00:00:09.150,3.132653838734568,14.085011574074073,1.816755401234568,3.9592607060185183,3.621945408950617
551,00:00:09.167,3.3870969971707816,14.498083043981481,2.1130454282407407,4.179040316358025,3.8692052469135803
552,00:00:09.183,3.2268164866255145,14.921238425925926,1.9380396412037038,4.089363425925926,3.6530463927469135
553,00:00:09.200,3.562346000514404,16.01177662037037,2.24809268904321,4.427615740740741,4.011329571759259
554,00:00:09.217,3.369443319187243,15.53992332175926,2.044887635030864,4.22182243441358,3.841619888117284
555,00:00:09.233,3.8658159722222223,17.08841869212963,2.447504822530864,4.820750868055556,4.329192226080247
556,00:00:09.250,3.615153677983539,15.229781539351851,2.2364197530864196,4.546396122685185,4.062645158179012
557,00:00:09.267,3.4993171296296293,15.277249710648148,2.093266300154321,4.430084394290123,3.9746006944444443
558,00:00:09.283,3.7774704218106994,15.254991319444445,2.3078703703703702,4.736335358796296,4.288205536265432
559,00:00:09.300,3.3591764724794237,13.386270254629629,1.9393586033950618,4.276432773919753,3.861738040123457
560,00:00:09.317,3.906816486625514,16.18148148148148,2.403362750771605,4.908973283179012,4.408113425925926
561,00:00:09.333,3.664535911779835,14.846469907407407,2.1633555169753085,4.653519000771605,4.176733217592592
562,00:00:09.350,3.4577769740226336,13.807458043981482,2.036539351851852,4.398977141203703,3.9378144290123456
563,00:00:09.367,3.586469103652263,14.67578125,2.0664940200617283,4.578899016203704,4.114014274691358
564,00:00:09.383,4.086279417438272,16.82193287037037,2.4040731095679013,5.201623263888889,4.653141878858024
565,00:00:09.400,3.3739826067386836,13.570732060185184,1.9248423032407407,4.283003472222222,3.9141020447530863
566,00:00:09.417,4.495469875257202,16.155164930555557,2.960427758487654,5.308005883487654,5.217975983796296
567,00:00:09.433,3.6778224665637858,12.895478877314815,2.125150462962963,4.6646248070987655,4.24369212962963
568,00:00:09.450,0.022935796039094652,0.1109230324074074,0.02179639274691358,0.016590952932098765,0.030420042438271604
569,00:00:09.467,4.285548804012346,17.307190393518518,2.545388695987654,5.4305627893518515,4.880694926697531
570,00:00:09.483,3.714003182870371,15.447938368055556,2.101146797839506,4.736920331790124,4.303942418981482
571,00:00:09.500,9.14458638760288,29.30261863425926,8.758824266975308,8.060947145061728,10.613987750771605
572,00:00:09.517,4.799386252572017,25.77189670138889,2.0772053433641977,6.679347511574074,5.641605902777778
573,00:00:09.533,5.395994727366255,29.84419849537037,2.5566840277777776,7.282279610339506,6.3490205439814815
574,00:00:09.550,4.594654385288066,25.54353298611111,2.012280574845679,6.196346450617284,5.575336130401235
575,00:00:09.567,5.338694380144033,31.110959201388887,2.5020929783950616,7.147787422839506,6.366202739197531
576,00:00:09.583,4.693163580246914,26.763194444444444,2.073999324845679,6.186480034722222,5.81901138117284
577,00:00:09.600,4.756277327674897,27.850289351851853,2.113154899691358,6.166133777006173,5.98954330632716
578,00:00:09.617,6.333384291409465,37.624674479166664,3.2274136766975308,8.066358024691358,7.706381172839506
579,00:00:09.633,6.014809188528807,36.72941984953704,2.937484085648148,7.519195119598765,7.587748360339506
580,00:00:09.650,5.5988337512860085,34.75248119212963,2.704534625771605,6.846819058641976,7.245147569444445
581,00:00:09.667,6.208345389660494,38.393880208333336,3.1603660300925926,7.505154803240741,7.959515335648148
582,00:00:09.683,5.423126929012345,34.11264467592593,2.589926215277778,6.465155767746913,7.214298804012346
583,00:00:09.700,5.9100173611111115,37.52088396990741,3.0824131944444444,6.897680844907407,7.749958043981482
584,00:00:09.717,0.05687725051440329,0.3951171875,0.06332706404320988,0.03959201388888889,0.06771267361111111
585,00:00:09.733,5.6345892811214,36.200260416666666,2.8536304012345677,6.487613329475309,7.562524112654321
586,00:00:09.750,6.082762827932098,35.644784432870374,3.2731264467592593,6.936310281635802,8.038851755401234
587,00:00:09.767,5.423396026234568,31.745630787037037,2.651085551697531,6.236576485339506,7.382526041666667
588,00:00:09.783,5.385892328960906,31.85101996527778,2.741351273148148,6.067081404320987,7.349244309413581
589,00:00:09.800,4.942215952932099,29.32696759259259,2.424227912808642,5.5650154320987655,6.837404513888889
590,00:00:09.817,5.027411426183128,28.784772858796295,2.5970722415123455,5.5573046875,6.927857349537037
591,00:00:09.833,4.432212577160494,24.597981770833332,2.22421875,4.876805073302469,6.195613908179013
592,00:00:09.850,3.4011416538065844,18.33107638888889,1.6721204668209877,3.6811197916666667,4.850184702932099
593,00:00:09.867,0.045483539094650215,0.6657841435185186,0.03874083719135803,0.03542534722222222,0.062284432870370374
594,00:00:09.883,4.4687967785493825,24.798430266203702,2.4356095679012344,4.8120437885802465,6.158736979166667
595,00:00:09.900,3.620985082304527,18.27819733796296,2.0111400462962963,3.7487586805555555,5.103056520061728
596,00:00:09.917,3.4779751800411525,17.60183738425926,2.106605902777778,3.4980213155864197,4.829298321759259
597,00:00:09.933,3.673579121656379,17.42622974537037,2.3956037808641977,3.664966724537037,4.960166859567901
598,00:00:09.950,3.5391177983539097,16.04375,2.3918677662037036,3.522599826388889,4.702885802469136
599,00:00:09.967,3.4159137088477363,15.096108217592592,2.496621334876543,3.346897183641975,4.404222608024692
600,00:00:09.983,3.1605600565843623,14.104195601851853,2.2918214699074073,3.109469039351852,4.080389660493827
601,00:00:10.000,8.027831950874486,24.351048900462963,8.606466049382716,5.485675154320988,9.991354648919753
602,00:00:10.017,3.015124099794239,14.36244212962963,1.7932277199074074,3.1941763117283952,4.057968267746913
603,00:00:10.033,5.341530832047326,30.665422453703705,3.3275853587962962,5.784985050154321,6.9120220871913585
604,00:00:10.050,5.353664319701646,30.560033275462963,3.1581168016975307,5.8144188850308645,7.0884572723765435
605,00:00:10.067,0.04737364969135802,0.24791666666666667,0.052108892746913583,0.03125144675925926,0.05876060956790123
606,00:00:10.083,5.597572498713991,32.22818287037037,3.368025173611111,6.049392843364197,7.375299479166666
607,00:00:10.100,4.475862268518519,23.843778935185185,2.4091874035493825,4.80149787808642,6.216901523919753
608,00:00:10.117,6.634930234053498,40.43783998842593,3.969292052469136,7.392499035493827,8.54299961419753
609,00:00:10.133,6.649931359310699,39.23797743055555,3.9410382908950616,7.236997010030864,8.771758777006173
610,00:00:10.150,6.042286522633745,35.83244357638889,3.4021252893518517,6.502918113425926,8.221816165123457
611,00:00:10.167,6.853980677726337,38.777314814814815,3.854812885802469,7.376259645061729,9.330869502314815
612,00:00:10.183,5.99135641718107,36.1957103587963,3.217705439814815,6.399594907407407,8.356768904320989
613,00:00:10.200,7.419881687242797,36.56352719907407,4.353702739197531,7.908080150462963,9.9978621720679
614,00:00:10.217,7.18667566872428,38.35428240740741,3.867771990740741,7.72162712191358,9.970627893518518
615,00:00:10.233,3.377166763117284,13.99302662037037,1.7875877700617284,3.391587577160494,4.952324942129629
616,00:00:10.250,5.185963220164609,27.090552662037037,2.273391203703704,5.736657021604938,7.547841435185185
617,00:00:10.267,0.045588831018518516,0.4969401041666667,0.0331640625,0.03608458719135803,0.06751784336419753
618,00:00:10.283,7.008257619598766,39.35517216435185,3.2413474151234567,8.122527970679013,9.660897472993828
619,00:00:10.300,0.05777006172839506,0.5388744212962963,0.04073350694444444,0.04333622685185185,0.08924045138888889
620,00:00:10.317,4.982667502572016,24.929767071759258,2.0349903549382717,5.476318962191358,7.4366931905864195
621,00:00:10.333,6.505759066358025,36.451497395833336,2.7804957561728396,7.421467013888889,9.315314429012346
622,00:00:10.350,4.360307034465021,21.9904296875,1.7243412422839506,4.64275318287037,6.713826678240741
623,00:00:10.367,4.917299382716049,25.296108217592593,2.0866343557098768,5.302847704475309,7.362416087962963
624,00:00:10.383,5.093805780606996,26.497077546296296,2.1517385223765433,5.616780478395062,7.512898341049382
625,00:00:10.400,5.321784497170782,27.501164641203705,2.2201692708333334,5.9593315972222225,7.78585262345679
626,00:00:10.417,5.289926536779835,26.735771122685186,2.269494116512346,5.96147907021605,7.638806423611111
627,00:00:10.433,5.445778034979424,27.729405381944446,2.463959297839506,6.11373649691358,7.759638310185185
628,00:00:10.450,5.176074781378601,27.91091579861111,2.331616512345679,5.7921383101851855,7.4044695216049385
629,00:00:10.467,5.519539287551441,30.8556640625,2.5571349344135803,6.2909143518518515,7.710568576388889
630,00:00:10.483,7.370317161779835,37.789091435185185,3.8122313850308642,8.590162519290123,9.70855758101852
631,00:00:10.500,9.902730516975309,38.21716579861111,8.141150173611111,8.653384452160493,12.91365692515432
632,00:00:10.517,6.7302613811728405,37.25144675925926,3.2708545524691357,8.193955922067902,8.725973668981482
633,00:00:10.533,6.045097575874486,34.84458912037037,2.7259346064814816,7.287713638117284,8.121644483024692
634,00:00:10.550,6.7270481288580255,35.17268518518519,3.121831114969136,8.255085358796297,8.804227912808642
635,00:00:10.567,0.03632249871399177,0.24016927083333334,0.024944540895061727,0.029917052469135803,0.05410590277777778
636,00:00:10.583,6.2972064686213995,34.07427662037037,2.779729938271605,7.58732349537037,8.524565972222222
637,00:00:10.600,5.854088541666667,33.86657262731482,2.6079094328703705,6.738046875,8.21630931712963
638,00:00:10.617,6.394920428240741,34.282103587962965,2.844378375771605,7.6382619598765435,8.702120949074073
639,00:00:10.633,5.540786072530864,29.830794270833334,2.437880015432099,6.44882667824074,7.735651523919753
640,00:00:10.650,6.244951131687242,32.95852864583333,2.741847511574074,7.488214216820988,8.504791666666666
641,00:00:10.667,5.193541988168724,28.546940104166666,2.1314356674382715,6.128589409722222,7.320600887345679
642,00:00:10.683,6.295734953703704,32.57669270833333,2.7738353587962963,7.607631655092592,8.505737847222223
643,00:00:10.700,5.193470132458848,26.99537037037037,2.1990919174382717,6.152411747685186,7.228906732253086
644,00:00:10.717,6.174485757458847,31.205157696759258,2.6032851080246915,7.649669174382716,8.270502989969136
645,00:00:10.733,4.634245113168725,22.587839988425927,1.94448543595679,5.449352334104939,6.508897569444445
646,00:00:10.750,5.822467528292182,29.487203414351853,2.475910976080247,7.2232310956790124,7.768260513117284
647,00:00:10.767,4.490090342078189,21.99411892361111,1.872196662808642,5.237603202160494,6.360471161265432
648,00:00:10.783,6.604300411522634,33.04252025462963,2.807194733796296,8.36850887345679,8.637197627314816
649,00:00:10.800,6.7087618955761315,34.99019097222222,2.9347800925925926,8.195539158950618,8.995966435185185
650,00:00:10.817,5.573022440843622,30.551671006944446,2.323839216820988,6.597836130401235,7.797391975308642
651,00:00:10.833,6.585700874485596,34.47554253472222,2.9671513310185187,7.916951678240741,8.87299961419753
652,00:00:10.850,5.389125032150205,30.429926215277778,2.328025173611111,6.25854263117284,7.580807291666667
653,00:00:10.867,0.0387792566872428,0.5126808449074074,0.023548900462962964,0.033233024691358026,0.05955584490740741
654,00:00:10.883,6.442782278806585,34.45906394675926,2.907013888888889,7.610281635802469,8.811051311728395
655,00:00:10.900,5.138182227366255,28.425318287037037,2.259252025462963,5.768184799382716,7.387109857253086
656,00:00:10.917,6.140940393518519,33.97220775462963,2.7659538966049384,7.083512731481481,8.573354552469135
657,00:00:10.933,5.324829443158436,31.028566261574074,2.3769005594135804,5.890141300154321,7.707446469907407
658,00:00:10.950,5.269996141975309,30.549949363425927,2.4011699459876543,5.930074266975309,7.478744212962963
659,00:00:10.967,4.78545396090535,27.522193287037037,2.1790379050925925,5.344726080246914,6.8325978973765435
660,00:00:10.983,4.570618569958848,24.20679976851852,2.1067558834876543,5.061461709104938,6.543638117283951
661,00:00:11.000,8.287210326646091,26.571846064814814,7.880850694444445,6.048356481481481,10.932423804012346
662,00:00:11.017,3.563613843878601,18.460691550925926,1.808112461419753,3.8980444637345677,4.984684606481482
663,00:00:11.033,3.5626585005144036,15.93172019675926,1.9564954668209877,3.9235402199074074,4.807939814814815
664,00:00:11.050,3.1470947466563786,12.79611545138889,1.7193036265432098,3.5076234567901237,4.214357156635803
665,00:00:11.067,5.9679230967078185,32.25732783564815,2.926299672067901,7.677889178240741,7.2995804398148145
666,00:00:11.083,4.997694347993828,27.604463252314815,2.3777449845679013,6.2499672067901235,6.365370852623457
667,00:00:11.100,3.8509114583333335,20.44857494212963,1.7253930362654322,4.569664834104938,5.25767650462963
668,00:00:11.117,4.43410284850823,23.634722222222223,2.146578414351852,5.2058304398148145,5.949899691358024
669,00:00:11.133,3.6391523598251028,19.089829282407408,1.7570100308641976,4.102860725308642,5.057586323302469
670,00:00:11.150,3.8559350887345674,19.66043113425926,1.855955825617284,4.426098090277778,5.285751350308642
671,00:00:11.167,4.110125546553498,19.261378761574075,2.0263835841049382,4.845339023919753,5.4586540316358025
672,00:00:11.183,4.228418049125515,20.217997685185185,2.0023890817901235,5.081920331790124,5.600944733796296
673,00:00:11.200,4.4537450167181065,22.391080729166667,2.136930459104938,5.369039834104938,5.855264756944444
674,00:00:11.217,0.050164609053497934,0.22492042824074074,0.032782600308641975,0.03884211033950617,0.07886911651234568
675,00:00:11.233,3.8915568737139914,19.051584201388888,1.8806674382716049,4.608793402777778,5.185209780092593
676,00:00:11.250,4.9979190779320986,25.778168402777776,2.486941550925926,6.147328317901234,6.3594873649691355
677,00:00:11.267,4.58313721707819,23.98716724537037,2.263240740740741,5.542711226851852,5.943459683641976
678,00:00:11.283,4.719365837191359,25.991037326388888,2.4046590470679012,5.736560570987654,6.016877893518519
679,00:00:11.300,4.951757330246914,26.859114583333334,2.5536709104938273,6.0984365354938275,6.203164544753086
680,00:00:11.317,4.290847800925926,21.951323784722224,2.1936940586419755,5.147856385030864,5.530992959104938
681,00:00:11.333,5.3755168145576135,28.842939814814816,2.753562403549383,6.704687017746914,6.668301022376543
682,00:00:11.350,6.215929623199589,33.975405092592595,3.323136574074074,7.864065393518518,7.460586902006173
683,00:00:11.367,7.234197852366255,36.73384693287037,3.9108039158950616,9.374435281635803,8.417354359567902
684,00:00:11.383,6.988669624485596,34.80044126157407,3.7368330439814814,9.054877989969135,8.174297839506172
685,00:00:11.400,6.108444733796296,32.480403645833334,3.217664448302469,7.652779706790123,7.454890046296296
686,00:00:11.417,6.572576838991769,33.86362123842593,3.375714699074074,8.276299672067902,8.065716145833333
687,00:00:11.433,0.03823061342592592,0.38404947916666665,0.021375868055555556,0.03374710648148148,0.05956886574074074
688,00:00:11.450,6.9601274755658435,35.781409143518516,3.7436231674382716,8.50302662037037,8.633732638888889
689,00:00:11.467,0.03343878600823045,0.42844328703703705,0.026301601080246914,0.026317515432098766,0.04769724151234568
690,00:00:11.483,7.006544013631687,34.563223379629626,4.069307002314815,8.421051793981482,8.529273244598766
691,00:00:11.500,9.0843264531893,32.658962673611114,7.5741734182098766,8.294886670524692,11.383919270833333
692,00:00:11.517,4.871591756687242,27.279441550925927,2.465520833333333,6.183573977623457,5.965680459104938
693,00:00:11.533,0.01612107767489712,0.14068287037037036,0.007977912808641975,0.015748456790123457,0.024636863425925925
694,00:00:11.550,5.909187242798354,31.648972800925925,3.069426601080247,7.671878375771605,6.98625675154321
695,00:00:11.567,4.647108249742798,25.38464988425926,2.3369540895061727,5.729109760802469,5.875260898919753
696,00:00:11.583,5.4564051247427985,29.32340133101852,2.810532889660494,6.951312210648148,6.607370273919753
697,00:00:11.600,4.394162326388889,22.952951388888888,2.2069483024691356,5.480014949845679,5.495523726851852
698,00:00:11.617,5.3398247813786,28.409946469907407,2.681884162808642,6.920529996141975,6.417060185185186
699,00:00:11.633,4.554960294495885,25.16501736111111,2.312656732253086,5.698532986111111,5.6536911651234565
700,00:00:11.650,6.028910429526749,32.85916521990741,3.170559895833333,7.8244666280864195,7.091704764660494
701,00:00:11.667,6.042796585648148,30.554622395833334,3.3580140817901234,7.704181616512345,7.066194058641975
702,00:00:11.683,6.759987139917695,32.97992621527778,3.9756958912037037,8.599330150462963,7.70493537808642
703,00:00:11.700,6.496759098508231,31.005692997685184,3.9321489197530863,8.031148726851852,7.526979648919753
704,00:00:11.717,6.001965663580247,30.255671296296295,3.6870717592592595,7.351713445216049,6.967111786265432
705,00:00:11.733,6.088924575617284,31.03446903935185,3.8030155285493827,7.38730999228395,7.076448206018519
706,00:00:11.750,6.286304494598766,31.340552662037037,3.984741512345679,7.555775462962963,7.3183965084876546
707,00:00:11.767,5.805101273148149,30.152741608796298,3.764559220679012,6.827175443672839,6.823569155092593
708,00:00:11.783,5.988627989969136,31.182038483796298,4.060989583333333,6.9677840470679016,6.937110339506173
709,00:00:11.800,5.523800797325102,27.907964409722222,3.9181264467592594,6.334640721450617,6.318635223765432
710,00:00:11.817,5.604151877572018,28.412897858796295,4.020790412808642,6.365570987654321,6.426094232253086
711,00:00:11.833,4.976166891718107,23.61910445601852,3.533914448302469,5.51779899691358,5.876787229938271
712,00:00:11.850,5.726420074588478,27.954202835648147,4.184118923611111,6.447869405864197,6.547271894290123
713,00:00:11.867,4.628543434927984,22.564720775462963,3.38672550154321,5.057730516975309,5.441174286265432
714,00:00:11.883,5.707659625771605,27.30219184027778,4.254524016203704,6.359900655864197,6.508554205246914
715,00:00:11.900,4.340359117798354,19.910438368055555,3.200229552469136,4.679040798611111,5.141807002314815
716,00:00:11.917,5.262605613425926,25.63072193287037,3.915094521604938,5.877350019290123,5.995372299382716
717,00:00:11.933,4.4996431327160495,21.872743055555556,3.4330280671296296,4.862979841820987,5.202921489197531
718,00:00:11.950,0.04197611239711935,0.4750506365740741,0.031165123456790123,0.03525173611111111,0.05951147762345679
719,00:00:11.967,4.432290219907408,22.191001157407406,3.4272738233024693,4.849001253858025,5.020595582561729
720,00:00:11.983,3.7047878086419757,17.05275607638889,2.838986786265432,4.04485725308642,4.230519386574074
721,00:00:12.000,9.216514917695475,34.171057581018516,7.95950424382716,8.931083140432099,10.758957368827161
722,00:00:12.017,4.833241705246913,26.272526041666666,3.106114486882716,6.1613151041666665,5.232295524691358
723,00:00:12.033,6.229216660236625,33.425339988425925,4.215277777777778,8.04280574845679,6.429566454475308
724,00:00:12.050,5.27444894547325,28.578544560185186,3.4929166666666664,6.5943933256172835,5.7360368441358025
725,00:00:12.067,5.476964699074074,29.152712673611113,3.821925154320988,6.594072627314815,6.0148963155864195
726,00:00:12.083,4.46453655478395,23.33134403935185,3.1613204089506173,5.118832947530864,5.11345630787037
727,00:00:12.100,5.739511799125515,30.030750868055556,4.111984953703704,6.896675829475309,6.209874614197531
728,00:00:12.117,4.590887667181069,24.228935185185186,3.0785416666666667,5.444965760030864,5.249155574845679
729,00:00:12.133,6.02692483281893,31.36022858796296,4.15195987654321,7.492202449845679,6.4366121720679015
730,00:00:12.150,5.281293885030865,27.725101273148148,3.6330463927469134,6.317231385030865,5.893603877314815
731,00:00:12.167,3.994291087962963,20.734613715277778,2.6938450038580246,4.510236304012346,4.778791956018519
732,00:00:12.183,5.594078414351851,30.493627025462963,3.9643986304012344,6.548299575617284,6.269537037037037
733,00:00:12.200,4.187400173611111,22.751150173611112,2.839036458333333,4.666437596450617,5.0567264660493825
734,00:00:12.217,5.4059375,30.338064236111112,3.751983024691358,6.224798418209876,6.241031057098765
735,00:00:12.233,5.161914705504116,28.748618344907406,3.6503028549382717,5.782593557098766,6.052847704475309
736,00:00:12.250,5.160727880658436,28.55849971064815,3.609460358796296,5.779130497685185,6.093592785493827
737,00:00:12.267,5.0441759902263374,26.773155381944445,3.4968928433641975,5.52403549382716,6.111599633487654
738,00:00:12.283,0.049583976337448564,0.2281177662037037,0.039655189043209874,0.03999951774691358,0.06909722222222223
739,00:00:12.300,6.072153742283951,31.893077256944444,4.331583719135803,6.976054205246913,6.908823302469136
740,00:00:12.317,4.107115322788066,21.1072265625,2.8309312307098766,4.453637152777778,5.0367775848765435
741,00:00:12.333,6.436658629115226,31.796419270833333,4.738050733024691,7.311781925154321,7.260143229166666
742,00:00:12.350,5.8386181841563785,28.30812355324074,4.4427830825617285,6.350516493055555,6.7225549768518515
743,00:00:12.367,5.33868264531893,25.160959201388888,4.040406057098766,5.829678819444444,6.14596305941358
744,00:00:12.383,6.332483603395062,30.2248046875,4.958392168209876,7.059758391203704,6.979300250771605
745,00:00:12.400,5.134949041923868,23.986060474537037,3.94763069058642,5.508978105709876,5.948238329475308
746,00:00:12.417,6.266263985339506,29.57230179398148,5.07791763117284,6.713080150462963,7.007794174382716
747,00:00:12.433,5.461054848251028,25.667491319444444,4.417091531635802,5.7712099729938275,6.194863040123457
748,00:00:12.450,5.5595812435699585,26.33548900462963,4.580460069444444,5.862559799382716,6.235723861882716
749,00:00:12.467,5.36573945473251,24.69894386574074,4.4814920910493825,5.601752507716049,6.013973765432099
750,00:00:12.483,4.47710808899177,19.169516782407406,3.694146412037037,4.608303915895061,5.12887393904321
751,00:00:12.500,6.68024128729424,12.570826099537037,8.372355324074075,2.7934312307098765,8.874937307098765
752,00:00:12.517,6.342716692386831,27.372902199074073,5.772839023919753,6.730941358024691,6.524369695216049
753,00:00:12.533,6.225348347479424,24.924233217592594,5.716292920524691,6.422717013888889,6.537035108024692
754,00:00:12.550,5.211561535493828,20.12982494212963,4.647245852623457,5.4433699845679016,5.544068769290123
755,00:00:12.567,6.58150736239712,26.281380208333335,6.074548611111111,6.861309799382716,6.808663676697531
756,00:00:12.583,6.475233892746914,26.345572916666665,6.001658950617284,6.726673418209876,6.69736930941358
757,00:00:12.600,6.617757844650206,26.901540798611112,6.299992283950617,6.88177131558642,6.671509934413581
758,00:00:12.617,5.9009998713991765,23.290024594907408,5.531502700617284,6.214228877314815,5.957268036265432
759,00:00:12.633,7.7043365805041155,30.502850115740742,7.469480613425926,8.234066840277778,7.409462287808642
760,00:00:12.650,6.717789834104938,25.58177806712963,6.496154996141975,7.197274787808642,6.459939718364198
761,00:00:12.667,7.518139789094651,28.79743923611111,7.315535783179012,8.150812114197532,7.088071469907407
762,00:00:12.683,6.8061963091563795,25.86535734953704,6.510394483024691,7.416692226080247,6.4915022183641975
763,00:00:12.700,6.616896862139917,25.926352719907406,6.507839506172839,7.169506655092593,6.173344425154321
764,00:00:12.717,5.135019129372428,18.242903645833334,5.159805169753087,5.3223828125,4.922869405864198
765,00:00:12.733,7.0279185956790124,24.848234953703702,7.895356867283951,6.946509452160494,6.241889467592593
766,00:00:12.750,6.103991608796297,22.152141203703703,6.5561077353395065,6.214691840277778,5.541175250771605
767,00:00:12.767,6.0053454539609055,21.104029224537037,6.638694540895062,5.943758198302469,5.433583622685185
768,00:00:12.783,6.036136027520577,21.203515625,6.992718942901234,5.7384635416666665,5.377225597993827
769,00:00:12.800,0.07480549125514403,0.5483434606481481,0.09479166666666666,0.05117959104938272,0.07844521604938272
770,00:00:12.817,5.950086001800412,20.86939380787037,6.921720196759259,5.614743441358025,5.3137943672839505
771,00:00:12.833,6.720631912294238,23.56007667824074,7.528890817901234,6.597332658179012,6.035672260802469
772,00:00:12.850,7.358696469907407,27.437955729166667,7.893922646604938,7.583935667438271,6.5982310956790124
773,00:00:12.867,7.182205343364198,26.241167534722223,7.908074363425926,7.1791657021604935,6.459375964506173
774,00:00:12.883,0.07050202546296296,0.28357928240740743,0.08941213348765432,0.04484567901234568,0.07724826388888889
775,00:00:12.900,6.884092721193415,25.036631944444444,7.68471305941358,6.638250385802469,6.329314718364198
776,00:00:12.917,6.738126607510289,23.248951099537038,7.669351851851852,6.290561342592593,6.25446662808642
777,00:00:12.933,5.825932838220164,19.12413917824074,6.445640914351852,5.520535783179012,5.51162181712963
778,00:00:12.950,7.051839634773663,25.698972800925926,8.064724151234568,6.606660397376543,6.484134355709877
779,00:00:12.967,6.517026105967077,22.274008969907406,7.391005015432099,6.078888406635802,6.081184895833333
780,00:00:12.983,5.133722833076131,16.129832175925927,5.723115837191358,4.7091806520061725,4.968872010030864
781,00:00:13.000,11.783574299125513,29.506510416666668,15.87549286265432,8.28328125,11.191948784722221
782,00:00:13.017,5.985350919495885,19.97795138888889,6.528550347222223,5.871578414351852,5.55592399691358
783,00:00:13.033,4.661682259516461,14.529072627314815,4.473270640432099,4.96083381558642,4.550942322530864
784,00:00:13.050,3.9716616833847738,12.799558738425926,3.7067563657407407,4.245390142746913,3.9628385416666667
785,00:00:13.067,5.171740451388889,16.852184606481483,5.029663387345679,5.521727912808642,4.9638300540123454
786,00:00:13.083,5.082622010030865,16.269900173611113,5.061521026234568,5.382499035493828,4.803845968364198
787,00:00:13.100,7.1078658693415635,25.12357494212963,7.901981095679012,7.125585455246914,6.296031057098766
788,00:00:13.117,4.913425925925925,16.520522280092592,5.092439236111111,5.037083333333333,4.610755208333333
789,00:00:13.133,5.2172563014403295,18.100868055555555,5.336958912037037,5.431801697530864,4.883008294753086
790,00:00:13.150,4.038197820216049,13.085474537037037,3.929895833333333,4.230610050154321,3.954087577160494
791,00:00:13.167,5.674686696244856,20.500224247685185,5.778302469135802,5.887855420524692,5.357902199074074
792,00:00:13.183,4.384781378600824,15.149725115740742,4.261282793209877,4.5688686342592595,4.324192708333333
793,00:00:13.200,0.05708445859053498,0.3027633101851852,0.05641203703703704,0.04638599537037037,0.06845534336419754
794,00:00:13.217,6.075610532407407,21.75345775462963,6.594207175925926,5.984947916666667,5.647676504629629
795,00:00:13.233,4.406982542438272,15.197316261574073,4.557557388117284,4.407394386574074,4.255995852623457
796,00:00:13.250,6.02419994212963,21.95107783564815,6.765580150462963,5.637130594135803,5.6698890817901235
797,00:00:13.267,5.860835262345678,20.44513165509259,6.717546296296296,5.411538869598766,5.453420621141976
798,00:00:13.283,5.577971161265432,18.959230324074074,6.300780285493827,5.188877314814815,5.2442558834876545
799,00:00:13.300,5.313616415895062,17.83757957175926,6.062721836419753,4.870711805555556,5.007415605709877
800,00:00:13.317,6.847363361625515,22.448878761574075,8.35625144675926,6.0558897569444445,6.129948881172839
801,00:00:13.333,0.0648508230452675,0.38048321759259257,0.09165316358024692,0.03756317515432099,0.06533613040123457
802,00:00:13.350,5.20448543595679,16.358441840277777,6.106738040123457,4.61837818287037,4.8883400848765435
803,00:00:13.367,10.170056584362142,31.77994068287037,12.920403163580247,9.45786651234568,8.131900077160493
804,00:00:13.383,3.6212964570473254,15.32447193287037,2.711004050925926,4.392510609567902,3.760374710648148
805,00:00:13.400,3.935483056841564,16.27567997685185,3.109050925925926,4.611585648148148,4.085812596450618
806,00:00:13.417,3.8115044688786006,16.229564525462962,2.9980512152777776,4.47359375,3.9628684413580246
807,00:00:13.433,3.3151917759773664,12.680519386574074,2.579600212191358,3.874478202160494,3.4914969135802467
808,00:00:13.450,3.5563774755658435,13.353559027777777,2.588627025462963,4.263371431327161,3.8171339699074074
809,00:00:13.467,4.487141364454732,18.5041015625,3.6222969714506172,5.164192708333333,4.674934413580247
810,00:00:13.483,3.551277970679012,14.041970486111111,2.534601658950617,4.301308352623457,3.817923900462963
811,00:00:13.500,9.158370627572015,22.73294994212963,10.798645833333333,6.654629629629629,10.021836419753086
812,00:00:13.517,0.007120627572016462,0.1355179398148148,0.00818479938271605,0.0050419560185185185,0.008135127314814816
813,00:00:13.533,3.9760850694444443,15.838505497685185,3.0188927469135804,4.8615244020061725,4.04783805941358
814,00:00:13.550,4.3048275141460906,16.89252025462963,3.390002411265432,5.155129726080247,4.369350405092592
815,00:00:13.567,4.3694957240226335,17.21840277777778,3.5123755787037036,5.0917515432098766,4.504360050154321
816,00:00:13.583,4.3057230581275725,15.03855613425926,3.5470003858024692,4.718846450617284,4.651322337962963
817,00:00:13.600,5.106845904063786,19.57742332175926,4.5312143132716045,5.642421875,5.1469015239197535
818,00:00:13.617,3.7534321952160496,13.92084056712963,3.1141951195987656,4.248605324074074,3.8974961419753087
819,00:00:13.633,4.942042341820987,21.149283854166665,4.344745852623457,5.497428144290123,4.983953028549383
820,00:00:13.650,4.0875094843107,16.163527199074075,3.3820384837962965,4.619330150462963,4.26115981867284
821,00:00:13.667,4.734623521090535,19.621940104166665,4.061296296296296,5.298260030864197,4.844314236111111
822,00:00:13.683,4.544609374999999,19.43009982638889,3.785221836419753,5.182158564814815,4.666447723765432
823,00:00:13.700,4.439449427726338,18.45798611111111,3.7149995177469135,5.065595100308642,4.537753665123457
824,00:00:13.717,4.6260484182098764,19.63104021990741,4.011152584876543,5.218100405092593,4.6488922646604935
825,00:00:13.733,3.7549434156378596,14.403761574074075,3.1359481095679014,4.261177662037037,3.867704475308642
826,00:00:13.750,4.619046264146091,18.755338541666667,3.9589988425925924,5.259795042438272,4.638344907407407
827,00:00:13.767,4.28836612654321,17.76822193287037,3.670814525462963,4.924484953703704,4.269798900462963
828,00:00:13.783,0.06277279449588477,0.7891276041666667,0.06119261188271605,0.049071662808641975,0.07805410879629629
829,00:00:13.800,4.510964184670782,18.93611111111111,3.940191936728395,5.091684027777778,4.501016589506173
830,00:00:13.817,3.602567515432099,14.798386863425925,3.01297550154321,4.0436120756172835,3.7511149691358026
831,00:00:13.833,4.781200810185186,19.358528645833335,4.312944637345679,5.279837962962963,4.750819830246914
832,00:00:13.850,4.412368987911523,17.230454282407408,3.924925250771605,4.81268180941358,4.499499903549383
833,00:00:13.867,4.152298257458848,15.784642650462963,3.7180719521604937,4.5078481867283955,4.230974633487654
834,00:00:13.883,3.8375327932098764,13.581922743055555,3.4621720679012347,4.073630883487654,3.9767954282407407
835,00:00:13.900,4.765060442386832,18.6568359375,4.396243730709877,5.020260416666667,4.878677179783951
836,00:00:13.917,3.761533243312757,13.024602141203705,3.364271797839506,3.9763966049382717,3.943931327160494
837,00:00:13.933,5.361141493055555,20.440950520833333,4.912675540123457,5.612096354166667,5.558652584876543
838,00:00:13.950,4.233430105452675,15.225477430555555,3.8537446952160495,4.331234567901235,4.51531105324074
839,00:00:13.967,4.820557966820988,17.380852141203704,4.5010358796296295,4.879575135030864,5.081062885802469
840,00:00:13.983,4.9000856802983535,17.85159866898148,4.6548172260802465,4.862277681327161,5.183162133487654
841,00:00:14.000,9.780250771604939,21.19847366898148,12.097151813271605,6.335883005401235,10.907717496141975
842,00:00:14.017,5.324278710133744,18.987883391203702,5.288690682870371,5.362789834104938,5.321355613425926
843,00:00:14.033,4.963112782921811,17.93140914351852,4.895840084876543,4.9648066165123454,5.028691647376543
844,00:00:14.050,4.798065361368312,17.758998842592593,4.6690340470679015,4.771535011574074,4.953627025462963
845,00:00:14.067,5.243746945730453,19.276627604166666,5.198268711419753,5.1751128472222225,5.357859278549383
846,00:00:14.083,4.612959265689301,14.920131655092593,4.545451871141975,4.4240523726851855,4.869373553240741
847,00:00:14.100,5.54735998585391,18.574074074074073,5.861549961419753,5.174163290895062,5.606366705246914
848,00:00:14.117,4.845801986882716,15.884375,4.901486786265432,4.555730131172839,5.080189043209876
849,00:00:14.133,0.030165412808641975,0.16453993055555555,0.02498022762345679,0.02295042438271605,0.04256558641975309
850,00:00:14.150,7.276742541152263,25.753081597222224,7.421140046296296,7.263750964506173,7.145336612654321
851,00:00:14.167,0.05671087319958848,0.36117621527777777,0.052574749228395064,0.039771894290123455,0.07778597608024691
852,00:00:14.183,4.747019997427984,15.681958912037038,4.492820216049383,4.706847511574074,5.041392264660494
853,00:00:14.200,5.590099665637861,17.35478153935185,5.254838927469136,5.580200135030864,5.935259934413581
854,00:00:14.217,5.5446947337962955,17.263657407407408,5.00347125771605,5.708515625,5.922097318672839
855,00:00:14.233,4.8440086484053495,14.56916232638889,4.284678819444444,4.895290316358024,5.35205680941358
856,00:00:14.250,5.266325070730453,17.088910590277777,4.686214313271605,5.367023533950618,5.745737364969136
857,00:00:14.267,4.206566679526748,13.42488425925926,3.4871826774691357,4.356085069444444,4.776432291666667
858,00:00:14.283,5.228187532150206,17.933991608796298,4.28266975308642,5.351379726080247,6.050513117283951
859,00:00:14.300,3.482630208333333,11.067093460648149,2.7302936921296297,3.6229841820987656,4.094612750771605
860,00:00:14.317,5.581473765432098,18.443844039351852,4.634248167438272,5.700121527777778,6.410051601080247
861,00:00:14.333,4.278802726337449,14.18474392361111,3.4540870949074076,4.410529031635803,4.9717920524691355
862,00:00:14.350,4.9916502700617285,18.90794994212963,4.1636357060185185,5.164353298611111,5.646961805555556
863,00:00:14.367,4.111121077674897,16.625788483796295,3.088933738425926,4.480302372685185,4.76412712191358
864,00:00:14.383,4.482794013631687,17.45328414351852,3.3714564043209876,4.901696084104938,5.175229552469136
865,00:00:14.400,4.228832947530864,15.215024594907407,3.0209008487654323,4.712846257716049,4.952751736111111
866,00:00:14.417,4.5301535172325105,17.099978298611113,3.2952223186728395,5.022023533950617,5.2732146990740745
867,00:00:14.433,0.07023517875514404,0.4564814814814815,0.06095727237654321,0.049793113425925926,0.09995515046296297
868,00:00:14.450,4.08839168595679,15.022938368055556,2.824102527006173,4.637249710648148,4.803822820216049
869,00:00:14.467,4.64046473122428,17.546252893518517,3.279653260030864,5.236205632716049,5.4055353009259255
870,00:00:14.483,3.916544656635802,13.73195167824074,2.6367182677469136,4.395312017746914,4.7176036844135805
871,00:00:14.500,9.958855934927984,23.20726273148148,10.988781346450617,7.035382908950617,11.852403549382716
872,00:00:14.517,4.535835905349795,17.127278645833332,3.229511477623457,5.152430555555555,5.2255656828703705
873,00:00:14.533,4.239559220679013,15.938483796296296,3.054942611882716,4.711970968364198,4.951764081790124
874,00:00:14.550,4.972656893004115,19.40550491898148,3.792366415895062,5.346566358024691,5.779037905092593
875,00:00:14.567,4.3404558899176955,15.80099826388889,3.3763908179012345,4.60820987654321,5.036766975308642
876,00:00:14.583,5.8574249292695475,23.920023148148147,4.835680459104938,6.080651041666667,6.655943287037037
877,00:00:14.600,5.129486561213992,19.59156539351852,4.169002700617284,5.308276427469136,5.911180555555555
878,00:00:14.617,4.643278034979424,15.821412037037037,3.9080531442901236,4.635372299382716,5.386408661265432
879,00:00:14.633,6.058117766203704,22.314713541666666,5.1425549768518515,6.1777015817901235,6.854096739969136
880,00:00:14.650,0.04898598251028807,0.32969473379629627,0.05174334490740741,0.033610146604938274,0.06160445601851852
881,00:00:14.667,5.578414994855966,20.139293981481483,4.726072048611111,5.603880208333333,6.405292727623457
882,00:00:14.683,5.639648919753086,19.701258680555554,4.933698398919753,5.499795042438271,6.485453317901235
883,00:00:14.700,6.58204459233539,23.21107494212963,6.048045910493827,6.353547453703704,7.344540412808642
884,00:00:14.717,8.416117058899177,25.634288194444444,8.205406539351852,8.528981963734568,8.513962673611111
885,00:00:14.733,5.350783018261317,20.195739293981482,4.163418209876543,5.944739583333333,5.944191261574074
886,00:00:14.750,4.298982445987654,15.22609230324074,3.17296199845679,4.889267457561728,4.834717881944444
887,00:00:14.767,4.754067001028807,17.550065104166666,3.5629017168209876,5.372678433641975,5.326620852623456
888,00:00:14.783,4.060622588734568,14.337355324074075,2.9556047453703704,4.626248553240741,4.600014467592593
889,00:00:14.800,4.6378420781893,17.53862847222222,3.4831110146604938,5.219764178240741,5.210651041666667
890,00:00:14.817,5.182058738425926,19.550860821759258,4.005330825617284,5.862609471450617,5.678235918209877
891,00:00:14.833,4.255852301954732,14.976822916666666,3.2245688657407405,4.735390142746914,4.807597897376543
892,00:00:14.850,5.162790798611112,19.395421006944446,4.136696566358025,5.646409143518518,5.70526668595679
893,00:00:14.867,4.692038162294239,16.730070891203702,3.688876350308642,5.101862943672839,5.285375192901235
894,00:00:14.883,0.05154642489711934,0.3728587962962963,0.04172067901234568,0.03944203317901235,0.0734765625
895,00:00:14.900,4.901143422067901,17.57601273148148,3.9687345679012345,5.237525077160494,5.497170621141976
896,00:00:14.917,4.710046617798354,15.960988136574073,3.912785976080247,4.992976948302469,5.224376929012346
897,00:00:14.933,5.850905349794239,25.260445601851853,4.489226948302469,6.243703221450617,6.81978587962963
898,00:00:14.950,5.278992091049383,17.468041087962963,4.156719714506173,5.410528067129629,6.269728491512345
899,00:00:14.967,5.043293788580247,17.21594328703704,4.004255401234568,5.24549430941358,5.880131655092592
900,00:00:14.983,5.7280795074588475,20.467513020833334,4.624892939814814,5.915888792438271,6.643456790123457
901,00:00:15.000,9.762980484825102,21.895862268518517,10.296378279320988,6.86188030478395,12.13068287037037
902,00:00:15.017,5.302546296296296,18.029542824074074,4.486096161265432,5.647530381944445,5.7740123456790124
903,00:00:15.033,6.3435461676954725,22.933521412037038,5.4936829668209874,6.668920717592592,6.8680348186728395
904,00:00:15.050,5.025952449845679,17.08042534722222,4.316820987654321,5.200950038580247,5.560086323302469
905,00:00:15.067,5.885908404063787,22.389113136574075,5.032921971450618,6.111666666666666,6.513136574074074
906,00:00:15.083,0.0446875,0.17769820601851852,0.040049672067901235,0.033893711419753086,0.06011911651234568
907,00:00:15.100,5.762358378343621,22.13283420138889,4.93396412037037,5.9670322145061725,6.386078800154321
908,00:00:15.117,5.677729552469136,21.295008680555554,4.8240489969135805,5.88229938271605,6.3268402777777775
909,00:00:15.133,5.095966274434157,18.10480324074074,4.255385802469136,5.242288290895062,5.790224729938272
910,00:00:15.150,5.5427835648148145,20.983391203703704,4.603518036265432,5.725818383487654,6.299014274691358
911,00:00:15.167,5.8759254436728385,23.24095775462963,4.987086226851852,6.0582060185185185,6.582484085648148
912,00:00:15.183,5.042946566358025,17.839547164351853,4.227241994598765,5.113645351080247,5.787952353395061
913,00:00:15.200,5.7552862975823045,21.839171006944444,4.810841049382716,5.92612606095679,6.528891782407407
914,00:00:15.217,5.604384805812757,21.455982349537038,4.636136670524691,5.787067418981482,6.389950327932099
915,00:00:15.233,5.031923064557613,17.513172743055556,4.085819347993827,5.147680362654321,5.862269483024692
916,00:00:15.250,5.151233924897119,18.20564236111111,4.215849729938272,5.270754726080247,5.967097318672839
917,00:00:15.267,5.5297667502572025,19.708883101851853,4.369276138117284,5.774285783179012,6.445738329475309
918,00:00:15.283,0.05181970164609054,0.4575882523148148,0.049352816358024694,0.03665123456790124,0.06945505401234568
919,00:00:15.300,6.662985307355967,25.8220703125,4.993340567129629,7.3386554783950615,7.65695987654321
920,00:00:15.317,5.009322434413581,19.04457465277778,3.555808738425926,5.477083333333334,5.995075231481482
921,00:00:15.333,4.594481095679012,16.826359953703705,3.2053486689814816,5.027339891975308,5.550754726080247
922,00:00:15.350,5.662900591563786,22.106517650462962,4.050299479166667,6.221001639660494,6.717400655864197
923,00:00:15.367,4.296164801954732,15.867650462962963,2.98806568287037,4.744823495370371,5.1556052276234565
924,00:00:15.383,5.734085648148148,22.126316550925925,4.233545524691358,6.300147569444444,6.668563850308642
925,00:00:15.400,4.9421875,19.29470486111111,3.527552083333333,5.441682581018519,5.857327835648148
926,00:00:15.417,4.756903935185185,19.80984519675926,3.322818287037037,5.250134548611111,5.697758969907407
927,00:00:15.433,4.909408275462963,20.15921585648148,3.4767283950617283,5.383754340277778,5.867742091049383
928,00:00:15.450,4.208118569958848,16.7044921875,2.8355015432098765,4.664667727623457,5.12418643904321
929,00:00:15.467,5.597287326388888,23.481004050925925,4.0626388888888885,6.078875385802469,6.650347704475308
930,00:00:15.483,4.091660397376543,16.145203993055556,2.781330054012346,4.495353009259259,4.998298128858025
931,00:00:15.500,7.25505658436214,13.203407118055555,9.439711130401234,2.9472294560185186,9.378229166666667
932,00:00:15.517,5.411978202160494,21.753580729166668,4.19247444058642,5.856462673611111,6.18699749228395
933,00:00:15.533,4.80508359053498,17.598148148148148,3.5230946180555556,5.323000096450618,5.569156057098765
934,00:00:15.550,4.751829668209877,18.03064959490741,3.444702449845679,5.203624614197531,5.60716194058642
935,00:00:15.567,4.758994663065844,17.67451533564815,3.474964313271605,5.210420042438272,5.591599633487655
936,00:00:15.583,4.30972929526749,16.06895978009259,3.011962287808642,4.733628472222223,5.183597125771605
937,00:00:15.600,5.617402263374486,21.354282407407407,4.326979166666667,5.947671199845679,6.577556423611111
938,00:00:15.617,3.8286295974794236,12.812471064814815,2.618401813271605,4.1789337384259255,4.688553240740741
939,00:00:15.633,5.456683545524691,20.18331886574074,4.204854841820987,5.692025462962963,6.473170331790123
940,00:00:15.650,4.7682605131172835,17.25283564814815,3.4243547453703704,5.096723090277778,5.783703703703703
941,00:00:15.667,5.65912840792181,21.456351273148147,4.33971305941358,5.863506462191358,6.774165702160494
942,00:00:15.683,3.858126125257202,13.589301215277779,2.6555574845679013,4.135804880401235,4.783016010802469
943,00:00:15.700,6.141576485339506,24.661682581018518,4.821568287037037,6.3108087384259255,7.292352430555556
944,00:00:15.717,4.72693029835391,16.94478443287037,3.493545524691358,4.957709297839506,5.729536072530864
945,00:00:15.733,5.040289994855967,17.803269675925925,3.8067698688271605,5.1724681712962965,6.141631944444445
946,00:00:15.750,5.90302404835391,22.947294560185185,4.5375906635802465,5.995284529320988,7.176196952160494
947,00:00:15.767,0.05082609953703704,0.37003038194444443,0.051823398919753086,0.03511381172839506,0.06554108796296296
948,00:00:15.783,5.226932227366255,18.064713541666666,3.887534722222222,5.376995081018518,6.416266878858025
949,00:00:15.800,7.216726144547326,28.59170283564815,5.688887924382716,7.374176793981482,8.587113715277777
950,00:00:15.817,0.058130947788065844,0.28812934027777776,0.04991801697530864,0.04266637731481481,0.08180844907407407
951,00:00:15.833,6.717270608281893,24.565516493055554,5.1914168595679016,6.8770433063271605,8.083351658950617
952,00:00:15.850,5.85473331404321,19.93048321759259,4.442215952932099,5.8925969328703705,7.229387056327161
953,00:00:15.867,6.745049029063786,23.727690972222224,5.108725405092593,6.731304494598765,8.3951171875
954,00:00:15.883,6.2993496013374495,21.007371238425925,4.582029803240741,6.325107542438271,7.990911458333334
955,00:00:15.900,6.09189123585391,20.14027777777778,4.456582272376544,6.0688966049382715,7.7501948302469135
956,00:00:15.917,7.207828575102881,26.203783275462964,5.460068479938272,7.0337654320987655,9.129651813271606
957,00:00:15.933,6.550885738168724,22.57947771990741,4.937295524691358,6.295347704475309,8.420013985339507
958,00:00:15.950,6.822529899691358,23.956423611111113,5.312023051697531,6.428708526234568,8.726858121141975
959,00:00:15.967,6.744732992541152,23.311668113425927,5.269688464506173,6.280293209876543,8.684217303240741
960,00:00:15.983,6.561331661522634,23.09892216435185,5.177197627314815,6.029444444444445,8.477352912808643
961,00:00:16.000,11.18809558256173,28.52406684027778,11.37542438271605,7.713797743055555,14.47506462191358
962,00:00:16.017,6.224391235853909,20.576591435185186,4.943315007716049,5.6295635609567904,8.100295138888889
963,00:00:16.033,7.641888824588477,28.42199797453704,6.427943672839506,6.760081500771605,9.737641300154321
964,00:00:16.050,7.110236786265433,25.80387008101852,5.794718364197531,6.328138985339506,9.20785300925926
965,00:00:16.067,8.00952980324074,30.757161458333332,6.807832754629629,6.957720871913581,10.263035783179012
966,00:00:16.083,7.215411683384775,26.34458912037037,5.994812403549383,6.234316647376543,9.417105999228395
967,00:00:16.100,8.169400880915639,30.18951099537037,7.20528549382716,6.88144000771605,10.421477141203704
968,00:00:16.117,7.5895854230967075,26.16861255787037,6.592953800154321,6.394993730709877,9.780808738425925
969,00:00:16.133,8.324910140174897,29.535286458333335,7.349838927469135,6.944080825617284,10.680810667438271
970,00:00:16.150,7.920523566100822,27.663491030092594,7.036429880401235,6.524221643518518,10.200919174382715
971,00:00:16.167,0.06237959747942387,0.5762586805555555,0.05618971836419753,0.039226466049382715,0.09172260802469136
972,00:00:16.183,10.032251961162553,38.49521122685185,8.553247492283951,8.514254918981482,13.029253472222223
973,00:00:16.200,0.06374469521604938,0.4170066550925926,0.055634162808641974,0.04234809027777778,0.09325183256172839
974,00:00:16.217,8.394691840277778,27.384338831018518,7.124998553240741,6.769007040895062,11.29006992669753
975,00:00:16.233,7.7240097736625515,22.760373263888887,6.548405671296297,6.19890625,10.424717399691358
976,00:00:16.250,8.81724263760288,26.808326099537037,7.948055073302469,7.0019859182098765,11.501686921296296
977,00:00:16.267,7.7912649498456785,22.619690393518518,6.865274402006173,6.145598476080247,10.362921971450618
978,00:00:16.283,8.622073366769547,26.64341724537037,7.505635609567901,6.892820216049382,11.467764274691358
979,00:00:16.300,7.745870466820986,23.44595630787037,6.327163387345679,6.366181037808642,10.544266975308641
980,00:00:16.317,8.672912969393005,26.966471354166668,6.850462480709877,7.393174189814815,11.775102237654322
981,00:00:16.333,7.706075102880658,23.16668113425926,5.554868827160494,6.710546392746914,10.852810088734568
982,00:00:16.350,7.542064203960905,22.906712962962963,5.273845968364197,6.674021990740741,10.678324652777778
983,00:00:16.367,7.900390625,26.063838252314813,5.273706114969136,7.054119405864197,11.373346354166667
984,00:00:16.383,0.061413966049382714,0.6026982060185185,0.04554783950617284,0.04346691743827161,0.09522714120370371
985,00:00:16.400,7.533282375257201,24.84220920138889,4.931457851080247,6.7611159336419755,10.907273341049383
986,00:00:16.417,8.382038805298352,28.245652488425925,5.521386477623457,7.58129581404321,12.043434124228394
987,00:00:16.433,6.797762184927984,21.070949074074075,4.372008584104938,6.044240933641976,9.977037037037038
988,00:00:16.450,7.885298996913581,26.65473090277778,5.1923374807098766,6.957475405092593,11.506084104938271
989,00:00:16.467,3.7212294238683126,10.067679398148147,2.2846079282407405,3.2971522955246915,5.581928047839506
990,00:00:16.483,8.126796231995884,29.044249131944444,5.329776716820987,7.316796875,11.733815104166666
991,00:00:16.500,12.100521958590535,33.6712890625,10.223993055555555,8.881267843364197,17.196304976851852
992,00:00:16.517,8.123810442386832,29.122214988425927,5.462829378858025,7.443004918981481,11.465597029320987
993,00:00:16.533,6.675178915895061,23.23173466435185,4.333909143518518,6.163760127314815,9.527867476851851
994,00:00:16.550,8.136707658179011,29.659736689814814,5.483546006944445,7.459246720679013,11.46733024691358
995,00:00:16.567,7.4273244598765435,27.684642650462962,4.97895881558642,6.799506172839506,10.503508391203704
996,00:00:16.583,6.041152263374486,21.548336226851852,3.885301890432099,5.605303337191358,8.6328515625
997,00:00:16.600,7.547432966820988,29.721469907407407,4.818907214506173,7.038448591820988,10.784943094135803
998,00:00:16.617,6.621036361882716,25.789973958333334,4.145753761574074,6.117978395061728,9.599376929012346
999,00:00:16.633,6.819275977366256,27.03189380787037,4.236288097993827,6.286781442901234,9.934758391203705
1000,00:00:16.650,0.06865338863168725,0.2334056712962963,0.054050925925925926,0.04435088734567901,0.1075583526234568
1001,00:00:16.667,6.486904899691358,25.130707465277776,3.986424575617284,5.925132619598766,9.549157503858025
1002,00:00:16.683,7.114347672325103,28.27233796296296,4.454331114969135,6.397941261574074,10.490770640432098
1003,00:00:16.700,6.502676826131688,25.989561631944444,4.09186824845679,5.700632716049383,9.715529513888889
1004,00:00:16.717,6.4051266718107,24.671889467592592,4.026193576388889,5.563623167438272,9.625563271604939
1005,00:00:16.733,7.364107510288066,31.306242766203702,4.403812210648148,6.4158304398148145,11.272679880401235
1006,00:00:16.750,8.077324138374486,38.942223668981484,4.847278163580247,6.99760513117284,12.387089120370371
1007,00:00:16.767,8.610821920010288,40.4822337962963,5.353528645833333,7.328327546296296,13.150609567901235
1008,00:00:16.783,7.823845164609054,37.75896267361111,4.856136188271605,6.530423900462963,12.084975405092592
1009,00:00:16.800,7.36474279835391,33.12638888888889,4.573005401234568,6.0173789544753085,11.503844039351852
1010,00:00:16.817,0.06218766075102881,0.33252314814814815,0.04387249228395062,0.03948447145061729,0.10320601851851852
1011,00:00:16.833,7.877159850823046,33.39115306712963,4.940321180555555,6.428886477623457,12.262271894290123
1012,00:00:16.850,7.311752989969135,30.111176215277776,4.64457706404321,5.889043692129629,11.401638213734568
1013,00:00:16.867,8.223820408950617,32.458391203703705,5.580223765432099,6.6019598765432095,12.489277584876543
1014,00:00:16.883,7.2192901234567906,27.14896556712963,4.899470486111111,5.828580729166666,10.929819155092593
1015,00:00:16.900,7.957825360082304,29.052980324074074,5.503922646604939,6.466547067901234,11.90300636574074
1016,00:00:16.917,7.975145318930042,28.55604021990741,5.737469618055556,6.392078510802469,11.795887827932098
1017,00:00:16.933,7.952617348251028,27.168641493055556,5.9447530864197535,6.381145351080247,11.531953607253087
1018,00:00:16.950,7.118194605195473,24.46455439814815,5.327750771604938,5.699724633487654,10.327108410493826
1019,00:00:16.967,7.558027424125515,26.588693576388888,5.810224247685185,6.134640721450618,10.729217303240741
1020,00:00:16.983,6.01094827031893,20.146057581018518,4.528148630401234,4.714799382716049,8.789896797839507
1021,00:00:17.000,11.178894354423868,27.196925636574075,10.636922743055555,6.988565779320988,15.911194540895062
1022,00:00:17.017,7.691089570473252,23.588852719907408,6.2480796682098765,6.089143036265432,10.736046006944445
1023,00:00:17.033,7.1719888117283945,22.422931134259258,5.8619044174382715,5.562687596450617,10.091374421296296
1024,00:00:17.050,6.762470261059671,20.53158275462963,5.544225983796296,5.177792727623457,9.565392071759259
1025,00:00:17.067,0.18427854938271604,0.7441189236111111,0.13642746913580248,0.12430748456790124,0.2921006944444444
1026,00:00:17.083,7.196903935185186,22.57443576388889,5.942132523148148,5.491918402777777,10.15666087962963
1027,00:00:17.100,7.220168949331275,23.13888888888889,5.914917052469136,5.502542438271605,10.243047357253086
1028,00:00:17.117,7.252166120113167,24.918699363425926,5.88445167824074,5.548015528549382,10.324031153549383
1029,00:00:17.133,7.331915509259258,25.757262731481482,5.875731577932099,5.715918209876543,10.404096739969136
1030,00:00:17.150,7.116500289351852,25.810264756944445,5.709164255401235,5.467900270061729,10.172436342592592
1031,00:00:17.167,7.049286426183127,26.57664207175926,5.57570842978395,5.427963445216049,10.144187403549383
1032,00:00:17.183,7.322467206790123,26.05818142361111,5.61095100308642,5.73280719521605,10.623643422067902
1033,00:00:17.200,6.888130465534978,23.334541377314814,5.244072145061728,5.353292341820987,10.067026909722221
1034,00:00:17.217,7.466965985082304,24.25230034722222,5.767957175925926,5.824120852623457,10.808819926697531
1035,00:00:17.233,6.539132426697531,21.026432291666666,5.050624035493827,4.920663580246914,9.646109664351853
1036,00:00:17.250,8.011631944444444,25.406047453703703,7.127251157407407,5.9394888117283955,10.96815586419753
1037,00:00:17.267,7.2807433127572025,22.434736689814816,6.677047646604938,5.276000192901234,9.889182098765431
1038,00:00:17.283,6.334745691872428,19.236783854166667,5.9569704861111115,4.434280478395062,8.61298611111111
1039,00:00:17.300,7.325667116769547,24.145066550925925,7.150699266975309,5.253823302469136,9.572478780864197
1040,00:00:17.317,0.07028436856995886,0.37507233796296297,0.06941743827160494,0.04081934799382716,0.10061631944444445
1041,00:00:17.333,6.8438591499485595,22.535575810185186,6.7141054205246915,4.916644000771605,8.900828028549382
1042,00:00:17.350,6.503741319444444,21.697750289351852,6.392002314814815,4.7052199074074075,8.41400173611111
1043,00:00:17.367,6.560718235596707,23.32027633101852,6.0709543788580245,5.050131172839506,8.561069155092593
1044,00:00:17.383,5.6183248135288055,18.835517939814814,4.905391107253086,4.480993441358025,7.468589891975308
1045,00:00:17.400,5.873048964763375,20.91796875,4.679964313271605,5.001659915123457,7.937522665895062
1046,00:00:17.417,4.810277777777777,15.344885706018518,3.5328800154320987,4.229737654320988,6.668215663580247
1047,00:00:17.433,5.908313078703704,22.009736689814815,4.393875868055556,5.464689911265432,7.866373456790123
1048,00:00:17.450,4.629763535236626,17.57724247685185,3.2080121527777776,4.331965181327161,6.349313271604938
1049,00:00:17.467,4.8896124292695475,18.165552662037037,3.3264274691358025,4.617397280092592,6.725012538580247
1050,00:00:17.483,4.589421296296297,16.8638671875,3.16285831404321,4.276203703703704,6.329201871141976
1051,00:00:17.500,9.441426665380659,22.22088396990741,9.658186246141975,6.014557291666667,12.651536458333334
1052,00:00:17.517,3.997865547839506,14.207371238425926,2.291044560185185,3.964392361111111,5.738159722222222
1053,00:00:17.533,4.796508005401235,18.00482494212963,2.9604258294753087,4.727138310185185,6.70195987654321
1054,00:00:17.550,4.041204507458848,13.684606481481481,2.454833622685185,3.964583333333333,5.704196566358025
1055,00:00:17.567,4.518958011831276,16.20435474537037,2.749125675154321,4.429601176697531,6.378147183641976
1056,00:00:17.583,4.394270672582304,14.919270833333334,2.8066290509259257,4.142589699074074,6.2335932677469135
1057,00:00:17.600,5.125378729423868,18.113411458333335,3.3852512538580246,4.81194782021605,7.178937114197531
1058,00:00:17.617,4.4363551311728395,14.923328993055556,2.814288676697531,4.158435088734568,6.336341628086419
1059,00:00:17.633,5.8675207368827165,21.608470775462962,3.9572511574074074,5.519123263888889,8.126187789351851
1060,00:00:17.650,0.05950151105967078,0.48759403935185186,0.04737364969135802,0.043214699074074076,0.08791618441358025
1061,00:00:17.667,5.213403260030865,19.44338107638889,3.3291285686728394,4.985536265432099,7.325544945987654
1062,00:00:17.683,5.367994148662551,19.454325810185185,3.630953896604938,5.026300636574074,7.446727912808642
1063,00:00:17.700,4.767003118569959,16.46001880787037,3.1359428047839506,4.481333429783951,6.683733121141976
1064,00:00:17.717,5.679208783436214,21.736979166666668,3.938822337962963,5.354731867283951,7.744072145061728
1065,00:00:17.733,4.549666120113169,16.07449363425926,3.0618045910493827,4.264549093364198,6.322644675925926
1066,00:00:17.750,6.502802854938271,23.03005642361111,4.886551890432099,5.901677276234568,8.720179398148149
1067,00:00:17.767,4.7376017554012355,14.288903356481482,3.3405613425925926,4.321780478395062,6.5504634452160495
1068,00:00:17.783,6.272049093364198,21.8642578125,4.875394483024691,5.708477527006173,8.232275270061729
1069,00:00:17.800,5.522759291409464,17.92710503472222,4.208459683641975,5.016583719135802,7.343234471450617
1070,00:00:17.817,5.525628697273663,18.92209201388889,4.3121556712962965,4.975624517746914,7.289105902777778
1071,00:00:17.833,5.892761381172839,20.904072627314815,4.6013802083333335,5.319041280864197,7.757862654320988
1072,00:00:17.850,5.922876639660494,21.54870515046296,4.713799672067902,5.284622395833333,7.770207851080247
1073,00:00:17.867,5.864131944444445,20.245052083333334,4.877478780864197,5.123187210648148,7.591729841820988
1074,00:00:17.883,6.822177051183128,24.518294270833334,6.078387827932099,5.863257619598765,8.524885706018518
1075,00:00:17.900,5.595243216306584,17.115227141203704,5.252634066358024,4.6507783564814815,6.8823172260802465
1076,00:00:17.917,0.04761397247942387,0.25615596064814816,0.037470582561728395,0.03595244984567901,0.0694188850308642
1077,00:00:17.933,8.675205600565844,30.97482638888889,8.785738811728395,7.352862654320988,9.887015335648147
1078,00:00:17.950,6.18193833590535,22.026707175925925,5.206893325617284,5.494285300925926,7.8446363811728395
1079,00:00:17.967,5.517640817901234,17.549696180555557,4.753469328703703,4.731847511574074,7.0676056134259255
1080,00:00:17.983,6.705522762345679,25.782472511574074,6.061446277006173,5.800850694444445,8.25427131558642
1081,00:00:18.000,11.064057998971194,28.590227141203705,12.4520987654321,6.919571277006173,13.820503954475308
1082,00:00:18.017,5.242018389917695,17.118424479166666,4.579836033950618,4.498403260030864,6.647815875771605
1083,00:00:18.033,6.613243312757201,23.68747829861111,6.133922646604939,5.6122690007716045,8.093538290895061
1084,00:00:18.050,6.141113683127572,21.547721354166665,5.698052179783951,5.1895264274691355,7.53576244212963
1085,00:00:18.067,6.046870177469136,21.71656539351852,5.558418209876543,5.132703993055555,7.449488329475309
1086,00:00:18.083,5.808316454475308,21.352314814814815,5.310354938271605,4.885521797839506,7.229072627314815
1087,00:00:18.100,6.769625128600823,26.136024305555555,6.4121561535493825,5.6658207947530865,8.2308984375
1088,00:00:18.117,6.022680362654321,21.881474247685187,5.564913194444444,5.021005497685185,7.482122395833334
1089,00:00:18.133,6.461551408179012,23.79544994212963,6.0827961033950615,5.325755208333334,7.976102912808642
1090,00:00:18.150,6.804330150462963,24.471195023148148,6.610639467592593,5.477012924382716,8.32533805941358
1091,00:00:18.167,6.625811792695473,23.316341145833334,6.4691112075617285,5.319825424382716,8.088498746141976
1092,00:00:18.183,6.751970325360081,23.002510127314814,6.55373649691358,5.481318479938271,8.220855999228394
1093,00:00:18.200,0.07196260931069957,0.34260706018518516,0.07789544753086419,0.04305025077160494,0.09494212962962963
1094,00:00:18.217,7.006665862911523,23.835047743055554,6.837279610339507,5.683430266203704,8.499287712191357
1095,00:00:18.233,6.514894708076132,20.67066695601852,6.302163387345679,5.251225405092592,7.991295331790123
1096,00:00:18.250,7.565901974022634,24.663035300925927,7.634018132716049,6.0631307870370375,9.000557002314816
1097,00:00:18.267,7.993914126800412,26.736631944444444,8.274887635030865,6.369435763888889,9.337418981481482
1098,00:00:18.283,7.211841724537037,21.896354166666665,7.456579861111111,5.65100356867284,8.52794174382716
1099,00:00:18.300,8.144381912294238,24.662297453703705,8.898741319444444,6.220180844907407,9.314223572530864
1100,00:00:18.317,7.125578703703703,19.490849247685187,7.945632233796296,5.139876543209876,8.291227334104939
1101,00:00:18.333,5.952440522119342,15.382761863425927,6.512473476080247,4.168234471450617,7.176613618827161
1102,00:00:18.350,0.09922935956790123,0.3482638888888889,0.10315152391975309,0.05824749228395062,0.1362890625
1103,00:00:18.367,0.04930282278806585,0.259107349537037,0.05575954861111111,0.027724729938271606,0.06442418981481482
1104,00:00:18.383,11.94762522505144,37.46616030092593,14.161733699845678,8.644196566358024,13.036945408950617
1105,00:00:18.400,8.986961484053497,24.620855034722222,10.263986304012345,6.532426215277778,10.16447193287037
1106,00:00:18.417,8.390737043467078,20.54781539351852,9.568804494598766,6.00942756558642,9.593979070216049
1107,00:00:18.433,10.372524273405352,28.89581886574074,11.89461612654321,7.6777980324074075,11.545158661265432
1108,00:00:18.450,6.9260725308641975,15.468844039351852,7.783413869598766,4.974997588734568,8.019806134259259
1109,00:00:18.467,10.60767232510288,28.256597222222222,12.175465374228395,8.273953028549382,11.373598572530865
1110,00:00:18.483,9.59641284079218,24.18306568287037,10.965734471450617,7.399014274691358,10.424489776234568
1111,00:00:18.500,12.354438818158437,23.700144675925927,16.14604552469136,7.024247202932099,13.893023726851851
1112,00:00:18.517,8.549388985339505,23.76716579861111,10.14747444058642,6.474761284722222,9.025931230709876
1113,00:00:18.533,0.06948334619341563,0.4562355324074074,0.08930362654320988,0.03979166666666667,0.07935474537037036
1114,00:00:18.550,21.70351530349794,51.89832899305556,31.078469328703704,13.340035204475308,20.692041377314816
1115,00:00:18.567,9.030506044238683,23.926909722222224,10.97079475308642,6.546155478395062,9.574567901234568
1116,00:00:18.583,11.5372075938786,29.843706597222223,14.199914158950618,8.44038532021605,11.971323302469136
1117,00:00:18.600,9.560725790895061,23.493916377314815,11.777999614197531,6.765374710648148,10.138803047839506
1118,00:00:18.617,11.519351691100823,31.262217881944444,13.958763020833333,8.544168595679013,12.055123456790124
1119,00:00:18.633,11.011625835905349,29.939749710648147,13.33044994212963,8.287475405092593,11.416952160493826
1120,00:00:18.650,11.131212062757202,29.45732060185185,13.51803722993827,8.422545331790124,11.453053626543209
1121,00:00:18.667,10.825755369084362,29.239409722222224,13.051832079475309,8.339932966820987,11.08550106095679
1122,00:00:18.683,10.958672839506173,30.742896412037037,13.164920428240741,8.526284722222222,11.184813368055556
1123,00:00:18.700,8.814977977109054,23.526258680555557,10.38480999228395,6.722072241512346,9.338051697530863
1124,00:00:18.717,11.499668370627573,33.52347366898148,14.06660976080247,9.142892554012345,11.289502797067902
1125,00:00:18.733,9.134176793981482,24.749486400462963,11.081920331790123,7.018979552469136,9.301630497685185
1126,00:00:18.750,0.09077289094650205,0.8196252893518519,0.10447723765432099,0.052172550154320985,0.1156688850308642
1127,00:00:18.767,10.719377250514404,30.076005497685184,13.210836709104939,8.430251736111112,10.51704330632716
1128,00:00:18.783,9.812983860596708,27.120927372685184,12.064831211419753,7.635011091820988,9.739109278549384
1129,00:00:18.800,8.586416859567901,21.835850694444446,10.513590856481482,6.569301215277778,8.676358506944444
1130,00:00:18.817,10.472967624742799,30.330070891203704,13.00876350308642,8.254880401234567,10.155258969907408
1131,00:00:18.833,9.163113586676955,24.330143229166666,11.419615162037037,7.063550347222222,9.006175250771605
1132,00:00:18.850,9.512095068158436,25.947750289351852,11.772274305555555,7.413345389660494,9.35066550925926
1133,00:00:18.867,9.12436953446502,24.614091435185184,11.248286072530863,7.1119700038580245,9.012852527006173
1134,00:00:18.883,9.790857928240742,27.584910300925927,12.086925154320987,7.711104359567901,9.574544270833334
1135,00:00:18.900,8.776823077417696,22.70847800925926,10.938855613425925,6.770612943672839,8.62100067515432
1136,00:00:18.917,8.831748167438272,22.998820891203703,10.956290991512345,6.874729456018518,8.66422405478395
1137,00:00:18.933,8.605432259516462,21.951323784722224,10.596227334104938,6.640246913580247,8.579822530864197
1138,00:00:18.950,9.78986255787037,26.841160300925925,12.278800636574074,7.631074942129629,9.459712094907408
1139,00:00:18.967,9.124421939300412,23.98298611111111,11.456237461419754,7.000764371141975,8.916263985339507
1140,00:00:18.983,10.312198109567902,29.648054108796295,12.814003665123456,8.276646412037037,9.84594425154321
1141,00:00:19.000,15.085482896090534,28.513736979166666,22.614972029320988,8.746863425925927,13.89461323302469
1142,00:00:19.017,10.194491544495884,25.74398148148148,13.460189525462964,7.726564911265432,9.39672019675926
1143,00:00:19.033,7.371179591049383,16.378117766203705,9.31779369212963,5.621254822530864,7.174490258487654
1144,00:00:19.050,10.816293885030865,28.959519675925925,14.455700231481481,8.222149402006172,9.771032021604938
1145,00:00:19.067,8.22327337319959,20.051613136574073,10.612242476851852,6.251343557098766,7.806234085648148
1146,00:00:19.083,0.24161667309670784,1.371166087962963,0.3137808641975309,0.1456221064814815,0.2654470486111111
1147,00:00:19.100,13.528161811985598,40.74994936342593,17.45340422453704,10.849590084876544,12.28149112654321
1148,00:00:19.117,0.06141814557613168,0.4060619212962963,0.07527874228395062,0.03911072530864197,0.06986496913580247
1149,00:00:19.133,10.192384580761319,26.593735532407408,13.479099151234568,7.6792703510802465,9.418784239969137
1150,00:00:19.150,9.700250128600823,24.138671875,12.574489776234568,7.393263888888889,9.132996720679012
1151,00:00:19.167,9.308723958333333,23.139872685185185,11.91857204861111,7.193725405092593,8.813874421296296
1152,00:00:19.183,10.258035300925926,27.96994357638889,12.918680555555556,8.141415895061728,9.714009452160493
1153,00:00:19.200,8.545379693930043,21.215690104166665,10.65382282021605,6.67326774691358,8.309048514660494
1154,00:00:19.217,9.344929591049382,24.693532986111112,11.517161458333334,7.439060570987654,9.07856674382716
1155,00:00:19.233,6.176762956532922,13.674645543981482,7.267725694444445,4.899365354938271,6.363197820216049
1156,00:00:19.250,0.06121463477366255,0.2508680555555556,0.07582995756172839,0.0375757137345679,0.07023823302469136
1157,00:00:19.267,26.732796907150206,74.51752748842593,29.109600694444445,29.27966869212963,21.809121334876544
1158,00:00:19.283,12.216779192386833,26.99549334490741,13.974815779320988,9.494483506944444,13.181038290895062
1159,00:00:19.300,10.983327707047325,21.715212673611113,12.633410976080247,8.230011091820987,12.086561053240741
1160,00:00:19.317,10.926416859567901,22.115125868055557,12.581091338734568,8.205646219135803,11.992513020833334
1161,00:00:19.333,10.2686813593107,20.315516493055554,11.512560763888889,7.7746875,11.51879581404321
1162,00:00:19.350,12.981527777777776,29.602061631944444,14.902442611882716,9.975922067901234,14.066218653549383
1163,00:00:19.367,11.541627925668726,24.127235243055555,13.300237268518519,8.5990234375,12.725623070987654
1164,00:00:19.383,12.31497845936214,27.850535300925927,14.15420380015432,9.184892457561729,13.605839120370371
1165,00:00:19.400,12.863281410751028,28.298777488425927,14.824872685185186,9.537434895833334,14.227536651234567
1166,00:00:19.417,12.978102977109053,31.371050347222223,15.371150655864197,9.64856143904321,13.914596836419753
1167,00:00:19.433,23.842649016203705,56.984555844907405,28.679709683641974,20.11459731867284,22.733640046296298
1168,00:00:19.450,0.058992091049382724,0.23783275462962963,0.07035590277777778,0.03229697145061729,0.07432339891975309
1169,00:00:19.467,27.21665814686214,64.53531539351852,32.98609471450617,22.096694637345678,26.56718508873457
1170,00:00:19.483,36.87328076774691,78.77293836805555,43.25108699845679,30.74826533564815,36.620489969135804
1171,00:00:19.500,38.37573656121399,76.01548032407408,42.43006269290124,30.79045621141975,41.90669077932099
1172,00:00:19.517,42.17861673739712,81.4250072337963,38.64744020061728,39.720988618827164,48.16742139274692
1173,00:00:19.533,29.680505722736626,76.87015335648148,26.40325858410494,26.073254726080247,36.56500385802469
1174,00:00:19.550,39.69387136702675,110.71163917824074,30.14138069058642,41.74638599537037,47.19384741512346
1175,00:00:19.567,40.9124961419753,116.80551938657408,34.12646026234568,39.567605613425926,49.04342255015432
1176,00:00:19.583,25.954519997427983,79.57780671296297,25.390722415123456,20.580539641203703,31.89229793595679
1177,00:00:19.600,20.088409850823044,58.93997395833333,20.569514853395063,15.167640335648148,24.528074363425926
1178,00:00:19.617,21.62283564814815,63.401244212962965,24.08107494212963,14.970515528549383,25.81691647376543
1179,00:00:19.633,23.120135673868315,65.22839988425926,25.780368441358025,16.141740933641977,27.438297646604937
1180,00:00:19.650,22.977060988940327,63.77570167824074,25.75390480324074,16.38978443287037,26.787493730709876
1181,00:00:19.667,25.826055652006175,76.08951099537038,26.728676697530865,20.554670138888888,30.194820119598766
1182,00:00:19.683,19.013932452417695,51.1892578125,19.88371238425926,14.332010513117284,22.826074459876544
1183,00:00:19.700,0.17005642361111115,0.7002170138888889,0.21131510416666666,0.09265335648148149,0.20620081018518518
1184,00:00:19.717,25.78179896476338,74.11429398148148,26.35024787808642,21.103699363425925,29.891449652777776
1185,00:00:19.733,22.72363522376543,62.64851707175926,22.861740933641975,19.04542679398148,26.26373794367284
1186,00:00:19.750,19.671262056327162,51.63959056712963,19.936556712962965,16.034436246141976,23.042793209876542
1187,00:00:19.767,21.366501414609058,57.085026041666666,22.00550636574074,17.52198977623457,24.572008101851853
1188,00:00:19.783,15.780796521347739,39.95774739583333,16.431599633487654,12.225160590277778,18.685629340277778
1189,00:00:19.800,13.932708011831275,35.65597511574074,14.953680073302468,10.571186824845679,16.27325713734568
1190,00:00:19.817,11.684212641460908,26.380497685185187,12.310254629629629,8.889150752314816,13.853232542438272
1191,00:00:19.833,16.063286233281893,40.24636863425926,16.958699845679014,12.233056037808643,18.998102816358024
1192,00:00:19.850,16.084939557613172,40.612955729166664,17.125367476851853,12.18397762345679,18.945473572530865
1193,00:00:19.867,14.340319573045269,32.970703125,15.03156394675926,10.877350019290123,17.11204475308642
1194,00:00:19.883,16.51085921424897,41.5115306712963,17.24555121527778,12.609769965277778,19.67725646219136
1195,00:00:19.900,14.355992476851853,34.162818287037034,14.696031539351852,10.986273630401234,17.38567226080247
1196,00:00:19.917,18.69147456918724,49.2976634837963,19.735706018518517,14.196495949074073,22.142221739969134
1197,00:00:19.933,18.360056262860084,48.86676070601852,19.362073688271604,13.877791280864198,21.840303819444443
1198,00:00:19.950,0.10266750257201646,0.37974537037037037,0.10762104552469136,0.06156057098765432,0.1388208912037037
1199,00:00:19.967,19.586118827160494,55.35428240740741,20.851083622685184,14.702097800925927,23.20517505787037
1200,00:00:19.983,18.125858731995883,50.12417534722222,19.24433304398148,13.315950038580247,21.817293113425926
1201,00:00:20.000,21.487279931841567,55.74152922453704,23.71134693287037,14.913462577160495,25.837030285493828
1202,00:00:20.017,16.837466403034977,45.882783564814815,17.191843171296295,12.52588348765432,20.79467255015432
1203,00:00:20.033,19.671823077417695,53.09966724537037,20.456820505401236,14.443367573302469,24.115281153549383
1204,00:00:20.050,19.239774466306585,52.08131510416667,20.155107542438273,14.074256365740741,23.48995949074074
1205,00:00:20.067,19.542450327932098,54.252430555555556,20.095188078703703,14.770590277777778,23.761572627314816
1206,00:00:20.083,22.522300347222224,65.73234953703704,20.328373842592594,20.649176311728397,26.589350887345677
1207,00:00:20.100,23.476633391203706,72.20560619212964,21.95779369212963,20.70809268904321,27.76401379243827
1208,00:00:20.117,21.015620981224277,61.36146556712963,18.94139274691358,18.904927662037036,25.20054253472222
1209,00:00:20.133,21.813599376286007,63.944422743055554,20.98925395447531,17.834745852623456,26.61679832175926
1210,00:00:20.150,17.8799598122428,51.536046006944446,18.188936631944443,13.39938850308642,22.051554301697532
1211,00:00:20.167,20.193930201903292,57.175043402777774,19.788431230709875,16.305,24.488359375
1212,00:00:20.183,18.659719650205762,52.44704137731482,18.319865933641974,15.081089891975308,22.578203125
1213,00:00:20.200,20.987543724279835,60.2261646412037,20.885462480709876,17.194922357253088,24.882246334876545
1214,00:00:20.217,19.228118730709877,55.5587890625,19.2884977816358,15.571186342592593,22.824672067901236
1215,00:00:20.233,22.61268486368313,67.11077112268518,22.295258487654323,19.55491367669753,25.98788242669753
1216,00:00:20.250,18.72074363425926,52.54210069444444,18.327536651234567,16.444811921296296,21.389882330246913
1217,00:00:20.267,18.26739904835391,54.28219039351852,17.737003279320987,16.341281828703703,20.72391203703704
1218,00:00:20.283,16.21953944830247,49.59132667824074,15.940233410493827,14.695996334876543,18.022388599537038
1219,00:00:20.300,0.1206568287037037,0.2898509837962963,0.14730131172839506,0.07676408179012345,0.1379050925925926
1220,00:00:20.317,28.633014564043208,84.40148292824074,25.48869888117284,30.34901668595679,30.061328125
1221,00:00:20.333,25.32567740483539,81.17463107638889,22.75600356867284,21.305535783179014,31.91549286265432
1222,00:00:20.350,31.170894900977363,83.37353877314816,27.526350308641977,26.800301408179013,39.18603298611111
1223,00:00:20.367,32.19378761574074,85.76477864583333,31.06883053626543,26.86195216049383,38.650580150462964
1224,00:00:20.383,38.36198061342593,92.24836516203703,39.46214409722222,33.71288242669753,41.91091531635802
1225,00:00:20.400,34.29662229938271,88.52248263888889,37.46410783179012,28.103942901234568,37.32181616512346
1226,00:00:20.417,36.33766251929013,89.65446325231481,40.980880594135805,29.474968653549382,38.55713831018519
1227,00:00:20.433,31.734737172067906,79.8226490162037,36.771304494598766,22.494627218364197,35.93827980324074
1228,00:00:20.450,26.530651202417697,67.63599537037037,29.251622781635803,19.37395495756173,30.966375868055554
1229,00:00:20.467,24.18366094393004,57.381394675925925,27.904442997685184,18.0417578125,26.604782021604937
1230,00:00:20.483,27.31383857381687,64.98909143518519,29.87127411265432,20.773024691358025,31.29721691743827
1231,00:00:20.500,26.077514949845682,52.61736111111111,27.67317081404321,18.299168595679014,32.26020543981482
1232,00:00:20.517,21.153389756944446,44.655128761574076,19.158711419753086,16.887987075617286,27.41347077546296
1233,00:00:20.533,17.793605324074075,33.8505859375,15.074829764660494,13.465261863425926,24.840724344135804
1234,00:00:20.550,24.02021154835391,51.963013599537035,23.10654899691358,18.993699363425925,29.960386284722222
1235,00:00:20.567,0.15600180041152265,1.088816550925926,0.18863908179012345,0.1207957175925926,0.15857060185185184
1236,00:00:20.583,23.725760030864194,55.02335792824074,23.20318431712963,19.540810667438272,28.43328510802469
1237,00:00:20.600,22.910437082047327,57.57471064814815,22.440201581790124,19.810998746141976,26.480110918209878
1238,00:00:20.617,21.779245113168727,55.730215567129626,21.370406057098766,19.458120659722223,24.509208622685186
1239,00:00:20.633,23.03495338220165,61.1966796875,22.89624324845679,21.350267650462964,24.858349247685187
1240,00:00:20.650,19.26821244855967,47.992780671296295,18.990069444444444,18.03077980324074,20.783788097993828
1241,00:00:20.667,17.365430009002058,39.773408564814815,15.038669945987655,16.089850983796296,20.967769097222224
1242,00:00:20.683,26.063525913065842,68.71964699074074,30.788733603395062,24.812495659722224,22.589348476080247
1243,00:00:20.700,28.45309349279835,74.74281684027778,36.311894290123455,27.513108121141975,21.53427806712963
1244,00:00:20.717,28.90712995113169,76.37395109953704,37.82155815972222,28.371199363425927,20.528632330246914
1245,00:00:20.733,32.20195730452675,76.05889033564814,38.187612364969134,34.99422646604938,23.424033082561728
1246,00:00:20.750,0.05285799254115226,0.14523292824074074,0.07109760802469135,0.03565248842592592,0.05182388117283951
1247,00:00:20.767,33.96724344135803,83.14640480324074,41.22682484567901,37.164355709876546,23.51054976851852
1248,00:00:20.783,31.7888967656893,81.9951171875,40.00871913580247,31.97936583719136,23.378605324074073
1249,00:00:20.800,24.8430965470679,63.28158998842593,30.254472415123455,24.881246624228396,19.393570601851852
1250,00:00:20.817,21.26070987654321,56.95811631944444,24.58636043595679,20.971349344135803,18.224419849537036
1251,00:00:20.833,18.80656909079218,55.33190104166667,20.576875482253087,18.75368634259259,17.089145447530864
1252,00:00:20.850,16.972589377572017,50.854275173611114,18.69557918595679,17.296216724537036,14.925972222222223
1253,00:00:20.867,18.373469328703703,53.812919560185186,20.513994502314816,18.256796875,16.349616608796296
1254,00:00:20.883,17.134657600308643,46.591731770833334,19.792522665895063,16.14367621527778,15.467773919753087
1255,00:00:20.900,17.2612773276749,47.367455150462966,20.150777874228396,16.07991512345679,15.553138985339507
1256,00:00:20.917,14.021266878858023,36.77934751157407,16.013378665123458,12.608633294753087,13.44178867669753
1257,00:00:20.933,17.653434445730454,47.651772280092594,20.629806616512347,16.03519917052469,16.29529755015432
1258,00:00:20.950,15.099460680298355,38.995840567129626,17.235868537808642,13.239999035493828,14.822514467592592
1259,00:00:20.967,17.84190827546296,45.72107204861111,21.07257523148148,16.06993296682099,16.38321662808642
1260,00:00:20.983,0.5131462191358024,1.9461950231481482,0.6646913580246914,0.3324488811728395,0.5422984182098766
1261,00:00:21.000,19.788132233796293,45.917339409722224,24.501742380401236,16.42812355324074,18.434530767746914
1262,00:00:21.017,14.700154642489712,34.878407118055556,15.978128375771606,13.211843653549384,14.910491898148148
1263,00:00:21.033,18.6323850630144,46.49925491898148,21.582669270833332,17.164845679012345,17.14964023919753
1264,00:00:21.050,18.118143325617286,45.132392939814814,21.018291859567903,16.750739293981482,16.58539882330247
1265,00:00:21.067,16.697845775462962,40.303797743055554,18.91882523148148,15.316689814814815,15.858022280092593
1266,00:00:21.083,16.61534641846708,40.38311631944445,18.869463252314816,15.39752170138889,15.57905430169753
1267,00:00:21.100,16.35743296682099,38.12173755787037,18.60062885802469,15.192014371141976,15.279655671296297
1268,00:00:21.117,17.786978041409466,43.98762297453704,20.930236786265432,16.63144965277778,15.799247685185184
1269,00:00:21.133,17.634160236625515,41.990885416666664,20.77559268904321,16.480759066358026,15.646128954475309
1270,00:00:21.150,16.54761075745885,40.078508391203705,19.39156780478395,15.405035686728395,14.846228780864198
1271,00:00:21.167,16.056999742798354,37.60438368055556,18.85090084876543,14.97602237654321,14.34407600308642
1272,00:00:21.183,14.923804173096707,34.64955150462963,17.39727478780864,13.93363956404321,13.440498167438271
1273,00:00:21.200,15.318657246656379,35.66864149305555,18.051671006944446,14.383592785493827,13.520707947530864
1274,00:00:21.217,19.617833719135803,48.59904513888889,23.78163532021605,18.962417052469135,16.109448784722222
1275,00:00:21.233,15.233778613683128,34.32797309027778,18.140199652777778,14.298905285493827,13.262230902777778
1276,00:00:21.250,0.13250176826131688,0.4435691550925926,0.18309268904320988,0.09126929012345679,0.12314332561728394
1277,00:00:21.267,16.956233603395063,40.3826244212963,20.506755883487653,16.258039641203705,14.103905285493827
1278,00:00:21.283,17.527609471450617,42.01474247685185,21.338516589506174,16.98791087962963,14.256400945216049
1279,00:00:21.300,25.190640110596707,62.84638310185185,31.34417293595679,25.74407841435185,18.483668981481483
1280,00:00:21.317,34.410876896862135,86.21744791666667,45.422602237654324,34.960799093364194,22.8492293595679
1281,00:00:21.333,42.58994325488683,93.58657407407408,60.192228491512346,43.020075231481485,24.557526041666666
1282,00:00:21.350,40.84795476466049,95.17897135416666,61.66925202546296,38.14482735339506,22.729784915123457
1283,00:00:21.367,0.06482253086419754,0.30854311342592594,0.10600742669753087,0.042215470679012344,0.04624469521604938
1284,00:00:21.383,37.95369888117284,101.1111400462963,50.02444926697531,42.81991271219136,21.01673466435185
1285,00:00:21.400,25.938525752314817,69.5183666087963,35.40754484953704,26.351467496141975,16.056564911265433
1286,00:00:21.417,36.26554430298354,73.70269820601852,43.1296662808642,42.16599295910494,23.50097366898148
1287,00:00:21.433,14.567176086676954,40.62316261574074,18.939333526234567,14.214320505401234,10.547874228395061
1288,00:00:21.450,12.145220389660494,35.80674189814815,14.674158468364197,12.06694106867284,9.694561631944444
1289,00:00:21.467,13.148462416409464,39.149681712962966,15.98314525462963,13.163698398919752,10.298543595679012
1290,00:00:21.483,10.008282053755144,26.303761574074073,11.643053144290123,10.150668402777777,8.231124614197531
1291,00:00:21.500,15.39457561728395,33.036986400462965,21.69455584490741,12.729481577932098,11.759689429012345
1292,00:00:21.517,13.89196003729424,40.61320167824074,16.541155960648148,14.256305941358026,10.878418209876543
1293,00:00:21.533,0.14014338991769548,0.5104673032407407,0.20216483410493827,0.09685185185185186,0.1214134837962963
1294,00:00:21.550,12.128093975051442,34.655208333333334,14.25778694058642,12.650132137345679,9.476362847222223
1295,00:00:21.567,10.923796939300411,29.144719328703705,12.686396122685185,11.470503472222223,8.614491222993827
1296,00:00:21.583,11.397870048868313,29.495688657407406,13.681800250771605,11.709055266203704,8.80275462962963
1297,00:00:21.600,9.457708654835391,23.99540653935185,11.24085262345679,9.515747010030864,7.616526331018519
1298,00:00:21.617,12.330466499485595,33.23386863425926,15.51093219521605,12.280923514660493,9.199543788580247
1299,00:00:21.633,12.065671457047324,33.20115740740741,14.939045621141975,12.32961902006173,8.928349729938272
1300,00:00:21.650,11.850628536522633,31.896766493055555,15.153577353395061,11.807363040123457,8.590945216049382
1301,00:00:21.667,9.985902777777778,27.61700665509259,12.479739101080247,9.909059606481481,7.568909625771605
1302,00:00:21.683,11.154505369084362,30.06924189814815,13.976562982253087,11.169278549382716,8.317674575617284
1303,00:00:21.700,10.761453510802468,28.250325520833332,13.384757908950617,10.789582851080247,8.110019772376543
1304,00:00:21.717,0.09104777520576131,0.6133969907407407,0.13209780092592593,0.05693335262345679,0.08411217206790124
1305,00:00:21.733,10.756437757201647,29.29966724537037,13.658985339506172,10.571833043981481,8.038494888117285
1306,00:00:21.750,11.58580407664609,31.81363570601852,14.967325906635802,11.122288773148147,8.66779755015432
1307,00:00:21.767,11.928132073045267,32.62268518518518,15.805848283179012,11.200020736882717,8.778527199074073
1308,00:00:21.783,12.41253761574074,34.796997974537035,16.274056712962963,11.791246141975309,9.172309992283951
1309,00:00:21.800,11.834211355452675,33.49850983796296,16.1140340470679,10.980952932098765,8.407647087191359
1310,00:00:21.817,12.061315264917695,33.25256076388889,17.09450038580247,10.925824170524692,8.163621238425925
1311,00:00:21.833,11.169773823302469,30.89759837962963,16.734409239969136,9.560473572530864,7.214438657407407
1312,00:00:21.850,11.621782407407407,31.9048828125,18.20410011574074,9.44239631558642,7.218850790895062
1313,00:00:21.867,7.317532632458849,17.347157118055556,11.514000771604938,5.706073977623457,4.7325231481481485
1314,00:00:21.883,0.08515287422839506,0.15949797453703704,0.1384399112654321,0.049817708333333335,0.06720100308641976
1315,00:00:21.900,15.553419335133745,41.7595703125,24.74562114197531,12.525557002314814,9.389079861111112
1316,00:00:21.917,26.07267393261317,56.031011284722226,39.27137683256173,23.42342496141975,15.523220003858025
1317,00:00:21.933,18.848600823045267,41.80543981481482,30.429494116512345,15.216692708333333,10.899615644290124
1318,00:00:21.950,11.016454475308642,23.701374421296297,19.030914834104937,7.713291859567901,6.305156732253087
1319,00:00:21.967,7.947414962705761,16.463093171296297,13.601120273919753,5.731867283950617,4.509257330246913
1320,00:00:21.983,8.042649016203704,16.746549479166667,13.553246045524691,6.041200327932099,4.533500675154321
1321,00:00:22.000,10.453590052726339,8.818135127314815,22.71583381558642,2.9047309027777777,5.740205439814815
1322,00:00:22.017,9.953188014403292,23.757819733796296,16.41598572530864,7.782938850308642,5.660639467592593
1323,00:00:22.033,9.696898308899177,22.659288194444443,15.885676601080247,7.535578703703703,5.66943962191358
1324,00:00:22.050,9.280173128858024,22.15275607638889,15.18617332175926,7.232907021604938,5.421439043209877
1325,00:00:22.067,9.065057388117284,20.631684027777776,14.851738040123458,7.057360146604938,5.286073977623457
1326,00:00:22.083,10.015956468621399,25.489424189814816,16.02075810185185,8.06518856095679,5.961922743055555
1327,00:00:22.100,9.906535976080248,25.61375144675926,16.227704957561727,7.750105131172839,5.741797839506173
1328,00:00:22.117,10.123597929526747,29.123813657407407,16.47218219521605,7.957405478395062,5.941206114969136
1329,00:00:22.133,9.314939075360082,25.956481481481482,15.258820891203703,7.284654706790123,5.40134162808642
1330,00:00:22.150,9.679790380658437,26.645753761574074,15.762582465277777,7.691228298611111,5.58556037808642
1331,00:00:22.167,9.381020608281894,27.04308449074074,15.105543016975309,7.494979745370371,5.5425390625
1332,00:00:22.183,9.257293756430041,26.350122974537037,14.586995081018518,7.582755111882716,5.602131076388889
1333,00:00:22.200,9.015456854423869,24.584700520833334,14.081525366512345,7.472576678240741,5.492268518518519
1334,00:00:22.217,10.470784143518516,30.636400462962964,16.300485628858024,8.715343846450617,6.396522955246914
1335,00:00:22.233,9.970191293724278,26.73650896990741,15.532760416666667,8.258220968364197,6.119592496141975
1336,00:00:22.250,9.633758359053498,25.484382233796296,14.967364969135803,7.9316329089506175,6.002277199074074
1337,00:00:22.267,9.197667341820988,24.21909722222222,14.182707851080247,7.629765142746914,5.780529031635803
1338,00:00:22.283,10.193137860082304,27.84291087962963,15.530036168981482,8.588215663580247,6.4611617476851855
1339,00:00:22.300,0.08027665252057614,0.1563006365740741,0.12174238040123457,0.051207561728395065,0.06788001543209876
1340,00:00:22.317,9.498358410493827,24.643974247685186,14.401075424382716,8.012328317901234,6.0816714891975305
1341,00:00:22.333,11.650088734567902,30.624348958333332,18.05408420138889,9.60981288580247,7.286369116512346
1342,00:00:22.350,9.925555555555556,22.80673466435185,15.218994984567901,8.175361207561728,6.382310474537037
1343,00:00:22.367,9.80836339377572,21.82896412037037,14.901925154320988,8.126936728395062,6.396228298611111
1344,00:00:22.383,10.294225662294238,24.66377314814815,15.593135127314815,8.598468364197531,6.691073495370371
1345,00:00:22.400,9.547049575617285,21.77633101851852,14.090499614197531,8.192337962962963,6.3583111496913585
1346,00:00:22.417,9.161323302469137,19.897526041666666,13.261571180555556,8.021317515432099,6.201081211419753
1347,00:00:22.433,14.764010416666666,37.08764467592592,22.611410108024693,12.316863425925925,9.363757716049383
1348,00:00:22.450,0.0759567901234568,0.3117404513888889,0.12530430169753087,0.044021026234567905,0.058545042438271605
1349,00:00:22.467,18.100779481738684,44.63090277777778,28.05055652006173,14.909785397376544,11.341996527777777
1350,00:00:22.483,13.716994920267489,32.10360966435185,21.237382330246913,11.198946277006172,8.714656153549383
1351,00:00:22.500,10.762050218621399,8.170797164351852,22.582452256944446,2.988179976851852,6.715518422067901
1352,00:00:22.517,16.586971450617284,37.12453703703704,25.662294560185185,13.53499324845679,10.563626543209876
1353,00:00:22.533,21.016320891203705,50.80619212962963,32.45620852623457,17.34944492669753,13.243309220679013
1354,00:00:22.550,14.350979777520577,32.11184895833333,21.11492717978395,12.413451967592593,9.524560185185186
1355,00:00:22.567,15.20287599665638,34.16158854166667,22.11627170138889,13.435633198302469,10.056723090277778
1356,00:00:22.583,11.620692515432099,24.66537181712963,15.705536265432098,10.982253086419753,8.174288194444445
1357,00:00:22.600,15.143667373971192,36.007559317129626,21.241339699074075,13.908063753858025,10.28159866898148
1358,00:00:22.617,12.280198206018518,27.898987268518518,16.275844907407407,11.811630497685185,8.753119212962963
1359,00:00:22.633,13.552887249228396,31.33760127314815,18.468092206790125,12.797030767746914,9.393538773148148
1360,00:00:22.650,12.221846707818928,27.03189380787037,16.26503472222222,11.671211419753087,8.729293981481481
1361,00:00:22.667,14.60395608281893,35.682906539351855,19.428942901234567,13.827501446759259,10.555423900462962
1362,00:00:22.683,24.337699974279833,51.90361689814815,33.23601176697531,23.033963155864196,16.743125
1363,00:00:22.700,31.816158532664605,62.19929108796296,41.87978587962963,32.8337003279321,20.734989390432098
1364,00:00:22.717,29.52657166280864,56.122135416666666,40.220828028549384,28.918358892746912,19.44052806712963
1365,00:00:22.733,32.21355484825103,56.173046875,44.26697386188272,31.44736014660494,20.926330536265432
1366,00:00:22.750,0.13352350180041153,0.18446180555555555,0.20075713734567902,0.08804591049382716,0.1117674575617284
1367,00:00:22.767,23.180349794238683,41.98817997685185,33.23943431712963,20.202013406635803,16.09960165895062
1368,00:00:22.783,12.082342785493827,25.325745081018518,13.977201967592592,12.751098090277777,9.51872829861111
1369,00:00:22.800,11.618340084876543,21.890697337962962,13.392514467592592,12.323818479938272,9.138687307098765
1370,00:00:22.817,14.339795203189299,29.272858796296298,18.033503568672838,14.23051456404321,10.755367476851852
1371,00:00:22.833,14.517389242541151,29.72294560185185,18.931198398919754,13.635725790895062,10.985243537808643
1372,00:00:22.850,13.293230131172841,27.67308304398148,17.103721547067902,12.740394965277778,10.035573881172839
1373,00:00:22.867,0.11885914994855966,0.4372974537037037,0.17591242283950617,0.07702498070987654,0.10364004629629629
1374,00:00:22.883,17.337977430555558,38.83351417824074,23.67230613425926,15.684447337962963,12.657178819444445
1375,00:00:22.900,12.383512409979424,24.422005208333335,15.37180362654321,12.322925347222222,9.455808256172839
1376,00:00:22.917,0.12226964377572018,0.12666377314814814,0.18992959104938273,0.07559413580246914,0.10128520447530864
1377,00:00:22.933,13.757611561213992,26.371028645833334,17.79293885030864,13.10451099537037,10.375384837962963
1378,00:00:22.950,10.363522698045267,16.71359230324074,12.179997588734567,10.883379147376543,8.027191358024691
1379,00:00:22.967,15.9413967656893,32.638794849537035,20.9125,15.025353009259259,11.886337287808642
1380,00:00:22.983,14.017048771862141,24.475007233796298,18.29340133101852,13.51889949845679,10.238845486111112
1381,00:00:23.000,20.76455552340535,25.449580439814813,34.086506076388886,15.048081597222222,13.159078896604939
1382,00:00:23.017,6.96029626414609,9.163324652777778,7.844875096450617,7.565392071759259,5.470621624228395
1383,00:00:23.033,14.911271379886832,32.278233506944446,18.658728298611113,14.840751350308642,11.234334490740741
1384,00:00:23.050,11.479029546039095,18.70209056712963,13.736838831018519,12.132083333333334,8.568166473765432
1385,00:00:23.067,14.160555716306584,28.136328125,18.03607735339506,13.932840952932098,10.512748842592593
1386,00:00:23.083,13.089363586676955,22.555005787037036,16.6780859375,12.938678144290124,9.651326678240741
1387,00:00:23.100,12.070999710648147,19.683550347222223,15.218787615740741,12.089929108796296,8.904282407407408
1388,00:00:23.117,0.08912053112139917,0.35244502314814813,0.15449074074074073,0.04755594135802469,0.0653149112654321
1389,00:00:23.133,13.436295010288065,23.613201678240742,17.411782407407408,12.926767457561729,9.970335165895062
1390,00:00:23.150,12.05305491255144,20.209389467592594,15.17967399691358,11.98037037037037,8.99912037037037
1391,00:00:23.167,14.173348604681069,29.459411168981482,18.077695794753087,13.692106963734568,10.750243055555556
1392,00:00:23.183,13.555755529835393,24.929152199074075,16.996765528549382,13.320217978395062,10.35028308256173
1393,00:00:23.200,13.035374871399176,22.11315827546296,16.510812596450616,12.799162326388888,9.796149691358025
1394,00:00:23.217,14.063948206018518,25.799074074074074,17.828300540123458,13.587364969135802,10.776179108796295
1395,00:00:23.233,14.33352205504115,25.86105324074074,18.18963879243827,13.836606385030864,10.974320987654322
1396,00:00:23.250,14.255812757201646,25.136979166666666,18.157701581790125,13.706645929783951,10.903090760030864
1397,00:00:23.267,14.731042148919753,26.715234375,19.071440489969135,13.861494020061729,11.260191936728395
1398,00:00:23.283,14.415539158950617,26.22259837962963,18.43163387345679,13.693228202160494,11.121755401234568
1399,00:00:23.300,14.650494309413581,27.260134548611113,18.783631365740742,13.92710648148148,11.240745081018519
1400,00:00:23.317,13.927361914866255,24.595030381944444,17.582937403549384,13.487589216820988,10.711559124228396
1401,00:00:23.333,14.16813159079218,25.708564814814814,17.448994502314815,13.97204330632716,11.083356963734568
1402,00:00:23.350,0.1365772890946502,0.3004267939814815,0.22153260030864197,0.07937451774691358,0.10882474922839507
1403,00:00:23.367,17.271523437499997,35.857038483796295,21.186289544753087,16.959388985339505,13.668891782407407
1404,00:00:23.383,0.3134270511831276,0.5290364583333333,0.540757137345679,0.1684789737654321,0.2310450424382716
1405,00:00:23.400,14.562868602109054,26.93277633101852,18.12907021604938,14.08746238425926,11.472073206018518
1406,00:00:23.417,15.725521154835391,32.05847800925926,19.054736689814813,15.364052372685185,12.757774402006174
1407,00:00:23.433,14.727081565072018,28.720334201388887,17.751073013117285,14.461370081018519,11.968801601080246
1408,00:00:23.450,13.740575970936213,26.01846064814815,16.09728009259259,13.747250192901234,11.377197627314814
1409,00:00:23.467,17.14118537808642,35.251265914351855,20.82175636574074,16.648447627314816,13.953352141203704
1410,00:00:23.483,14.535622910236626,28.964438657407406,16.755432581018518,14.602895929783951,12.248540219907408
1411,00:00:23.500,20.201143261316872,30.201070601851853,29.81233555169753,15.735884452160494,15.055209780092593
1412,00:00:23.517,12.649934252829219,25.669458912037037,13.506683063271606,13.417960551697531,11.025159143518518
1413,00:00:23.533,14.329992766203702,30.481083622685187,16.076576485339505,14.69419319058642,12.219208622685185
1414,00:00:23.550,0.06410943930041153,0.18089554398148147,0.09616126543209877,0.04464554398148148,0.05152150848765432
1415,00:00:23.567,14.032674254115227,26.961921296296296,16.20325183256173,14.014060088734569,11.880710841049384
1416,00:00:23.583,13.346532439557613,25.152965856481483,15.313153452932099,13.358579282407407,11.367864583333333
1417,00:00:23.600,12.36561937371399,22.844364872685187,13.691059027777778,12.671211902006172,10.734587191358024
1418,00:00:23.617,14.156952964248973,30.233781828703705,16.37033805941358,14.05084731867284,12.049673514660494
1419,00:00:23.633,32.496855227623456,63.216167534722224,37.95461660879629,32.3282672646605,27.20768180941358
1420,00:00:23.650,31.946488715277777,67.4664134837963,37.921305459104936,32.52092592592592,25.39723476080247
1421,00:00:23.667,24.98581629372428,54.84406105324074,30.208746141975308,24.509245756172838,20.23945698302469
1422,00:00:23.683,23.63363570601852,52.2052734375,29.259008005401235,22.789388985339507,18.852510127314815
1423,00:00:23.700,17.505297067901235,31.799247685185186,22.313866705246912,16.277925347222222,13.924099151234568
1424,00:00:23.717,19.304311181841562,39.25101273148148,23.861067708333334,18.577386188271603,15.474479648919752
1425,00:00:23.733,0.0698460005144033,0.07673611111111112,0.09813994984567902,0.04716772762345679,0.06423032407407407
1426,00:00:23.750,12.207325263631688,22.14943576388889,13.644363425925926,12.808354552469137,10.1692578125
1427,00:00:23.767,11.73643197016461,18.473480902777776,12.995524209104937,12.523084972993827,9.690686728395061
1428,00:00:23.783,14.770489808384774,30.549949363425927,17.099546682098765,15.256618441358025,11.955304301697531
1429,00:00:23.800,17.29342480066872,36.7648365162037,20.529430459104937,17.492274787808643,13.858569155092592
1430,00:00:23.817,17.049847125771606,38.032949942129626,20.546002604166667,17.054575135030863,13.548963638117284
1431,00:00:23.833,16.622447112911523,38.60736400462963,19.990122974537037,16.534248649691357,13.342969714506173
1432,00:00:23.850,16.0321105002572,32.091558159722226,19.551959394290122,15.750218460648147,12.794153645833333
1433,00:00:23.867,15.81827996399177,34.581792534722226,19.367337962962964,15.514876543209876,12.57262538580247
1434,00:00:23.883,18.328899980709878,41.063411458333334,23.079535108024693,17.53859616126543,14.368568672839507
1435,00:00:23.900,17.496000353652263,42.34431423611111,21.877118055555556,16.77510271990741,13.835780285493827
1436,00:00:23.917,0.07864679783950616,0.11891637731481482,0.11611545138888889,0.051100019290123457,0.06872492283950617
1437,00:00:23.933,17.899601015946505,43.45231481481481,22.659994212962964,17.108135609567903,13.930673225308642
1438,00:00:23.950,17.81134725437243,44.70308883101852,22.717667341820988,16.985139371141976,13.731235050154321
1439,00:00:23.967,15.270272312242797,36.70630063657408,19.19776427469136,14.702847704475309,11.910204957561728
1440,00:00:23.983,16.122445183899178,39.033962673611114,20.711959394290123,15.245106095679013,12.410270061728395
1441,00:00:24.000,20.020689943415636,41.83483072916667,28.762078510802468,16.166856674382718,15.133134645061729
1442,00:00:24.017,16.057809124228395,42.256510416666664,20.23890528549383,15.255216531635803,12.679305555555555
1443,00:00:24.033,15.497867316100823,40.86161024305556,20.049928144290124,14.343994020061729,12.099679783950616
1444,00:00:24.050,13.392687274948559,34.94296875,16.866419270833333,12.523392168209876,10.788250385802469
1445,00:00:24.067,16.35896412037037,44.315719039351855,21.670801022376544,14.563267264660494,12.842824074074073
1446,00:00:24.083,13.471336966306586,37.423119212962966,17.308953993055557,12.363365162037036,10.741691743827161
1447,00:00:24.100,11.731698816872429,32.14800347222222,14.629585262345678,11.064868827160494,9.500642361111112
1448,00:00:24.117,13.422442290380658,36.01629050925926,17.661711516203702,12.026771797839507,10.578843557098766
1449,00:00:24.133,0.09400109310699589,0.31948784722222223,0.14517409336419754,0.05528356481481481,0.0815456211419753
1450,00:00:24.150,11.152659465020577,28.262377025462964,14.190753279320989,10.298744212962964,8.968480902777777
1451,00:00:24.167,13.145604263117285,33.86435908564815,17.938813175154323,11.470176986882716,10.027822627314816
1452,00:00:24.183,10.00954603909465,27.123755787037037,12.72861111111111,9.330918209876543,7.969108796296296
1453,00:00:24.200,9.643765271347737,24.984736689814813,12.735768711419754,8.669769483024691,7.525757619598766
1454,00:00:24.217,13.008724762088477,36.61714409722222,17.90801167052469,11.459746334876543,9.658416280864197
1455,00:00:24.233,11.153563046553495,30.71793258101852,15.294138695987654,9.943313078703703,8.223237364969135
1456,00:00:24.250,9.37568560313786,24.975390625,12.567806230709877,8.598899016203704,6.9603515625
1457,00:00:24.267,10.251680812757202,26.18816550925926,14.050532407407408,9.237946084104939,7.466563946759259
1458,00:00:24.283,0.09814075360082304,0.9151765046296296,0.15988425925925925,0.05696903935185185,0.07756896219135802
1459,00:00:24.300,11.522126253858024,29.62837818287037,16.249353298611112,10.113262924382717,8.203762538580246
1460,00:00:24.317,13.68250257201646,36.36369357638889,17.111604938271604,12.866982542438272,11.068920235339506
1461,00:00:24.333,23.510850855195475,50.05530960648148,29.12916763117284,23.370656346450616,18.032728587962964
1462,00:00:24.350,33.00540766460905,65.78940972222222,41.54677035108025,33.716868730709876,23.752583912037036
1463,00:00:24.367,33.6980965470679,72.17043547453704,44.56239776234568,33.06462625385802,23.467265625
1464,00:00:24.383,42.39486850565844,65.88729745370371,53.41813512731481,49.47034239969136,24.296127989969136
1465,00:00:24.400,47.133895479681065,73.17095630787037,59.04287374614198,57.20255304783951,25.156259645061727
1466,00:00:24.417,24.61460246270576,67.45952690972223,28.90559124228395,23.95517795138889,20.983038194444443
1467,00:00:24.433,23.947265303497943,59.86548032407408,29.743680073302468,20.792478298611112,21.305637538580246
1468,00:00:24.450,20.017468492798354,53.139265046296295,24.125544945987656,15.763674286265433,20.163186246141976
1469,00:00:24.467,13.806295653292182,35.17932581018518,16.944875096450616,11.626022858796297,12.84798900462963
1470,00:00:24.483,14.963824909979424,37.67165075231482,17.16610050154321,13.99503761574074,13.730336612654321
1471,00:00:24.500,15.801342110339505,37.55408709490741,20.68232928240741,11.869189332561728,14.852507716049383
1472,00:00:24.517,0.05282359182098765,0.3244068287037037,0.05329861111111111,0.044263599537037034,0.06090856481481482
1473,00:00:24.533,13.335126028806584,42.94639756944444,15.828238329475308,11.92481963734568,12.252320119598766
1474,00:00:24.550,13.265556680812757,40.239850983796295,15.285350597993828,11.842823591820988,12.668495852623456
1475,00:00:24.567,10.854224215534979,34.932761863425924,12.472232349537038,9.87429542824074,10.216144868827161
1476,00:00:24.583,12.141465567129629,41.27775607638889,13.635653935185186,11.274081790123457,11.514660976080247
1477,00:00:24.600,8.921815039866255,28.40785590277778,9.725057870370371,8.472921489197532,8.567465760030863
1478,00:00:24.617,11.51325954861111,39.328978587962965,12.276331983024692,10.90160542052469,11.361841242283951
1479,00:00:24.633,12.61661345807613,39.91433738425926,11.051522472993828,12.910522762345678,13.887795138888889
1480,00:00:24.650,9.570093878600822,34.07095630787037,10.018587962962963,8.191098572530864,10.500595100308642
1481,00:00:24.667,9.213742283950618,29.12037037037037,8.922621045524691,7.811281828703704,10.907323977623458
1482,00:00:24.683,17.29160445601852,56.775007233796295,16.0980965470679,14.798995466820987,20.97772135416667
1483,00:00:24.700,14.406577128343622,47.173032407407405,13.024077932098766,13.234766107253087,16.960887345679012
1484,00:00:24.717,12.489734921553497,42.78517795138889,12.095464409722222,11.203200713734567,14.170539641203703
1485,00:00:24.733,17.179414866255144,59.72701099537037,14.932331211419752,17.187528935185185,19.418384452160495
1486,00:00:24.750,22.546444347993827,75.30173611111111,20.35679012345679,23.909786361882716,23.372756558641974
1487,00:00:24.767,23.020488200874485,76.80030381944445,21.580188078703703,24.253741319444444,23.22753520447531
1488,00:00:24.783,17.299898566100826,55.49115306712963,16.10445071373457,19.06247540509259,16.73276957947531
1489,00:00:24.800,18.999147858796295,50.41439525462963,16.798211323302468,19.98107445987654,20.218157793209876
1490,00:00:24.817,24.27866399819959,52.25766059027778,19.527640335648147,27.08012104552469,26.228230613425925
1491,00:00:24.833,30.633436374742796,56.48122106481482,21.260771122685185,31.609141107253087,39.03039689429012
1492,00:00:24.850,13.691443061985597,40.618981481481484,13.143476080246913,12.11026138117284,15.820591724537037
1493,00:00:24.867,8.845826581790124,29.863013599537037,8.48297405478395,8.965527584876543,9.088978105709877
1494,00:00:24.883,7.657562210648148,26.901417824074073,7.3237890625,7.754768036265432,7.8941295331790124
1495,00:00:24.900,7.158560635288065,26.88961226851852,6.299712094907408,7.763767361111111,7.412202449845679
1496,00:00:24.917,6.417124646347737,21.031843171296295,6.178355034722222,6.69958236882716,6.373436535493827
1497,00:00:24.933,21.36475774819959,63.77619357638889,21.359823977623456,21.088572048611113,21.6458772183642
1498,00:00:24.950,30.917211451903295,75.93370225694444,35.342096836419756,32.51595293209876,24.89358458719136
1499,00:00:24.967,0.15113827803497942,0.5425636574074074,0.22265480324074075,0.09810619212962964,0.1326538387345679
1500,00:00:24.983,29.404180812757204,71.84541377314815,36.65444203317901,28.716786747685184,22.841313657407408
1501,00:00:25.000,44.528829893261324,92.26078559027778,56.72732735339506,46.18486786265432,30.67429446373457
1502,00:00:25.017,42.131784336419756,92.17359664351852,58.407417052469135,40.78700135030864,27.200934606481482
1503,00:00:25.033,34.25125594778807,82.31423611111111,49.51784673996914,31.71171344521605,21.524207658179012
1504,00:00:25.050,21.13489728009259,42.907783564814814,26.555905671296298,19.049672067901234,17.799114101080246
1505,00:00:25.067,0.08687692901234567,0.2818576388888889,0.11961226851851851,0.06900511188271605,0.07201340663580247
1506,00:00:25.083,18.353396347736624,38.29709924768518,26.863170331790123,16.842471064814816,11.354547646604939
1507,00:00:25.100,15.27244743441358,33.72047887731482,21.207426215277778,14.814922839506172,9.794993248456791
1508,00:00:25.117,21.549432066615225,37.570319733796296,24.841668113425925,21.369436728395062,18.43719135802469
1509,00:00:25.133,15.476578735853908,23.57175925925926,23.325715181327162,13.64930362654321,9.454717399691358
1510,00:00:25.150,13.223048643261317,23.112449363425927,19.90527199074074,10.826582272376543,8.937291666666667
1511,00:00:25.167,12.145933320473253,26.227271412037037,15.875499131944444,10.919196084104938,9.64310474537037
1512,00:00:25.183,9.180435635288065,20.086783854166665,11.90789882330247,8.91082706404321,6.722581018518518
1513,00:00:25.200,8.61394241898148,18.116977719907407,10.620563271604938,8.541431327160494,6.679832658179012
1514,00:00:25.217,6.4679714827674895,14.52759693287037,8.061767939814814,6.299849537037037,5.042296971450617
1515,00:00:25.233,7.508865579989712,16.53933738425926,9.298534915123456,7.555004340277778,5.673057484567901
1516,00:00:25.250,0.6568663194444444,1.9809968171296297,1.0558844521604938,0.35853587962962963,0.5561786265432099
1517,00:00:25.267,6.799595068158436,19.196694155092594,7.682671199845679,8.031735628858025,4.684378375771605
1518,00:00:25.283,9.453683931327161,20.174341724537037,10.785584972993828,10.654572241512346,6.920894579475308
1519,00:00:25.300,10.80763744212963,19.287572337962963,13.465537229938272,10.447527488425926,8.50984760802469
1520,00:00:25.317,6.958267586162552,15.695609085648147,8.909402970679013,6.836753472222222,5.12864631558642
1521,00:00:25.333,7.423625257201646,17.255910011574073,9.053912037037037,7.142425250771605,6.074538483796296
1522,00:00:25.350,4.879535751028807,10.302806712962964,5.988605324074074,5.221915991512346,3.4280859375
1523,00:00:25.367,0.07222382973251028,0.1138744212962963,0.11533564814814815,0.043153935185185184,0.05818190586419753
1524,00:00:25.383,4.547671842849795,11.598589409722223,5.711225887345679,4.706027199074074,3.22576244212963
1525,00:00:25.400,4.272078189300411,9.312738715277778,4.947589216820988,4.627479263117284,3.241166087962963
1526,00:00:25.417,4.062214827674897,9.038874421296295,4.699802276234568,4.4579721257716045,3.0288700810185185
1527,00:00:25.433,4.041402391975308,10.157204861111111,4.67716724537037,4.430859375,3.0161805555555556
1528,00:00:25.450,4.858581532921811,9.272649016203705,6.965535300925926,4.278296199845679,3.331913097993827
1529,00:00:25.467,2.007820859053498,3.4411964699074074,2.964722222222222,1.6160662615740742,1.4426740933641975
1530,00:00:25.483,19.429902263374487,35.90130931712963,28.323313078703702,15.959952256944444,14.00644145447531
1531,00:00:25.500,22.80535317001029,41.597120949074075,33.64596836419753,17.86798080632716,16.902110339506173
1532,00:00:25.517,21.9526668595679,40.320399305555554,32.19539158950617,18.510290316358024,15.152318672839506
1533,00:00:25.533,12.671974504886832,23.495269097222224,17.167532793209876,11.498254726080248,9.35013599537037
1534,00:00:25.550,21.102478137860082,43.78127170138889,30.50290364583333,18.254386574074076,14.550144193672839
1535,00:00:25.567,21.2089832497428,42.89487123842593,30.67088493441358,18.148672357253087,14.807392457561729
1536,00:00:25.583,10.804879275977365,19.218091724537036,15.421171875,9.307684220679013,7.685781732253086
1537,00:00:25.600,15.094498456790122,25.6328125,21.431109182098766,13.413822337962962,10.438563850308642
1538,00:00:25.617,0.03593380272633745,0.1427734375,0.06046826774691358,0.02001687885802469,0.027316261574074074
1539,00:00:25.633,21.144663869598762,43.336226851851855,30.8594319058642,18.419299768518517,14.15525993441358
1540,00:00:25.650,0.07701806841563787,0.16072771990740742,0.12217447916666667,0.04802372685185185,0.06085599922839506
1541,00:00:25.667,23.052379597479426,48.757805266203704,33.86875192901235,19.684425636574073,15.603961226851851
1542,00:00:25.683,25.149972833076134,53.497489872685186,37.49541859567901,20.799502314814816,17.154997588734567
1543,00:00:25.700,27.957061149691356,64.34224537037036,42.892127218364195,22.260138406635804,18.718917824074072
1544,00:00:25.717,29.22288789223251,68.54207175925926,46.04142312885803,23.353929880401235,18.27331066743827
1545,00:00:25.733,31.352447916666666,71.23115596064815,48.89939139660494,25.275533854166667,19.882418499228397
1546,00:00:25.750,30.840049672067902,69.00002893518518,47.7591300154321,24.86684365354938,19.894175347222223
1547,00:00:25.767,24.438025012860084,55.627900752314815,38.22355227623457,18.964296392746913,16.126226369598765
1548,00:00:25.783,25.623590534979424,53.667563657407406,40.07994695216049,19.90895061728395,16.881874035493826
1549,00:00:25.800,25.25913483796296,55.19748987268518,39.70111400462963,19.7597087191358,16.316581790123458
1550,00:00:25.817,17.16005931712963,33.26756365740741,26.479796489197533,14.075641396604938,10.92474006558642
1551,00:00:25.833,15.568291859567902,27.821882233796295,24.032601755401235,12.50738811728395,10.164885706018518
1552,00:00:25.850,21.79261622299383,40.824225983796296,34.656001639660495,17.10528115354938,13.616565875771604
1553,00:00:25.867,21.683114551183127,38.66540798611111,35.06849247685185,16.808291859567902,13.172559317129629
1554,00:00:25.883,26.31647681970165,52.166044560185185,42.00164737654321,20.82727382330247,16.120509259259258
1555,00:00:25.900,21.957090888631686,39.85026765046296,34.99076774691358,17.39326678240741,13.487238136574074
1556,00:00:25.917,0.14386284722222223,0.3705222800925926,0.23754533179012347,0.08263069058641975,0.11141251929012345
1557,00:00:25.933,26.897363683127576,54.420044849537035,41.91646990740741,22.2145881558642,16.561032986111112
1558,00:00:25.950,25.076203864454737,49.63645833333333,39.15849729938272,20.489391396604937,15.580722897376543
1559,00:00:25.967,26.496001800411523,55.62888454861111,42.21050347222222,20.822903163580246,16.4545987654321
1560,00:00:25.983,29.08634259259259,65.04418402777777,46.01084008487654,23.130553144290122,18.11763454861111
1561,00:00:26.000,31.06908307613169,60.04649884259259,50.492976466049384,23.45457417052469,19.25969859182099
1562,00:00:26.017,29.082892393261314,62.76989293981482,45.47853153935185,23.530634162808642,18.239511477623456
1563,00:00:26.033,27.248881655092593,59.319719328703705,42.536855227623455,21.991388406635803,17.21840133101852
1564,00:00:26.050,26.96005240483539,57.88423755787037,42.3371412037037,21.761810860339505,16.781205150462963
1565,00:00:26.067,23.20929044495885,49.5490234375,36.85992380401235,18.533628472222222,14.234319058641976
1566,00:00:26.083,26.45502700617284,56.47814670138889,41.775076678240744,21.211199363425926,16.378804976851853
1567,00:00:26.100,25.613577353395062,54.386841724537035,39.93680073302469,21.13325424382716,15.770677083333334
1568,00:00:26.117,22.187382330246916,44.54617332175926,34.755076195987655,18.25995273919753,13.547118055555556
1569,00:00:26.133,27.658649369855965,59.22404513888889,42.55258728780864,23.68083236882716,16.7425284529321
1570,00:00:26.150,0.1093169688786008,0.20278501157407408,0.1722950424382716,0.06789882330246913,0.08775704089506173
1571,00:00:26.167,24.317153903034978,49.837152777777774,38.50440152391975,19.86922550154321,14.577834683641976
1572,00:00:26.183,23.334496527777777,48.126453993055556,37.062355324074076,18.874980227623457,14.066154031635802
1573,00:00:26.200,27.078118248456786,61.470789930555554,42.24313705632716,22.27775028935185,16.713467399691357
1574,00:00:26.217,25.67835390946502,57.102119502314814,39.69723331404321,21.125853105709876,16.211975308641975
1575,00:00:26.233,24.02273164223251,53.27232349537037,37.36670669367284,19.35618923611111,15.34529899691358
1576,00:00:26.250,26.841855709876544,63.98807870370371,41.3041869212963,21.826684027777777,17.394696180555556
1577,00:00:26.267,26.814156217849796,65.0031105324074,41.21087962962963,21.671882233796296,17.559706790123457
1578,00:00:26.283,23.65779803240741,52.10738570601852,36.64980372299383,18.838476080246913,15.485114293981482
1579,00:00:26.300,26.240136799125512,61.46341145833333,40.00402102623457,21.41193962191358,17.304449749228397
1580,00:00:26.317,22.01822788065844,44.586263020833336,34.12521846064815,17.54650993441358,14.38295524691358
1581,00:00:26.333,24.290947788065846,53.93392650462963,37.24900607638889,19.73462046682099,15.889216820987654
1582,00:00:26.350,22.33689782664609,44.559823495370374,33.500789930555555,18.79942997685185,14.710473572530864
1583,00:00:26.367,0.13237397119341562,0.22860966435185184,0.2120828510802469,0.07456645447530864,0.11047260802469136
1584,00:00:26.383,22.55178819444444,44.617744502314814,34.49549430941358,18.241412519290122,14.91845775462963
1585,00:00:26.400,21.85725051440329,42.285163483796296,33.07475067515432,17.707557388117284,14.78944347993827
1586,00:00:26.417,20.77158130787037,39.42268518518519,31.242366415895063,17.16361400462963,13.90876350308642
1587,00:00:26.433,19.10622299382716,36.078884548611114,29.09390239197531,15.586992669753087,12.637773919753087
1588,00:00:26.450,0.13438062628600822,0.30497685185185186,0.21577546296296296,0.0722169174382716,0.11514949845679012
1589,00:00:26.467,13.952456597222223,24.47316261574074,20.952510609567902,11.429313753858025,9.475545428240741
1590,00:00:26.483,26.9759944058642,58.521245659722226,39.61639949845679,22.302652874228396,19.008930844907407
1591,00:00:26.500,35.27504163451646,81.5638454861111,52.08788869598765,27.704469039351853,26.032767168209876
1592,00:00:26.517,32.77770978009259,78.25496961805555,46.4340625,26.536025752314814,25.363041087962962
1593,00:00:26.533,31.73523694701646,74.89973234953703,43.729727527006176,26.95763165509259,24.518351658950618
1594,00:00:26.550,30.56990660365226,69.42146267361112,42.001925154320986,27.276376832561727,22.431417824074074
1595,00:00:26.567,23.265264435442386,47.17217158564815,30.68850597993827,21.842923900462964,17.264363425925925
1596,00:00:26.583,11.833010384516461,18.76111834490741,16.21569733796296,10.723432677469136,8.559901138117285
1597,00:00:26.600,0.1502760095164609,0.4605396412037037,0.26100308641975306,0.07217447916666667,0.11765046296296296
1598,00:00:26.617,13.265970614711934,24.623683449074075,18.49502025462963,11.293689718364197,10.009201871141975
1599,00:00:26.633,0.1202440200617284,0.45402199074074073,0.17885609567901234,0.07417872299382716,0.10769724151234568
1600,00:00:26.650,12.143898533950619,24.083579282407406,16.89178915895062,10.285755208333333,9.254151234567901
1601,00:00:26.667,0.39498103137860086,0.7564163773148148,0.6220683834876544,0.2074951774691358,0.35537953317901233
1602,00:00:26.683,7.56201774691358,14.96587818287037,10.63680893132716,6.04903549382716,6.0002088155864195
1603,00:00:26.700,22.39088911394033,49.746028645833334,32.49550974151234,18.27338348765432,16.40377411265432
1604,00:00:26.717,23.734358281893005,52.460814525462965,33.46062644675926,19.596348861882717,18.14609953703704
1605,00:00:26.733,21.477383455504114,46.42337962962963,29.862416087962963,18.051610243055556,16.518124035493827
1606,00:00:26.750,22.57360066229424,48.9324291087963,31.451943962191358,19.031812307098765,17.237045717592594
1607,00:00:26.767,22.087201646090534,44.7578125,31.103862364969135,18.752849633487653,16.404892939814815
1608,00:00:26.783,20.087134612911523,37.81147280092593,28.444863040123458,16.91948013117284,14.897060667438272
1609,00:00:26.800,0.05658162937242798,0.09124710648148149,0.08261140046296296,0.033328028549382716,0.05380545910493827
1610,00:00:26.817,22.811685956790125,50.86804832175926,32.025611496913584,19.24562741126543,17.163818962191357
1611,00:00:26.833,23.95019868827161,56.057327835648145,33.76804253472222,20.10316020447531,17.979393325617284
1612,00:00:26.850,22.584570312500002,51.6052806712963,31.839509066358026,18.94817226080247,16.966029610339508
1613,00:00:26.867,19.44155815972222,39.60837673611111,27.563235918209877,16.012015817901233,14.749422743055556
1614,00:00:26.883,25.583738104423873,57.13802806712963,34.932709780092594,22.09205150462963,19.726453028549383
1615,00:00:26.900,28.43785108024691,62.99456741898148,38.52823881172839,24.27567997685185,22.509634452160494
1616,00:00:26.917,34.743796296296296,79.51668836805555,46.701956018518516,30.218063753858026,27.311369116512346
1617,00:00:26.933,36.960592206790125,78.95444878472222,47.75602092978395,31.91197337962963,31.21378231095679
1618,00:00:26.950,0.10263004758230453,0.2613208912037037,0.14123987268518517,0.05886332947530864,0.10778694058641976
1619,00:00:26.967,34.097503054269545,69.56866319444444,41.80473524305555,29.5906746720679,30.897099247685187
1620,00:00:26.983,32.2341467335391,61.95518663194444,37.908460165895065,27.573880208333332,31.22009982638889
1621,00:00:27.000,23.729560506687246,42.225520833333334,30.187203896604938,18.17029272762346,22.831184895833335
1622,00:00:27.017,12.994649723508232,23.49379340277778,16.205023630401236,11.366313657407407,11.41261188271605
1623,00:00:27.033,11.663715117026749,23.22300347222222,14.272675057870371,10.553381558641975,10.1650887345679
1624,00:00:27.050,12.501841403034978,23.87599826388889,15.529416473765432,11.356856674382716,10.61925106095679
1625,00:00:27.067,16.66328912680041,32.5423828125,20.736293885030864,15.297927276234567,13.955646219135803
1626,00:00:27.083,17.837519129372428,33.98425925925926,22.58983169367284,15.994534143518518,14.928191550925925
1627,00:00:27.100,19.01761879501029,35.77771990740741,24.512576195987656,16.73849537037037,15.80178481867284
1628,00:00:27.117,20.602206147119343,42.135503472222226,26.66929253472222,17.983075810185184,17.154250096450617
1629,00:00:27.133,21.127083333333335,40.45616319444444,27.67496913580247,18.182257908950618,17.524022955246913
1630,00:00:27.150,20.564790541409465,37.990523726851855,27.12890383873457,17.640107060185183,16.925360725308643
1631,00:00:27.167,0.11375016075102883,0.4307798032407407,0.1486207561728395,0.06387538580246914,0.12875434027777777
1632,00:00:27.183,30.898533789866253,62.24663628472222,38.64529320987654,28.292084297839505,25.758223861882716
1633,00:00:27.200,15.95091901363169,27.195695891203705,21.078711419753088,14.38870563271605,12.385339988425926
1634,00:00:27.217,0.10945698302469135,0.3751953125,0.1424676890432099,0.06391493055555555,0.12198832947530865
1635,00:00:27.233,24.512479584619342,44.17294560185185,29.05238570601852,21.881353202160494,22.603699845679014
1636,00:00:27.250,34.97788548096708,64.41787471064815,40.58222897376543,33.10197337962963,31.249454089506173
1637,00:00:27.267,37.41985693158436,78.93624855324074,45.55281298225309,36.02738715277778,30.679370659722224
1638,00:00:27.283,34.62107831790124,80.62973090277778,45.68271604938272,31.381623746141976,26.79889515817901
1639,00:00:27.300,38.96150253986625,83.5091796875,53.455139371141975,35.333944830246914,28.095423418209876
1640,00:00:27.317,31.47303722993827,73.7033130787037,46.01022087191358,27.170391107253085,21.23849971064815
1641,00:00:27.333,17.496230066872428,31.29849537037037,25.612089602623456,14.864475790895062,12.012124807098765
1642,00:00:27.350,23.052908789866255,48.0482421875,35.521116415895065,18.776671971450618,14.860937982253086
1643,00:00:27.367,14.869625932355968,27.184505208333334,22.13531105324074,12.451787229938272,10.02177951388889
1644,00:00:27.383,0.15307227366255144,0.3531828703703704,0.2682277199074074,0.07702401620370371,0.11396508487654321
1645,00:00:27.400,15.247519129372426,28.14887152777778,23.066957947530863,12.297875192901234,10.377724247685185
1646,00:00:27.417,21.406953446502058,44.67345196759259,32.88107011959877,17.297834201388888,14.041956018518519
1647,00:00:27.433,20.203504050925925,41.36998697916667,31.521668113425925,16.31894675925926,12.769897280092593
1648,00:00:27.450,19.179801472479422,35.49610821759259,29.91881076388889,15.612615740740742,12.007977912808641
1649,00:00:27.467,13.894494759516462,23.30564236111111,21.377281057098767,11.739994212962962,8.566209008487654
1650,00:00:27.483,17.783951260288067,29.511060474537036,27.22769000771605,14.965411361882715,11.158752411265432
1651,00:00:27.500,15.676631462191358,21.56924189814815,25.841921778549384,9.997602237654322,11.19037037037037
1652,00:00:27.517,12.056371367026749,20.452879050925926,17.845268614969136,9.805276813271606,8.518568672839507
1653,00:00:27.533,12.879868666409465,21.368424479166666,18.94391734182099,10.830282600308642,8.865406057098765
1654,00:00:27.550,12.630766782407406,20.36273871527778,18.42503616898148,10.996694637345678,8.470569540895061
1655,00:00:27.567,12.753554526748971,20.633897569444443,18.695740740740742,11.23529899691358,8.329623842592593
1656,00:00:27.583,6.7075093235596706,11.50033275462963,9.375403163580247,5.7288334297839505,5.018291377314815
1657,00:00:27.600,8.48786506558642,13.335727719907407,12.196489197530864,6.906969039351852,6.360136959876543
1658,00:00:27.617,7.979761927726337,12.592100694444444,11.459210069444444,6.561108699845679,5.918967013888889
1659,00:00:27.633,8.950373906893004,14.459592013888889,13.009637345679012,7.539040798611111,6.302443576388889
1660,00:00:27.650,6.021908436213992,10.069892939814816,8.647721836419754,5.172558352623457,4.245445119598766
1661,00:00:27.667,7.668332690329218,12.79402488425926,10.803859471450616,6.468070505401235,5.7330680941358025
1662,00:00:27.683,3.8471492412551442,7.6504918981481485,5.2044458912037035,3.333035300925926,3.0039665316358026
1663,00:00:27.700,0.1422072723765432,0.4029875578703704,0.24518663194444446,0.07497444058641975,0.10646074459876544
1664,00:00:27.717,7.947241351594651,12.25564236111111,11.414053337191358,6.514875578703704,5.912795138888889
1665,00:00:27.733,6.906090534979423,11.028971354166666,9.927174479166666,5.736472318672839,5.054624807098765
1666,00:00:27.750,7.502173836162552,12.337174479166666,10.82911506558642,6.438810763888889,5.238595679012346
1667,00:00:27.767,5.621608474794239,10.328016493055555,8.188740837191357,4.8470505401234565,3.829034047067901
1668,00:00:27.783,4.014793595679012,8.276432291666667,5.660954861111111,3.460148051697531,2.923277874228395
1669,00:00:27.800,4.341693994341564,9.486009837962962,5.971322337962963,3.829527874228395,3.2242317708333332
1670,00:00:27.817,3.2393045910493825,7.422497106481481,4.363747588734568,2.8843938078703704,2.46977237654321
1671,00:00:27.833,4.504625932355967,9.305483217592593,5.95365162037037,4.158935185185185,3.4012909915123455
1672,00:00:27.850,4.6821595293209874,10.070876736111112,6.022618634259259,4.342059220679013,3.6818007330246916
1673,00:00:27.867,3.8963956404320985,8.480570023148148,4.76164737654321,3.7154176311728393,3.212121913580247
1674,00:00:27.883,2.636993955761317,4.78543113425926,2.8115895061728393,2.7524030671296296,2.3469892939814816
1675,00:00:27.900,3.6533148469650207,7.978956886574074,3.984057677469136,3.75606819058642,3.219818672839506
1676,00:00:27.917,7.959972350823045,14.192860243055556,10.110752314814814,6.92044849537037,6.848716242283951
1677,00:00:27.933,32.364633487654324,67.90998263888889,46.26156684027778,27.255203993055556,23.57712962962963
1678,00:00:27.950,40.12541200488683,84.91613136574074,53.86944830246914,36.04857638888889,30.458211323302468
1679,00:00:27.967,0.02723122427983539,0.07821180555555556,0.03476610725308642,0.017413676697530866,0.029513888888888888
1680,00:00:27.983,46.10327256944444,85.338671875,53.171153549382716,43.883547453703706,41.25511670524691
1681,00:00:28.000,8.987197788065844,8.77644675925926,15.010859375,2.993777488425926,8.956956500771605
1682,00:00:28.017,52.764884259259254,83.63940972222223,59.71817611882716,55.981225405092594,42.595251253858024
1683,00:00:28.033,61.77221177340535,95.06251446759259,71.37872492283951,73.9656963734568,39.972214023919754
1684,00:00:28.050,42.865960005144025,81.02693865740741,54.79799286265432,43.304864486882714,30.49502266589506
1685,00:00:28.067,32.73450247556584,67.28318142361111,42.233524305555555,29.65397617669753,26.316006944444446
1686,00:00:28.083,8.837825681584363,20.97072482638889,10.111079282407408,8.118626543209876,8.283771219135803
1687,00:00:28.100,8.27548643261317,18.89011863425926,9.619368730709876,7.612329282407408,7.594761284722222
1688,00:00:28.117,8.249480934927982,18.63482349537037,10.35604938271605,7.394255401234568,6.998138020833333
1689,00:00:28.133,8.482856867283951,20.958919270833334,11.060779803240742,7.601900077160494,6.785890721450618
1690,00:00:28.150,8.905066872427982,19.37857349537037,12.07381317515432,7.837534239969136,6.803853202160494
1691,00:00:28.167,12.11488120498971,25.20916521990741,16.66690152391975,10.77735580632716,8.900386284722222
1692,00:00:28.183,3.189638631687243,8.870891203703703,4.447424768518519,2.7399985532407407,2.381492573302469
1693,00:00:28.200,0.09870949074074074,0.3482638888888889,0.1517452739197531,0.060821759259259256,0.08356143904320988
1694,00:00:28.217,14.438917984825103,32.96627604166667,20.57084346064815,12.429707272376543,10.316203221450618
1695,00:00:28.233,18.781863425925927,35.707624421296295,21.302247781635803,17.16355902777778,17.8797834683642
1696,00:00:28.250,9.049676086676953,16.33507667824074,13.851871624228394,6.934248167438271,6.362908468364197
1697,00:00:28.267,14.861012731481482,25.412196180555554,22.769584297839508,11.34394000771605,10.469513888888889
1698,00:00:28.283,11.340918692129629,21.878645833333334,16.632231385030863,9.144769965277778,8.245754726080246
1699,00:00:28.300,15.77498505015432,30.437673611111112,21.985087287808643,12.952381365740742,12.38748649691358
1700,00:00:28.317,12.89338107638889,24.276649305555555,17.22933304398148,10.842485532407407,10.608324652777778
1701,00:00:28.333,14.589683481224279,28.573502604166666,19.51462239583333,12.676065779320988,11.578362268518518
1702,00:00:28.350,20.967425572273665,47.20475983796296,27.59977092978395,18.376610243055556,16.925895543981483
1703,00:00:28.367,29.930209619341564,69.12890625,39.245430169753085,29.053636670524693,21.491562017746915
1704,00:00:28.383,0.06666714891975307,0.3531828703703704,0.07992476851851851,0.054071180555555556,0.06600549768518518
1705,00:00:28.400,29.79714200745885,69.64195601851851,39.50609133873457,29.77274353780864,20.112591145833335
1706,00:00:28.417,35.38463268389918,75.85672019675926,44.41202353395062,37.14121479552469,24.600659722222222
1707,00:00:28.433,41.95641493055556,82.2285228587963,48.52087336033951,47.17264467592592,30.175726755401236
1708,00:00:28.450,28.48153726208848,65.6761501736111,32.79850019290124,31.240598958333333,21.405512635030863
1709,00:00:28.467,21.964433031121402,48.84425636574074,25.878326581790123,23.069620949074075,16.9453515625
1710,00:00:28.483,15.507360628858024,34.74571759259259,18.252502893518518,16.414800829475308,11.854778163580248
1711,00:00:28.500,18.33291473765432,34.132935474537035,24.58972222222222,16.161123167438273,14.247898823302469
1712,00:00:28.517,11.514411008230454,25.604282407407407,12.959384645061728,12.034869791666667,9.548978587962964
1713,00:00:28.533,0.16761107896090532,0.6049117476851852,0.2155931712962963,0.1331303047839506,0.15410976080246913
1714,00:00:28.550,16.140795235339507,38.46065538194444,18.81919849537037,17.819903549382715,11.783283661265433
1715,00:00:28.567,15.5031462191358,34.28763744212963,17.569223572530863,17.060901331018517,11.879313753858025
1716,00:00:28.583,13.890565682870369,28.551121238425925,16.166285686728394,14.781104359567902,10.724307002314815
1717,00:00:28.600,17.27208670910494,35.12017505787037,20.166850887345678,17.289925250771606,14.35948398919753
1718,00:00:28.617,20.41164078575103,43.073799189814814,23.855570023148147,20.48399016203704,16.8953621720679
1719,00:00:28.633,18.294544753086416,38.53923611111111,21.438972800925924,18.23460262345679,15.210058834876543
1720,00:00:28.650,17.267428465792182,35.27180266203704,20.828774112654322,16.88066550925926,14.092845775462964
1721,00:00:28.667,16.984177115483536,33.80373263888889,20.131152102623457,16.70560088734568,14.115778356481481
1722,00:00:28.683,20.574021508487657,42.21937210648148,24.046377314814816,20.839386091820987,16.836301118827162
1723,00:00:28.700,20.328644065072016,42.32685185185185,23.93855324074074,20.835448013117283,16.211930941358023
1724,00:00:28.717,25.531188271604936,57.280678530092594,30.78985580632716,26.04334828317901,19.760360725308644
1725,00:00:28.733,25.191375868055555,56.842766203703704,30.45571228780864,25.489618055555557,19.628797260802468
1726,00:00:28.750,0.14014981995884773,0.4659505208333333,0.1962422839506173,0.09767216435185185,0.12653501157407407
1727,00:00:28.767,27.720353170010288,63.37689525462963,33.91964988425926,27.94623070987654,21.29517891589506
1728,00:00:28.783,30.42540927211934,69.48393373842593,36.181534529320984,32.115986207561726,22.97870707947531
1729,00:00:28.800,26.898306487911523,60.8845703125,32.336881269290124,27.269144483024693,21.088893711419754
1730,00:00:28.817,46.11220196759259,84.20460069444445,58.63509355709876,47.60937885802469,32.09213348765432
1731,00:00:28.833,38.5787048289609,75.65885416666667,47.71985291280864,38.571817611882715,29.444443962191357
1732,00:00:28.850,32.75957738554527,68.22024739583334,39.63093364197531,30.735968846450618,27.911829668209876
1733,00:00:28.867,23.037224311985597,47.90288628472222,29.83604263117284,20.981342592592593,18.29428771219136
1734,00:00:28.883,25.63437339248971,55.22085503472222,33.967564139660496,23.023222415123456,19.912333622685185
1735,00:00:28.900,23.158940650720165,46.69392361111111,31.53499324845679,20.15269386574074,17.789134837962962
1736,00:00:28.917,24.579057677469134,53.58332609953704,32.05186342592592,22.520013020833332,19.165296585648147
1737,00:00:28.933,22.74925524048354,51.38072916666667,30.729185956790122,20.25793354552469,17.260646219135804
1738,00:00:28.950,25.656767618312756,59.90261863425926,33.70327980324074,22.875684799382714,20.391338252314814
1739,00:00:28.967,25.878577514146087,64.88849826388889,34.01522810570987,23.037563657407407,20.58294077932099
1740,00:00:28.983,23.447803497942388,57.114908854166664,30.377278645833332,21.113641493055557,18.852490354938272
1741,00:00:29.000,28.887445023148146,70.62194010416667,38.27523003472222,24.846909239969136,23.540195794753085
1742,00:00:29.017,31.209520801183128,72.7703052662037,37.20863184799383,29.386223958333332,27.03370659722222
1743,00:00:29.033,0.10922116126543209,0.5372757523148148,0.13872926311728395,0.07531780478395061,0.11361641589506173
1744,00:00:29.050,34.92900929140947,75.89680989583333,43.82281732253087,32.85830825617284,28.105902295524693
1745,00:00:29.067,35.55913194444444,73.71339699074075,45.42650607638889,33.56459394290123,27.68629581404321
1746,00:00:29.083,33.77355870627572,67.5042896412037,44.82976755401234,30.143518036265434,26.347390528549383
1747,00:00:29.100,36.16792486496914,61.704933449074076,44.413339120370374,31.529279996141977,32.561155478395065
1748,00:00:29.117,30.281991544495884,52.29356915509259,38.17114052854938,25.960605709876543,26.714228395061728
1749,00:00:29.133,27.939526266718108,56.9798828125,35.55528597608025,22.811730806327162,25.451562017746912
1750,00:00:29.150,19.549454732510288,36.60669126157408,26.295968846450616,15.038306327160495,17.314089023919752
1751,00:00:29.167,18.752027391975307,34.435575810185185,26.32621238425926,13.97265094521605,15.957218846450617
1752,00:00:29.183,18.58056712962963,37.38696469907408,26.289015721450617,14.071058063271606,15.381627604166667
1753,00:00:29.200,21.31009387860082,44.981380208333334,30.606126543209875,15.848913966049382,17.47524112654321
1754,00:00:29.217,20.872084297839507,42.66761429398148,30.286842206790123,16.3270206404321,16.002390046296295
1755,00:00:29.233,17.230206404320988,34.04820601851852,25.552533275462963,13.298552758487654,12.839533179012346
1756,00:00:29.250,19.09532889660494,39.18817274305555,27.22879436728395,15.583861400462963,14.473330922067902
1757,00:00:29.267,9.440584169238683,17.738585069444444,13.841902488425927,7.0147092013888885,7.465140817901235
1758,00:00:29.283,0.15930282278806585,0.342115162037037,0.26710165895061727,0.08515817901234568,0.12564863040123456
1759,00:00:29.300,13.701084587191358,25.835105613425927,19.74519386574074,10.638187210648148,10.719872685185186
1760,00:00:29.317,7.9022170781893015,14.959729456018518,11.458242669753087,5.753108603395062,6.495299961419753
1761,00:00:29.333,15.974922357253085,30.07588252314815,22.952460455246914,12.558784239969135,12.41352237654321
1762,00:00:29.350,13.272019354423868,23.378935185185185,19.408086419753086,9.98391444830247,10.424057195216049
1763,00:00:29.367,12.241279256687243,22.638013599537036,17.847849633487655,9.326307388117284,9.54968074845679
1764,00:00:29.383,16.204644097222225,32.66154513888889,23.513246527777778,12.699192226080246,12.401493537808642
1765,00:00:29.400,16.967156314300414,33.55618489583333,24.294385127314815,13.58400462962963,13.02307918595679
1766,00:00:29.417,15.203705632716051,29.062203414351853,21.68658179012346,12.204139660493826,11.720395447530864
1767,00:00:29.433,17.253374646347737,32.6353515625,26.397191840277777,14.102498553240741,11.260433545524691
1768,00:00:29.450,8.171229263117285,14.324197048611111,12.089701485339507,6.4781852816358025,5.945801022376544
1769,00:00:29.467,24.36897344393004,47.65226417824074,36.49526138117284,20.092903163580246,16.518755787037037
1770,00:00:29.483,26.060517136059673,53.70039785879629,37.95848572530864,22.208787133487654,18.014278549382716
1771,00:00:29.500,23.42249292695473,44.763961226851855,36.26818576388889,17.527010030864197,16.47228298611111
1772,00:00:29.517,18.91551456404321,38.12702546296296,28.69365162037037,15.535086805555556,12.517805266203704
1773,00:00:29.533,21.145601369598765,42.337058738425924,31.740134066358024,17.655758584104937,14.040911458333333
1774,00:00:29.550,0.09648132073045268,0.17241030092592594,0.15414978780864197,0.05418547453703704,0.08110869984567902
1775,00:00:29.567,17.451109182098765,34.584129050925924,26.478474633487654,14.350933159722222,11.52391975308642
1776,00:00:29.583,28.8205195473251,58.24246238425926,41.16160831404321,25.946517168209876,19.353433159722222
1777,00:00:29.600,21.022226723251027,41.24885706018519,30.83826678240741,17.897368344907406,14.331045042438271
1778,00:00:29.617,23.32361304012346,44.38815104166667,33.59047550154321,20.236403356481482,16.14396026234568
1779,00:00:29.633,20.75323286394033,39.60222800925926,29.86711082175926,17.778967978395062,14.613619791666666
1780,00:00:29.650,19.666535493827162,38.33571325231482,28.723434606481483,16.862544367283952,13.413627507716049
1781,00:00:29.667,17.758898694701646,34.12875434027778,25.354505208333332,15.251171392746913,12.671019483024692
1782,00:00:29.683,22.1149704218107,45.98067129629629,29.175417148919752,19.703125964506174,17.466368152006172
1783,00:00:29.700,21.246813914609053,43.79652054398148,27.398774594907408,18.487682291666665,17.853984857253085
1784,00:00:29.717,21.657865708590535,44.055750868055554,28.33709635416667,18.488566261574075,18.147934510030865
1785,00:00:29.733,25.733892103909465,50.61607349537037,34.5389096257716,22.211095679012345,20.451671006944444
1786,00:00:29.750,24.155803594393007,48.36957465277778,33.323332851080245,20.555035686728395,18.589042245370372
1787,00:00:29.767,24.10102012602881,49.64715711805555,33.66699749228395,20.281519097222223,18.354543788580248
1788,00:00:29.783,27.026990258487654,53.66313657407407,37.94193287037037,23.055164930555556,20.083872974537037
1789,00:00:29.800,0.13584008487654323,0.49583333333333335,0.21923755787037036,0.08182581018518519,0.10645688657407408
1790,00:00:29.817,27.07854038065844,53.71392505787037,38.15906008873457,23.147174479166665,19.929386574074073
1791,00:00:29.833,18.27170765817901,31.366746238425925,25.373439429012347,15.563606288580248,13.878077256944444
1792,00:00:29.850,26.376184252829216,49.912905092592595,36.04084104938271,23.254290605709876,19.83342110339506
1793,00:00:29.867,26.41431439686214,52.694589120370374,35.8428409529321,23.765955825617283,19.634146412037037
1794,00:00:29.883,24.14551472479424,47.37999855324074,33.007120466820986,21.386005497685186,18.043418209876542
1795,00:00:29.900,23.192616383744852,45.432942708333336,32.015745081018515,20.361983506944444,17.200120563271604
1796,00:00:29.917,20.731704443158435,41.2017578125,28.865043885030865,18.136281828703705,15.19378761574074
1797,00:00:29.933,17.48734680426955,34.65151909722222,24.513858506944445,15.247399209104938,12.700782696759259
1798,00:00:29.950,22.55393422067901,48.591297743055556,31.9155362654321,19.631848958333332,16.114417438271605
1799,00:00:29.967,19.24766187628601,39.79603587962963,27.863857060185186,16.36199893904321,13.517129629629629
1800,00:00:29.983,17.351674543467077,35.374609375,25.711329089506172,14.756772280092592,11.586922260802469
1801,00:00:30.000,11.260167824074074,12.598618344907408,20.50944926697531,4.164524980709877,9.106529224537036
1802,00:00:30.017,18.31908291538066,37.52924623842593,27.61853057484568,15.29023292824074,12.048485243055556
1803,00:00:30.033,19.952545171039095,40.05797164351852,29.88236255787037,16.282499517746913,13.6927734375
1804,00:00:30.050,21.03232799639918,42.85084635416667,31.34488956404321,17.16611930941358,14.585975115740741
1805,00:00:30.067,33.28102269804527,63.45154079861111,52.68093460648148,28.584665798611113,18.57746768904321
1806,00:00:30.083,28.242678433641974,35.73861400462963,48.95412808641975,23.1875569058642,12.586350308641975
1807,00:00:30.100,15.810670171039098,22.365870949074075,24.790817418981483,12.050172646604938,10.591020447530864
1808,00:00:30.117,18.10439091435185,26.584389467592594,26.423490547839506,13.550426793981481,14.339255401234569
1809,00:00:30.133,21.75881606867284,30.705758101851853,32.49901379243827,14.68350212191358,18.09393229166667
1810,00:00:30.150,24.909181295010285,35.60653935185185,38.19188126929012,16.683953510802468,19.851709104938273
1811,00:00:30.167,25.043509194958848,39.865885416666664,37.33110484182099,18.42240451388889,19.377018229166666
1812,00:00:30.183,19.55978813014403,31.720298032407406,29.536498360339507,14.724923804012345,14.417942226080246
1813,00:00:30.200,0.07290155606995884,0.18015769675925927,0.12015528549382716,0.03958092206790124,0.05896846064814815
1814,00:00:30.217,25.62775639789095,39.06507523148148,39.43423032407407,19.073742766203704,18.375296103395062
1815,00:00:30.233,25.977722318672843,32.120088252314815,41.89266637731482,19.275374710648148,16.765125868055556
1816,00:00:30.250,21.600230999228398,30.87140480324074,35.28826051311729,15.364254436728395,14.148178047839506
1817,00:00:30.267,17.515233892746913,21.233890335648148,29.462430073302468,12.436175250771605,10.647096354166667
1818,00:00:30.283,15.819712577160493,18.876714409722222,27.119809027777777,11.125941358024692,9.213387345679012
1819,00:00:30.300,12.53279529963992,14.442990451388889,21.425565200617285,8.732434413580247,7.440386284722222
1820,00:00:30.317,15.419048514660494,18.077256944444443,26.35556568287037,10.581866319444444,9.319713541666667
1821,00:00:30.333,11.37568142361111,14.171339699074075,19.515656346450616,7.7294188850308645,6.881969039351852
1822,00:00:30.350,11.571884966563786,15.164850983796295,19.557695794753087,7.9907142168209875,7.167244888117284
1823,00:00:30.367,9.354965760030865,15.037818287037037,15.43273967978395,6.241996527777777,6.390161072530864
1824,00:00:30.383,12.100663901748973,20.06919849537037,18.751680169753087,9.343040605709877,8.20727092978395
1825,00:00:30.400,11.90955568415638,21.25491898148148,18.482611400462964,9.081340663580248,8.164714988425926
1826,00:00:30.417,10.303209715792182,18.916804108796295,16.294030671296298,7.705975115740741,6.9096233603395065
1827,00:00:30.433,10.814902424125513,19.21969039351852,16.93641975308642,8.060029899691358,7.448257619598765
1828,00:00:30.450,0.15370032793209878,0.1955295138888889,0.24672501929012347,0.08896219135802469,0.12541377314814814
1829,00:00:30.467,7.806018679269546,14.364286747685185,12.371275559413581,5.645838638117284,5.400941840277778
1830,00:00:30.483,12.236841242283951,20.915140335648147,18.055113329475308,9.605292727623457,9.050117669753087
1831,00:00:30.500,17.14072064686214,24.673980034722224,24.729905960648146,12.283484278549382,14.408771701388888
1832,00:00:30.517,8.635697498713991,18.495124421296296,13.018003954475308,7.079125192901235,5.809963348765432
1833,00:00:30.533,12.357724247685185,25.59173900462963,18.624983603395062,10.200011574074074,8.24817756558642
1834,00:00:30.550,10.015610050154322,20.08666087962963,15.194020543981482,8.07599826388889,6.776811342592593
1835,00:00:30.567,11.993360339506173,25.79341724537037,18.084402488425926,9.848313078703704,8.047365451388888
1836,00:00:30.583,11.291577771347738,25.30533130787037,16.85942611882716,9.339657600308643,7.675649594907408
1837,00:00:30.600,13.087469939557614,29.92388599537037,19.378369502314815,10.846054205246913,9.037986111111111
1838,00:00:30.617,0.1004738940329218,0.2796440972222222,0.14441502700617284,0.06080198688271605,0.09620466820987654
1839,00:00:30.633,12.54410863554527,26.53790509259259,18.777579571759258,10.25750964506173,8.597236689814816
1840,00:00:30.650,12.48076533564815,25.398791956018517,18.65704475308642,10.194593942901234,8.59065731095679
1841,00:00:30.667,12.622927758487654,24.895088252314814,18.734393325617283,10.282135416666666,8.852254533179012
1842,00:00:30.683,12.33685362011317,24.544364872685186,18.84948302469136,9.559429494598765,8.601648341049383
1843,00:00:30.700,11.505090342078189,22.746108217592592,17.122648533950617,9.192595486111111,8.200027006172839
1844,00:00:30.717,11.59460005144033,22.563859953703705,17.044899209104937,9.308012635030865,8.430888310185185
1845,00:00:30.733,11.879034690072016,22.50298755787037,17.46953655478395,9.447131558641976,8.720435956790123
1846,00:00:30.750,11.220681423611111,20.904072627314815,16.448555652006174,8.898296682098765,8.315191936728395
1847,00:00:30.767,11.213943222736624,20.59626736111111,16.371669077932097,8.882375096450618,8.38778549382716
1848,00:00:30.783,8.324649241255145,15.159563078703703,11.999418885030865,6.582185088734568,6.39234375
1849,00:00:30.800,12.693150237911524,24.789453125,18.755690104166668,9.79640094521605,9.527359664351852
1850,00:00:30.817,9.576672453703704,19.65797164351852,13.700946180555556,7.506415895061728,7.522655285493827
1851,00:00:30.833,11.836597543724281,24.182573784722223,17.179197048611112,9.194600212191357,9.13599537037037
1852,00:00:30.850,9.567441325874485,20.419552951388887,13.519186921296296,7.59134837962963,7.591788676697531
1853,00:00:30.867,9.247935313786009,19.108029513888887,13.357366898148149,7.202149884259259,7.184289158950618
1854,00:00:30.883,0.12765560699588477,0.1623263888888889,0.22289400077160493,0.06053337191358025,0.09953944830246914
1855,00:00:30.900,9.295007394547325,19.38853443287037,13.286347897376544,7.216441936728395,7.382232349537037
1856,00:00:30.917,9.393029031635802,21.01929976851852,13.364882330246914,7.331283275462963,7.482921489197531
1857,00:00:30.933,9.23945328575103,19.394929108796298,13.250190972222223,7.11790412808642,7.350264756944444
1858,00:00:30.950,11.326144065072015,24.414134837962962,16.349799864969135,8.753010706018518,8.875621624228396
1859,00:00:30.967,10.848483796296298,21.504311342592594,15.55190055941358,8.40312789351852,8.59042293595679
1860,00:00:30.983,19.987705600565842,44.140234375,28.39030960648148,15.541519579475308,16.03128761574074
1861,00:00:31.000,28.097863136574077,62.126244212962966,40.53453028549383,21.69642361111111,22.062635513117282
1862,00:00:31.017,28.48273469650206,67.53970630787038,40.338602430555554,23.559047067901236,21.550554591049384
1863,00:00:31.033,25.304112815072017,58.97723524305555,37.07682918595679,20.53928192515432,18.296227334104938
1864,00:00:31.050,30.980302372685184,70.28609664351852,44.80773292824074,26.356874517746913,21.7762996720679
1865,00:00:31.067,23.211390335648147,50.631691261574076,34.469609375,19.054701485339507,16.109860146604937
1866,00:00:31.083,21.20267650462963,45.98030237268519,31.70835551697531,17.40886043595679,14.49081356095679
1867,00:00:31.100,15.615657310956792,31.41470630787037,23.255366994598766,12.56288242669753,11.028722511574074
1868,00:00:31.117,14.344475147890947,28.093041087962963,21.119863040123455,11.653091242283951,10.260471161265432
1869,00:00:31.133,13.6565044688786,27.933666087962962,20.21269145447531,11.085310088734568,9.671511863425925
1870,00:00:31.150,0.16470855838477366,0.4632450810185185,0.2825564236111111,0.08754870756172839,0.12402054398148148
1871,00:00:31.167,14.778490065586418,28.288324652777778,21.744542824074074,11.942193769290123,10.648733603395062
1872,00:00:31.183,10.043358249742797,19.578038194444446,15.22105179398148,7.8441782407407405,7.064844714506173
1873,00:00:31.200,12.932697563014402,25.356119791666668,19.398920235339506,10.271979166666666,9.127193287037038
1874,00:00:31.217,15.0313565779321,30.88431712962963,22.436733217592593,12.005760030864197,10.651576485339506
1875,00:00:31.233,9.267349376286008,18.494509548611113,13.877586805555556,7.188845968364197,6.735615354938272
1876,00:00:31.250,15.039251864711934,31.57986111111111,21.92619743441358,12.348421103395061,10.84313705632716
1877,00:00:31.267,11.856179108796297,23.613078703703703,17.491813753858025,9.411352719907407,8.665370852623457
1878,00:00:31.283,12.778888245884774,26.25826099537037,18.756889467592593,10.210692515432099,9.36908275462963
1879,00:00:31.300,0.13262377829218108,0.40458622685185186,0.2204301697530864,0.07093798225308642,0.10650318287037037
1880,00:00:31.317,15.498775398662554,32.27835648148148,22.613176601080248,12.756467978395062,11.126681616512347
1881,00:00:31.333,11.709615644290125,23.519249131944445,17.13024112654321,9.503062307098766,8.495543499228395
1882,00:00:31.350,16.94326774691358,35.161371527777774,24.885219907407407,13.940647183641975,12.003936149691357
1883,00:00:31.367,13.148441840277778,27.002379918981482,19.479384645061728,10.41888744212963,9.547053433641976
1884,00:00:31.383,13.522020801183126,26.28900462962963,19.380607156635804,11.236476176697531,9.94897907021605
1885,00:00:31.400,13.61868682484568,26.064945023148148,20.17460551697531,10.94239486882716,9.739060088734568
1886,00:00:31.417,15.856262538580246,31.00015914351852,23.7563565779321,12.64521412037037,11.167216917438271
1887,00:00:31.433,9.58260497042181,18.62449363425926,14.621141493055555,7.123263406635802,7.003410011574074
1888,00:00:31.450,0.1340235982510288,0.6202835648148148,0.21356047453703703,0.07963445216049382,0.10887586805555556
1889,00:00:31.467,14.231226691100822,27.731741898148147,21.606749131944444,10.960489486882716,10.126441454475309
1890,00:00:31.483,10.25811696244856,21.54710648148148,14.868950135030865,8.076475212191358,7.828925540123457
1891,00:00:31.500,18.347916023662552,34.73268229166667,29.211118827160494,11.492744020061728,14.339885223765432
1892,00:00:31.517,14.487608828446502,36.835546875,21.686804108796295,11.102635030864198,10.673387345679012
1893,00:00:31.533,11.12157986111111,27.906857638888887,17.169270833333332,8.123136091820987,8.072332658179013
1894,00:00:31.550,11.162964088220164,29.293395543981482,17.20806182484568,8.400240162037036,7.880590277777777
1895,00:00:31.567,28.578321759259257,69.84080584490741,42.452603202160496,23.339562596450616,19.942799479166666
1896,00:00:31.583,0.08235725308641975,0.34113136574074077,0.13206693672839506,0.049742476851851854,0.06526234567901235
1897,00:00:31.600,37.86761525848765,82.7757595486111,54.05303867669753,31.776129918981482,27.773677179783952
1898,00:00:31.617,42.113031764403296,86.16850405092593,57.86066984953704,37.93202449845679,30.54640094521605
1899,00:00:31.633,43.23737252443416,79.82092737268519,58.06893711419753,39.02768711419753,32.61549334490741
1900,00:00:31.650,31.87812596450617,62.65011574074074,39.687619116512344,29.249321469907407,26.697437307098767
1901,00:00:31.667,34.80629870756173,65.63778211805555,41.96961516203704,32.18620997299383,30.26307098765432
1902,00:00:31.683,26.24683015046296,54.21221788194445,30.708118730709877,22.584324363425925,25.448047357253085
1903,00:00:31.700,30.07068319187243,60.127785011574076,32.640150462962964,26.706858603395062,30.86504050925926
1904,00:00:31.717,19.15783548739712,38.95796440972222,19.851129436728396,16.530346739969136,21.092030285493827
1905,00:00:31.733,14.604950649434157,29.801649305555557,16.768607735339508,12.113282214506173,14.93296199845679
1906,00:00:31.750,8.388697916666667,14.984693287037038,11.344204764660494,6.805777391975309,7.016111593364197
1907,00:00:31.767,12.81694669495885,22.86416377314815,17.16623119212963,10.430615837191358,10.853993055555556
1908,00:00:31.783,0.1437916345164609,0.38663194444444443,0.19576244212962962,0.09037471064814814,0.14523775077160495
1909,00:00:31.800,15.195777231224278,26.676497395833334,20.230368441358024,12.328992091049383,13.027971161265432
1910,00:00:31.817,0.16837979038065845,0.47197627314814816,0.2221826774691358,0.10659529320987654,0.17636140046296298
1911,00:00:31.833,11.158040444958848,19.11171875,14.734087094907407,9.394918016975309,9.345116222993827
1912,00:00:31.850,9.85600742669753,16.442064525462964,13.263105709876543,7.990806809413581,8.314109760802468
1913,00:00:31.867,12.66841837062757,21.87717013888889,16.538831500771604,10.519909336419753,10.946514274691358
1914,00:00:31.883,11.12717255015432,18.63851273148148,14.680800057870371,9.293731192129629,9.406986400462962
1915,00:00:31.900,8.568877314814815,13.822337962962964,11.32747444058642,7.099683159722222,7.279474344135802
1916,00:00:31.917,10.835388695987655,17.404832175925925,13.972569444444444,8.990970293209877,9.542626350308643
1917,00:00:31.933,8.477095871913582,12.92806712962963,11.10064525462963,7.138762538580247,7.191879822530864
1918,00:00:31.950,10.73721852494856,16.07904369212963,14.040002893518519,8.984603587962964,9.187049093364198
1919,00:00:31.967,8.265303819444446,12.17017505787037,10.874515817901235,7.0722593557098765,6.849136284722222
1920,00:00:31.983,12.80848443930041,18.8228515625,17.061142939814815,10.735475019290124,10.628835358796296
1921,00:00:32.000,16.8462594843107,17.990928819444445,23.62015480324074,11.137622974537036,15.78100067515432
1922,00:00:32.017,7.99790814686214,11.695616319444444,10.378638599537037,7.326147280092592,6.28893856095679
1923,00:00:32.033,11.43283162937243,16.524211516203703,15.136219135802468,10.002600790895062,9.159674961419753
1924,00:00:32.050,11.07310731738683,15.805302372685185,14.55048080632716,9.65462432484568,9.014216820987654
1925,00:00:32.067,0.08776909722222222,0.26710069444444445,0.10960069444444444,0.05810619212962963,0.09560040509259259
1926,00:00:32.083,11.190462802211934,15.836046006944445,14.723738908179012,9.600353973765433,9.247295524691358
1927,00:00:32.100,9.602303883744854,13.851728877314814,12.79025462962963,8.15904079861111,7.857616222993827
1928,00:00:32.117,14.284231610082303,20.127734375,18.688401331018518,12.195130208333333,11.969163290895061
1929,00:00:32.133,12.483839859825101,17.563715277777778,16.55109905478395,10.628412422839506,10.272008101851851
1930,00:00:32.150,11.353084169238684,15.854246238425926,15.028432677469135,9.693670428240742,9.337149402006172
1931,00:00:32.167,14.609264081790123,21.427083333333332,18.794244791666667,12.856956018518519,12.176591435185186
1932,00:00:32.183,12.902561567644034,18.4642578125,16.691688368055555,11.389340760030864,10.626655574845678
1933,00:00:32.200,11.327206950874485,16.303349247685187,14.563256172839505,10.005143711419754,9.413220968364197
1934,00:00:32.217,14.353538130144033,21.675122974537036,17.7344743441358,12.318690200617285,13.007449845679012
1935,00:00:32.233,13.219981513631685,20.39422019675926,16.57153935185185,10.818663194444444,12.269741994598766
1936,00:00:32.250,12.909777359825105,21.638845486111112,16.672429591049383,11.032728105709877,11.02417438271605
1937,00:00:32.267,9.780156410751028,16.529499421296297,13.0549609375,8.070788966049383,8.214719328703703
1938,00:00:32.283,0.08948431069958847,0.15224247685185185,0.11707079475308642,0.0600733024691358,0.0913088348765432
1939,00:00:32.300,15.660521797839507,26.970283564814814,20.341274594907407,13.237187982253086,13.403102816358025
1940,00:00:32.317,0.11583043981481482,0.29932002314814815,0.16187934027777778,0.0628467399691358,0.12276523919753086
1941,00:00:32.333,12.136141653806584,20.426685474537038,16.384370177469137,10.400630787037038,9.62342399691358
1942,00:00:32.350,10.880658918467077,17.40470920138889,14.820194347993827,9.169434799382715,8.65234760802469
1943,00:00:32.367,9.64710664223251,15.107913773148148,13.186281828703704,8.151295331790124,7.603742766203704
1944,00:00:32.383,12.805117026748974,22.046383101851852,17.05553240740741,10.964216820987655,10.395601851851852
1945,00:00:32.400,11.276374582047325,18.547511574074075,14.95940875771605,9.656018518518518,9.213696469907408
1946,00:00:32.417,9.781239711934155,15.957298900462963,12.995795235339505,8.226696566358024,8.121227334104939
1947,00:00:32.433,13.706927404835392,22.775499131944443,17.83943962191358,11.814157503858025,11.467185088734569
1948,00:00:32.450,0.11580230838477368,0.30694444444444446,0.17413146219135803,0.060790412808641975,0.11248505015432099
1949,00:00:32.467,10.166475372942386,15.958774594907407,13.971483410493827,8.528654996141976,7.999287712191358
1950,00:00:32.483,11.801894611625514,18.746238425925927,16.227278163580248,9.876000192901234,9.302405478395062
1951,00:00:32.500,16.496275720164608,20.920797164351853,23.343793402777777,11.73471981095679,14.41031394675926
1952,00:00:32.517,8.861001318158436,13.926497395833334,12.243504050925926,7.51025462962963,6.829245273919753
1953,00:00:32.533,14.096271862139917,22.01994357638889,18.497451774691356,12.14826244212963,11.643101369598766
1954,00:00:32.550,29.059784111368316,62.200766782407406,34.003973283179015,27.101641107253087,26.07373794367284
1955,00:00:32.567,30.161511702674897,69.25434027777777,35.28615354938272,28.549136284722223,26.649245273919753
1956,00:00:32.583,29.435876253858027,66.57017505787037,36.17601514274691,27.798690200617283,24.332923418209877
1957,00:00:32.600,27.8264464377572,63.605627893518516,34.64238233024691,25.636154996141975,23.200801986882716
1958,00:00:32.617,30.911769708076132,64.81864872685185,37.81093557098765,29.325368441358023,25.599005111882715
1959,00:00:32.633,26.07346305941358,53.4693287037037,33.36792775848765,23.942082368827162,20.910379050925926
1960,00:00:32.650,23.58813898533951,49.84625289351852,31.301140046296297,20.771723090277778,18.691553819444444
1961,00:00:32.667,16.794277424125514,34.14904513888889,21.644086130401234,14.565128279320987,14.173617862654321
1962,00:00:32.683,13.750348668981482,26.108232060185184,18.300013020833333,11.909177758487655,11.041855227623456
1963,00:00:32.700,0.12950810185185185,0.35109230324074076,0.18622010030864197,0.07313271604938272,0.12917148919753085
1964,00:00:32.717,14.943900302211935,27.934772858796297,21.926621334876543,12.630127797067901,10.274951774691358
1965,00:00:32.733,11.778469328703702,20.336176215277778,17.122585841049382,9.9168856095679,8.295936535493826
1966,00:00:32.750,15.551051793981484,28.459136284722224,22.224411168981483,13.162564139660494,11.266180073302468
1967,00:00:32.767,14.39844441229424,27.14109519675926,20.713571084104938,12.25108844521605,10.230673707561728
1968,00:00:32.783,13.826132490997944,25.959678819444445,18.414029706790124,11.866725983796297,11.197641782407407
1969,00:00:32.800,18.138999967849795,38.18445457175926,23.848901909722223,15.369378375771605,15.198719618055556
1970,00:00:32.817,17.292103587962963,36.40907118055556,22.92494212962963,14.633591820987654,14.317776813271605
1971,00:00:32.833,17.864153485082305,37.402336516203704,23.07701533564815,15.135444637345678,15.380000482253086
1972,00:00:32.850,15.690556841563785,29.015227141203702,19.97466724537037,13.112222222222222,13.984781057098765
1973,00:00:32.867,15.35735725308642,27.80515769675926,19.187260320216048,12.889891493055556,13.994919945987654
1974,00:00:32.883,17.153184960133743,32.47068865740741,21.588946277006173,14.58817226080247,15.282436342592593
1975,00:00:32.900,17.38620418595679,32.632277199074075,21.678540219907408,14.711258680555556,15.768813657407408
1976,00:00:32.917,0.09706211419753086,0.20794994212962964,0.14417341820987653,0.05747588734567901,0.08953703703703704
1977,00:00:32.933,21.991818415637862,45.53095341435185,28.239332079475307,18.5732706404321,19.162852527006173
1978,00:00:32.950,23.9135736561214,48.97079716435185,31.63946084104938,20.154441550925927,19.94681857638889
1979,00:00:32.967,24.117600147890943,50.063057002314814,32.61475308641975,20.074918499228396,19.66312885802469
1980,00:00:32.983,22.643024691358022,46.56246383101852,30.81345630787037,18.59126109182099,18.524356674382716
1981,00:00:33.000,25.72363040123457,50.942939814814814,35.69776427469136,20.001543209876544,21.471583719135804
1982,00:00:33.017,19.000880754886833,37.18331886574074,25.79999469521605,15.476587094907407,15.726060474537038
1983,00:00:33.033,22.674123746141976,47.398198784722226,31.468893229166667,18.405774016203704,18.147703993055554
1984,00:00:33.050,25.136662487139915,56.3888671875,34.64717785493827,20.88933207947531,19.873477527006173
1985,00:00:33.067,18.730933963477366,38.58744212962963,25.116247588734566,15.872663483796297,15.203890817901234
1986,00:00:33.083,0.19258969907407408,0.6090928819444444,0.2991290509259259,0.1146947337962963,0.1639453125
1987,00:00:33.100,23.772210969650207,55.47750289351852,31.625695891203705,20.764179205246915,18.9267578125
1988,00:00:33.117,27.191412358539093,65.86061197916666,36.60072579089506,24.31237316743827,20.66113811728395
1989,00:00:33.133,24.201981738683127,58.498372395833336,32.44438898533951,21.92364101080247,18.237915219907407
1990,00:00:33.150,17.976990258487657,41.94587673611111,24.42823832947531,16.106361400462962,13.396371045524692
1991,00:00:33.167,18.372958783436214,42.10783420138889,24.885688657407407,16.59107735339506,13.642110339506173
1992,00:00:33.183,8.148657889660495,17.178682002314815,11.083424961419754,7.03820987654321,6.324338831018519
1993,00:00:33.200,11.043906250000001,25.082624421296295,14.999417438271605,9.868593267746913,8.263708043981481
1994,00:00:33.217,10.707050218621399,22.071715856481482,14.42904224537037,9.381144386574075,8.310964023919754
1995,00:00:33.233,13.13663515946502,27.80933883101852,17.515127314814816,11.671222993827161,10.223555169753086
1996,00:00:33.250,0.18231272505144033,0.7877748842592592,0.27370322145061726,0.10851176697530865,0.16472318672839506
1997,00:00:33.267,0.08689107510288065,0.2570167824074074,0.12381413966049383,0.05570360725308642,0.08115547839506172
1998,00:00:33.283,14.180840727880659,31.187941261574075,18.957007619598766,12.677510609567902,10.908003954475308
1999,00:00:33.300,11.619031796553498,25.582515914351852,15.671868730709877,10.299992283950617,8.885234375
2000,00:00:33.317,12.254964634773662,25.192809606481482,16.405535300925926,10.865033757716049,9.494324845679012
2001,00:00:33.333,14.124020222479425,30.204636863425925,18.878576871141977,12.444727527006172,11.048756269290124
2002,00:00:33.350,22.393220646862144,54.99986979166667,30.135662133487653,20.160081983024693,16.883917824074075
2003,00:00:33.367,24.45838091563786,59.19293258101852,33.128162133487656,21.859612268518518,18.387368344907408
2004,00:00:33.383,0.13755192258230453,0.46336805555555555,0.20282793209876543,0.08477816358024691,0.12504967206790124
2005,00:00:33.400,22.84786120756173,52.83600983796296,30.976332947530864,20.17979938271605,17.38745129243827
2006,00:00:33.417,27.583505336934156,66.55394241898148,37.0847907021605,24.700301408179012,20.965423900462962
2007,00:00:33.433,30.406790766460905,73.0624927662037,40.82208912037037,27.578111014660493,22.820172164351852
2008,00:00:33.450,25.932719103652264,60.20931712962963,34.63019386574074,23.523150077160494,19.644813368055555
2009,00:00:33.467,18.108149916409463,39.806857638888886,24.726847029320986,16.030204475308643,13.567398244598765
2010,00:00:33.483,16.963539094650205,36.69658564814815,22.87854793595679,15.160397858796296,12.85167148919753
2011,00:00:33.500,17.626074299125516,32.20051359953704,24.190127314814816,14.44676456404321,14.241331018518519
2012,00:00:33.517,6.2473956725823045,13.779050925925926,7.392061631944444,6.1584384645061725,5.191686921296296
2013,00:00:33.533,0.09338991769547324,0.25283564814814813,0.14981143904320987,0.060415219907407405,0.06994309413580246
2014,00:00:33.550,12.86955423739712,28.023068576388887,16.007601755401236,12.117157118055555,10.483903838734568
2015,00:00:33.567,9.644459072788065,20.05604021990741,11.927979359567901,9.00601417824074,7.999383680555556
2016,00:00:33.583,9.304201067386831,19.496752025462964,11.580900366512346,8.620982349537037,7.710720486111111
2017,00:00:33.600,12.68121752829218,28.302835648148147,15.946488715277777,11.709551022376543,10.387612847222222
2018,00:00:33.617,10.66539978780864,23.248090277777777,13.302277199074075,9.567470100308642,9.12645206404321
2019,00:00:33.633,8.532017586162551,17.81728877314815,10.802189911265431,7.7204817708333335,7.0733810763888885
2020,00:00:33.650,11.550880754886832,24.333217592592593,14.74932629243827,10.454008969907408,9.449307002314814
2021,00:00:33.667,8.062397762345679,16.822547743055555,10.203514660493827,7.413210358796296,6.5704682677469135
2022,00:00:33.683,11.582105034722224,24.31637008101852,14.816308352623457,10.532160011574074,9.397846739969136
2023,00:00:33.700,9.264289319701646,19.08257378472222,11.98323688271605,8.28722366898148,7.522407407407408
2024,00:00:33.717,12.402492283950616,27.199262152777777,15.811718267746913,11.099525462962964,10.296233121141976
2025,00:00:33.733,0.1377298739711934,0.6113064236111111,0.20464699074074075,0.09216290509259259,0.11637972608024691
2026,00:00:33.750,12.84922035751029,27.97867476851852,16.857227527006174,11.364363425925927,10.326070119598766
2027,00:00:33.767,11.087900591563786,22.44617332175926,14.931443383487654,9.65256606867284,8.679692322530864
2028,00:00:33.783,9.757203253600823,20.438859953703705,13.10021267361111,8.55623119212963,7.615165895061728
2029,00:00:33.800,14.360035043724281,29.687897858796298,19.364441550925925,12.736229263117284,10.97943431712963
2030,00:00:33.817,9.663018422067902,18.77378472222222,13.198362268518519,8.323153935185186,7.4675390625
2031,00:00:33.833,12.818293306327158,26.157298900462962,17.54113811728395,11.021352719907407,9.892389081790123
2032,00:00:33.850,9.72140078446502,19.403783275462963,13.38104263117284,8.323004918981482,7.460154803240741
2033,00:00:33.867,10.759309895833333,20.896694155092593,14.963226755401234,9.028187692901234,8.28651523919753
2034,00:00:33.883,12.915081661522635,27.35802228009259,18.02582609953704,10.91103973765432,9.808379147376543
2035,00:00:33.900,13.058469810956792,25.425231481481482,18.033931327160495,10.771562017746914,10.369916087962963
2036,00:00:33.917,0.12013840663580248,0.5913845486111111,0.2026027199074074,0.06848331404320987,0.08932918595679012
2037,00:00:33.933,17.92385609567901,39.29552951388889,25.13143180941358,15.44826774691358,13.191868730709876
2038,00:00:33.950,17.24220887988683,36.64776475694445,24.297478780864196,14.509598283179013,12.919549575617284
2039,00:00:33.967,20.793303915895063,43.40398582175926,29.52621768904321,17.363182388117284,15.490511670524691
2040,00:00:33.983,20.359139178240742,45.50316116898148,28.634968653549382,17.39736786265432,15.045081018518518
2041,00:00:34.000,20.337567193930038,41.21331741898148,29.725947145061728,15.52518711419753,15.761567322530864
2042,00:00:34.017,17.698441840277777,38.29328703703704,24.60968460648148,14.981818094135802,13.50382282021605
2043,00:00:34.033,22.90208831661523,48.14428530092592,33.00008342978395,19.142739197530865,16.563442322530864
2044,00:00:34.050,22.52209587191358,46.51708622685185,32.67226755401234,18.72152488425926,16.172495177469134
2045,00:00:34.067,0.10941020447530864,0.5899088541666667,0.1764723186728395,0.05940248842592592,0.09235580632716049
2046,00:00:34.083,23.044585262345677,51.471238425925925,32.68804928626543,19.235868537808642,17.20983796296296
2047,00:00:34.100,45.83207738554527,89.9107421875,65.25460889274692,40.8922371720679,31.34938609182099
2048,00:00:34.117,41.749543949331276,87.8136574074074,62.995581114969134,35.16233748070988,27.090713252314814
2049,00:00:34.133,49.141372813786006,101.08666811342593,68.84024305555556,44.51769917052469,34.06617621527778
2050,00:00:34.150,37.77547759130658,80.57094907407408,52.14425540123457,32.11738715277778,29.064790219907408
2051,00:00:34.167,0.15079893261316873,0.5499421296296296,0.23586226851851852,0.08300491898148148,0.13352961033950617
2052,00:00:34.183,22.233147022890947,47.827871817129626,29.215432098765433,17.43779079861111,20.046218171296296
2053,00:00:34.200,21.69534754372428,45.43761574074074,29.308270158179013,17.733059895833332,18.044712577160492
2054,00:00:34.217,17.97169576260288,36.835546875,23.497654320987653,14.912594039351852,15.504838927469136
2055,00:00:34.233,17.50015608924897,36.458506944444444,23.5550390625,14.569567901234567,14.375861304012346
2056,00:00:34.250,23.75140544624486,53.60509259259259,33.3796947337963,19.642168209876544,18.23235339506173
2057,00:00:34.267,23.278166152263378,50.889937789351855,32.948284625771606,19.211847511574074,17.674366319444445
2058,00:00:34.283,20.305539962705762,41.647786458333336,29.34415171682099,16.273370949074074,15.299097222222223
2059,00:00:34.300,17.828174672067902,36.4271484375,26.37122685185185,13.902963927469136,13.210333236882716
2060,00:00:34.317,15.973464827674897,33.931257233796295,23.507503375771606,12.734089023919752,11.678802083333334
2061,00:00:34.333,0.07231031378600823,0.1812644675925926,0.0983323688271605,0.04582224151234568,0.07277633101851852
2062,00:00:34.350,19.316514435442386,38.64929832175926,28.29252025462963,15.563611593364197,14.093411458333334
2063,00:00:34.367,21.849929269547328,43.84312789351852,32.33195457175926,17.612518325617284,15.605314911265433
2064,00:00:34.383,19.54796569573045,37.726497395833334,29.333686342592593,15.595258969907407,13.714951774691357
2065,00:00:34.400,16.07632410622428,31.478899016203705,24.10035686728395,12.843671875,11.284943576388889
2066,00:00:34.417,16.31634420010288,28.983991608796295,24.23324315200617,12.806505111882716,11.909284336419754
2067,00:00:34.433,23.80666055812757,49.6130931712963,35.72722270447531,19.10290557484568,16.589853395061727
2068,00:00:34.450,0.49828269675925924,1.593995949074074,0.7974387538580247,0.2563975694444444,0.44101176697530864
2069,00:00:34.467,42.419242380401236,77.39918981481482,60.15306568287037,37.87475115740741,29.229910300925926
2070,00:00:34.483,0.02116914223251029,0.10219184027777778,0.034954185956790125,0.011770351080246913,0.01678288966049383
2071,00:00:34.500,41.669268743569965,72.79699074074074,55.68449990354938,38.64479986496914,30.678506462191358
2072,00:00:34.517,36.01520769032922,69.31090856481481,43.91624565972222,35.74617669753086,28.383200713734567
2073,00:00:34.533,36.92702305169753,68.76871383101852,44.329410686728394,37.08934847608025,29.36230999228395
2074,00:00:34.550,32.61323109567901,70.2412109375,39.166077835648146,32.667213059413584,26.006402391975307
2075,00:00:34.567,29.010397055041153,66.76718026620371,34.84722559799383,29.826025270061727,22.357940297067902
2076,00:00:34.583,21.141131044238684,51.40470920138889,26.943032889660493,19.744782503858026,16.73557773919753
2077,00:00:34.600,25.14568801440329,56.748936631944446,31.690937982253086,23.879076485339507,19.867049575617283
2078,00:00:34.617,14.440855999228395,37.47083333333333,19.660690104166665,12.152123360339505,11.509754533179013
2079,00:00:34.633,11.741943479938271,26.87042824074074,15.850577256944444,9.598876832561729,9.776376350308642
2080,00:00:34.650,14.04450552983539,31.00802951388889,19.407746913580247,11.404448784722222,11.321320891203703
2081,00:00:34.667,9.508966049382716,18.640726273148147,13.225213155864198,7.885320698302469,7.416364293981482
2082,00:00:34.683,10.360585294495884,21.37543402777778,14.863273533950617,8.666462673611111,7.5520196759259255
2083,00:00:34.700,11.419652777777777,24.074602141203705,16.25390335648148,9.675769675925926,8.329285300925926
2084,00:00:34.717,12.229938914609052,25.194777199074075,17.542861689814814,10.45666618441358,8.690288869598765
2085,00:00:34.733,12.145967881944443,24.913411458333332,17.281682098765433,10.333669463734568,8.822552083333333
2086,00:00:34.750,0.16846788194444443,0.4273365162037037,0.2624266975308642,0.10384789737654321,0.13912905092592592
2087,00:00:34.767,9.57230999228395,20.16474971064815,13.808557581018519,8.030335648148148,6.878036747685186
2088,00:00:34.783,12.73424704218107,26.551432291666668,17.730730613425926,11.02386574074074,9.448144772376542
2089,00:00:34.800,10.337503536522634,22.272164351851853,14.546788194444444,8.916179108796296,7.549543306327161
2090,00:00:34.817,11.178165027006173,22.41087962962963,15.8541015625,9.404076485339505,8.276317033179012
2091,00:00:34.833,10.305150141460905,21.02175925925926,14.476378279320988,8.974031635802469,7.465040509259259
2092,00:00:34.850,8.865652970679012,17.52079716435185,12.50245563271605,7.634154128086419,6.460349151234568
2093,00:00:34.867,10.99134420010288,20.3634765625,14.677336516203704,9.649367766203703,8.647328317901234
2094,00:00:34.883,6.527743698559671,12.290444155092592,8.46471981095679,5.561538387345679,5.556972897376543
2095,00:00:34.900,10.496228137860083,19.15562065972222,13.370879147376543,9.022706886574074,9.09509837962963
2096,00:00:34.917,8.101684188528806,14.739973958333334,10.553850308641975,6.970174093364197,6.781028163580247
2097,00:00:34.933,7.359148984053498,13.387131076388888,9.541265432098765,6.533219521604939,6.00296199845679
2098,00:00:34.950,5.704807741769547,10.706286168981482,7.223222415123457,5.159974922839506,4.731225887345679
2099,00:00:34.967,5.623428176440329,10.320269097222223,7.211955536265432,4.978406153549383,4.6799228395061725
2100,00:00:34.983,4.348405832047326,8.49422019675926,5.480986207561728,3.9352146026234567,3.62901668595679
2101,00:00:35.000,13.30506237139918,14.927510127314815,22.646367669753086,7.045459587191358,10.223359857253087
2102,00:00:35.017,5.030819187242798,9.485886863425925,5.929464216820987,4.811233121141975,4.3517602237654325
2103,00:00:35.033,12.814654546039094,28.641138599537037,15.218814139660493,11.673899980709876,11.551249517746914
2104,00:00:35.050,0.07847093621399176,0.2304542824074074,0.10668788580246913,0.05190345293209876,0.0768214699074074
2105,00:00:35.067,49.32333461934156,70.8246021412037,62.165531442901234,54.66542438271605,31.13904803240741
2106,00:00:35.083,0.06243923611111111,0.29009693287037036,0.08791570216049382,0.040655381944444444,0.058746624228395064
2107,00:00:35.100,36.16817418981481,66.92360387731482,48.03580295138889,34.21617717978395,26.252542438271604
2108,00:00:35.117,48.35481272505144,81.67366174768519,66.14029947916667,46.297977430555555,32.626161265432096
2109,00:00:35.133,46.13061406893004,79.1917896412037,61.21700472608025,45.106393711419756,32.06844376929013
2110,00:00:35.150,39.55132523148148,77.32983217592593,58.00202739197531,33.047178337191355,27.60476996527778
2111,00:00:35.167,32.242958944187244,67.73314525462963,48.58731288580247,26.14790557484568,21.99365837191358
2112,00:00:35.183,19.14928337191358,41.18577112268518,28.272733892746913,15.771475694444444,13.403640528549383
2113,00:00:35.200,6.891226208847736,14.116739004629629,9.818513213734567,5.808199266975309,5.046966145833333
2114,00:00:35.217,8.498094618055555,17.22381365740741,12.450786072530864,6.875650559413581,6.167847222222222
2115,00:00:35.233,0.36996479552469136,1.0744285300925926,0.623479938271605,0.21111400462962962,0.2753004436728395
2116,00:00:35.250,8.800784465020577,17.687796585648147,12.85983169367284,7.099660976080247,6.442860725308642
2117,00:00:35.267,9.339180330504115,19.797916666666666,13.736885609567901,7.558204089506173,6.722451292438271
2118,00:00:35.283,7.357383455504114,15.864822048611112,10.789414544753086,5.9294130979938275,5.353322723765432
2119,00:00:35.300,8.717966338734568,17.59765625,12.86531780478395,6.9486328125,6.339948398919753
2120,00:00:35.317,8.221028002829218,16.273097511574075,12.395524691358025,6.28738956404321,5.98016975308642
2121,00:00:35.333,9.98443158436214,19.65120804398148,14.861528260030864,7.84600887345679,7.245757619598765
2122,00:00:35.350,10.124776556069959,19.336516203703702,15.129762249228396,7.994715952932099,7.249851466049383
2123,00:00:35.367,8.968331886574074,16.40369646990741,13.544240933641975,7.024336902006173,6.336417824074074
2124,00:00:35.383,11.342730034722223,20.236566840277778,17.06587143132716,9.032472511574074,7.9298461612654325
2125,00:00:35.400,9.30181037808642,16.535525173611113,13.86137538580247,7.508520447530864,6.535535300925926
2126,00:00:35.417,0.14659754372427983,0.5023509837962963,0.2700815007716049,0.07092110339506173,0.09879002700617284
2127,00:00:35.433,12.453885834619342,22.805013020833332,19.082995273919753,9.868155864197531,8.41050636574074
2128,00:00:35.450,9.810033918467079,16.977003761574075,14.880647183641976,7.798984375,6.7504701967592595
2129,00:00:35.467,12.102256622942386,21.173017939814816,18.467854456018518,9.57790798611111,8.261007426697532
2130,00:00:35.483,10.126020608281893,17.44209346064815,15.483017939814815,7.991644965277778,6.903398919753086
2131,00:00:35.500,17.930943447788067,24.431597222222223,30.525449459876544,10.733507908950617,12.533872974537037
2132,00:00:35.517,11.84823125643004,20.462102141203705,17.93914737654321,9.619720293209877,7.985826099537037
2133,00:00:35.533,9.7732717656893,16.465552662037037,14.780468267746913,7.849780574845679,6.689566454475309
2134,00:00:35.550,12.345896186985598,19.81845341435185,19.225107542438273,9.595813078703705,8.216767939814815
2135,00:00:35.567,9.81609889403292,15.908355034722222,15.203480420524691,7.630662615740741,6.614153645833333
2136,00:00:35.583,13.394132748199588,21.916890914351853,20.90712143132716,10.369718846450617,8.905557966820988
2137,00:00:35.600,10.696560410236627,18.066558159722224,16.39125819830247,8.388594714506173,7.309828317901235
2138,00:00:35.617,11.7864358281893,19.534136284722223,18.29913917824074,9.081052758487655,7.979115547839506
2139,00:00:35.633,13.458808995627573,23.31474247685185,21.11894917052469,10.277693383487655,8.979784432870371
2140,00:00:35.650,0.0469286908436214,0.1513816550925926,0.08177083333333333,0.02472752700617284,0.034287712191358025
2141,00:00:35.667,11.035139371141975,19.729542824074073,17.243012635030865,8.372876639660493,7.489528838734568
2142,00:00:35.683,13.881340502829218,24.219712094907408,21.715020736882718,10.532665412808642,9.396335358796296
2143,00:00:35.700,11.896662487139919,21.29611545138889,18.514889081790123,9.037239583333333,8.137858796296296
2144,00:00:35.717,11.608056841563787,19.94142795138889,18.09765914351852,8.755461033950617,7.9710503472222225
2145,00:00:35.733,11.92684124228395,20.80925925925926,18.433652584876544,9.141231674382716,8.205639467592592
2146,00:00:35.750,12.664239486882716,22.38689959490741,18.90732349537037,10.07387249228395,9.011522472993827
2147,00:00:35.767,12.228095743312757,21.612528935185185,18.110559895833333,9.765588348765432,8.808138985339506
2148,00:00:35.783,13.412628922325103,23.892722800925927,19.97972125771605,10.640150462962962,9.618015046296296
2149,00:00:35.800,11.97142505787037,21.75013744212963,17.739897762345677,9.430294174382716,8.744083236882716
2150,00:00:35.817,0.04725871270576131,0.07476851851851851,0.07849681712962962,0.02512008101851852,0.038159239969135804
2151,00:00:35.833,14.578834394290125,28.070536747685185,21.69052662037037,11.496469425154322,10.549507137345678
2152,00:00:35.850,13.068791313014403,25.07081886574074,19.183689718364196,10.408081114969136,9.614603105709877
2153,00:00:35.867,12.985863876028807,23.491579861111113,19.10895736882716,10.406873070987654,9.441761188271604
2154,00:00:35.883,13.901387924382716,23.76802662037037,20.655299961419754,11.092977430555555,9.955886381172839
2155,00:00:35.900,12.68719039351852,22.491796875,18.630278742283952,10.248323688271604,9.18296875
2156,00:00:35.917,12.94662824717078,22.774269386574073,19.183736014660493,10.225079089506172,9.43106963734568
2157,00:00:35.933,13.725013503086421,23.945847800925925,20.436229263117283,10.836594328703704,9.902216917438272
2158,00:00:35.950,0.11177613811728394,0.27165075231481484,0.1858183834876543,0.06261043595679013,0.08689959490740741
2159,00:00:35.967,13.68459458590535,24.467628761574073,20.11839699074074,10.877911844135802,10.057474922839507
2160,00:00:35.983,15.1730658436214,28.38879484953704,22.287648533950616,12.285306712962964,10.946242283950617
2161,00:00:36.000,17.581100019290123,26.060149016203702,27.969765142746912,11.33541618441358,13.438118730709876
2162,00:00:36.017,12.686059027777778,23.53646556712963,18.19862991898148,10.391794463734568,9.467752700617284
2163,00:00:36.033,10.87196678883745,19.187962962962963,15.493023726851852,8.914050925925926,8.208825713734567
2164,00:00:36.050,12.87697337962963,23.299247685185186,18.682669270833333,10.470991994598766,9.47725887345679
2165,00:00:36.067,11.426879501028807,20.664149305555554,16.738908179012345,9.176699459876543,8.36503086419753
2166,00:00:36.083,14.543374807098765,27.68599537037037,21.349880401234568,11.915393518518519,10.36485050154321
2167,00:00:36.100,12.003870563271605,22.103443287037038,17.683270158179013,9.709123746141975,8.619217785493827
2168,00:00:36.117,11.601856835133745,20.4265625,17.175329861111113,9.22212962962963,8.408111014660493
2169,00:00:36.133,10.992548386059672,19.625875289351853,16.190977044753087,8.850922550154321,7.935745563271605
2170,00:00:36.150,8.789026974022635,15.722663483796296,13.061436149691358,6.887644675925926,6.418000096450617
2171,00:00:36.167,10.491875,20.73153935185185,15.309246238425926,8.517262731481482,7.649116030092593
2172,00:00:36.183,8.192064043209877,16.98167679398148,11.917294560185185,6.594729938271605,6.06416763117284
2173,00:00:36.200,0.11697643389917696,0.30116464120370373,0.18536699459876543,0.0698022762345679,0.09576003086419753
2174,00:00:36.217,10.389999196244856,21.23598090277778,14.851019000771604,8.61553867669753,7.703439911265432
2175,00:00:36.233,7.570826581790123,15.710120081018518,10.83018856095679,6.099201871141975,5.783089313271605
2176,00:00:36.250,9.855507008744857,19.84021990740741,13.779846161265432,8.14182388117284,7.644850983796296
2177,00:00:36.267,9.212856224279834,18.456633391203702,12.748518036265432,7.697840952932099,7.192209683641975
2178,00:00:36.283,10.430656507201647,20.042513020833333,14.356783854166666,8.720703607253087,8.214482060185185
2179,00:00:36.300,7.156963734567902,13.950600405092592,9.999883294753086,5.872605613425926,5.598402295524691
2180,00:00:36.317,9.592208397633746,19.129427083333333,13.466333912037037,7.881186824845679,7.429104456018519
2181,00:00:36.333,8.757276556069959,16.66932146990741,12.014920910493828,7.170556520061728,7.086352237654321
2182,00:00:36.350,15.145515528549382,28.21810619212963,21.624282407407406,12.535342881944445,11.276921296296296
2183,00:00:36.367,0.40002057613168723,1.6637225115740741,0.6581240354938271,0.21848958333333332,0.3234481095679012
2184,00:00:36.383,14.721209169238684,27.50743634259259,21.164603105709876,12.066861014660494,10.932163387345678
2185,00:00:36.400,17.521572627314814,33.530360243055554,25.672836130401233,14.144508101851851,12.747373649691358
2186,00:00:36.417,17.705341435185186,34.46927083333333,25.971644000771605,14.394506655092593,12.749873649691358
2187,00:00:36.433,15.390682066615227,28.531322337962962,22.310688175154322,12.577225597993827,11.28413242669753
2188,00:00:36.450,12.305237107767491,21.329933449074073,17.919354263117285,9.844265528549382,9.152091531635802
2189,00:00:36.467,14.677899627057613,26.223705150462962,21.492327353395062,11.876804108796296,10.664567418981482
2190,00:00:36.483,11.87634018132716,19.20714699074074,17.3346199845679,9.435052083333334,8.859348476080246
2191,00:00:36.500,20.586257555298353,34.56100983796296,31.30377411265432,15.299073109567901,15.155925443672839
2192,00:00:36.517,18.948985982510287,36.45481770833333,27.61586612654321,15.433950135030864,13.79714168595679
2193,00:00:36.533,14.654409722222221,25.387355324074075,21.07909481095679,11.931157407407408,10.952976948302469
2194,00:00:36.550,0.08253070344650205,0.2921875,0.1249705825617284,0.05259741512345679,0.07002411265432099
2195,00:00:36.567,11.701511220421809,21.30275607638889,16.71403260030864,9.55792293595679,8.832578125
2196,00:00:36.583,14.429913515946502,26.05584490740741,20.95624228395062,11.827508680555555,10.505989583333333
2197,00:00:36.600,12.800032953960907,23.730765335648147,18.377546778549384,10.539264081790124,9.48328800154321
2198,00:00:36.617,12.011098572530864,22.695811631944444,17.459138695987654,9.668983892746914,8.905173128858024
2199,00:00:36.633,13.418838091563787,24.53969184027778,19.94805652006173,10.460360243055556,9.848097511574075
2200,00:00:36.650,12.080599762088477,21.67782841435185,18.28278983410494,9.193980999228396,8.765028452932098
2201,00:00:36.667,19.434048193158436,38.895124421296295,28.620502989969136,15.559027295524691,14.122614293981481
2202,00:00:36.683,19.57021010159465,40.44005353009259,28.710968846450616,16.231094232253085,13.768567226080247
2203,00:00:36.700,16.265322948816873,32.639901620370374,23.57574074074074,13.15936969521605,12.060858410493827
2204,00:00:36.717,0.1254179526748971,0.4853804976851852,0.20677324459876542,0.07213252314814815,0.09734809027777777
2205,00:00:36.733,26.3448922968107,54.138925057870374,38.72128713348766,22.617979841820986,17.695409915123456
2206,00:00:36.750,18.838552919238683,37.44353298611111,28.278307773919753,15.310704089506173,12.926646894290123
2207,00:00:36.767,15.220486111111112,29.48191550925926,22.542166280864198,12.286620852623457,10.832671199845679
2208,00:00:36.783,20.079583333333336,40.409678819444444,30.65102382330247,15.98439525462963,13.6033309220679
2209,00:00:36.800,19.7882527970679,39.59927662037037,30.638431712962962,15.415040027006173,13.311286651234568
2210,00:00:36.817,23.491432452417698,47.7693359375,36.319967206790125,18.69127170138889,15.463058449074074
2211,00:00:36.833,20.243183513374486,40.16987847222222,31.269361014660493,15.72607494212963,13.734114583333334
2212,00:00:36.850,17.453430909207817,33.906785300925925,25.463451485339505,14.194932484567902,12.70190875771605
2213,00:00:36.867,13.18847784850823,26.0212890625,19.88090084876543,10.269837962962963,9.414694733796296
2214,00:00:36.883,40.25301488554527,83.13890335648148,63.019280960648146,30.89119839891975,26.8485652970679
2215,00:00:36.900,46.529135802469135,95.06140769675926,68.34112316743827,38.461150655864195,32.78513358410494
2216,00:00:36.917,44.84288049768518,88.41733940972222,66.96156008873457,36.56471884645062,31.00236255787037
2217,00:00:36.933,37.684616769547326,75.58297887731482,53.035598476080246,31.830229552469135,28.188022280092593
2218,00:00:36.950,31.566162551440332,63.686668113425924,43.38239535108025,26.526444347993827,24.789647955246913
2219,00:00:36.967,19.181299993569958,37.830164930555554,27.266796392746915,14.971461226851853,15.305642361111111
2220,00:00:36.983,13.023700810185185,24.320182291666665,17.975788483796297,10.433614486882716,10.661699459876543
2221,00:00:37.000,24.075502186213992,35.18006365740741,33.144560185185185,15.44983024691358,23.63211612654321
2222,00:00:37.017,18.905204957561732,37.456199363425924,27.368600019290124,15.267497106481482,14.07951774691358
2223,00:00:37.033,21.09650462962963,40.05010127314815,31.304696180555556,16.159461805555555,15.825355902777778
2224,00:00:37.050,20.09985468106996,35.806987847222224,30.18521122685185,15.201612172067902,14.912740644290123
2225,00:00:37.067,0.1730121527777778,0.48845486111111114,0.27598379629629627,0.08695360725308642,0.1560990547839506
2226,00:00:37.083,18.738482349537037,34.647583912037035,28.637133005401235,13.82945167824074,13.748862364969137
2227,00:00:37.100,15.522486014660492,30.399428530092592,23.65442081404321,12.04602912808642,10.867008101851852
2228,00:00:37.117,19.080150784465022,35.87388599537037,29.29382137345679,14.479171971450617,13.467459008487655
2229,00:00:37.133,19.347506430041154,40.080107060185185,28.680150462962963,15.825669849537038,13.536698977623457
2230,00:00:37.150,15.721292759773661,31.619581886574075,23.291855709876543,13.065718557098766,10.806304012345679
2231,00:00:37.167,15.592135738168727,30.469892939814816,23.05326678240741,12.752102141203704,10.971038290895061
2232,00:00:37.183,13.480018164866253,25.773864293981482,19.44959346064815,11.256506558641975,9.733954475308641
2233,00:00:37.200,18.147387795781892,36.232602719907405,27.034294945987654,14.204606481481482,13.203261959876544
2234,00:00:37.217,16.2149715470679,35.059302662037034,23.717779224537036,13.168810763888889,11.758324652777778
2235,00:00:37.233,13.303541827417694,26.09937789351852,19.092853973765433,10.925047260802469,9.892724247685186
2236,00:00:37.250,13.908813818158436,28.207530381944444,19.89657986111111,11.607516878858025,10.222344714506173
2237,00:00:37.267,11.882740644290124,22.212152777777778,16.611350308641974,9.995107542438271,9.041764081790124
2238,00:00:37.283,0.5167968749999999,1.0944733796296295,0.8950284529320988,0.2590306712962963,0.39633150077160495
2239,00:00:37.300,13.219169881687243,23.83984375,19.03651138117284,10.906787712191358,9.714210551697532
2240,00:00:37.317,11.931885609567901,20.904072627314815,17.164523051697532,9.874977816358024,8.756155960648147
2241,00:00:37.333,16.438597286522636,29.734874131944444,24.589483989197532,13.059483024691358,11.666824845679013
2242,00:00:37.350,23.769463252314818,47.99339554398148,36.37206934799383,18.77784239969136,16.15847800925926
2243,00:00:37.367,29.931902006172844,60.160373263888886,44.869746334876545,25.85216483410494,19.073794849537038
2244,00:00:37.383,34.18535477752058,69.67724971064816,51.61700569058642,29.381071566358024,21.557987075617284
2245,00:00:37.400,28.38813175154321,64.06186342592592,42.3542081404321,23.912636959876544,18.89755015432099
2246,00:00:37.417,28.328480742026752,64.38307291666666,42.238656925154324,23.482236689814815,19.26454861111111
2247,00:00:37.433,23.356454314557613,50.635749421296296,35.2226065779321,18.99469955632716,15.85205680941358
2248,00:00:37.450,0.11917647247942387,0.25615596064814816,0.2012895447530864,0.06296440972222223,0.09327546296296296
2249,00:00:37.467,22.603345068158436,50.795985243055554,33.371887538580246,18.988707079475308,15.449440586419753
2250,00:00:37.483,18.098319508744854,38.614004629629626,26.633769290123457,15.092227527006173,12.568961709104938
2251,00:00:37.500,24.735754565329216,46.12615017361111,38.83786024305556,18.821494502314813,16.547908950617284
2252,00:00:37.517,13.462817161779833,26.650672743055555,18.689576581790124,12.118072916666666,9.580801986882715
2253,00:00:37.533,13.801287776491769,26.810416666666665,19.854379340277777,11.887918113425926,9.661565875771604
2254,00:00:37.550,25.869011863425925,60.261089409722224,36.61330391589506,22.995928819444444,17.99780285493827
2255,00:00:37.567,24.158747427983542,55.13083767361111,35.06769048996914,20.9266121720679,16.48193962191358
2256,00:00:37.583,30.532929526748973,68.79293981481482,43.934786361882715,27.283876832561727,20.38012538580247
2257,00:00:37.600,25.710159625771606,55.94911024305556,36.77440007716049,22.914429494598764,17.441649305555554
2258,00:00:37.617,0.2596460262345679,0.5753978587962963,0.4255150462962963,0.14566792052469135,0.20775511188271606
2259,00:00:37.633,28.63232783564815,61.67197627314815,41.420433545524695,25.593966531635804,18.88258342978395
2260,00:00:37.650,25.866713123713993,52.54677372685185,38.1953978587963,22.18195216049383,17.22278935185185
2261,00:00:37.667,23.766377314814815,51.40901331018519,36.23191165123457,19.420209297839506,15.64701099537037
2262,00:00:37.683,21.679245273919758,47.153971354166664,33.90745852623457,16.87344955632716,14.256827739197531
2263,00:00:37.700,12.866898469650204,27.43820167824074,19.629605999228396,10.232215470679012,8.73887393904321
2264,00:00:37.717,13.639460358796297,28.495905671296295,20.209086130401236,11.756488715277778,8.952806230709877
2265,00:00:37.733,0.13856240354938273,0.28456307870370373,0.230078125,0.07766396604938272,0.10794511959876543
2266,00:00:37.750,9.451267843364198,17.405201099537038,13.971681616512345,8.190435956790123,6.191685956790123
2267,00:00:37.767,9.006992669753087,16.72281539351852,13.223198784722221,7.823979552469136,5.973799672067901
2268,00:00:37.783,10.249379501028805,18.229499421296296,15.404467592592592,8.49223476080247,6.851436149691358
2269,00:00:37.800,11.736772601594652,20.837174479166666,17.792043788580248,9.58237991898148,7.835894097222222
2270,00:00:37.817,12.183625739454731,22.058311631944445,18.445048707561728,10.071060956790124,8.034767554012346
2271,00:00:37.833,11.932608828446503,22.08266059027778,17.926540316358025,9.809326292438271,8.06195987654321
2272,00:00:37.850,13.387791280864198,23.514207175925925,20.572487461419755,10.703511284722222,8.887375096450617
2273,00:00:37.867,9.38684413580247,15.815017361111112,14.325799093364198,7.5738671875,6.26086612654321
2274,00:00:37.883,0.14383551954732512,0.2902199074074074,0.26687258873456793,0.06975983796296296,0.09487413194444444
2275,00:00:37.900,12.181961644804526,20.36384548611111,18.988749517746914,9.562921006944444,7.994214409722222
2276,00:00:37.917,12.684818994341564,21.796252893518517,19.918099922839506,9.934277584876543,8.202079475308642
2277,00:00:37.933,11.180444476594651,18.99046585648148,17.512576195987656,8.813106192129629,7.215651041666667
2278,00:00:37.950,35.27072225437243,56.453305844907405,43.74408757716049,32.264652777777776,29.803426408179014
2279,00:00:37.967,31.465112525720162,52.01712239583333,38.378716724537036,29.897834683641975,26.118786168981483
2280,00:00:37.983,11.20418933256173,20.766956018518517,16.544661458333334,9.532962480709877,7.534944058641975
2281,00:00:38.000,16.702973894032922,18.080208333333335,28.872183641975308,8.584085648148148,12.652652391975309
2282,00:00:38.017,10.703016332304527,20.268540219907408,15.523473186728395,9.306529224537037,7.279046585648148
2283,00:00:38.033,14.432962641460904,27.747605613425925,21.321828221450616,12.065368441358025,9.911691261574074
2284,00:00:38.050,10.592553208590536,21.626671006944445,15.864473861882717,8.784091435185186,7.129094328703704
2285,00:00:38.067,14.321541602366255,28.260286458333333,21.74842399691358,11.63070167824074,9.585499131944445
2286,00:00:38.083,21.002889338991768,50.62382089120371,30.559884741512345,16.697094907407408,15.751688368055556
2287,00:00:38.100,20.552977269804526,49.72659866898148,29.218576388888888,16.817663966049384,15.622691454475309
2288,00:00:38.117,20.076793177726337,49.751685474537034,28.23628665123457,16.877854938271604,15.11623794367284
2289,00:00:38.133,0.0339258616255144,0.08177806712962964,0.058491512345679016,0.01853684413580247,0.024749228395061728
2290,00:00:38.150,16.45236834490741,41.576953125,22.71168788580247,14.186291473765433,12.45912567515432
2291,00:00:38.167,21.46123135288066,55.30693721064815,28.45391927083333,19.431969039351852,16.49780574845679
2292,00:00:38.183,19.663800315072017,47.97642505787037,25.531088927469135,18.304880883487655,15.15543113425926
2293,00:00:38.200,21.41946518132716,49.64986255787037,27.973075327932097,19.663057002314815,16.622263213734566
2294,00:00:38.217,23.946476658950616,54.26448206018519,31.106017071759258,22.173069058641975,18.560343846450618
2295,00:00:38.233,26.063744052211934,58.342932581018516,34.75719232253086,24.53940055941358,18.894639274691357
2296,00:00:38.250,27.332843042695472,58.64237557870371,37.575123456790124,25.910392071759258,18.513013599537036
2297,00:00:38.267,26.221307066615225,57.041984953703704,37.70732976466049,24.10234664351852,16.854244791666666
2298,00:00:38.283,27.504280799897117,64.8357421875,41.11934413580247,24.478583622685186,16.914914641203705
2299,00:00:38.300,25.29010127314815,57.30232204861111,38.20061728395062,21.954651331018518,15.715035204475308
2300,00:00:38.317,21.99638326260288,48.137275752314814,34.11578703703704,18.123676697530865,13.74968605324074
2301,00:00:38.333,0.2186424575617284,0.6511501736111112,0.3904161844135802,0.11380401234567901,0.15170717592592592
2302,00:00:38.350,21.928961066100825,50.011899594907405,33.292064043209876,18.326758777006173,14.16806037808642
2303,00:00:38.367,16.065549929269547,34.76773003472222,24.20655430169753,13.432624421296296,10.557471064814814
2304,00:00:38.383,0.18213011188271608,0.6737774884259259,0.2977174961419753,0.11300202546296297,0.13567081404320988
2305,00:00:38.400,10.450145961934156,20.27837818287037,15.687688078703705,8.423016975308641,7.239732831790123
2306,00:00:38.417,13.661642714763374,28.223640046296296,20.48447337962963,11.226421682098765,9.27403308256173
2307,00:00:38.433,16.674063946759258,39.35959924768518,24.681397087191357,14.05527199074074,11.285522762345678
2308,00:00:38.450,16.888796617798352,39.95774739583333,24.965856963734566,14.286789641203704,11.41374324845679
2309,00:00:38.467,18.00014531893004,42.22220052083333,27.187859760802468,14.923314525462963,11.889261670524691
2310,00:00:38.483,24.97017489711934,61.05218460648148,37.05123456790123,21.578557098765433,16.280733024691358
2311,00:00:38.500,34.380031346450615,78.57913049768518,52.28606143904321,28.560341917438272,22.29369068287037
2312,00:00:38.517,27.5554653742284,68.40065104166666,40.60953125,24.0879296875,17.968935185185185
2313,00:00:38.533,0.13693672839506174,0.39241174768518516,0.22804735725308642,0.0755492862654321,0.10721354166666666
2314,00:00:38.550,30.953814139660494,75.30013744212962,45.40977527006173,27.840559895833334,19.61110725308642
2315,00:00:38.567,28.20985580632716,66.53697193287037,42.729860146604935,24.44281684027778,17.456890432098767
2316,00:00:38.583,29.702055041152263,66.77455873842592,45.47113522376543,25.235536747685185,18.399493152006173
2317,00:00:38.600,26.09481819058642,59.69872685185185,39.66363667052469,22.179616608796298,16.441201292438272
2318,00:00:38.617,20.907996399176955,43.22604166666667,31.707147472993828,17.308070023148147,13.708771701388889
2319,00:00:38.633,18.633484600051442,39.147960069444444,28.087344232253088,15.513192997685184,12.29991657021605
2320,00:00:38.650,12.138198463220164,23.31277488425926,17.781502700617285,10.272809124228395,8.360283564814814
2321,00:00:38.667,10.376692708333334,18.928117766203705,15.502508198302468,8.63819782021605,6.989372106481482
2322,00:00:38.683,10.09584587191358,18.53595196759259,15.34677131558642,8.196533564814814,6.744232735339506
2323,00:00:38.700,0.10800106095679013,0.42278645833333334,0.19500675154320987,0.055963541666666665,0.07303288966049383
2324,00:00:38.717,12.739945826903293,25.229210069444445,19.136385030864197,10.720017843364198,8.363434606481482
2325,00:00:38.733,12.238761413323045,23.79139178240741,18.67697579089506,10.058986786265432,7.980321662808642
2326,00:00:38.750,11.899979745370372,22.578616898148148,18.358746624228395,9.538655960648148,7.8025366512345675
2327,00:00:38.767,10.003655639146091,18.897866030092594,15.505691550925926,7.987615258487654,6.517660108024692
2328,00:00:38.783,11.404447177211935,23.247721354166668,17.386498360339505,9.344177758487655,7.482665412808642
2329,00:00:38.800,11.084968332047325,22.436827256944444,17.049056230709876,9.040399305555555,7.165449459876543
2330,00:00:38.817,11.043454539609053,22.801077835648147,16.953858024691357,9.038151041666667,7.138354552469136
2331,00:00:38.833,14.35090133101852,30.433492476851853,21.777437307098765,12.02285831404321,9.25240837191358
2332,00:00:38.850,12.584502636316872,25.529144965277776,19.01827594521605,10.57141830632716,8.163813657407408
2333,00:00:38.867,8.0729296875,16.287977430555557,12.008752893518519,6.737562210648148,5.4724739583333335
2334,00:00:38.883,15.54819235468107,32.309837962962966,23.21250819830247,12.962290219907407,10.469778645833333
2335,00:00:38.900,0.1218135931069959,0.3064525462962963,0.2281958912037037,0.05627314814814815,0.0809717399691358
2336,00:00:38.917,12.486664094650203,25.71163917824074,18.68813030478395,10.344077932098765,8.4277840470679
2337,00:00:38.933,23.5029497813786,30.28420138888889,33.33838831018519,16.937803337191358,20.232657696759258
2338,00:00:38.950,10.298485403806586,21.841015625,13.544956114969136,9.173500192901235,8.176999903549383
2339,00:00:38.967,10.285199492026749,22.30635127314815,14.060057388117285,8.834660011574075,7.960881076388889
2340,00:00:38.983,8.97736127186214,19.309830729166666,12.173275462962962,7.76228587962963,6.996522472993827
2341,00:00:39.000,16.009463573816873,25.54488570601852,23.27441020447531,10.83339168595679,13.920588831018518
2342,00:00:39.017,7.6852028677983535,17.825774016203702,9.470963541666666,7.624762249228395,5.9598828125
2343,00:00:39.033,8.4710050154321,19.071629050925925,10.800270543981481,7.8862109375,6.726533564814815
2344,00:00:39.050,8.70062355324074,20.21455439814815,11.123079668209877,7.8768518518518515,7.101939139660494
2345,00:00:39.067,9.950489969135802,20.601801215277778,13.328877314814815,8.64711226851852,7.875480324074074
2346,00:00:39.083,8.012357253086419,16.070558449074074,11.167173996913581,6.972399209104938,5.897498553240741
2347,00:00:39.100,11.043307291666666,21.353052662037037,16.090726755401235,9.30959731867284,7.729597800925926
2348,00:00:39.117,9.940915637860082,18.63322482638889,14.581612654320988,8.416055652006174,6.8250786072530865
2349,00:00:39.133,10.522630369084363,18.63359375,16.01326774691358,8.536928047839506,7.0176953125
2350,00:00:39.150,7.423719778806585,13.199225983796296,11.21193431712963,5.99972511574074,5.059499903549383
2351,00:00:39.167,0.10400189686213994,0.35908564814814814,0.19233748070987655,0.05280381944444444,0.06686439043209877
2352,00:00:39.183,14.688978909465021,26.945319733796296,22.6517472029321,11.777534722222223,9.637654803240741
2353,00:00:39.200,13.387462223508232,25.08360821759259,20.80858989197531,10.685922550154322,8.667874228395062
2354,00:00:39.217,12.567305330504114,22.286060474537038,19.59683063271605,9.76143856095679,8.343646797839506
2355,00:00:39.233,11.773003150720164,20.98941695601852,18.20305893132716,9.376678240740741,7.739272280092592
2356,00:00:39.250,14.340463605967079,26.346187789351852,22.20625385802469,11.37282744984568,9.442309510030864
2357,00:00:39.267,12.464894547325102,21.79403935185185,19.160603780864196,9.852667341820988,8.381412519290123
2358,00:00:39.283,14.123817676183128,26.554014756944444,21.521701871141975,11.40203800154321,9.447713155864198
2359,00:00:39.300,10.646510255915638,21.55387008101852,16.499574652777778,8.477992380401234,6.9619637345679015
2360,00:00:39.317,12.256911490483539,24.298784722222223,19.115730613425924,9.546491608796297,8.108512249228395
2361,00:00:39.333,12.949474022633744,26.148075810185187,20.41070987654321,10.165707947530864,8.27200424382716
2362,00:00:39.350,11.593524466306585,22.70835503472222,17.981255787037036,9.175593171296295,7.62372444058642
2363,00:00:39.367,11.97780864197531,23.567578125,18.881264467592594,9.346183931327161,7.705977527006173
2364,00:00:39.383,0.11371913580246913,0.29747540509259257,0.19931086033950618,0.05963011188271605,0.08221643518518519
2365,00:00:39.400,13.40851980452675,26.951099537037038,20.643299575617284,10.852064043209877,8.730195794753087
2366,00:00:39.417,17.902861689814817,38.12063078703704,26.926551408179012,15.033462094907408,11.748571566358025
2367,00:00:39.433,26.09359230324074,62.69561631944445,39.57456452546296,22.05951244212963,16.64669994212963
2368,00:00:39.450,0.08257941100823045,0.20217013888888888,0.1418576388888889,0.04478298611111111,0.06109760802469136
2369,00:00:39.467,27.39943560313786,63.785785590277776,42.00104986496913,23.039135802469136,17.158121141975307
2370,00:00:39.483,17.13627572016461,37.23533709490741,25.70910300925926,14.143797743055556,11.555926408179012
2371,00:00:39.500,19.15720052083333,27.473249421296295,32.734724151234566,11.202291666666667,13.534585744598765
2372,00:00:39.517,9.685142264660493,20.706944444444446,13.225006269290123,8.501152102623458,7.329268422067901
2373,00:00:39.533,10.411198881172838,20.526663773148147,14.3126277970679,8.631645447530865,8.289323398919754
2374,00:00:39.550,9.432909111368312,19.789431423611113,13.023000096450618,8.119592013888889,7.156135223765432
2375,00:00:39.567,8.399139660493827,17.023119212962964,11.572899787808643,7.5910990547839505,6.033420138888889
2376,00:00:39.583,8.54750675154321,17.896853298611113,11.628450038580247,7.81376880787037,6.200301408179012
2377,00:00:39.600,10.170480163323043,21.174616608796295,14.141974344135802,9.166734664351852,7.202731481481481
2378,00:00:39.617,8.404503279320988,18.2318359375,11.440828028549383,7.631857638888889,6.1408241705246915
2379,00:00:39.633,10.506569412294239,23.714286747685186,14.683856577932099,9.306824845679012,7.529026813271605
2380,00:00:39.650,0.11611850565843622,0.2600911458333333,0.19966386959876542,0.06195360725308642,0.08673804012345679
2381,00:00:39.667,9.570189364711934,21.480823206018517,13.288779417438272,8.460751832561728,6.961036844135802
2382,00:00:39.683,8.906672775205761,18.959476273148148,12.534457947530864,7.659781539351852,6.525778838734568
2383,00:00:39.700,9.022928883744855,19.625260416666666,12.635293692129629,7.90114631558642,6.532346643518519
2384,00:00:39.717,11.187631494341565,24.135597511574073,16.142068383487654,9.417828896604938,8.002997202932098
2385,00:00:39.733,6.2836887538580255,13.275839120370371,8.798903838734567,5.459881847993827,4.592280574845679
2386,00:00:39.750,12.401590309927983,26.97421875,17.901136188271604,10.656013695987655,8.64762104552469
2387,00:00:39.767,13.825197402263372,28.35792824074074,21.19317177854938,11.023478009259259,9.258942418981482
2388,00:00:39.783,0.16457802854938272,0.35072337962962963,0.3163884066358025,0.07379581404320988,0.1035498649691358
2389,00:00:39.800,9.711492734053499,18.976323784722222,15.017862654320988,7.491030092592593,6.625585455246914
2390,00:00:39.817,22.824263117283948,51.64955150462963,34.90179446373457,18.875793788580246,14.695201099537037
2391,00:00:39.833,11.342732285236627,23.577785011574075,17.094024402006173,9.227846739969136,7.706325713734568
2392,00:00:39.850,12.433948366769549,26.52843605324074,18.84683883101852,9.952682291666667,8.502323977623456
2393,00:00:39.867,8.448727334104937,18.677864583333335,12.443915412808641,7.188687307098766,5.713579282407407
2394,00:00:39.883,8.348710455246914,17.515140335648148,12.374839409722222,6.94976417824074,5.721527777777778
2395,00:00:39.900,10.794515496399177,23.05329861111111,16.18101658950617,8.96095486111111,7.241575038580247
2396,00:00:39.917,8.06891959233539,17.910872395833334,11.982958140432098,6.774826388888889,5.448974247685185
2397,00:00:39.933,8.694336098251028,18.967100694444444,12.89315055941358,7.243697916666667,5.9461598186728395
2398,00:00:39.950,8.10456500771605,16.50318287037037,12.41181568287037,6.603114872685185,5.2987644675925925
2399,00:00:39.967,8.135841049382716,15.836046006944445,12.411864872685186,6.55151523919753,5.444143036265432
2400,00:00:39.983,8.018029031635802,15.467122395833334,12.588778452932099,6.268791956018519,5.19651668595679
2401,00:00:40.000,14.380598797582303,11.542021122685185,30.44232060185185,3.6535923032407407,9.04588348765432
2402,00:00:40.017,9.31744470164609,19.971064814814813,13.871776138117283,7.860135513117284,6.220422453703704
2403,00:00:40.033,9.839025527263374,22.672569444444445,14.892585358796296,8.156980131172839,6.467511091820987
2404,00:00:40.050,8.171482124485596,16.740154803240742,12.528633294753087,6.590589313271605,5.395223765432099
2405,00:00:40.067,9.128064879115225,19.420261863425925,14.27818962191358,7.319858699845679,5.78614631558642
2406,00:00:40.083,7.685279385288066,16.301750578703704,12.153647280092592,6.096781442901235,4.805409432870371
2407,00:00:40.100,8.302500964506173,16.66427951388889,13.30502025462963,6.425296585648148,5.1771860532407405
2408,00:00:40.117,6.729814171810699,13.470261863425925,10.838937114197531,5.118555169753086,4.231950231481481
2409,00:00:40.133,9.665772408693416,19.919046585648147,15.797506269290123,7.37500675154321,5.824804205246914
2410,00:00:40.150,7.7489559220679025,16.229933449074075,12.691485339506173,5.933312596450618,4.622069830246914
2411,00:00:40.167,8.989238683127573,18.79419849537037,14.91103587962963,6.774283854166667,5.2823963155864195
2412,00:00:40.183,7.846418949331276,16.923386863425925,12.986405767746914,5.97271412037037,4.580136959876543
2413,00:00:40.200,8.503151041666667,16.91158130787037,14.282866512345679,6.374466145833333,4.852120466820987
2414,00:00:40.217,9.17172421553498,17.711161747685185,15.37363136574074,6.907662037037037,5.23387924382716
2415,00:00:40.233,10.123940972222224,20.110026041666668,16.661223958333334,7.925581597222222,5.7850173611111115
2416,00:00:40.250,10.59502314814815,20.862876157407406,17.28689139660494,8.296982542438272,6.201195505401235
2417,00:00:40.267,7.438908661265432,15.954470486111111,12.164041763117284,5.696068672839506,4.456615547839506
2418,00:00:40.283,0.09570007073045267,0.1756076388888889,0.1928491512345679,0.04095437885802469,0.05329668209876543
2419,00:00:40.300,11.02964554398148,22.464250578703705,18.038947723765432,8.289275655864197,6.760713252314815
2420,00:00:40.317,12.508514660493828,23.96773726851852,20.603913483796298,9.238995949074074,7.682634548611111
2421,00:00:40.333,14.236533886316872,26.15237991898148,23.43558063271605,10.512657696759259,8.761363329475309
2422,00:00:40.350,11.014516943158435,19.86346209490741,18.467424286265434,7.949059124228395,6.627067418981482
2423,00:00:40.367,11.274329346707818,20.212340856481482,18.85710262345679,8.299983603395061,6.665901813271605
2424,00:00:40.383,13.996885288065846,21.3828125,24.289666763117285,9.981089891975309,7.7198992091049385
2425,00:00:40.400,11.591990579989712,18.537058738425927,19.732003761574074,8.558486689814815,6.485481288580247
2426,00:00:40.417,13.009136284722222,19.487405960648147,22.592035590277778,9.12380256558642,7.311570698302469
2427,00:00:40.433,10.469646669238683,16.210257523148147,18.449365354938273,7.142158564814815,5.817416087962963
2428,00:00:40.450,0.0805664866255144,0.13822337962962963,0.15280381944444443,0.03760320216049383,0.051292438271604936
2429,00:00:40.467,16.300859535751027,25.5498046875,27.412709297839505,11.908067129629629,9.581802179783951
2430,00:00:40.483,6.622100855195473,13.030013020833334,10.941162712191359,4.946226369598765,3.9789134837962963
2431,00:00:40.500,21.393136734825102,30.553761574074073,37.49324749228395,13.983626543209876,12.702536168981482
2432,00:00:40.517,9.042537454989713,17.928703703703704,13.36429157021605,7.875336612654321,5.887984182098766
2433,00:00:40.533,10.45358153292181,17.84176070601852,16.46303481867284,8.317195216049383,6.5805145640432094
2434,00:00:40.550,10.064071984310699,19.376236979166666,15.190875771604938,8.345288869598765,6.656051311728395
2435,00:00:40.567,8.059872685185185,15.89347511574074,12.276974826388889,6.564627218364198,5.338016010802469
2436,00:00:40.583,7.80630529835391,15.671752025462963,11.981645929783951,6.3247280092592595,5.112541956018519
2437,00:00:40.600,7.233428980195473,14.856922743055556,11.015696373456791,5.8514906442901236,4.833099922839506
2438,00:00:40.617,6.962307098765431,15.583210358796297,10.4435652970679,5.734271797839506,4.7090842013888885
2439,00:00:40.633,0.09889805169753085,0.11879340277777778,0.17750675154320988,0.05089457947530864,0.06829282407407407
2440,00:00:40.650,6.528407439557614,14.914720775462962,9.604209104938272,5.3539298804012345,4.627083333333333
2441,00:00:40.667,8.405967721193415,18.902785011574075,12.333647762345679,7.054810474537037,5.829444926697531
2442,00:00:40.683,7.897094264403293,15.849327256944445,11.575771122685186,6.621277006172839,5.494234664351852
2443,00:00:40.700,7.707656089248971,16.37947048611111,11.576857156635802,6.3190306712962965,5.227080439814815
2444,00:00:40.717,10.331260931069957,21.31849681712963,15.698117766203703,8.307441165123457,6.988223861882716
2445,00:00:40.733,9.369738940329219,19.851410590277776,14.435614390432098,7.5165113811728395,6.157091049382716
2446,00:00:40.750,7.250145640432099,14.700868055555556,10.969983121141976,5.967519772376543,4.812934027777778
2447,00:00:40.767,11.257041377314815,23.226323784722222,17.5708984375,9.005595582561728,7.194630111882716
2448,00:00:40.783,10.019617573302469,21.667375578703705,15.633512731481481,7.862634066358025,6.562705922067901
2449,00:00:40.800,9.577470582561729,19.087000868055554,15.22278549382716,7.458317418981482,6.051308834876544
2450,00:00:40.817,10.63382410622428,20.525434027777777,17.319865933641974,7.989441550925926,6.592164834104938
2451,00:00:40.833,11.14138712062757,21.868192997685185,18.30919415509259,8.184656635802469,6.930310570987654
2452,00:00:40.850,9.98071662808642,18.687333622685184,16.53442660108025,7.34311824845679,6.064605034722222
2453,00:00:40.867,11.420100951646091,20.325846354166668,18.9412393904321,8.289488329475308,7.029575135030864
2454,00:00:40.883,0.09837223508230453,0.2384476273148148,0.18607831790123458,0.04569878472222222,0.0633396026234568
2455,00:00:40.900,9.973805780606996,17.952314814814816,16.720503472222223,7.128341531635803,6.072572337962963
2456,00:00:40.917,14.219260545267488,24.247750289351853,23.679830729166667,10.13020061728395,8.847750289351852
2457,00:00:40.933,11.245456372170784,20.71370804398148,18.79013213734568,7.944875096450617,7.00136188271605
2458,00:00:40.950,11.181966306584362,20.42201244212963,18.671906828703705,7.8768098958333335,6.997182195216049
2459,00:00:40.967,12.323419978137858,22.738360821759258,20.094453607253087,8.98906925154321,7.886737075617284
2460,00:00:40.983,9.735121688528807,18.16038773148148,16.16295524691358,6.833069540895062,6.209340277777778
2461,00:00:41.000,19.945041956018517,31.23135127314815,35.61988667052469,11.20594039351852,13.009298804012346
2462,00:00:41.017,15.559835551697532,34.51550925925926,24.92368393132716,11.801052758487653,9.954769965277778
2463,00:00:41.033,20.197395994084363,39.67416811342593,33.068397955246915,14.917575713734568,12.606214313271606
2464,00:00:41.050,11.915185024434157,23.843410011574075,19.51890190972222,8.75443962191358,7.472213541666667
2465,00:00:41.067,7.509488007973251,15.311805555555555,12.299718364197531,5.503171778549382,4.725573881172839
2466,00:00:41.083,8.710181970164609,16.868294270833335,14.286489197530864,6.382142650462963,5.4619140625
2467,00:00:41.100,6.3163003150720165,12.739547164351851,10.421728395061729,4.600552662037037,3.926619888117284
2468,00:00:41.117,10.737975983796296,20.79757667824074,18.40022907021605,7.497476851851852,6.316222029320988
2469,00:00:41.133,7.657193608539095,15.654535590277778,13.022902199074075,5.44262393904321,4.5060546875
2470,00:00:41.150,7.960683352623458,14.990842013888889,13.754133391203704,5.486959394290124,4.640957272376543
2471,00:00:41.167,0.11683706275720164,0.30571469907407406,0.22853491512345678,0.05491464120370371,0.06706163194444445
2472,00:00:41.183,7.776076388888889,14.92271412037037,13.674421296296297,5.294462287808642,4.359345582561728
2473,00:00:41.200,9.554256365740741,17.46976273148148,17.329134355709876,6.23965374228395,5.093980999228395
2474,00:00:41.217,8.629096739969135,14.54050925925926,15.989219714506174,5.356097125771605,4.5419733796296295
2475,00:00:41.233,13.92201774691358,17.66787471064815,26.182344714506172,8.785919656635803,6.797788869598765
2476,00:00:41.250,8.786233764146091,18.637528935185184,15.067102141203703,6.397758487654321,4.893840663580247
2477,00:00:41.267,7.338270961934156,14.895167824074074,12.59791763117284,5.344782021604939,4.072113233024691
2478,00:00:41.283,7.798715920781894,15.68011429398148,13.569833140432099,5.584026813271605,4.242287808641976
2479,00:00:41.300,9.075019772376542,18.004578993055556,15.946433738425926,6.399835069444444,4.878790509259259
2480,00:00:41.317,7.970838959619342,15.799399594907408,13.924677854938272,5.655421006944445,4.332418016975309
2481,00:00:41.333,8.188935828189301,16.86595775462963,14.260216049382716,5.814553915895062,4.492037519290124
2482,00:00:41.350,8.395412808641977,17.52202690972222,14.775398341049383,5.90094425154321,4.509895833333333
2483,00:00:41.367,8.474047067901234,16.876656539351853,15.255224729938272,5.746186342592592,4.4207301311728395
2484,00:00:41.383,6.79583783436214,13.594466145833334,12.11396267361111,4.664296392746913,3.609254436728395
2485,00:00:41.400,11.65811696244856,21.700209780092592,21.08635754243827,7.74856674382716,6.139426601080247
2486,00:00:41.417,8.156987204218108,15.503522858796297,14.783327546296297,5.391412519290124,4.296221547067901
2487,00:00:41.433,8.839412454989711,16.24432146990741,16.05452980324074,5.7415567129629625,4.722150848765432
2488,00:00:41.450,0.5072476208847737,0.7066116898148148,1.0504822530864197,0.18620032793209876,0.2850602816358025
2489,00:00:41.467,11.388834233539093,18.732096354166668,20.635719521604937,7.519859182098766,6.01092399691358
2490,00:00:41.483,10.1070998906893,15.891138599537037,18.878668499228397,6.140883969907407,5.3017472029320984
2491,00:00:41.500,18.71712850437243,18.164322916666666,39.21001687885803,7.528381558641975,9.412987075617284
2492,00:00:41.517,13.778045749742796,23.786595775462963,21.633874903549383,11.58603587962963,8.114226466049383
2493,00:00:41.533,12.41721563143004,19.70310329861111,19.820227141203702,10.13160011574074,7.299819637345679
2494,00:00:41.550,34.74925331147119,39.77488425925926,52.57212914737654,32.75423466435185,18.921396122685184
2495,00:00:41.567,35.99356256430041,48.77379195601852,53.04460744598765,35.80024739583333,19.13583285108025
2496,00:00:41.583,0.04060506687242798,0.09235387731481481,0.0650294174382716,0.024742959104938272,0.03204282407407407
2497,00:00:41.600,31.407563818158437,59.771158854166664,45.2943537808642,29.7958699845679,19.13246768904321
2498,00:00:41.617,27.550226658950617,62.34329427083333,40.65016927083333,23.90231770833333,18.098192997685185
2499,00:00:41.633,14.334646990740742,31.129774305555557,21.439346064814814,11.67105613425926,9.893538773148148
2500,00:00:41.650,11.577500321502058,26.23587962962963,17.49390625,9.41837962962963,7.820215084876543
2501,00:00:41.667,9.780786233281892,20.659599247685186,14.761117380401235,8.113363715277778,6.467877604166667
2502,00:00:41.683,11.93418627829218,22.58070746527778,17.25097029320988,9.801570216049383,8.750018325617283
2503,00:00:41.700,13.745405896347735,29.993858506944445,19.98521412037037,11.300401234567902,9.950602334104937
2504,00:00:41.717,11.499613072273663,26.069986979166668,16.946145833333333,9.292770061728396,8.25992332175926
2505,00:00:41.733,0.16884934413580246,0.604296875,0.2974098186728395,0.07663435570987655,0.13250385802469136
2506,00:00:41.750,0.06316245498971194,0.1331814236111111,0.11546585648148149,0.026693672839506175,0.047327835648148145
2507,00:00:41.767,19.310671135545267,42.71754195601852,28.047662519290125,17.076366705246915,12.807984182098766
2508,00:00:41.783,11.485920781893006,28.287463831018517,16.193691165123457,10.188471739969136,8.07559944058642
2509,00:00:41.800,8.686221707818929,21.436060474537037,11.879808545524691,7.536937692901234,6.641918885030864
2510,00:00:41.817,9.82413821373457,23.609389467592592,14.028452932098766,8.390348186728396,7.053613522376543
2511,00:00:41.833,9.156115933641976,21.36448929398148,13.042455150462963,7.915911458333333,6.509981192129629
2512,00:00:41.850,8.420819187242797,18.08525028935185,11.749063946759259,7.682148919753087,5.831244695216049
2513,00:00:41.867,7.548497620884774,18.111935763888887,10.250710841049383,6.785392554012346,5.609389467592592
2514,00:00:41.883,18.805202546296297,42.57710503472222,22.836237461419753,19.41663821373457,14.162731963734569
2515,00:00:41.900,7.782094907407406,10.560930266203703,13.890034722222222,5.0909481095679014,4.365301890432098
2516,00:00:41.917,0.06460551697530864,0.12125289351851852,0.11808641975308642,0.03156780478395062,0.04416232638888889
2517,00:00:41.933,5.83714297196502,9.555244502314816,10.11250675154321,3.820068962191358,3.5788532021604937
2518,00:00:41.950,9.172988040123457,16.644849537037036,14.228709008487654,6.516280381944444,6.7739747299382715
2519,00:00:41.967,7.1359617734053495,16.8837890625,10.311184895833334,5.688564814814815,5.408135609567902
2520,00:00:41.983,7.586565715020576,19.813903356481482,10.727520736882717,6.256135706018519,5.776040702160494
2521,00:00:42.000,15.277674414866254,21.80953414351852,26.149122299382714,8.23286361882716,11.451037326388889
2522,00:00:42.017,6.971887538580247,19.530201099537038,8.780331790123457,6.867468171296296,5.267862654320988
2523,00:00:42.033,6.384951292438271,17.047099247685185,8.306700906635802,5.955271026234568,4.8928819444444445
2524,00:00:42.050,7.791622620884773,19.77455150462963,10.755565200617283,6.900373746141975,5.718928915895062
2525,00:00:42.067,18.112759291409464,43.396484375,25.12859471450617,16.17992042824074,13.029762731481481
2526,00:00:42.083,29.62986223636831,75.91820746527777,42.4116796875,25.834130497685184,20.643776523919755
2527,00:00:42.100,35.50250401877572,86.33267505787038,49.86436680169753,31.45010898919753,25.1930362654321
2528,00:00:42.117,53.74317001028806,112.737890625,74.93644627700617,50.441838831018515,35.851224922839506
2529,00:00:42.133,0.10531105324074073,0.30288628472222223,0.1355840084876543,0.07809268904320987,0.10225646219135802
2530,00:00:42.150,53.96371125900206,91.5419994212963,71.95058690200618,56.633192997685185,33.30735387731482
2531,00:00:42.167,51.12301022376543,84.05801504629629,76.26414785879629,50.04327932098766,27.061603491512347
2532,00:00:42.183,6.574085005144032,17.734526909722224,9.52135368441358,6.03174430941358,4.1691570216049385
2533,00:00:42.200,5.17254308127572,12.632682291666667,8.48315731095679,4.200305266203704,2.8341666666666665
2534,00:00:42.217,4.0890229552469135,11.293366608796296,6.992925347222222,3.242711226851852,2.0314322916666665
2535,00:00:42.233,5.132093782150205,12.396202256944445,8.396651716820987,4.029505208333333,2.9701244212962963
2536,00:00:42.250,8.217979681069957,15.282537615740742,12.961057098765432,6.838643904320987,4.854238040123457
2537,00:00:42.267,12.010254308127571,22.57431278935185,18.612158564814816,10.104696662808642,7.31390769675926
2538,00:00:42.283,15.828531378600823,32.61825810185185,24.7080965470679,12.48060763888889,10.29688994984568
2539,00:00:42.300,0.5667946244855967,1.1473524305555556,1.0041169945987654,0.23869695216049383,0.4575699266975309
2540,00:00:42.317,17.62647665895062,34.14351128472222,27.984853877314816,13.488252314814815,11.406323784722222
2541,00:00:42.333,22.05025607638889,44.885091145833336,34.787360628858025,17.23491512345679,14.128492476851852
2542,00:00:42.350,21.666792213220162,43.695189525462965,35.448380594135806,16.359041763117283,13.192954282407408
2543,00:00:42.367,25.374509066358026,51.622005208333334,41.14918499228395,19.59569685570988,15.378645351080246
2544,00:00:42.383,23.71664592978395,51.934975405092594,36.13512490354938,19.59532069830247,15.4194921875
2545,00:00:42.400,27.262258230452673,60.94236834490741,38.10481674382716,23.58718894675926,20.094769000771606
2546,00:00:42.417,17.491334233539096,44.42824074074074,23.335355420524692,15.979270351080247,13.159376929012346
2547,00:00:42.433,0.07705455889917695,0.28001302083333335,0.10720052083333333,0.04548948688271605,0.07847366898148148
2548,00:00:42.450,0.006072852366255144,0.010452835648148149,0.012117091049382717,0.0016685956790123456,0.00443287037037037
2549,00:00:42.467,0.005344167952674898,0.00024594907407407405,0.009880401234567902,0.001722608024691358,0.004429494598765432
2550,00:00:42.483,16.829191100823046,40.75486834490741,21.737661072530866,15.785120563271605,12.964791666666667
2551,00:00:42.500,36.08980452674897,79.18883825231481,44.56740547839506,31.56583381558642,32.13617428626543
2552,00:00:42.517,21.464620949074074,56.008875868055554,21.27491753472222,21.270738811728396,21.848206500771607
2553,00:00:42.533,17.767553851594652,41.15588831018518,17.973784239969135,16.712368827160493,18.616508487654322
2554,00:00:42.550,0.05655687371399176,0.23893952546296296,0.0746754436728395,0.03331983024691358,0.061675347222222225
2555,00:00:42.567,29.659551022376544,62.72045717592592,38.7310440779321,27.33845389660494,22.90915509259259
2556,00:00:42.583,35.785931552211935,73.28556857638888,48.29045331790123,33.17363811728395,25.893703221450618
2557,00:00:42.600,54.038325295781895,91.45640914351851,62.24063030478395,64.4675993441358,35.406746238425924
2558,00:00:42.617,45.79185683513375,92.87516637731481,50.800057870370374,53.5316975308642,33.04381510416667
2559,00:00:42.633,54.66349922839506,104.06019241898149,71.21500482253086,59.31917534722222,33.4563175154321
2560,00:00:42.650,0.09995241769547325,0.35379774305555556,0.12469521604938272,0.08017554012345679,0.09498649691358024
2561,00:00:42.667,40.12446309156379,70.88707320601851,58.8680005787037,36.74711226851852,24.758276427469134
2562,00:00:42.683,41.112892714763376,59.65457899305556,62.79049913194444,34.27165171682099,26.27652729552469
2563,00:00:42.700,23.94745965149177,37.117896412037034,36.17102768132716,18.932254533179012,16.739096739969135
2564,00:00:42.717,0.11949041923868313,0.6504123263888889,0.20368103780864197,0.06658613040123457,0.08820408950617284
2565,00:00:42.733,12.44923514660494,22.467570891203703,18.408110532407406,9.520022183641975,9.419572723765432
2566,00:00:42.750,15.828754822530863,27.86037326388889,23.870514081790123,11.562155671296296,12.053594714506174
2567,00:00:42.767,17.092269000771605,23.714040798611112,26.456368152006174,12.632861207561728,12.187577642746914
2568,00:00:42.783,25.616704764660494,23.941789641203705,41.100710841049384,19.0850602816358,16.664343171296295
2569,00:00:42.800,22.141580986368314,27.354701967592593,31.691059510030865,19.876593364197532,14.857090084876543
2570,00:00:42.817,30.347899305555558,55.920457175925925,47.09711033950617,22.837679398148147,21.108908179012346
2571,00:00:42.833,21.681128311471195,40.19693287037037,32.14297309027778,17.156364293981483,15.74404755015432
2572,00:00:42.850,23.70575311856996,38.31468460648148,32.73938126929012,17.139584780092594,21.23829330632716
2573,00:00:42.867,0.16429285622427983,0.7194010416666666,0.262818287037037,0.0900757137345679,0.13998456790123456
2574,00:00:42.883,23.62699186599794,39.766276041666664,37.017100694444444,14.565265721450617,19.298609182098765
2575,00:00:42.900,14.918836001800413,24.61273871527778,22.361397087191357,9.136398051697531,13.258712866512345
2576,00:00:42.917,18.14466869212963,34.46373697916667,26.819083719135804,12.751721161265433,14.863201195987655
2577,00:00:42.933,20.30702819573045,38.252336516203705,29.45162037037037,14.627086709104939,16.842377507716048
2578,00:00:42.950,11.771471997170783,20.807537615740742,16.955224247685184,8.27828655478395,10.080905189043209
2579,00:00:42.967,13.192573945473251,23.038541666666667,19.65961226851852,9.059278549382716,10.858831018518519
2580,00:00:42.983,17.447308063271606,32.26421440972222,27.246869212962963,11.801261091820988,13.293793885030864
2581,00:00:43.000,22.856593203446504,35.27807436342592,37.1578409529321,13.360978491512345,18.050960165895063
2582,00:00:43.017,16.091075906635805,31.417165798611112,23.793426408179013,11.968166473765432,12.511634837962964
2583,00:00:43.033,15.38298611111111,31.344856770833335,22.63707272376543,11.553435570987654,11.958450038580247
2584,00:00:43.050,18.76656764403292,34.74362702546296,27.85471836419753,13.878263406635803,14.566721161265432
2585,00:00:43.067,18.08979038065844,36.344017650462966,27.075910011574074,13.44830825617284,13.745152874228395
2586,00:00:43.083,20.87495048868313,37.91858362268518,29.825681423611112,14.895837673611112,17.90333236882716
2587,00:00:43.100,18.515455729166664,35.412362557870374,28.01154899691358,13.142496624228395,14.392321566358024
2588,00:00:43.117,17.742384420010286,36.91154513888889,26.325061246141974,12.655885416666667,14.246206597222223
2589,00:00:43.133,17.698005401234568,32.16571180555555,27.623129340277778,12.102700135030863,13.368186728395061
2590,00:00:43.150,15.319169881687243,32.468721064814815,22.577138310185184,10.768127411265432,12.61224392361111
2591,00:00:43.167,14.736364936985597,30.65435474537037,20.781712480709878,10.700698784722222,12.726683545524692
2592,00:00:43.183,13.498513374485597,29.79562355324074,19.08542727623457,9.645865644290124,11.764247202932099
2593,00:00:43.200,11.964914480452677,25.21765046296296,16.658599537037038,8.479752121913581,10.756391782407407
2594,00:00:43.217,10.23216724537037,20.862261284722223,14.054085165895062,7.201634837962963,9.440781732253086
2595,00:00:43.233,18.158722029320987,42.321317997685185,25.775432581018517,12.768152970679012,15.932580536265432
2596,00:00:43.250,0.05839007844650205,0.27251157407407406,0.09123215663580247,0.026105324074074072,0.057832754629629626
2597,00:00:43.267,36.61982510288066,82.08747106481482,46.39822482638889,31.086365258487653,32.37488522376543
2598,00:00:43.283,34.44387908307613,81.89058883101852,41.23511477623457,30.53714313271605,31.55937934027778
2599,00:00:43.300,38.37573977623457,87.82029803240741,45.087548225308645,36.12246624228395,33.91720486111111
2600,00:00:43.317,40.13008053626543,82.62548466435184,47.68352141203704,40.10882908950617,32.59789110725308
2601,00:00:43.333,38.026801697530864,79.49947193287036,42.324444444444445,41.252202449845676,30.50375819830247
2602,00:00:43.350,24.788505176183126,56.12201244212963,25.74114872685185,27.011234567901234,21.613132233796296
2603,00:00:43.367,6.333692933384774,12.387839988425926,7.235853587962963,5.929932966820988,5.83529224537037
2604,00:00:43.383,18.893417888374486,47.88308738425926,19.323360339506173,19.683170331790123,17.67372299382716
2605,00:00:43.400,0.10794672710905351,0.2759548611111111,0.12011815200617285,0.08730999228395062,0.11641203703703704
2606,00:00:43.417,21.086005336934154,55.98317418981482,20.405381462191357,22.466935763888888,20.385698784722223
2607,00:00:43.433,19.92257683899177,56.321108217592595,19.363296199845678,21.06543885030864,19.338995466820986
2608,00:00:43.450,11.75917566872428,27.829752604166668,11.615820794753086,11.247114197530864,12.414592013888889
2609,00:00:43.467,13.781751864711934,31.392939814814813,13.83975356867284,13.887760416666667,13.617741608796296
2610,00:00:43.483,11.326925636574074,25.293648726851853,11.25110725308642,11.7770703125,10.952599344135802
2611,00:00:43.500,10.34842930169753,8.619162326388889,16.67143084490741,3.892510609567901,10.481346450617284
2612,00:00:43.517,10.589068769290122,23.04001736111111,9.686196469907408,10.949205729166666,11.131804108796297
2613,00:00:43.533,15.817449524176956,37.48349971064815,14.464246238425925,16.97754726080247,16.01055507330247
2614,00:00:43.550,16.94857863940329,40.286950231481484,15.714840856481482,17.952000868055556,17.17889419367284
2615,00:00:43.567,19.796945730452673,53.60017361111111,18.12099537037037,22.31850356867284,18.951338252314816
2616,00:00:43.583,20.570475823045268,58.72722800925926,19.796015625,23.08228973765432,18.833122106481483
2617,00:00:43.600,18.000445441100826,53.09204282407408,17.567480709876545,19.835423418209878,16.59843219521605
2618,00:00:43.617,16.334362139917697,50.44612268518519,16.337540027006174,17.935261863425925,14.730284529320988
2619,00:00:43.633,17.957488747427984,54.647301793981484,18.37672550154321,19.235624517746913,16.260116222993826
2620,00:00:43.650,15.218670428240742,47.82037037037037,14.89568142361111,16.885725308641977,13.874604552469135
2621,00:00:43.667,15.470464088220163,50.450672743055556,15.12350887345679,17.17540412808642,14.112479263117283
2622,00:00:43.683,17.98409722222222,54.08752170138889,17.98368682484568,19.85953944830247,16.10906539351852
2623,00:00:43.700,0.10774707433127573,0.2682074652777778,0.15533564814814815,0.06918016975308643,0.09872540509259259
2624,00:00:43.717,26.05315891846708,69.86380208333334,28.070863715277778,28.484716435185184,21.60389660493827
2625,00:00:43.733,28.339238200874487,69.89552951388889,30.12491512345679,32.660034239969136,22.23276523919753
2626,00:00:43.750,41.96036586934156,81.33978587962963,44.70774932484568,52.37952835648148,28.79381992669753
2627,00:00:43.767,36.70726803626543,81.34347511574074,42.990395447530865,42.68152633101852,24.449882330246915
2628,00:00:43.783,32.33888856738683,76.29254195601852,38.49013165509259,36.21450569058642,22.31202835648148
2629,00:00:43.800,28.45731690457819,72.66922019675926,34.63780044367284,30.960311535493826,19.773838734567903
2630,00:00:43.817,20.899914319701647,58.0513599537037,25.94442081404321,22.710548804012344,14.044773341049384
2631,00:00:43.833,20.5259363747428,57.452719907407406,26.91622444058642,21.722399691358024,12.93918499228395
2632,00:00:43.850,17.679004951131688,48.94312789351852,24.986013695987655,17.555739776234567,10.49526138117284
2633,00:00:43.867,20.03198945473251,54.0423900462963,28.55569782021605,19.425637538580247,12.114633005401235
2634,00:00:43.883,20.58949475951646,55.51771556712963,29.34860821759259,20.222094907407406,12.197781153549382
2635,00:00:43.900,16.935369888117282,47.51158130787037,23.85928047839506,16.908118730709877,10.038710455246914
2636,00:00:43.917,0.3403804976851852,0.7653935185185186,0.5457171103395062,0.21853925540123456,0.25688512731481483
2637,00:00:43.933,17.513472061471195,48.24131221064815,24.176855227623456,17.583636188271605,10.77992476851852
2638,00:00:43.950,18.506205311213993,48.262217881944444,24.519705825617283,18.936782889660495,12.062127218364198
2639,00:00:43.967,15.72773308899177,40.99061053240741,20.95865981867284,16.263509837962964,9.961029610339507
2640,00:00:43.983,18.243552436985595,45.478935185185186,25.10401668595679,18.249109278549383,11.377531346450617
2641,00:00:44.000,20.658137377829217,42.06639178240741,31.46228057484568,16.647041377314814,13.86509018132716
2642,00:00:44.017,19.19355774176955,51.51009837962963,25.986477141203704,19.4273046875,12.166891396604939
2643,00:00:44.033,23.20576758616255,60.423292824074075,31.116653645833335,23.438526234567902,15.06212287808642
2644,00:00:44.050,23.876279417438273,61.87230179398148,32.04964699074074,23.93131606867284,15.647875192901235
2645,00:00:44.067,21.54120064943416,56.18546730324074,29.567554976851852,20.888840663580247,14.167206307870371
2646,00:00:44.083,19.314403935185187,47.89895109953704,26.093141878858024,18.862383777006173,12.987686149691358
2647,00:00:44.100,18.753577192644034,44.84684606481481,26.13859905478395,17.854297839506174,12.267834683641976
2648,00:00:44.117,17.594578510802467,43.370536747685186,24.071815200617284,17.034542341820988,11.677377989969136
2649,00:00:44.133,20.750973186728395,54.47808883101852,29.321462191358023,19.68737461419753,13.24408275462963
2650,00:00:44.150,19.61185329861111,53.99811921296296,27.278521894290122,19.112154224537036,12.444883777006172
2651,00:00:44.167,18.325294495884776,48.803797743055554,25.600377604166667,17.365698784722223,12.009807098765432
2652,00:00:44.183,15.007182516718109,38.84974681712963,20.823333333333334,14.365053047839506,9.833161168981482
2653,00:00:44.200,0.1564088220164609,0.30128761574074076,0.27868537808641974,0.07740451388888889,0.11313657407407407
2654,00:00:44.217,17.278696630658438,43.765407986111114,24.498663676697532,15.884810956790124,11.452615258487654
2655,00:00:44.233,18.861780317644033,47.22849392361111,27.087305652006172,17.277330729166668,12.22070457175926
2656,00:00:44.250,16.356573431069958,42.53074363425926,23.240727237654323,14.974221643518518,10.854771412037037
2657,00:00:44.267,19.228052983539097,43.990205439814815,27.612454668209878,16.92402874228395,13.147675540123457
2658,00:00:44.283,16.851975147890943,40.39541377314815,22.705400270061727,16.30011477623457,11.550410397376544
2659,00:00:44.300,25.514386252572013,59.5796875,35.17625241126543,24.717072723765433,16.649833622685186
2660,00:00:44.317,23.432562371399175,53.21723090277778,32.181259162808644,22.7003515625,15.41607638888889
2661,00:00:44.333,20.875393036265432,48.35051359953704,28.18894290123457,20.45312885802469,13.984107349537037
2662,00:00:44.350,13.994347993827162,31.74341724537037,18.86252555941358,13.51421199845679,9.60630642361111
2663,00:00:44.367,16.49120563271605,36.69978298611111,23.104278549382716,15.224314718364198,11.145023630401235
2664,00:00:44.383,13.71693431712963,31.99735966435185,18.636683063271605,13.213769290123457,9.300350597993827
2665,00:00:44.400,17.761490644290124,41.41130642361111,25.018019386574075,16.196526331018518,12.069926215277778
2666,00:00:44.417,0.04420781893004116,0.08718894675925926,0.08429735725308642,0.021102430555555555,0.027223668981481482
2667,00:00:44.433,14.923777809927984,37.65148292824074,20.965383391203705,13.814687982253087,9.99126205632716
2668,00:00:44.450,16.173036747685185,40.57421875,23.101289544753087,14.394761284722222,11.023059413580247
2669,00:00:44.467,16.801548836162553,41.968012152777774,24.361313175154322,14.720015914351851,11.323317418981482
2670,00:00:44.483,15.60815731095679,39.54898003472222,22.599503279320988,13.748377218364197,10.476591435185185
2671,00:00:44.500,20.590831886574076,34.47787905092593,35.20013647762346,13.28889274691358,13.283466435185185
2672,00:00:44.517,15.531761670524693,40.58024450231481,22.240632716049383,14.061948784722222,10.292703510802468
2673,00:00:44.533,13.817262892232511,35.320131655092595,19.93113522376543,12.500009162808642,9.020644290123457
2674,00:00:44.550,15.260010609567901,39.31655815972222,22.28919463734568,13.6464559220679,9.844381269290123
2675,00:00:44.567,14.836826131687241,36.98889612268518,22.032468653549383,13.174930555555555,9.30307918595679
2676,00:00:44.583,14.257838059413581,34.193930844907406,21.633487654320987,12.42509162808642,8.714934895833334
2677,00:00:44.600,10.772853813014402,24.328298611111112,16.231943479938273,9.467646122685185,6.618971836419753
2678,00:00:44.617,19.395967721193415,32.55234375,33.185063657407404,14.702828896604938,10.3000106095679
2679,00:00:44.633,14.49027472350823,31.122272858796297,21.295094039351852,13.401544656635803,8.774185474537036
2680,00:00:44.650,13.02147344393004,26.000875289351853,19.801019000771603,11.416371045524691,7.847030285493827
2681,00:00:44.667,0.06806246784979424,0.10428240740740741,0.11303385416666667,0.03724729938271605,0.05390625
2682,00:00:44.683,14.111113361625513,28.030324074074073,21.600818383487653,12.083349729938272,8.649171971450617
2683,00:00:44.700,13.651591756687244,26.052278645833333,20.80588204089506,11.667446952160494,8.481446277006173
2684,00:00:44.717,14.33483442644033,24.411306423611112,21.899817708333334,12.34886043595679,8.755825135030864
2685,00:00:44.733,12.352421875,20.31231915509259,18.325673707561727,10.884722222222223,7.846869695216049
2686,00:00:44.750,13.824460037294239,21.125303819444444,20.78438850308642,12.159563078703703,8.529428530092593
2687,00:00:44.767,12.88307661394033,18.802560763888888,19.292663483796296,11.24097511574074,8.115591242283951
2688,00:00:44.783,33.956437114197534,45.43712384259259,49.54150607638889,33.80647521219136,18.521330054012346
2689,00:00:44.800,33.936301440329224,62.41240596064815,46.13586275077161,33.68849633487655,21.984545235339507
2690,00:00:44.817,30.4355373906893,68.28345630787037,38.69640866126543,33.90905237268519,18.701151138117282
2691,00:00:44.833,0.06270061728395061,0.24189091435185187,0.0894164737654321,0.04034384645061728,0.05834153163580247
2692,00:00:44.850,44.98622926311728,79.40170717592592,62.90065007716049,52.2875072337963,19.770530478395063
2693,00:00:44.867,39.713570119598764,75.2386501736111,51.099858699845676,48.520163483796296,19.52068817515432
2694,00:00:44.883,32.20729021990741,77.98590133101852,42.67517650462963,34.45080680941358,19.495887345679012
2695,00:00:44.900,26.65320569701646,69.23072916666666,35.46935474537037,26.335078125,18.15518422067901
2696,00:00:44.917,33.991860693158436,70.78734085648148,46.75512635030864,34.69127025462963,20.529185474537037
2697,00:00:44.933,21.724223733281892,51.54502314814815,32.11014419367284,18.55733555169753,14.505191454475309
2698,00:00:44.950,12.32155446244856,26.364879918981483,17.25514805169753,11.206975308641976,8.502540027006173
2699,00:00:44.967,13.959603587962961,29.305815972222224,20.061529224537036,12.351550925925926,9.465730613425926
2700,00:00:44.983,11.04585535622428,20.234476273148147,15.839192708333334,9.52167293595679,7.7767004243827165
2701,00:00:45.000,13.51950456532922,13.407790798611112,26.381916956018518,3.896775173611111,10.279821566358025
2702,00:00:45.017,26.59751768261317,44.12830584490741,35.83163435570987,22.852033179012345,21.108885513117283
2703,00:00:45.033,0.12306198559670782,0.31051070601851855,0.1920360725308642,0.08070457175925926,0.0964453125
2704,00:00:45.050,11.972060345936214,22.561769386574074,17.413511284722222,10.396570698302469,8.10609905478395
2705,00:00:45.067,16.51956050668724,35.38334056712963,23.344463734567903,13.856094232253087,12.358123553240741
2706,00:00:45.083,14.816920171039094,31.392447916666665,21.954998070987653,12.162033179012345,10.333729263117284
2707,00:00:45.100,13.292156314300412,27.457508680555556,19.627378954475308,11.148899016203703,9.100190972222222
2708,00:00:45.117,11.402432484567901,21.348871527777778,16.83051601080247,9.462138792438271,7.914642650462963
2709,00:00:45.133,13.926538869598765,28.930866608796297,20.274431905864198,11.756187307098765,9.748997395833333
2710,00:00:45.150,10.47875,21.536161747685185,15.40602768132716,8.782940297067901,7.2472820216049385
2711,00:00:45.167,0.17217849794238682,0.5634693287037037,0.2697685185185185,0.08998939043209876,0.1567775848765432
2712,00:00:45.183,16.887139756944446,36.638910590277774,25.50583912037037,13.868915895061729,11.286664255401234
2713,00:00:45.200,0.1775583526234568,0.48353587962962963,0.2881023341049383,0.08904803240740741,0.15552469135802469
2714,00:00:45.217,13.503520447530866,27.72547019675926,20.411529224537038,11.432495659722223,8.666536458333333
2715,00:00:45.233,11.259344296553499,22.11315827546296,16.851718267746914,9.591453510802468,7.3348611111111115
2716,00:00:45.250,13.543175797325103,26.59951533564815,20.634111689814816,11.423191068672839,8.572224633487654
2717,00:00:45.267,11.813495531121399,22.920363136574075,18.14250964506173,9.891821469907407,7.406155478395061
2718,00:00:45.283,12.385000964506174,23.645052083333333,18.830053047839506,10.494402488425926,7.830547357253087
2719,00:00:45.300,13.414798578960905,28.35682146990741,20.437371238425925,11.379196566358024,8.427827932098765
2720,00:00:45.317,10.807296167695474,22.766399016203703,16.37877025462963,9.211326678240741,6.831791570216049
2721,00:00:45.333,12.594616126543208,25.61830150462963,19.249207175925925,10.663266300154321,7.871374903549382
2722,00:00:45.350,10.526866480195473,20.18959056712963,16.422670235339506,8.847916666666666,6.310012538580247
2723,00:00:45.367,13.214858056841564,25.02027633101852,20.56187355324074,11.198697916666667,7.884002700617284
2724,00:00:45.383,11.364504243827161,19.576070601851853,17.577053433641975,9.683044945987655,6.833414351851852
2725,00:00:45.400,11.099003504372428,20.136588541666665,17.20718460648148,9.559691358024692,6.5301345486111115
2726,00:00:45.417,11.253153452932098,20.91550925925926,17.28368007330247,9.689053819444444,6.786726466049383
2727,00:00:45.433,12.746562339248973,23.56302806712963,19.77317756558642,11.023310185185185,7.443199266975308
2728,00:00:45.450,10.51657053755144,19.197800925925925,16.375803915895062,8.997812017746913,6.176095679012346
2729,00:00:45.467,0.0937816679526749,0.32797309027777777,0.16859712577160493,0.04961564429012345,0.0631322337962963
2730,00:00:45.483,13.531885448816872,26.66506076388889,20.634435763888888,11.765442226080246,8.195778356481481
2731,00:00:45.500,19.7635630465535,27.66730324074074,33.73064814814815,12.273120177469135,13.28692081404321
2732,00:00:45.517,22.54720389660494,46.937905092592594,34.567510609567904,19.320272955246914,13.753828125
2733,00:00:45.533,14.992927597736626,27.60925925925926,22.82601273148148,12.354329668209877,9.798440393518518
2734,00:00:45.550,17.270010931069958,35.79714988425926,26.940307677469136,13.646677276234568,11.223047839506172
2735,00:00:45.567,9.88451517489712,20.467881944444443,15.222553530092593,7.352743537808642,7.078248456790123
2736,00:00:45.583,19.4262405156893,42.58005642361111,30.391517168209877,15.43852768132716,12.448676697530864
2737,00:00:45.600,18.560706822273662,40.72166521990741,28.49514949845679,14.782574266975308,12.404396701388889
2738,00:00:45.617,6.141804591049382,13.347533275462963,7.999135320216049,5.186123649691358,5.240154803240741
2739,00:00:45.633,8.92042711548354,18.43191550925926,11.947275270061729,7.612087191358024,7.201918885030865
2740,00:00:45.650,25.284663708847734,58.243077256944446,39.710746045524694,20.664005111882716,15.479239969135802
2741,00:00:45.667,29.769189332561727,67.42300347222222,45.49500048225308,25.510410879629628,18.30215663580247
2742,00:00:45.683,33.226813593106996,76.03700086805556,50.56697048611111,28.114207658179012,20.999262635030863
2743,00:00:45.700,28.31926874356996,65.98407841435186,42.679368730709875,23.198692611882716,19.079744888117283
2744,00:00:45.717,37.24058240097737,86.99673755787038,51.27717399691358,32.543128858024694,27.901444347993827
2745,00:00:45.733,31.794581082818933,72.61363570601851,45.103452449845676,28.07320987654321,22.207080922067902
2746,00:00:45.750,0.09146685313786009,0.3782696759259259,0.14519579475308642,0.054095775462962965,0.07510898919753087
2747,00:00:45.767,25.015371013374487,61.588599537037034,35.844377411265434,21.18303047839506,18.018705150462964
2748,00:00:45.783,9.607944798096709,19.609150752314815,12.26045669367284,8.096188753858025,8.46718894675926
2749,00:00:45.800,7.5117902842078195,16.237926793981483,8.917298900462963,7.340098379629629,6.277973572530864
2750,00:00:45.817,7.511648180298354,16.848618344907408,9.584413097993828,7.313550829475308,5.6369806134259255
2751,00:00:45.833,9.63958767361111,18.234910300925925,12.504295910493827,8.804860628858025,7.609606481481482
2752,00:00:45.850,9.933716563786009,18.24019820601852,12.901186824845679,9.043020833333333,7.8569420331790125
2753,00:00:45.867,9.554674318415637,18.017368344907407,12.60646267361111,8.537200520833334,7.520359760802469
2754,00:00:45.883,9.498095261059673,19.633745659722223,12.747034143518519,8.562502893518518,7.184748746141976
2755,00:00:45.900,8.117655285493827,16.25379050925926,11.643328028549382,6.766989776234568,5.942648051697531
2756,00:00:45.917,8.877962962962963,16.386111111111113,12.772348572530865,7.322508680555556,6.539031635802469
2757,00:00:45.933,21.33653549382716,49.01076388888889,31.328597125771605,17.907463831018518,14.773545524691357
2758,00:00:45.950,25.958912680041152,62.70631510416667,37.2392399691358,22.93955005787037,17.697948013117283
2759,00:00:45.967,24.9650898598251,60.572706886574075,36.330584972993826,21.627345196759258,16.937339409722224
2760,00:00:45.983,9.992503697273662,19.031785300925925,14.068363715277778,8.649181616512346,7.259965760030864
2761,00:00:46.000,16.545941840277777,23.97253327546296,27.050720968364196,10.325715663580247,12.261388888888888
2762,00:00:46.017,13.305984117798355,25.63023003472222,18.844294945987656,11.813466435185186,9.260190972222222
2763,00:00:46.033,0.07081243569958849,0.14966001157407408,0.1116087962962963,0.04416232638888889,0.05666618441358025
2764,00:00:46.050,21.809882169495882,50.159469039351855,31.713699845679013,18.743661747685184,14.972284915123456
2765,00:00:46.067,27.64612172067901,65.65831886574074,39.76039158950617,24.16085648148148,19.017117091049382
2766,00:00:46.083,31.168377539866256,74.42050057870371,43.87338975694445,28.124714023919754,21.507028838734566
2767,00:00:46.100,34.30556134259259,81.34605758101851,49.07583285108025,31.411606385030865,22.429244791666665
2768,00:00:46.117,36.81628054269547,87.3398365162037,52.81737172067901,33.83891975308642,23.79255015432099
2769,00:00:46.133,36.27160783179013,86.21535734953704,51.00892795138889,33.54950665509259,24.25638888888889
2770,00:00:46.150,39.27893164866255,85.95760271990741,55.57406876929012,35.7749252507716,26.487800925925924
2771,00:00:46.167,31.274925090020577,74.0064453125,43.83432773919753,27.506942997685186,22.483504533179012
2772,00:00:46.183,29.468068897890944,68.93472945601852,40.50649884259259,25.66320698302469,22.234500868055555
2773,00:00:46.200,12.649940361368314,25.503935185185185,17.82619357638889,10.127975983796297,9.995651523919753
2774,00:00:46.217,15.805278581532923,34.36584924768518,22.09962143132716,13.722317708333334,11.593896604938271
2775,00:00:46.233,16.00285172325103,33.29068287037037,22.70816020447531,13.69074363425926,11.609651331018519
2776,00:00:46.250,17.19381735468107,37.082602719907406,24.620885416666667,14.603363715277778,12.357202932098765
2777,00:00:46.267,19.449202835648148,43.637760416666666,28.178413869598767,16.264892939814814,13.904301697530864
2778,00:00:46.283,20.15385271990741,41.69574652777778,28.55289978780864,17.019968653549384,14.888689718364198
2779,00:00:46.300,0.13457674254115226,0.5345703125,0.20836467978395062,0.07757378472222222,0.11779176311728395
2780,00:00:46.317,18.058771219135803,36.469943576388886,26.410622106481483,14.219608892746914,13.546082658179012
2781,00:00:46.333,40.57001221707819,86.79026331018518,54.592489872685185,36.55074025848766,30.56680652006173
2782,00:00:46.350,36.75356352880658,82.92554253472223,45.91067322530864,34.01277777777778,30.337239583333332
2783,00:00:46.367,35.11507828575103,75.18491030092592,44.203304880401234,31.95057629243827,29.19135368441358
2784,00:00:46.383,31.75368634259259,70.58394097222222,42.814810956790126,27.907355324074075,24.53889274691358
2785,00:00:46.400,30.841651877572016,65.12042824074074,43.06528838734568,26.41622588734568,23.04344135802469
2786,00:00:46.417,30.303947563014404,61.26357783564815,41.680479359567904,25.60756606867284,23.62379726080247
2787,00:00:46.433,29.173306166409464,57.094249131944444,40.93037326388889,24.393911072530866,22.19563416280864
2788,00:00:46.450,22.301398855452675,48.314236111111114,31.7797371720679,17.385600887345678,17.738858506944446
2789,00:00:46.467,28.49383101851852,55.70205439814815,39.155900848765434,23.911938175154322,22.4136540316358
2790,00:00:46.483,18.785720325360085,40.77257667824074,25.874197530864198,14.916376350308642,15.566587094907407
2791,00:00:46.500,13.879238200874488,12.976765046296297,23.895479841820986,3.6343045910493825,14.107930169753086
2792,00:00:46.517,21.813766396604937,49.66535734953704,29.567140721450617,16.555204957561727,19.31895351080247
2793,00:00:46.533,0.12768132716049382,0.48550347222222223,0.13053288966049384,0.06883921682098765,0.183671875
2794,00:00:46.550,21.12284770447531,51.086942997685185,28.761661361882716,15.262274305555556,19.344607445987656
2795,00:00:46.567,21.12933079346708,53.57779224537037,28.52305217978395,15.04667293595679,19.818267264660495
2796,00:00:46.583,16.072265946502057,43.75999710648148,21.907471064814814,10.763384452160494,15.545942322530864
2797,00:00:46.600,18.552656893004116,47.84533420138889,24.62693287037037,12.827909915123456,18.20312789351852
2798,00:00:46.617,18.633926826131688,58.40847800925926,21.749974922839506,13.963970871913581,20.187834683641974
2799,00:00:46.633,23.13472157921811,70.9560619212963,26.17836226851852,18.818218557098767,24.407583912037037
2800,00:00:46.650,29.87749710648148,83.32668547453704,33.00660300925926,26.930773533950617,29.69511477623457
2801,00:00:46.667,32.62458060056584,82.85286458333333,37.27352237654321,29.079404417438273,31.52081500771605
2802,00:00:46.683,36.14154208461934,88.59097945601852,43.373159239969134,34.637801408179016,30.413665605709877
2803,00:00:46.700,33.536304816100824,81.35786313657407,41.61071807484568,31.47033805941358,27.52785831404321
2804,00:00:46.717,0.11530398019547324,0.2390625,0.17042775848765432,0.06741512345679013,0.1080690586419753
2805,00:00:46.733,29.22526379243827,69.90672019675925,37.31648244598765,26.06738908179012,24.291919849537038
2806,00:00:46.750,0.09881831918724278,0.3622829861111111,0.13332609953703703,0.05640432098765432,0.10672453703703703
2807,00:00:46.767,21.714526748971196,53.24699074074074,22.052790316358024,19.741037808641977,23.349752121913582
2808,00:00:46.783,0.38198286394032926,0.7599826388888888,0.5310228587962963,0.2179369212962963,0.39698881172839506
2809,00:00:46.800,13.587706404320988,33.79807581018518,12.079291087962963,12.108800154320988,16.575027970679013
2810,00:00:46.817,20.153953993055556,46.357711226851855,18.721652199074075,17.963472704475308,23.776737075617284
2811,00:00:46.833,15.35997829861111,35.3115234375,13.658524305555556,13.490749421296297,18.93066116898148
2812,00:00:46.850,15.629464699074076,35.1189453125,14.207973572530864,13.442882908950617,19.23753761574074
2813,00:00:46.867,14.464287872942387,32.230027488425925,13.646834972993828,12.264646508487655,17.48138213734568
2814,00:00:46.883,0.1137839184670782,0.3138310185185185,0.1379176311728395,0.06979793595679012,0.13363618827160495
2815,00:00:46.900,21.379968814300412,57.278464988425924,22.235415219907406,18.99352912808642,22.910962094907408
2816,00:00:46.917,1.9626244212962964,4.162073206018518,2.7285677083333333,1.0709153163580247,2.088390239197531
2817,00:00:46.933,19.07820183899177,51.350108506944444,20.090801986882717,16.87991753472222,20.26388599537037
2818,00:00:46.950,7.706011284722223,17.567527488425927,7.10119212962963,6.588742766203704,9.428098958333333
2819,00:00:46.967,11.333194122942388,24.78822337962963,10.528851273148149,9.74086082175926,13.729870273919753
2820,00:00:46.983,7.494543467078189,16.280230034722223,6.8988517554012345,6.260047743055556,9.324730902777778
2821,00:00:47.000,13.752042663323046,20.622583912037037,19.633428819444443,6.970472125771605,14.652227044753086
2822,00:00:47.017,5.878155060442388,12.865964988425926,5.156621817129629,5.0847395833333335,7.393103780864197
2823,00:00:47.033,5.079212641460905,11.5015625,4.565032793209877,4.358083526234568,6.314521604938272
2824,00:00:47.050,0.06339200745884774,0.22258391203703703,0.07107928240740741,0.04562210648148148,0.07347463348765432
2825,00:00:47.067,6.66800507973251,14.25287181712963,6.3064988425925925,5.679261670524691,8.018254726080247
2826,00:00:47.083,4.5197106481481475,10.285713252314816,4.269565972222222,3.821817611882716,5.467748360339506
2827,00:00:47.100,5.913291216563786,10.967238136574075,6.300615837191358,5.184787808641976,6.2544700038580245
2828,00:00:47.117,12.053324492026748,19.670883969907408,14.944803240740741,10.358854648919753,10.856315586419752
2829,00:00:47.133,23.288262442129632,48.5197265625,27.53834442515432,21.0988671875,21.227575713734566
2830,00:00:47.150,27.419895351080246,59.432364004629626,33.09213734567901,25.317458043981482,23.850090663580247
2831,00:00:47.167,0.07823414994855966,0.20954861111111112,0.07925395447530864,0.06027247299382716,0.09517602237654321
2832,00:00:47.183,28.26413242669753,62.30406539351852,35.29692611882716,26.776349344135802,22.71912181712963
2833,00:00:47.200,32.52435587062757,74.45345775462962,41.37399787808642,31.906276523919754,24.292793209876542
2834,00:00:47.217,30.623904803240737,74.25903501157407,41.27839023919753,28.949803240740742,21.64352092978395
2835,00:00:47.233,22.80016316229424,55.86561053240741,30.939329668209876,21.021327160493826,16.43983265817901
2836,00:00:47.250,19.438203446502058,48.439424189814815,24.711975308641975,17.87182629243827,15.730808738425926
2837,00:00:47.267,13.179952256944444,33.46001880787037,14.263174672067901,12.785119598765432,12.4915625
2838,00:00:47.283,11.196579218106995,29.424855324074073,11.720975597993828,10.90827594521605,10.960486111111111
2839,00:00:47.300,11.75743939686214,31.77330005787037,12.559598283179012,11.418467399691359,11.294252507716049
2840,00:00:47.317,14.89474954989712,39.4363353587963,16.68485580632716,14.3357315779321,13.663661265432099
2841,00:00:47.333,16.60590534979424,42.840024594907405,19.102306616512347,16.060185185185187,14.655224247685185
2842,00:00:47.350,17.05699636702675,42.1968677662037,21.25804157021605,15.751516203703703,14.161431327160495
2843,00:00:47.367,26.148949813528805,68.5150173611111,33.731638695987655,25.42786072530864,19.287350019290123
2844,00:00:47.383,0.10284931198559671,0.20143229166666668,0.1529759837962963,0.05745949074074074,0.09811246141975309
2845,00:00:47.400,22.30711725180041,58.19929832175926,29.480230034722222,21.29576630015432,16.14535542052469
2846,00:00:47.417,27.89101610725309,70.89826388888889,36.069999517746915,27.293655478395063,20.309393325617282
2847,00:00:47.433,28.612384741512344,74.10457899305555,36.641713927469134,27.83130497685185,21.36413532021605
2848,00:00:47.450,20.437843042695473,54.13683449074074,25.174282407407407,19.068877797067902,17.07036892361111
2849,00:00:47.467,14.08649225180041,39.38837528935185,14.953620273919753,13.718259066358025,13.587597415123456
2850,00:00:47.483,14.223276105967079,41.66524884259259,15.422805266203703,13.492512538580247,13.754510513117284
2851,00:00:47.500,11.66819380144033,14.91275318287037,20.45542679398148,4.1726957947530865,10.37645881558642
2852,00:00:47.517,14.04613827803498,40.14675925925926,15.671879822530864,12.994336902006173,13.472198109567902
2853,00:00:47.533,17.480173611111113,48.77575954861111,20.40545138888889,16.3348615933642,15.700207851080247
2854,00:00:47.550,22.976916152263374,61.711082175925924,28.691536458333335,21.161408179012344,19.077803819444444
2855,00:00:47.567,24.034221482767492,65.83060619212964,30.860350597993826,22.71670283564815,18.525611014660495
2856,00:00:47.583,21.265990708590532,58.208767361111114,27.656083622685184,19.914171006944443,16.227717496141974
2857,00:00:47.600,17.12339072145062,45.35964988425926,21.060494791666667,16.400122974537037,13.909554398148147
2858,00:00:47.617,15.86435474537037,41.77469618055556,20.311832561728394,14.908680555555556,12.372551118827161
2859,00:00:47.633,15.554108153292182,39.472120949074075,20.992406442901235,14.370885416666667,11.299032600308642
2860,00:00:47.650,16.270126993312758,42.23019386574074,22.60652199074074,15.175149980709877,11.028709008487654
2861,00:00:47.667,14.863430266203702,38.77251880787037,21.043858024691357,13.847815875771605,9.698616898148147
2862,00:00:47.683,14.343842110339507,37.71001880787037,21.035085358796298,13.127919077932098,8.868521894290124
2863,00:00:47.700,0.13029706790123458,0.2748480902777778,0.2094820601851852,0.0848191550925926,0.09658998842592592
2864,00:00:47.717,17.088303112139915,42.893641493055554,25.795271026234566,15.241317997685185,10.2283203125
2865,00:00:47.733,19.395119277263376,46.35439091435185,29.73881221064815,17.133863329475307,11.312682291666667
2866,00:00:47.750,14.228479777520576,34.697142650462965,21.499618055555555,12.949923804012347,8.235897472993827
2867,00:00:47.767,20.152992058899176,46.63354311342592,30.94670910493827,17.828511766975307,11.68375530478395
2868,00:00:47.783,21.90434815457819,51.12469618055555,33.80376736111111,18.946459297839507,12.96281780478395
2869,00:00:47.800,23.410767103909464,57.492440682870374,35.89517168209876,20.411532118055554,13.925597511574074
2870,00:00:47.817,17.88564959490741,44.98420862268519,27.661434220679013,15.444090952932099,10.551423611111112
2871,00:00:47.833,17.402903324331273,42.392643229166666,26.752049093364196,14.728662229938271,10.727998649691358
2872,00:00:47.850,15.00223733281893,36.750817418981484,22.526887538580247,13.165881558641976,9.313942901234569
2873,00:00:47.867,19.917422518004116,50.67510127314815,29.559663869598765,17.574932002314814,12.617671682098765
2874,00:00:47.883,21.29984648276749,51.4880859375,31.23739920910494,18.7104296875,13.95171055169753
2875,00:00:47.900,36.65351723251029,60.008499710648145,60.88837336033951,28.510258005401234,20.561920331790123
2876,00:00:47.917,19.436342271090535,44.375853587962965,30.91815731095679,15.480992959104938,11.909876543209876
2877,00:00:47.933,19.422336516203703,38.78235677083333,31.22237606095679,15.385263792438272,11.65936969521605
2878,00:00:47.950,0.08933497299382716,0.4425853587962963,0.1507590663580247,0.055086805555555556,0.062159047067901235
2879,00:00:47.967,22.776941390174898,40.54618055555556,38.622975983796294,16.91970775462963,12.788140432098766
2880,00:00:47.983,21.593884066358026,40.59623119212963,35.82872829861111,16.352432484567903,12.600491415895062
2881,00:00:48.000,24.442702867798356,42.20203269675926,42.82708236882716,15.985770640432099,14.515255594135802
2882,00:00:48.017,18.70600035365226,41.20999710648148,30.412442611882717,14.480742669753086,11.224815779320988
2883,00:00:48.033,16.764781378600823,38.45672019675926,26.42093315972222,13.463723958333333,10.409687017746913
2884,00:00:48.050,16.95556745113169,39.69851707175926,27.171454475308643,13.377921971450617,10.317325906635803
2885,00:00:48.067,15.253889371141975,35.61084346064815,24.12865933641975,12.159688946759259,9.473319830246913
2886,00:00:48.083,16.605849569187246,39.23059895833333,25.878340084876545,13.325345293209876,10.61386332947531
2887,00:00:48.100,14.629390753600823,30.171556712962964,22.152880497685185,11.631346450617285,10.1039453125
2888,00:00:48.117,17.18839682998971,31.627083333333335,28.29624324845679,12.797561728395062,10.471385513117283
2889,00:00:48.133,14.334650366512344,29.772627314814816,22.91380256558642,11.29866657021605,8.791481963734569
2890,00:00:48.150,0.13161956661522634,0.39401041666666664,0.24192033179012346,0.06756751543209877,0.08537085262345678
2891,00:00:48.167,14.701815039866254,30.940516493055554,23.28115017361111,11.79334972993827,9.030945216049382
2892,00:00:48.183,14.903796778549383,30.878168402777778,23.695202064043208,11.885701678240741,9.130486593364198
2893,00:00:48.200,19.13960262345679,40.37561487268518,30.856604938271605,14.713053144290123,11.849149787808642
2894,00:00:48.217,19.42694235468107,41.32965133101852,30.934068287037036,15.367166763117284,11.979592013888889
2895,00:00:48.233,19.67707947530864,40.70285011574074,31.31426552854938,15.958460648148149,11.758512249228396
2896,00:00:48.250,19.037164030349796,39.802799479166666,30.28405671296296,15.244328703703705,11.583106674382716
2897,00:00:48.267,14.307301150977366,31.340675636574073,22.424696662808643,11.724463252314814,8.772743537808642
2898,00:00:48.283,20.954787165637857,42.63072193287037,33.07029513888889,17.025750868055557,12.768315489969137
2899,00:00:48.300,19.716615869341563,40.07211371527778,31.288998360339505,15.989718846450618,11.871130401234568
2900,00:00:48.317,18.911532600308643,38.21876446759259,29.678978587962963,15.513649209104939,11.541970003858024
2901,00:00:48.333,21.40764017489712,41.203602430555556,33.60475790895062,17.86780574845679,12.750356867283951
2902,00:00:48.350,13.430701035236625,24.09021990740741,20.735244984567903,11.007943672839506,8.548914448302469
2903,00:00:48.367,0.13822932741769547,0.4021267361111111,0.25644097222222223,0.06690634645061729,0.09134066358024691
2904,00:00:48.383,25.130267650462965,51.747193287037035,38.954481095679014,21.23060619212963,15.205715663580246
2905,00:00:48.400,24.82485934284979,52.077625868055556,38.29987461419753,21.22605082947531,14.948652584876543
2906,00:00:48.417,21.693233185442384,45.47377025462963,33.66901475694444,18.180904706790123,13.229780092592593
2907,00:00:48.433,26.844304591049383,57.10876012731482,41.04849103009259,23.51906008873457,15.965362654320987
2908,00:00:48.450,18.078382362397118,35.07319878472222,27.722595968364196,15.498769772376543,11.013781346450617
2909,00:00:48.467,21.904942611882717,44.527727141203705,33.98485484182099,18.855221354166666,12.874751639660493
2910,00:00:48.483,20.829529160236625,40.597214988425925,32.16346305941358,18.08298611111111,12.242138310185185
2911,00:00:48.500,24.695841210133747,44.20430410879629,39.43131847993827,19.652145543981483,15.004059606481482
2912,00:00:48.517,21.73028790509259,43.995370370370374,31.409639274691358,20.47767505787037,13.30354938271605
2913,00:00:48.533,0.06428272890946501,0.11239872685185186,0.11138599537037037,0.03689284336419753,0.04456934799382716
2914,00:00:48.550,19.654543627829216,41.14814091435185,28.7110546875,17.97901572145062,12.273560474537037
2915,00:00:48.567,16.10040975437243,33.12429832175926,24.18507040895062,14.47257137345679,9.643587480709877
2916,00:00:48.583,20.3920703125,43.36365017361111,30.813046392746912,18.566196952160492,11.796967592592592
2917,00:00:48.600,20.315992798353914,42.789482060185186,32.29302806712963,17.382450810185187,11.272499517746914
2918,00:00:48.617,39.81927726337449,73.58501157407407,54.515670331790126,34.82278308256173,30.119378375771603
2919,00:00:48.633,25.812179783950615,51.285300925925924,29.157713638117283,23.72951919367284,24.549306520061727
2920,00:00:48.650,0.11216483410493827,0.6363932291666666,0.1767091049382716,0.05177324459876543,0.10801215277777777
2921,00:00:48.667,48.339555041152266,61.64578269675926,53.31407503858025,54.16093171296296,37.54365837191358
2922,00:00:48.683,50.13442611882716,73.89134114583334,53.9311222029321,65.57562644675926,30.896529706790123
2923,00:00:48.700,16.117635995370367,40.70740017361111,23.257692901234567,13.570156732253086,11.525058352623457
2924,00:00:48.717,12.672259677211935,34.87041377314815,19.17007282021605,10.591974826388888,8.254731385030864
2925,00:00:48.733,8.800803272890946,23.39541377314815,12.956447723765432,7.770665027006173,5.6752970679012344
2926,00:00:48.750,11.437257105195473,29.75122974537037,17.102827932098766,9.84705150462963,7.3618918788580245
2927,00:00:48.767,12.789192869084362,32.20518663194444,19.02172839506173,10.890297067901235,8.455553144290123
2928,00:00:48.783,17.129381430041153,46.06638454861111,26.250488522376543,13.92159336419753,11.216062403549383
2929,00:00:48.800,15.35142537937243,43.3841869212963,23.9254296875,12.446908275462963,9.681938175154322
2930,00:00:48.817,17.876076388888887,47.98995225694444,29.056248070987653,13.67296730324074,10.899013792438272
2931,00:00:48.833,13.941476498199586,36.4869140625,22.683520447530864,10.559398148148148,8.581510898919753
2932,00:00:48.850,14.385989261831275,37.29793113425926,24.215081500771603,10.406544656635802,8.53634162808642
2933,00:00:48.867,12.42298209233539,32.9474609375,20.797079957561728,9.072114679783951,7.399751639660494
2934,00:00:48.883,17.14998505015432,42.84998553240741,28.95822337962963,12.076363329475308,10.415368441358025
2935,00:00:48.900,14.475321984310698,35.138252314814814,23.939762249228394,10.345408950617283,9.14079475308642
2936,00:00:48.917,23.836678722993828,47.15261863425926,37.72195698302469,17.868722511574074,15.919356674382716
2937,00:00:48.933,11.82630931712963,26.859483506944443,18.68563609182099,8.58939380787037,8.20389805169753
2938,00:00:48.950,0.11411844135802468,0.24816261574074075,0.20117283950617285,0.05429349922839506,0.08688898533950618
2939,00:00:48.967,17.837885802469135,41.70251012731482,28.17563175154321,13.07987075617284,12.258154899691357
2940,00:00:48.983,0.1087598058127572,0.31198640046296294,0.17735966435185185,0.054819155092592595,0.09410059799382715
2941,00:00:49.000,20.831199041923867,36.98742042824074,34.82212866512346,12.264718846450616,15.406749614197532
2942,00:00:49.017,13.746465406378599,32.140625,21.094895351080247,10.382521701388889,9.761979166666666
2943,00:00:49.033,12.911954732510289,29.40591724537037,19.454310860339508,9.876089891975308,9.40546344521605
2944,00:00:49.050,15.341040059156379,34.40520109953704,23.482252604166668,11.542247299382716,10.998620273919753
2945,00:00:49.067,13.486133616255145,29.550535300925926,20.799044174382715,9.915970775462963,9.743385898919753
2946,00:00:49.083,16.887446791409463,36.91732494212963,26.271773244598766,12.130702160493827,12.259864969135803
2947,00:00:49.100,15.29554944701646,34.31051070601852,23.578651138117284,11.008722511574074,11.299274691358026
2948,00:00:49.117,12.998015689300411,28.557884837962963,19.99382957175926,9.317090567129629,9.683126929012346
2949,00:00:49.133,15.31204218106996,35.770218460648145,22.888631847993828,11.426565875771605,11.620928819444444
2950,00:00:49.150,15.31786763760288,37.032798032407406,22.574615162037038,11.591426504629629,11.787561246141975
2951,00:00:49.167,0.08795363940329219,0.33817997685185186,0.14213059413580248,0.04345341435185185,0.07827690972222222
2952,00:00:49.183,24.051980613425926,64.06075665509259,35.643889371141974,19.09667197145062,17.415380497685184
2953,00:00:49.200,0.08222366898148148,0.2915726273148148,0.13023292824074073,0.04072145061728395,0.07571662808641975
2954,00:00:49.217,21.32368698559671,54.779868344907406,31.467660108024692,17.0938777970679,15.409523051697532
2955,00:00:49.233,25.652306938014405,68.40544704861111,36.70203993055556,21.8585440779321,18.396336805555556
2956,00:00:49.250,27.269382233796293,71.28919994212963,34.368093171296294,23.889665316358023,23.550388213734568
2957,00:00:49.267,38.967277359825104,81.12261284722223,40.80444540895062,42.173016493055556,33.924370177469136
2958,00:00:49.283,27.76309365354938,66.75475983796296,32.04014660493827,26.256293885030864,24.992840470679013
2959,00:00:49.300,33.2614347029321,73.64895833333334,39.31420138888889,31.80406394675926,28.66603877314815
2960,00:00:49.317,26.03508809156379,58.67029079861111,31.801893325617282,24.31947048611111,21.983900462962964
2961,00:00:49.333,22.02835535622428,47.66603732638889,26.598050250771603,20.662724247685187,18.82429157021605
2962,00:00:49.350,10.604648759002059,20.671773726851853,13.513285108024691,8.968582658179013,9.33207851080247
2963,00:00:49.367,12.10644917052469,22.4453125,15.233103780864198,10.214032118055556,10.87221161265432
2964,00:00:49.383,10.680911458333334,19.285358796296297,13.638682002314814,8.916312692901235,9.487739679783951
2965,00:00:49.400,9.61142779063786,16.48153935185185,12.310191936728396,8.05908275462963,8.465008680555556
2966,00:00:49.417,0.39355709876543205,0.6999710648148149,0.5116594328703704,0.2587056327160494,0.41030623070987654
2967,00:00:49.433,12.60254822530864,20.910959201388888,15.426427951388888,11.103868152006173,11.277348572530864
2968,00:00:49.450,40.626358024691356,77.88936631944445,51.34970630787037,38.65632908950617,31.87303867669753
2969,00:00:49.467,20.311888020833333,49.17837818287037,25.899076485339506,18.58002266589506,16.45656491126543
2970,00:00:49.483,33.55057436342592,66.34943576388889,40.76966145833333,34.866542727623454,25.015518904320988
2971,00:00:49.500,31.812272698045263,63.38181423611111,42.789594907407405,26.123036747685184,26.52418643904321
2972,00:00:49.517,25.8522349215535,66.18132957175926,31.124895351080248,25.03576244212963,21.396046971450616
2973,00:00:49.533,30.00324845679012,79.09377893518518,36.41032214506173,28.921891878858023,24.677531346450618
2974,00:00:49.550,25.283538290895063,67.36545138888889,31.55953125,23.561789641203703,20.729293981481483
2975,00:00:49.567,0.10876414609053499,0.4825520833333333,0.13631172839506173,0.07307677469135802,0.11690393518518519
2976,00:00:49.583,35.414638149434154,81.98810763888889,44.60084635416667,34.436182002314816,27.206886091820987
2977,00:00:49.600,27.819355388374486,73.25691550925926,35.914310860339505,26.24500530478395,21.29875
2978,00:00:49.617,28.65772890946502,76.55792100694444,37.91341435185185,26.592949459876543,21.46682291666667
2979,00:00:49.633,30.443140271347733,75.55764612268518,41.8892293595679,27.44900414737654,21.991187307098766
2980,00:00:49.650,25.61164335776749,64.58155381944445,35.027845775462964,23.291318962191358,18.515765335648148
2981,00:00:49.667,16.447429108796296,42.48585792824074,22.04035542052469,14.542866030092593,12.759065875771604
2982,00:00:49.683,16.921239711934156,41.722063078703705,23.67577498070988,14.63380787037037,12.454136284722223
2983,00:00:49.700,18.096460744598765,44.82225115740741,25.35569878472222,15.404881847993828,13.528801601080247
2984,00:00:49.717,17.7458805941358,42.567881944444444,25.186435185185186,14.867656732253087,13.183549864969136
2985,00:00:49.733,0.15828285751028806,0.5217809606481482,0.24722029320987654,0.09255063657407407,0.13507764274691358
2986,00:00:49.750,20.412405960648147,50.08408564814815,29.42401668595679,16.583871045524692,15.229330150462962
2987,00:00:49.767,18.833515464248972,43.69887876157407,27.041856674382718,15.359641203703704,14.099048514660494
2988,00:00:49.783,16.073881655092592,35.542715567129626,23.448139467592593,13.044668209876543,11.728837287808641
2989,00:00:49.800,22.669305073302468,53.51224681712963,33.01071277006173,18.189334972993827,16.80786747685185
2990,00:00:49.817,13.44947611239712,27.328385416666666,19.51310088734568,10.925112847222222,9.910214602623457
2991,00:00:49.833,22.516470711162555,53.49109519675926,32.639583333333334,18.005672743055555,16.904156057098767
2992,00:00:49.850,18.874896315586422,43.82701822916667,25.559232735339506,15.860687692901234,15.204768518518518
2993,00:00:49.867,21.997639210390947,51.30460792824074,29.063024691358024,19.818211805555556,17.11168113425926
2994,00:00:49.883,17.611726305298355,41.486566840277774,22.866883680555556,15.375947627314815,14.592347608024692
2995,00:00:49.900,15.34355999228395,31.88742042824074,20.666310281635802,12.983660300925926,12.380709394290124
2996,00:00:49.917,0.136166891718107,0.24656394675925927,0.20428096064814816,0.0804002700617284,0.12381944444444444
2997,00:00:49.933,15.331648662551439,29.429897280092593,21.25193287037037,12.471564911265432,12.271448206018519
2998,00:00:49.950,18.737904771090534,40.927647569444446,25.278300540123457,16.177343267746913,14.758070505401234
2999,00:00:49.967,23.02568688914609,58.43368778935185,31.51083670910494,19.794453607253086,17.771770351080246
3000,00:00:49.983,23.3234375,59.300658275462965,31.819757908950617,19.603023726851852,18.54753086419753
3001,00:00:50.000,20.121706854423866,32.981770833333336,29.424382716049383,13.67322337962963,17.267514467592594
3002,00:00:50.017,7.167007941100823,13.136754918981481,8.737019675925925,5.994497010030864,6.769507137345679
3003,00:00:50.033,10.57252813143004,17.99990596064815,13.059479166666666,8.904241898148149,9.753863329475308
3004,00:00:50.050,8.29827690972222,13.906575520833334,10.175173611111111,6.920832851080247,7.798824266975308
3005,00:00:50.067,24.37634645061728,52.1455078125,33.16700038580247,22.41024112654321,17.551797839506172
3006,00:00:50.083,29.53783323688272,58.73768084490741,41.54777536651235,26.978729263117284,20.086995081018518
3007,00:00:50.100,24.889929430298356,53.47633825231482,33.764799864969135,23.917506269290122,16.987482156635803
3008,00:00:50.117,0.11823640046296295,0.28702256944444443,0.19260657793209876,0.06862220293209877,0.09348042052469135
3009,00:00:50.133,38.97315666795267,75.68443287037037,50.300065586419755,40.536325231481484,26.08307918595679
3010,00:00:50.150,43.098905606995885,76.6968822337963,56.22007957175926,44.73237413194445,28.34426311728395
3011,00:00:50.167,30.585114936985594,59.66183449074074,36.97232831790124,31.449973958333334,23.33304253472222
3012,00:00:50.183,19.326308674125514,40.255099826388886,22.37072579089506,19.47148582175926,16.136714409722224
3013,00:00:50.200,3.454763052983539,5.030396412037037,4.312012924382716,3.030363136574074,3.0219130979938273
3014,00:00:50.217,5.693692772633745,8.839163773148147,7.4027705439814815,4.842777295524692,4.835530478395062
3015,00:00:50.233,10.847534722222221,15.278233506944444,13.17293354552469,9.31404369212963,10.055626929012346
3016,00:00:50.250,13.87734616126543,23.036205150462962,15.595022665895062,13.575526138117285,12.46148967978395
3017,00:00:50.267,16.268283339763375,28.454832175925926,18.641595775462964,16.370783179012346,13.792471064814816
3018,00:00:50.283,0.10798611111111112,0.5227647569444445,0.1413768325617284,0.07694878472222222,0.10563271604938272
3019,00:00:50.300,16.043625417952672,28.056640625,18.65920428240741,16.183811246141975,13.287860725308642
3020,00:00:50.317,15.414105420524692,29.083723958333334,18.118600983796295,15.844489293981482,12.279225983796296
3021,00:00:50.333,13.112053112139918,22.26060474537037,15.016833526234567,13.638793402777777,10.680532407407407
3022,00:00:50.350,16.550652809927985,31.714149305555555,19.605396894290124,16.742485050154322,13.304076485339506
3023,00:00:50.367,13.812221900720166,25.6626953125,15.934175347222222,14.447306616512346,11.055183738425926
3024,00:00:50.383,15.830899241255144,31.19937789351852,18.96278694058642,16.05847366898148,12.471437114197531
3025,00:00:50.400,14.520417309670782,28.53021556712963,17.600883005401233,14.739521604938272,11.22084731867284
3026,00:00:50.417,14.187087834362138,29.017563657407408,17.233953028549383,14.267091049382715,11.06021942515432
3027,00:00:50.433,12.125648308899178,25.61006221064815,14.287970679012346,12.398241222993827,9.690733024691358
3028,00:00:50.450,0.10285799254115226,0.12875434027777777,0.16403211805555556,0.06576630015432099,0.07877555941358025
3029,00:00:50.467,13.952248746141976,30.158275462962962,16.50296055169753,14.446969521604938,10.906816165123457
3030,00:00:50.483,14.030354616769548,28.55382667824074,17.08915412808642,14.476913580246913,10.52499614197531
3031,00:00:50.500,19.89043531378601,31.86577690972222,28.915593171296297,16.33980613425926,14.41590663580247
3032,00:00:50.517,12.923003793724282,27.48714554398148,14.645580150462964,13.94270061728395,10.180730613425926
3033,00:00:50.533,17.516326035236627,43.217802372685185,21.379046103395062,17.99278549382716,13.177146508487654
3034,00:00:50.550,18.49512345679012,46.01325954861111,23.06139033564815,18.63801456404321,13.785965470679013
3035,00:00:50.567,20.835244823816875,54.096498842592595,26.547549672067902,20.383823302469136,15.57436149691358
3036,00:00:50.583,18.98548755787037,49.604484953703704,24.080562307098766,19.055475019290125,13.820425347222223
3037,00:00:50.600,22.367943833590534,59.85072337962963,28.482822627314814,22.064777199074076,16.556231674382715
3038,00:00:50.617,0.07083815586419753,0.1277705439814815,0.1072241512345679,0.04489149305555556,0.06039882330246914
3039,00:00:50.633,20.47469216177984,52.70725549768518,25.642248746141977,20.952155671296296,14.829672067901235
3040,00:00:50.650,21.75734648276749,54.46234809027778,27.51763599537037,21.915873842592593,15.838529610339506
3041,00:00:50.667,17.73119341563786,41.75157696759259,21.855851658950616,18.563246045524693,12.774482542438271
3042,00:00:50.683,15.817860082304525,35.30328414351852,19.356395640432098,17.054527874228395,11.042656732253086
3043,00:00:50.700,18.34177436985597,44.92665653935185,23.174650366512346,19.67687885802469,12.173793885030864
3044,00:00:50.717,18.055452514146086,47.346918402777774,21.958925540123456,19.586234085648147,12.621197916666667
3045,00:00:50.733,17.789767393261318,47.12261284722222,21.125602816358025,19.576727912808643,12.666971450617284
3046,00:00:50.750,0.09666570216049382,0.2546802662037037,0.1512962962962963,0.061888020833333335,0.07681278935185185
3047,00:00:50.767,16.02984664351852,42.49717158564815,19.203172743055557,17.889445408950618,10.996921778549384
3048,00:00:50.783,18.623619952417695,54.465791377314815,22.613005401234567,20.47961902006173,12.77823543595679
3049,00:00:50.800,16.500044045781895,47.398444733796296,19.705521797839506,18.288518036265433,11.506092303240742
3050,00:00:50.817,17.571555909207817,50.758723958333334,21.214009452160493,19.374334008487654,12.126324266975308
3051,00:00:50.833,16.303387184927985,44.53240017361111,19.319388020833333,18.159978780864197,11.43079475308642
3052,00:00:50.850,16.185561342592592,44.10850694444444,19.375787519290125,17.78242332175926,11.398473186728395
3053,00:00:50.867,15.424328060699589,39.45564236111111,18.483951099537038,16.864697627314815,10.924335455246913
3054,00:00:50.883,17.60776314943416,48.319892939814814,20.749433834876545,19.232782118055557,12.84107349537037
3055,00:00:50.900,15.382678915895061,44.098791956018516,17.078959297839507,17.360048225308642,11.709029224537037
3056,00:00:50.917,14.987127379115227,44.735677083333336,16.51534239969136,17.147220775462962,11.298818962191358
3057,00:00:50.933,16.781478427211933,55.44639033564815,18.459279513888887,19.03821518132716,12.846940586419754
3058,00:00:50.950,17.75693142361111,55.926728877314815,19.24995949074074,19.977409336419754,14.04342544367284
3059,00:00:50.967,20.249740547839505,59.59739583333333,22.657675540123456,22.62263744212963,15.468908661265433
3060,00:00:50.983,23.894587191358024,66.31746238425926,26.803011188271604,27.368456790123457,17.51229359567901
3061,00:00:51.000,25.67477478780864,65.08033854166666,30.587565104166668,27.562868441358024,18.873890817901234
3062,00:00:51.017,28.036042631172837,72.89131221064815,32.98930507330247,31.880326485339506,19.238496334876544
3063,00:00:51.033,13.82196903935185,41.03328269675926,15.424640721450617,16.010089699074076,10.031176697530864
3064,00:00:51.050,0.09691856352880657,0.30485387731481484,0.14459780092592592,0.07172260802469135,0.07443528163580247
3065,00:00:51.067,17.91259420010288,52.72742332175926,21.75082320601852,19.397662519290122,12.589296875
3066,00:00:51.083,20.499755497685186,57.68797019675926,24.639760802469137,21.983758198302468,14.875747492283951
3067,00:00:51.100,19.02546473122428,55.001960358796296,22.771242766203702,20.440218942901236,13.864932484567902
3068,00:00:51.117,14.6789938593107,43.51318721064815,17.260240644290125,16.448598572530866,10.32814236111111
3069,00:00:51.133,14.127037680041154,42.4790943287037,16.672838541666668,15.901077353395062,9.807197145061728
3070,00:00:51.150,15.679204603909463,48.528949652777776,18.435107060185185,17.662375096450617,10.940131655092593
3071,00:00:51.167,14.901092624742796,45.906517650462966,17.65432243441358,16.641716338734568,10.407239101080247
3072,00:00:51.183,15.485803594393005,48.1478515625,18.264820601851852,17.55443672839506,10.638153452932098
3073,00:00:51.200,13.098839859825103,38.52570891203704,15.070011574074075,15.084053819444444,9.14245418595679
3074,00:00:51.217,15.069194958847737,44.65771122685185,17.820394965277778,17.00547984182099,10.381710069444445
3075,00:00:51.233,0.028614004629629628,0.021889467592592592,0.04235146604938272,0.018956404320987653,0.024534143518518518
3076,00:00:51.250,14.198408243312757,43.75593894675926,15.715317322530865,16.514097222222222,10.365810185185186
3077,00:00:51.267,14.873928433641973,45.795963541666666,16.47063705632716,17.470280671296297,10.68086757330247
3078,00:00:51.283,13.294234182098768,39.56361400462963,14.70660686728395,15.264952256944444,9.911143422067902
3079,00:00:51.300,12.34526009516461,32.39173900462963,13.37418113425926,14.39993393132716,9.261665219907407
3080,00:00:51.317,13.659107028034981,36.29691840277778,15.100971257716049,15.558430266203704,10.317919560185185
3081,00:00:51.333,12.41754726080247,32.12611400462963,13.915110918209876,14.081372974537038,9.256157889660495
3082,00:00:51.350,0.0712766846707819,0.18151041666666667,0.10559944058641975,0.052421875,0.05580873842592592
3083,00:00:51.367,18.019442836934157,46.81505353009259,21.967745949074075,18.894563078703705,13.196019483024692
3084,00:00:51.383,0.07221225565843621,0.10342158564814814,0.10741994598765432,0.0489771412037037,0.06023967978395062
3085,00:00:51.400,10.972421714248972,25.325745081018518,11.988934702932099,12.697979841820988,8.230350597993827
3086,00:00:51.417,11.623134645061727,24.33580005787037,13.410172646604938,12.93045524691358,8.528776041666667
3087,00:00:51.433,10.109087577160492,19.488266782407408,11.205723861882715,11.503355516975308,7.618183352623457
3088,00:00:51.450,12.109207658179011,25.26671730324074,14.140402199074074,13.3896875,8.797533275462962
3089,00:00:51.467,12.079033886316873,25.30090422453704,14.025259452160494,13.334334972993828,8.877507233796296
3090,00:00:51.483,9.923979391718108,18.855439814814815,11.291316550925925,11.005244020061728,7.475377604166667
3091,00:00:51.500,16.130428079989713,22.029904513888887,22.69248505015432,13.50951630015432,12.189282889660493
3092,00:00:51.517,8.174517907664608,15.093648726851852,8.302656732253086,9.564612750771605,6.6562842399691355
3093,00:00:51.533,8.46944235468107,14.44790943287037,9.094595389660494,9.603615451388889,6.710116222993827
3094,00:00:51.550,8.774010898919753,16.31810619212963,9.50763888888889,9.870582079475309,6.943811728395062
3095,00:00:51.567,8.399914158950617,14.236639178240742,8.78227092978395,9.668854166666666,6.748617380401234
3096,00:00:51.583,11.823772987397119,21.11927806712963,12.935190972222221,13.364706790123456,9.171421199845678
3097,00:00:51.600,8.615509420010289,16.157624421296298,9.479076967592592,9.696751543209876,6.670699749228395
3098,00:00:51.617,9.942869245113167,19.006821469907408,11.30859760802469,10.95669994212963,7.563310185185185
3099,00:00:51.633,8.745090502829216,15.313773148148147,9.83662712191358,9.58113136574074,6.817513020833333
3100,00:00:51.650,9.912938207304526,18.107016782407406,11.238569637345678,10.977267554012347,7.522977430555556
3101,00:00:51.667,8.606272022890947,14.976576967592592,9.805963541666667,9.353679108796296,6.6591734182098765
3102,00:00:51.683,9.486721482767491,17.801302083333333,10.67594135802469,10.530312017746914,7.253911072530864
3103,00:00:51.700,10.29609230324074,19.969835069444443,11.72049575617284,11.412495659722222,7.75528549382716
3104,00:00:51.717,10.206208847736624,20.79388744212963,11.27456886574074,11.514592978395061,7.829464699074074
3105,00:00:51.733,0.07766718106995885,0.14756944444444445,0.11966676311728396,0.04929976851851852,0.06403501157407407
3106,00:00:51.750,9.984507619598766,20.336299189814813,11.235486111111111,11.151170910493827,7.566865837191358
3107,00:00:51.767,7.8262229938271615,15.513360821759258,8.855750868055555,8.515556520061729,6.107361593364198
3108,00:00:51.783,9.650900688014403,19.52724971064815,10.955058352623457,10.631811824845679,7.365831886574074
3109,00:00:51.800,6.682390046296297,12.41009837962963,7.732911361882716,7.051238425925926,5.263020351080247
3110,00:00:51.817,10.687844971707818,22.89982638888889,12.690054012345678,11.465783661265432,7.907697241512346
3111,00:00:51.833,9.14646283436214,19.082204861111112,10.992151331018519,9.689824459876544,6.757412712191358
3112,00:00:51.850,6.584750353652264,13.318511284722222,8.053369984567901,6.6972063078703705,5.003674768518518
3113,00:00:51.867,9.440890721450616,20.244191261574073,11.373019386574073,9.990839602623456,6.958813175154321
3114,00:00:51.883,12.75216869212963,28.348705150462962,14.957854938271606,14.496540316358026,8.802110821759259
3115,00:00:51.900,11.813232060185186,24.363961226851853,16.703996913580248,11.519642650462963,7.216056616512346
3116,00:00:51.917,11.895149659207819,26.536429398148147,14.938101851851853,10.974585262345679,9.772761863425925
3117,00:00:51.933,9.435244823816872,24.076938657407407,11.058676215277778,9.529797453703704,7.717260802469136
3118,00:00:51.950,9.295865644290123,24.29103732638889,10.708366608796297,9.671021894290124,7.50820842978395
3119,00:00:51.967,0.07607944315843622,0.20339988425925926,0.11088638117283951,0.05393132716049383,0.0634206211419753
3120,00:00:51.983,9.945886863425926,25.695652488425925,11.880390625,10.16592013888889,7.791349826388889
3121,00:00:52.000,17.875583043981482,32.376982060185185,27.90155864197531,13.008609664351852,12.716580825617283
3122,00:00:52.017,8.167457722479424,21.67918113425926,9.986385030864197,8.353652584876544,6.162335551697531
3123,00:00:52.033,11.658410011574075,29.225144675925925,14.710113811728394,11.694972511574074,8.570143711419753
3124,00:00:52.050,12.344589924125515,24.81441695601852,15.80996624228395,11.79453944830247,9.429264081790123
3125,00:00:52.067,23.97618811085391,56.74475549768518,29.93730324074074,24.078669463734567,17.91259162808642
3126,00:00:52.083,36.932623617541154,78.20737847222222,46.09416425540123,38.22588107638889,26.477825520833335
3127,00:00:52.100,33.71534239969136,78.13752893518519,39.37406732253086,37.566641589506176,24.205318287037038
3128,00:00:52.117,22.94195987654321,60.50175057870371,26.601672453703703,24.665853105709875,17.558354070216048
3129,00:00:52.133,11.431247267232512,29.70769675925926,13.265806327160494,11.503506462191359,9.52442901234568
3130,00:00:52.150,12.408573816872428,32.070529513888886,13.924793595679013,12.891493055555555,10.409434799382716
3131,00:00:52.167,11.774598122427983,29.362138310185184,13.304253954475309,12.399252989969137,9.620287422839507
3132,00:00:52.183,11.170887024176956,25.89302662037037,13.42765094521605,11.0990625,8.985947627314815
3133,00:00:52.200,0.11193206661522632,0.3523220486111111,0.16143277391975308,0.08022858796296296,0.09413483796296296
3134,00:00:52.217,9.77993521733539,22.794314236111113,11.672703028549384,9.949686535493827,7.717416087962963
3135,00:00:52.233,11.279737011316874,27.169994212962962,13.766717785493826,11.396364776234568,8.676128472222222
3136,00:00:52.250,10.274162004886833,23.9361328125,12.35825569058642,10.323661265432099,8.140569058641976
3137,00:00:52.267,13.589764660493827,29.343077256944444,17.76571277006173,12.406119791666667,10.597461419753087
3138,00:00:52.283,9.84542293595679,20.574131944444446,13.526417341820988,8.599416473765432,7.4104349922839505
3139,00:00:52.300,12.820263310185183,29.969263599537037,17.053379629629628,11.492932581018518,9.914477719907408
3140,00:00:52.317,16.863942258230455,40.36331741898148,20.792108892746914,17.10579475308642,12.693923128858025
3141,00:00:52.333,25.532211451903294,57.868004918981484,31.088649691358025,27.14361400462963,18.364370659722223
3142,00:00:52.350,25.294575295781893,59.47220775462963,32.09985001929012,25.857821662808643,17.926054205246913
3143,00:00:52.367,27.95118650334362,68.31100260416666,34.99116705246914,29.16622733410494,19.69616512345679
3144,00:00:52.383,24.136877089763374,66.17198350694444,29.135508777006173,25.60928722993827,17.66583526234568
3145,00:00:52.400,22.021440972222223,61.109367766203704,27.117372685185185,22.722014371141974,16.224935860339507
3146,00:00:52.417,19.085418595679013,58.11604456018519,23.891494502314814,19.43718074845679,13.927580536265433
3147,00:00:52.433,17.602624421296298,52.38875144675926,22.32375385802469,17.746859567901236,12.737259837962963
3148,00:00:52.450,0.1321090534979424,0.46718026620370373,0.1801634837962963,0.09138117283950617,0.1247825038580247
3149,00:00:52.467,15.72693447788066,35.45921585648148,19.794519675925926,15.111790605709876,12.274493152006173
3150,00:00:52.483,17.844232896090535,39.28741319444445,22.8853621720679,16.12874855324074,14.518587962962963
3151,00:00:52.500,43.618237204218104,61.173068576388886,74.22465470679012,34.90060329861111,21.729453607253088
3152,00:00:52.517,29.144067322530862,53.612839988425925,47.555209297839504,24.0195881558642,15.85740451388889
3153,00:00:52.533,24.66843348122428,53.47449363425926,37.690929783950615,19.2380859375,17.076284722222223
3154,00:00:52.550,13.681507040895061,38.17215711805556,17.394013792438273,12.397113233024692,11.253394097222222
3155,00:00:52.567,8.702574427726336,25.148538773148147,10.949100597993827,7.571085069444444,7.58753761574074
3156,00:00:52.583,0.09776909722222221,0.26771556712962963,0.1636622299382716,0.054493152006172836,0.07515190972222222
3157,00:00:52.600,8.396054044495884,24.439098668981483,10.668514660493827,7.115916763117284,7.403730709876543
3158,00:00:52.617,6.580272312242798,18.639496527777776,8.63545524691358,5.558354070216049,5.547007619598766
3159,00:00:52.633,7.606763760288065,19.34992042824074,10.638847897376543,6.342642264660494,5.838801118827161
3160,00:00:52.650,6.551578253600823,19.1283203125,8.350456211419752,5.513106674382716,5.791171875
3161,00:00:52.667,8.463032085905349,19.69855324074074,11.13057918595679,6.978486689814815,7.280030381944444
3162,00:00:52.683,7.21912599665638,17.753096064814816,9.243313078703704,6.326532118055556,6.087532793209877
3163,00:00:52.700,4.774000289351851,12.807060185185184,5.991212384259259,4.076538387345679,4.254250096450617
3164,00:00:52.717,5.358062307098765,12.205099826388889,6.883394097222222,4.750884452160494,4.43990837191358
3165,00:00:52.733,5.706968878600823,13.122489872685184,7.568285108024692,4.97412856867284,4.578492959104938
3166,00:00:52.750,6.242800765174898,15.141116898148148,7.933059413580247,5.540652488425926,5.254690393518518
3167,00:00:52.767,4.709006397890946,12.872359664351851,5.869041280864198,4.289160879629629,3.9688170331790125
3168,00:00:52.783,4.278525270061728,10.391225405092593,5.152661072530864,4.025503472222222,3.6574112654320987
3169,00:00:52.800,5.135922389403292,12.14988425925926,6.635217013888889,4.541440489969136,4.231109664351852
3170,00:00:52.817,6.8764358281893,16.020015914351852,9.294655671296296,5.998995949074074,5.3356558641975305
3171,00:00:52.833,6.178596965020577,14.084642650462962,8.715843942901234,5.119875578703704,4.70007137345679
3172,00:00:52.850,6.617494052211934,12.567874710648148,7.8936183449074075,5.604043209876544,6.354820601851852
3173,00:00:52.867,5.1126379243827165,7.947106481481481,7.884624324845679,4.148942901234568,3.3043465470679014
3174,00:00:52.883,0.09952851723251029,0.2776765046296296,0.1734302662037037,0.051115451388888886,0.07403983410493827
3175,00:00:52.900,5.375116062242799,8.061964699074075,8.334132426697531,4.270242091049383,3.5209736689814815
3176,00:00:52.917,3.7053171617798353,5.882118055555556,5.626175250771605,3.001832079475309,2.4879441550925927
3177,00:00:52.933,5.31368923611111,8.851707175925926,8.102785011574074,4.26712962962963,3.5711530671296297
3178,00:00:52.950,4.526122685185185,7.91107494212963,7.014731385030864,3.442595486111111,3.1210411844135804
3179,00:00:52.967,4.292164030349794,6.765936053240741,6.4028279320987656,3.6464621913580246,2.827201967592593
3180,00:00:52.983,3.802687757201646,5.7208984375,5.621987847222222,3.2843161651234567,2.5017592592592592
3181,00:00:53.000,18.366380529835393,15.769762731481482,35.59070216049383,7.00828800154321,12.500151427469136
3182,00:00:53.017,2.2776515882201647,2.9666377314814816,3.035724826388889,2.144546199845679,1.6526837384259259
3183,00:00:53.033,45.637054398148145,93.56443865740741,62.164574170524695,46.04576388888889,28.700825135030865
3184,00:00:53.050,0.04213155864197531,0.12961516203703705,0.04757860725308642,0.03209249614197531,0.0467235725308642
3185,00:00:53.067,2.368437017746914,4.164778645833334,2.8011906828703705,1.8998905285493828,2.4042298418209875
3186,00:00:53.083,9.512818287037037,10.147366898148148,12.155364583333334,5.851199845679012,10.531890432098766
3187,00:00:53.100,6.9336717142489706,7.771744791666666,9.21309268904321,5.169961419753086,6.4179610339506175
3188,00:00:53.117,19.112716210133744,38.4060546875,22.58940875771605,19.439755497685184,15.308984375
3189,00:00:53.133,23.652444058641976,44.69177517361111,27.269484471450617,25.547625868055555,18.14022183641975
3190,00:00:53.150,0.06265030221193417,0.0607494212962963,0.0988329475308642,0.03629726080246914,0.05282069830246913
3191,00:00:53.167,22.620813239454733,45.65023871527778,25.938926986882716,24.172235725308642,17.751277006172838
3192,00:00:53.183,19.641437114197533,45.35276331018518,21.219898244598767,20.239298804012346,17.465114293981483
3193,00:00:53.200,17.664938914609056,45.69205005787037,19.29775318287037,17.459856288580248,16.237207272376544
3194,00:00:53.217,3.1227298739711933,9.804267939814816,3.2210141782407407,3.315836226851852,2.8313392168209877
3195,00:00:53.233,2.7398996913580245,8.32193287037037,2.6377358217592595,3.081362847222222,2.5006004050925927
3196,00:00:53.250,3.365742991255144,8.557921006944444,3.358023726851852,3.647931134259259,3.091274112654321
3197,00:00:53.267,3.288902391975309,7.7339916087962965,3.463777970679012,3.481635802469136,2.9212934027777777
3198,00:00:53.283,3.759221804269547,8.730454282407408,3.928149112654321,4.037502411265432,3.312013888888889
3199,00:00:53.300,2.5432889660493827,6.011118344907407,2.416441454475309,2.9126890432098764,2.300736400462963
3200,00:00:53.317,3.61831227494856,8.883311631944444,3.790484664351852,3.8536115933641977,3.2108405671296296
3201,00:00:53.333,2.874403131430041,6.581843171296296,2.885502025462963,3.1412205825617283,2.596486786265432
3202,00:00:53.350,20.046592881944445,50.00255353009259,21.22791859567901,20.882194733796297,18.029665316358024
3203,00:00:53.367,0.08287037037037037,0.29206452546296297,0.1248635223765432,0.04823929398148148,0.07550829475308642
3204,00:00:53.383,32.28069958847737,72.55227141203704,31.960816936728396,36.616290991512344,28.26499083719136
3205,00:00:53.400,35.603966853137855,78.22951388888889,36.6515731095679,39.418374807098765,30.741952642746913
3206,00:00:53.417,0.04023099922839506,0.1175636574074074,0.04693528163580247,0.026828703703703705,0.04692901234567901
3207,00:00:53.433,20.724448623971192,50.99176070601852,17.829836516203702,20.48409770447531,23.859411651234566
3208,00:00:53.450,17.75378970550412,49.010394965277776,15.376735628858025,16.52586226851852,21.358771219135804
3209,00:00:53.467,9.603735693158436,27.914359085648147,8.618354552469135,7.729310860339506,12.463541666666666
3210,00:00:53.483,4.935748135288066,12.70843460648148,4.512298900462963,3.7499455054012345,6.545
3211,00:00:53.500,12.456052276234567,22.22654079861111,13.10137393904321,7.37774112654321,16.889041763117284
3212,00:00:53.517,7.308028870884773,22.50913628472222,6.381580825617284,5.498632330246914,10.043873456790124
3213,00:00:53.533,10.207357092335391,30.57220775462963,8.944222125771605,8.288937596450618,13.38891155478395
3214,00:00:53.550,16.72999212319959,51.04759114583333,13.457355324074074,15.696337770061728,21.036283275462964
3215,00:00:53.567,19.25107397762346,55.583260995370374,15.240519386574075,18.517583912037036,23.99511863425926
3216,00:00:53.583,24.29508053626543,66.15550491898148,20.988058449074074,26.10522183641975,25.79196132330247
3217,00:00:53.600,22.789246559927985,58.71480758101852,19.953043016975307,25.79475790895062,22.619938753858026
3218,00:00:53.617,20.199313110853907,53.97733651620371,16.021242283950617,24.625403645833334,19.95129340277778
3219,00:00:53.633,15.48242058899177,44.12560040509259,12.078951099537036,18.083195891203705,16.28511477623457
3220,00:00:53.650,0.08883873456790124,0.2161892361111111,0.09795524691358025,0.06473090277777778,0.10383005401234568
3221,00:00:53.667,7.813647762345679,20.13757233796296,6.211638213734568,8.122940779320988,9.106364293981482
3222,00:00:53.683,12.69170283564815,35.70368923611111,9.623062789351852,14.145230034722223,14.30681568287037
3223,00:00:53.700,16.03899241255144,45.349074074074075,12.676905864197531,18.2485262345679,17.191545138888888
3224,00:00:53.717,18.422022408693415,49.67703993055556,15.092839023919753,21.21976176697531,18.953466435185184
3225,00:00:53.733,23.413225147890945,56.64342447916667,20.80184702932099,27.162669270833334,22.27515914351852
3226,00:00:53.750,23.00945023148148,54.13548177083333,21.987779706790125,26.13821807484568,20.90235291280864
3227,00:00:53.767,26.095420846193417,53.199399594907405,26.72980709876543,29.69911506558642,21.857340374228396
3228,00:00:53.783,0.10309751157407408,0.32047164351851853,0.12384403935185186,0.07974537037037037,0.105703125
3229,00:00:53.800,25.68771990740741,50.041905381944446,27.29368923611111,29.645204475308642,20.12426601080247
3230,00:00:53.817,25.381286811985593,51.35773292824074,29.74645881558642,27.71330391589506,18.68409770447531
3231,00:00:53.833,12.410995531121399,28.272092013888887,15.69567611882716,11.82881462191358,9.708495852623457
3232,00:00:53.850,2.320774016203704,5.02609230324074,2.6606520061728394,1.9833921682098765,2.318277874228395
3233,00:00:53.867,2.537170942644033,4.840523726851852,3.1978578317901234,2.0748866705246916,2.3387683256172838
3234,00:00:53.883,3.71706227494856,7.579289641203704,4.868253279320988,3.1242057291666665,3.1587278163580246
3235,00:00:53.900,7.3958148469650205,13.641073495370371,10.133298611111112,6.152763792438272,5.901382137345679
3236,00:00:53.917,10.523293788580247,21.13464988425926,14.065592206790123,9.38939670138889,8.114892457561728
3237,00:00:53.933,16.099833622685185,34.34014756944445,20.787202932098765,15.270205922067902,12.24209201388889
3238,00:00:53.950,16.69027649176955,35.55353732638889,21.785507330246915,15.969070698302469,12.31625144675926
3239,00:00:53.967,0.12519177597736622,0.1656467013888889,0.2017168209876543,0.06845582561728394,0.10540268132716049
3240,00:00:53.983,16.06230758101852,33.67239583333333,21.509106385030865,14.877054880401234,11.800761477623457
3241,00:00:54.000,21.34751462834362,36.800622106481484,32.053800636574074,16.315035204475308,15.673708043981481
3242,00:00:54.017,11.631028324331275,25.677944155092593,15.293604841820988,10.66984375,8.92963638117284
3243,00:00:54.033,10.679442676183127,21.402734375,14.532164834104938,9.418549864969135,8.087613329475309
3244,00:00:54.050,12.459976691100822,25.732421875,16.995134066358023,11.066745273919754,9.318050733024691
3245,00:00:54.067,7.475122331532922,13.796636284722222,10.266790605709877,6.288170331790123,5.870406057098766
3246,00:00:54.083,8.842139756944446,15.915487557870371,12.597632619598766,7.232834201388889,6.695952449845679
3247,00:00:54.100,8.309058159722222,15.063765914351851,11.83007426697531,6.834268422067901,6.262831790123457
3248,00:00:54.117,14.914790380658436,30.086458333333333,20.606707658179012,13.300417148919752,10.837246334876543
3249,00:00:54.133,20.333112622170784,46.76057581018519,27.359423225308642,19.182636477623458,14.457278163580247
3250,00:00:54.150,19.058594071502057,44.57605613425926,25.66014949845679,17.578470293209875,13.937162422839506
3251,00:00:54.167,28.171013374485597,59.991652199074075,35.87506172839506,27.191451099537037,21.446527295524692
3252,00:00:54.183,23.64696084104938,53.238013599537034,31.390035204475307,21.31489486882716,18.23595244984568
3253,00:00:54.200,0.11002700617283952,0.3043619791666667,0.18917052469135803,0.053452932098765435,0.08745756172839506
3254,00:00:54.217,38.42840663580247,70.2056712962963,48.34310185185185,38.5902912808642,28.351826774691357
3255,00:00:54.233,0.0600734632201646,0.14769241898148147,0.09068238811728395,0.03273051697530864,0.05680748456790123
3256,00:00:54.250,30.57567740483539,63.467896412037035,40.39519917052469,27.842543885030864,23.489289158950616
3257,00:00:54.267,24.051386477623456,55.37604890046296,33.10261477623457,19.952484567901234,19.099060088734568
3258,00:00:54.283,13.872914094650206,29.68531539351852,18.763468364197532,10.56818817515432,12.287085744598766
3259,00:00:54.300,6.250252379115227,12.052119502314815,8.226285204475309,4.717635995370371,5.8068359375
3260,00:00:54.317,2.5783828446502057,5.045030381944445,3.3044584297839505,1.9673070987654322,2.4633830054012344
3261,00:00:54.333,3.1877808320473253,6.563274016203704,4.243031442901234,2.3681737075617284,2.9521373456790125
3262,00:00:54.350,4.577419785236625,8.247902199074074,6.361692226080247,3.2111873070987653,4.159379822530864
3263,00:00:54.367,2.4404568544238683,4.990306712962963,3.347788387345679,1.7874633487654321,2.186118827160494
3264,00:00:54.383,0.14956420396090533,0.3031322337962963,0.22290027006172838,0.0791820987654321,0.14661024305555556
3265,00:00:54.400,3.6905891525205763,7.240371817129629,4.726834972993827,2.7199107831790124,3.625021701388889
3266,00:00:54.417,3.6852240869341557,7.424833622685185,4.8458588927469135,2.61125675154321,3.5985566165123455
3267,00:00:54.433,2.3882986111111113,5.431908275462963,2.9657933063271606,1.891343074845679,2.307759452160494
3268,00:00:54.450,4.05909882973251,6.773806423611111,5.120257523148148,3.2374160879629628,3.81962287808642
3269,00:00:54.467,2.386936246141975,4.763787615740741,2.8184138695987655,1.9138850308641975,2.428509837962963
3270,00:00:54.483,2.5157494212962965,4.597034143518519,3.136948784722222,1.9183342978395062,2.4919651813271604
3271,00:00:54.500,15.14951099537037,15.628219039351851,25.38086612654321,6.190164448302469,13.877502411265432
3272,00:00:54.517,2.0227182998971194,6.122533275462963,2.0306114969135804,2.141484375,1.8960590277777778
3273,00:00:54.533,3.085423900462963,8.24273726851852,3.319433834876543,3.3414631558641976,2.595374710648148
3274,00:00:54.550,7.240971418467079,13.730598958333333,8.812410300925926,5.826541280864197,7.083962673611111
3275,00:00:54.567,8.332750289351852,16.74642650462963,9.714696662808642,7.104905960648148,8.178648244598765
3276,00:00:54.583,11.61144145447531,21.702546296296298,14.782691936728394,9.226389371141975,10.825243055555555
3277,00:00:54.600,11.087529738940328,21.72972366898148,14.312666377314814,9.627849151234567,9.322073688271605
3278,00:00:54.617,9.223701131687243,21.28566261574074,12.51307629243827,7.747479263117284,7.410547839506173
3279,00:00:54.633,9.25691261574074,21.221469907407407,12.87434124228395,7.498630883487654,7.397765721450617
3280,00:00:54.650,6.7550199331275715,13.500144675925926,9.97162856867284,5.266983506944444,5.026447723765432
3281,00:00:54.667,0.05652488425925926,0.14756944444444445,0.08049430941358025,0.03466676311728395,0.05441358024691358
3282,00:00:54.683,10.89148533950617,21.579202835648147,15.350160590277778,9.011117380401235,8.313178047839505
3283,00:00:54.700,10.620306552211934,21.99916087962963,15.886694155092593,8.594368730709876,7.379856770833333
3284,00:00:54.717,9.692300186471194,20.768308738425926,14.709134355709876,7.763813175154321,6.603953028549383
3285,00:00:54.733,7.693030960648149,17.875947627314815,11.991263020833333,5.911618441358025,5.176211419753087
3286,00:00:54.750,7.994830246913581,18.749189814814816,12.80384837962963,6.060728202160494,5.119914158950618
3287,00:00:54.767,10.17191824202675,23.028334780092592,15.32321518132716,8.181067708333334,7.011471836419753
3288,00:00:54.783,11.527435378086421,24.127358217592594,16.971151138117285,9.48072048611111,8.130434510030865
3289,00:00:54.800,11.370543338477367,24.286610243055556,16.412643711419754,9.589433352623457,8.109552951388888
3290,00:00:54.817,11.586166409465022,26.364388020833335,17.11728057484568,9.858854166666667,7.782364486882716
3291,00:00:54.833,8.928360018004115,20.23988715277778,12.924090952932099,7.950575810185185,5.910413290895062
3292,00:00:54.850,11.14230870627572,23.49981915509259,16.703330439814813,9.598428819444445,7.125166859567901
3293,00:00:54.867,0.07308031121399178,0.1341652199074074,0.11639853395061728,0.04043306327160494,0.06240933641975309
3294,00:00:54.883,11.414152681327161,24.08751446759259,17.546861014660493,9.663564814814816,7.032032214506173
3295,00:00:54.900,12.647937242798355,28.409946469907407,18.880801986882716,11.20493537808642,7.858074363425926
3296,00:00:54.917,11.604126318158436,23.067194733796295,17.503060860339506,9.59864486882716,7.710673225308642
3297,00:00:54.933,21.38069540895062,38.733781828703705,26.393288483796297,20.61742862654321,17.131369116512346
3298,00:00:54.950,10.031115612139919,14.837000868055556,18.11365740740741,7.124681712962963,4.855007716049383
3299,00:00:54.967,12.893568833590535,21.25787037037037,22.047587287808643,10.11886043595679,6.514258777006173
3300,00:00:54.983,12.084667566872428,19.17308304398148,19.612414158950617,10.279907407407407,6.36168113425926
3301,00:00:55.000,22.877114036779833,30.714489293981483,40.67246190200617,15.635842496141976,12.323037712191358
3302,00:00:55.017,13.11695842978395,22.95873119212963,21.41142071759259,11.216263020833333,6.723191550925926
3303,00:00:55.033,31.436348058127574,56.02043547453704,48.844309895833334,29.239861593364196,16.224872685185186
3304,00:00:55.050,24.246580504115226,34.55301649305556,37.12960551697531,23.446254822530864,12.163881172839506
3305,00:00:55.067,24.363754501028808,35.84252748842592,35.81087336033951,25.0909765625,12.189413580246914
3306,00:00:55.083,28.591359632201645,39.70245225694445,35.07281105324074,37.37251350308642,13.328754340277778
3307,00:00:55.100,23.839550861625515,34.61893084490741,29.23370997299383,31.309049961419753,10.975892650462963
3308,00:00:55.117,0.2161865033436214,0.5927372685185185,0.34107494212962963,0.1399189814814815,0.16756558641975308
3309,00:00:55.133,26.50198479295268,35.618098958333334,35.32741994598766,32.79853298611111,11.380001446759259
3310,00:00:55.150,19.5258297968107,30.358232060185184,28.726362847222223,22.079645061728396,7.771481481481482
3311,00:00:55.167,16.913142843364195,29.39890769675926,28.711761188271606,14.819756944444444,7.207910397376543
3312,00:00:55.183,19.75184670781893,42.62199074074074,30.739523533950617,19.60354504243827,8.912471547067902
3313,00:00:55.200,25.05802404835391,58.19130497685185,35.55779610339506,27.140888310185186,12.475387731481481
3314,00:00:55.217,18.55474263760288,35.86564670138889,25.13318865740741,19.969607445987656,10.56143180941358
3315,00:00:55.233,13.10009548611111,22.388621238425927,20.517800925925926,11.136429880401234,7.646055652006173
3316,00:00:55.250,15.314320183899175,29.656293402777777,23.65822482638889,12.224208622685186,10.060527102623457
3317,00:00:55.267,13.452427501286008,26.642433449074073,20.28918499228395,11.028815104166666,9.039282407407407
3318,00:00:55.283,10.167582786779835,18.536935763888888,14.930219907407407,7.988452932098766,7.584075520833333
3319,00:00:55.300,0.0892507394547325,0.16490885416666667,0.16180893132716048,0.04118586033950617,0.06475742669753086
3320,00:00:55.317,9.857965374228394,19.14775028935185,14.393748070987654,8.064013792438272,7.116134259259259
3321,00:00:55.333,9.713450199331277,19.74417679398148,14.270547357253086,7.756904899691358,7.112898341049383
3322,00:00:55.350,9.914001414609054,18.367722800925925,14.893811728395061,7.712574266975309,7.13561824845679
3323,00:00:55.367,12.063365001286007,26.33917824074074,18.41440441743827,9.58091579861111,8.194774787808642
3324,00:00:55.383,16.568858989197533,38.791702835648145,25.18964023919753,13.652992380401235,10.863944347993828
3325,00:00:55.400,18.8300212191358,47.339662905092595,28.880674189814815,15.872422357253086,11.736967110339506
3326,00:00:55.417,22.896576646090534,56.595956307870374,33.835722415123456,20.161057098765433,14.692950424382715
3327,00:00:55.433,21.918366608796294,53.57188946759259,32.321544174382716,19.76546103395062,13.668094618055555
3328,00:00:55.450,23.93169495884774,56.41075665509259,34.66182725694444,22.334276138117286,14.798981481481482
3329,00:00:55.467,20.356580343364197,50.08986545138889,30.005294174382716,18.438577835648147,12.625869020061728
3330,00:00:55.483,0.3003951260288066,1.1072627314814816,0.5026041666666666,0.15535108024691358,0.2432301311728395
3331,00:00:55.500,23.9628147505144,44.13211805555556,39.180603780864196,16.261195023148147,16.446645447530866
3332,00:00:55.517,9.698844039351853,24.713946759259258,13.9443074845679,7.391642071759259,7.760582561728395
3333,00:00:55.533,11.512891428755141,28.044097222222224,16.757727141203702,8.767826967592592,9.013120177469135
3334,00:00:55.550,11.19607092335391,25.58288483796296,15.884218267746913,8.591939139660493,9.11205536265432
3335,00:00:55.567,8.935071373456791,19.755859375,12.807110339506172,6.762863136574074,7.235240644290124
3336,00:00:55.583,11.22356545781893,24.330635127314814,16.34413097993827,8.562933545524691,8.763631847993826
3337,00:00:55.600,11.49690184542181,25.50504195601852,17.18503520447531,8.81136863425926,8.494301697530863
3338,00:00:55.617,0.12910413451646088,0.4103660300925926,0.21306857638888888,0.07434220679012346,0.09990162037037037
3339,00:00:55.633,12.885586902006173,29.28343460648148,19.175859857253087,9.93662181712963,9.544279031635803
3340,00:00:55.650,11.35806439686214,23.558355034722222,16.987871334876544,8.651496913580248,8.43482494212963
3341,00:00:55.667,11.598432998971193,23.240342881944443,16.475293209876543,9.065217978395061,9.254787808641975
3342,00:00:55.683,14.351479873971194,30.13011429398148,20.783308738425927,11.351872106481482,10.919258777006172
3343,00:00:55.700,13.585488040123456,29.246173321759258,19.561886574074073,10.930141300154322,10.264436246141976
3344,00:00:55.717,12.596222029320986,25.62039207175926,18.173126929012344,10.059880401234567,9.55565875771605
3345,00:00:55.733,13.905849086934156,27.59093605324074,20.122788869598764,11.36823013117284,10.226528260030864
3346,00:00:55.750,11.538305041152263,21.68373119212963,16.75975646219136,9.349090952932098,8.506067708333333
3347,00:00:55.767,9.786380851337448,17.780027488425926,14.306507523148149,7.870910976080247,7.181724054783951
3348,00:00:55.783,12.880418113425925,26.77918113425926,18.35029899691358,11.077373167438271,9.213582175925925
3349,00:00:55.800,11.869357960390948,24.65750144675926,16.44062885802469,10.51250819830247,8.654936824845679
3350,00:00:55.817,10.951116576646092,22.291471354166667,16.139102044753088,8.969450713734568,7.744796971450617
3351,00:00:55.833,0.0892311278292181,0.14412615740740742,0.14417438271604938,0.05175009645061728,0.07176890432098765
3352,00:00:55.850,9.797255336934157,18.915205439814816,14.318160204475308,8.05786506558642,7.015740740740741
3353,00:00:55.867,11.757645961934157,22.166652199074075,17.167666377314816,9.88459056712963,8.220680941358024
3354,00:00:55.883,12.073529449588477,23.472764756944443,17.414113136574073,10.40943431712963,8.397040895061728
3355,00:00:55.900,10.30956613297325,17.418113425925927,14.746381655092593,8.781844618055555,7.400472125771605
3356,00:00:55.917,12.20096547067901,21.936320891203703,17.68940731095679,10.36061824845679,8.552870852623457
3357,00:00:55.933,11.560137763631687,20.789091435185185,16.02186294367284,10.001312210648148,8.657238136574074
3358,00:00:55.950,0.08925813400205762,0.16453993055555555,0.14359905478395063,0.05208912037037037,0.07208622685185186
3359,00:00:55.967,19.17794302983539,40.23382523148148,26.188859471450616,17.865357831790124,13.479611786265432
3360,00:00:55.983,20.08581404320988,41.899146412037034,27.333267264660495,18.89806954089506,14.026105324074074
3361,00:00:56.000,24.58902488425926,38.21716579861111,38.22339072145062,17.913641493055554,17.630042438271605
3362,00:00:56.017,13.719087255658437,25.72737991898148,18.409000771604937,12.727690489969136,10.020570505401235
3363,00:00:56.033,13.055133101851851,24.753421585648148,17.121164641203702,12.165498649691358,9.878736014660493
3364,00:00:56.050,12.987118216306584,27.63127170138889,17.115997299382716,12.201209490740741,9.644147858796297
3365,00:00:56.067,14.104884741512345,30.925144675925925,18.95095920138889,12.977228491512346,10.386466531635802
3366,00:00:56.083,0.08301729681069958,0.1806495949074074,0.12820987654320987,0.04933738425925926,0.07150462962962963
3367,00:00:56.100,22.018675250771604,50.67756076388889,28.92654369212963,21.57409239969136,15.555389660493827
3368,00:00:56.117,26.137713155864194,56.65978009259259,33.44985580632716,26.523837287808643,18.43944637345679
3369,00:00:56.133,25.74760320216049,58.08370225694444,32.09029658564815,26.15517264660494,18.997340374228394
3370,00:00:56.150,23.0219151877572,54.524327256944446,30.93534915123457,21.424358603395063,16.706037808641977
3371,00:00:56.167,18.36783307613169,44.124616608796295,25.37744888117284,16.067338927469137,13.658711419753086
3372,00:00:56.183,15.91170508616255,38.10476707175926,21.393543113425928,14.07206211419753,12.269510030864197
3373,00:00:56.200,18.188818479938273,41.64631076388889,24.442177854938272,16.045314911265432,14.07896267361111
3374,00:00:56.217,14.193137377829219,32.01691261574074,18.986832561728395,11.468375771604938,12.124203800154321
3375,00:00:56.233,11.475793467078189,27.846846064814816,14.811582272376544,9.322804783950618,10.292993344907407
3376,00:00:56.250,15.283134805812757,33.466167534722224,20.716723572530864,13.249270833333334,11.883410011574075
3377,00:00:56.267,0.09832240226337448,0.24656394675925927,0.1290041473765432,0.05946614583333333,0.10649691358024692
3378,00:00:56.283,11.512276556069958,24.637456597222222,15.314212480709877,10.186094714506172,9.036522472993827
3379,00:00:56.300,10.611878375771605,20.465422453703702,14.240713252314816,9.336875482253086,8.258046392746914
3380,00:00:56.317,12.054854681069957,24.77998408564815,17.29812885802469,9.948274016203703,8.91816116898148
3381,00:00:56.333,11.457833719135804,28.238765914351852,15.00603057484568,10.321927083333334,9.045543499228396
3382,00:00:56.350,11.096423611111112,25.639945023148147,14.1806143904321,10.18556182484568,8.923094618055556
3383,00:00:56.367,13.14332449202675,31.848191550925925,17.213545042438273,11.864727527006172,10.351700906635802
3384,00:00:56.383,14.863587319958846,37.234107349537034,19.49293113425926,13.111386477623457,11.986444347993826
3385,00:00:56.400,18.88477800282922,52.76800491898148,23.23349681712963,16.95979793595679,16.461039255401236
3386,00:00:56.417,16.923888728137857,50.60180844907408,22.029563078703703,15.101513310185185,13.640589795524692
3387,00:00:56.433,26.195098701131684,59.97984664351852,36.981561535493825,23.6774112654321,17.926323302469136
3388,00:00:56.450,26.839578028549383,49.97906539351852,39.736106288580245,24.85842833719136,15.924199459876544
3389,00:00:56.467,42.04595325360082,63.717534722222226,60.93775077160494,44.33393518518518,20.866173804012345
3390,00:00:56.483,37.415013020833335,67.01792534722222,52.78546440972222,38.98388406635802,20.475690586419752
3391,00:00:56.500,35.25078912680041,69.14907407407408,52.11838252314815,31.64189091435185,21.992093942901235
3392,00:00:56.517,23.5351551247428,58.03070023148148,31.019070216049382,22.32685474537037,17.259540412808644
3393,00:00:56.533,12.439676247427983,33.5228587962963,14.61369068287037,12.080671778549382,10.624666280864197
3394,00:00:56.550,13.79036506558642,35.70590277777778,18.312020158179013,12.74218074845679,10.316894290123457
3395,00:00:56.567,11.714126639660494,29.81345486111111,15.946176215277777,10.685776909722222,8.510426793981482
3396,00:00:56.583,0.12405140817901235,0.19872685185185185,0.20694540895061728,0.0722096836419753,0.09299913194444444
3397,00:00:56.600,16.725109953703704,43.99192708333333,24.02983024691358,14.637204378858025,11.508295235339506
3398,00:00:56.617,15.000073784722224,40.6695240162037,20.69287856867284,13.362460455246914,10.944882330246914
3399,00:00:56.633,13.346109985853909,36.91437355324074,18.11799430941358,12.077845293209876,9.842490354938272
3400,00:00:56.650,11.943811246141976,32.07889178240741,15.64934944058642,11.162331211419753,9.019753086419753
3401,00:00:56.667,13.60747186856996,39.62620804398148,18.074706307870372,12.610934124228395,10.136775173611111
3402,00:00:56.683,15.372305652006174,43.24866898148148,19.931035397376544,15.451832561728395,10.73404899691358
3403,00:00:56.700,22.528464827674895,42.08582175925926,35.758573013117285,20.20519675925926,11.621624710648149
3404,00:00:56.717,13.176603973765433,34.40200376157407,17.219662422839505,12.516442418981482,9.79370707947531
3405,00:00:56.733,29.553425443672836,66.09500144675926,38.86665412808642,30.209891975308643,19.583730227623455
3406,00:00:56.750,41.24980533050412,81.00013020833333,53.504034047067904,44.347956211419756,25.89742573302469
3407,00:00:56.767,38.76271556712963,73.20465133101852,49.843027584876545,40.379910783179014,26.065208333333334
3408,00:00:56.783,32.9796439364712,63.60329137731482,43.57625241126543,32.2761115933642,23.08656780478395
3409,00:00:56.800,19.43823029192387,51.94161603009259,26.23893759645062,14.823346354166667,17.25240692515432
3410,00:00:56.817,15.812522665895061,47.04968894675926,21.43494598765432,11.779702932098765,14.222919077932099
3411,00:00:56.833,15.134512120627571,47.38049045138889,20.94531925154321,11.050752314814815,13.40746479552469
3412,00:00:56.850,13.049748263888889,38.1248119212963,18.70913146219136,9.11257523148148,11.327538097993827
3413,00:00:56.867,0.14478877314814814,0.7876519097222222,0.20485725308641975,0.079429012345679,0.15008005401234567
3414,00:00:56.883,12.843776202417695,38.81851128472222,17.908289930555554,9.36934799382716,11.25369068287037
3415,00:00:56.900,19.78956259645062,54.91231192129629,24.27742862654321,16.337681327160492,18.753577835648148
3416,00:00:56.917,22.28449508101852,56.842520254629626,27.167250192901236,19.431607831790124,20.2546272183642
3417,00:00:56.933,34.53573623971193,63.81640625,41.09003375771605,38.66003472222222,23.85714023919753
3418,00:00:56.950,43.34207047325103,77.63370225694445,55.651482445987654,47.346547067901234,27.028181905864198
3419,00:00:56.967,44.1083002186214,82.34006076388889,62.132905092592594,46.26523148148148,23.92676408179012
3420,00:00:56.983,38.528764467592595,82.25348668981482,58.40505401234568,35.23517554012346,21.946063850308644
3421,00:00:57.000,33.34985114454732,67.89313512731482,55.260581114969135,23.804392361111113,20.984579957561728
3422,00:00:57.017,21.91206211419753,50.189105902777776,34.27522183641975,16.749545717592593,14.711418788580247
3423,00:00:57.033,22.992896894290123,48.903407118055554,36.077653356481484,17.44834587191358,15.452691454475309
3424,00:00:57.050,25.98169286908436,55.620768229166664,40.5885334683642,19.74837143132716,17.60817370756173
3425,00:00:57.067,21.335505722736624,43.496216724537035,33.654158468364194,15.598294270833334,14.754064429012345
3426,00:00:57.083,16.080724022633746,28.859418402777777,24.615625964506172,11.703721064814815,11.922825038580246
3427,00:00:57.100,13.932814750514403,23.07125289351852,21.61909770447531,10.093672357253086,10.085674189814815
3428,00:00:57.117,18.050773694701647,32.96861255787037,29.542816840277776,12.488546971450617,12.120957272376543
3429,00:00:57.133,17.460040509259258,31.78276909722222,28.363147665895063,11.873174189814815,12.143799672067901
3430,00:00:57.150,0.30627555941358026,0.6454933449074074,0.5599884259259259,0.14134403935185186,0.21749421296296295
3431,00:00:57.167,12.870005144032922,21.37777054398148,20.985144675925927,8.603716724537037,9.021154031635803
3432,00:00:57.183,10.738944830246913,17.738216145833334,17.59520302854938,7.115227141203704,7.506404320987654
3433,00:00:57.200,11.71870691872428,18.42035590277778,19.12190489969136,7.557518807870371,8.476697048611111
3434,00:00:57.217,8.314609375000002,13.24226707175926,13.90436969521605,5.124941647376543,5.914516782407407
3435,00:00:57.233,13.177359825102881,23.48580005787037,21.89389660493827,8.369073591820987,9.269109278549383
3436,00:00:57.250,12.007344714506173,21.27275028935185,20.052325424382715,7.560541570216049,8.409167148919753
3437,00:00:57.267,13.609533018261317,24.312311921296295,22.73029079861111,8.552057291666667,9.546250964506173
3438,00:00:57.283,13.760684799382716,22.551808449074073,21.99669849537037,9.228837287808641,10.056518614969136
3439,00:00:57.300,12.77641975308642,21.75099826388889,21.240907118055556,8.068000578703703,9.0203515625
3440,00:00:57.317,9.289190136316874,15.732255497685186,15.789632040895063,5.559853877314815,6.5180844907407405
3441,00:00:57.333,9.363541988168725,16.412919560185184,15.597120949074075,5.872209683641976,6.621295331790123
3442,00:00:57.350,8.87353025334362,16.23755787037037,14.487834683641974,5.626670042438271,6.506086033950617
3443,00:00:57.367,6.542587930812758,12.92474681712963,10.284798900462963,4.198283661265432,5.144681230709876
3444,00:00:57.383,7.643096064814816,13.55511429398148,11.465156732253087,5.183730709876543,6.280400752314815
3445,00:00:57.400,6.077716049382716,10.973017939814815,9.114713541666667,4.151612654320988,4.966821952160494
3446,00:00:57.417,0.7904288837448559,1.361697048611111,1.3199493634259258,0.3553559027777778,0.6959813850308642
3447,00:00:57.433,7.50203655478395,12.676338252314816,10.71426456404321,5.258046392746913,6.533798707561728
3448,00:00:57.450,7.068544720936213,12.760329861111112,9.969815779320987,4.98606819058642,6.249750192901234
3449,00:00:57.467,6.420634966563786,13.101953125,9.047361593364197,4.5089308449074075,5.705612461419753
3450,00:00:57.483,8.777844007201645,16.594921875,12.428660783179012,6.245470679012346,7.65940055941358
3451,00:00:57.500,18.82634564686214,24.310344328703703,34.13273823302469,7.604629147376543,14.741669560185185
3452,00:00:57.517,5.971757169495885,13.37262008101852,7.3581505594135805,4.768667534722222,5.788453414351852
3453,00:00:57.533,0.046512184927983535,0.2838252314814815,0.07085310570987655,0.029236111111111112,0.039447337962962965
3454,00:00:57.550,8.411986400462963,19.854730902777778,10.710289351851852,7.167846739969136,7.357823109567901
3455,00:00:57.567,0.059057677469135796,0.14388020833333334,0.0844945987654321,0.040592689043209874,0.05208574459876543
3456,00:00:57.583,19.66318142361111,47.43718171296296,32.421843171296295,14.75216869212963,11.815532407407407
3457,00:00:57.600,20.161147280092592,50.90715422453704,33.22664110725309,14.93277488425926,12.324025848765432
3458,00:00:57.617,19.452696116255144,50.70768952546296,31.925485146604938,14.412838541666666,12.019764660493827
3459,00:00:57.633,21.11180507330247,56.25175057870371,33.888011188271605,16.02113667052469,13.426267361111112
3460,00:00:57.650,18.647307259516463,46.44981915509259,29.428912519290122,14.073140914351852,12.439868344907408
3461,00:00:57.667,16.701160461676956,42.155056423611114,26.799201871141975,12.222056327160495,11.082223186728395
3462,00:00:57.683,17.417944155092595,45.415726273148145,28.004168595679012,12.717078993055555,11.53258487654321
3463,00:00:57.700,0.10357831790123456,0.5740451388888889,0.17275848765432097,0.05289158950617284,0.08508487654320987
3464,00:00:57.717,29.651626157407406,81.6265625,44.15091579861111,24.67267071759259,20.13129195601852
3465,00:00:57.733,0.054721418467078196,0.14523292824074074,0.08834249614197531,0.031972897376543206,0.04384886188271605
3466,00:00:57.750,34.33675620498971,100.30282841435185,49.74193962191358,30.011620852623455,23.2567081404321
3467,00:00:57.767,34.206668274176955,97.71077112268519,50.011908275462964,30.137710744598767,22.470385802469135
3468,00:00:57.783,40.216949106224284,104.46342592592593,58.31596450617284,36.32640190972222,26.008480902777777
3469,00:00:57.800,39.904574652777775,96.8302734375,56.93491078317901,35.552802372685186,27.226010802469137
3470,00:00:57.817,39.90086966306584,99.96059027777778,55.35343412422839,36.83965952932099,27.50951533564815
3471,00:00:57.833,24.895519547325105,65.54456741898149,40.45889612268518,19.161529224537038,15.066133294753087
3472,00:00:57.850,27.162240226337445,69.33968460648148,42.07118537808642,22.003443769290122,17.412091531635802
3473,00:00:57.867,20.65706452546296,52.665444155092594,32.03818817515432,16.462513985339505,13.470491415895061
3474,00:00:57.883,17.850793949331276,44.74748263888889,28.372546296296296,13.822946084104938,11.356889467592593
3475,00:00:57.900,20.53403822659465,57.14700520833333,30.56984230324074,16.617548707561728,14.414723668981482
3476,00:00:57.917,20.23518856095679,48.855078125,30.220055459104938,15.714864486882716,14.770645736882717
3477,00:00:57.933,21.490205439814815,56.76566116898148,32.66816647376543,16.415643325617285,15.386806520061729
3478,00:00:57.950,18.957146186985597,48.542230902777774,29.588821855709877,14.099368730709877,13.183247974537037
3479,00:00:57.967,20.27539882330247,53.16336805555556,30.550760030864197,15.489720775462963,14.785715663580246
3480,00:00:57.983,19.664876543209875,52.569401041666666,30.717516878858024,15.102758969907407,13.174353780864198
3481,00:00:58.000,13.238672196502057,18.708854166666665,26.22933834876543,3.8863859953703703,9.60029224537037
3482,00:00:58.017,21.14277745627572,56.20575810185185,33.23334538966049,15.60400704089506,14.590979938271605
3483,00:00:58.033,19.365357349537035,52.440400752314815,31.057631655092592,14.386354166666667,12.652086226851852
3484,00:00:58.050,18.761906989454733,51.98355034722222,30.478223861882714,14.034031635802469,11.773465470679012
3485,00:00:58.067,16.546248874742798,43.50445601851852,26.612371238425926,12.57980999228395,10.446565393518519
3486,00:00:58.083,16.936820826903293,45.39715711805555,27.185057870370372,12.784973476080246,10.840431134259259
3487,00:00:58.100,16.64729198816872,44.44840856481481,27.00169463734568,12.551313657407407,10.388867669753086
3488,00:00:58.117,16.557250032150208,43.16701388888889,26.43707851080247,12.569076003086419,10.665595582561728
3489,00:00:58.133,19.476574395576133,51.49140625,31.457951871141976,14.948298128858024,12.023473186728395
3490,00:00:58.150,19.60751607510288,52.140465856481484,30.246738522376543,15.90921055169753,12.666599151234568
3491,00:00:58.167,43.43915782536008,109.0974754050926,66.7418962191358,38.4362856867284,25.13929157021605
3492,00:00:58.183,45.03462255658436,108.99270109953704,66.65298418209876,38.1183521412037,30.33253134645062
3493,00:00:58.200,47.798922003600815,108.61590711805556,65.83861545138889,45.002259355709874,32.5558912037037
3494,00:00:58.217,49.93196968235596,97.73216869212963,63.13046971450617,54.89407214506173,31.7713671875
3495,00:00:58.233,40.98971289866255,76.61301359953704,50.430291280864196,47.0522337962963,25.48661361882716
3496,00:00:58.250,19.406234085648148,49.88203848379629,22.506674864969135,19.81391444830247,15.898112943672839
3497,00:00:58.267,13.487423964763375,35.586002604166666,16.13167679398148,13.955185185185185,10.375409915123457
3498,00:00:58.283,11.965978491512345,29.101063368055556,13.992480227623457,12.310079089506173,9.595376157407408
3499,00:00:58.300,13.891217046039095,34.76453269675926,16.878789544753086,14.102251157407407,10.69261043595679
3500,00:00:58.317,13.186933352623457,33.56922019675926,15.50140335648148,13.57912181712963,10.48027488425926
3501,00:00:58.333,20.5581618119856,51.44197048611111,24.485886863425925,20.524132908950616,16.66446566358025
3502,00:00:58.350,11.248828928755145,28.13226996527778,12.679761284722222,11.718601466049384,9.348124035493827
3503,00:00:58.367,0.1416234246399177,0.5116970486111111,0.1880979938271605,0.09143084490740741,0.1453414351851852
3504,00:00:58.383,13.962645318930042,36.55442708333333,16.503845968364196,14.17009307484568,11.213996913580248
3505,00:00:58.400,12.55071936085391,31.296281828703705,14.743606288580247,12.399456500771604,10.509095293209876
3506,00:00:58.417,11.643155381944444,29.787261284722224,13.29986545138889,11.658151041666667,9.971449652777778
3507,00:00:58.433,15.75108699845679,38.82613570601852,17.08767264660494,16.404037905092594,13.761550443672839
3508,00:00:58.450,11.520560538837449,27.798148148148147,12.84710648148148,12.03835262345679,9.676222511574075
3509,00:00:58.467,12.017456597222221,30.155078125,13.024724151234567,12.5664559220679,10.461189718364198
3510,00:00:58.483,9.705268614969137,23.00238715277778,10.26569106867284,10.222456597222223,8.627658179012347
3511,00:00:58.500,17.745704893261316,37.53785445601852,22.804983121141976,15.338860918209877,15.093270640432099
3512,00:00:58.517,12.513503729423869,32.96098813657407,13.03078944830247,13.58143325617284,10.928288483796296
3513,00:00:58.533,10.745751189557614,26.89871238425926,10.929765142746914,11.699487847222223,9.608000578703704
3514,00:00:58.550,11.135372460133745,26.99032841435185,11.464374035493828,12.180975597993827,9.76076774691358
3515,00:00:58.567,0.07606111754115226,0.26119791666666664,0.09203076774691359,0.058885513117283954,0.07726707175925926
3516,00:00:58.583,10.475042277520576,24.371585648148148,10.697634066358024,11.454417438271605,9.273075327932098
3517,00:00:58.600,10.292473636831277,24.12034866898148,10.330279224537037,11.315222800925927,9.231918885030865
3518,00:00:58.617,11.324938914609055,27.267881944444444,11.443059895833333,12.634096257716049,9.897660590277777
3519,00:00:58.633,10.54465117026749,24.321657986111113,10.520637538580248,11.76647231867284,9.346843653549383
3520,00:00:58.650,11.251972254372427,24.571911168981483,11.140945698302469,12.25319637345679,10.361774691358026
3521,00:00:58.667,15.452174639917695,30.440870949074075,14.756154996141975,15.813434606481481,15.78693431712963
3522,00:00:58.683,14.820132458847738,21.398922164351852,15.913709490740741,15.682373167438271,12.864314718364197
3523,00:00:58.700,17.698195569701642,30.1517578125,20.16630353009259,17.305562307098764,15.62272087191358
3524,00:00:58.717,9.680228587962963,20.21689091435185,11.035356385030864,10.434815297067901,7.570514081790123
3525,00:00:58.733,6.790163805298355,13.45808738425926,7.762519290123457,7.142981770833333,5.464990354938272
3526,00:00:58.750,0.31243923611111113,1.3800202546296296,0.35443865740740743,0.2416425540123457,0.34123649691358027
3527,00:00:58.767,6.949984567901235,14.177119502314815,7.7547675540123455,7.541405767746913,5.553780381944445
3528,00:00:58.783,4.84897087191358,11.591702835648148,5.553476080246914,5.148103298611111,3.845333236882716
3529,00:00:58.800,2.760841049382716,7.432826967592592,3.2988199266975307,2.8581283757716047,2.1255748456790124
3530,00:00:58.817,3.29873922968107,10.017628761574073,3.96046199845679,3.4434239969135803,2.4923316936728397
3531,00:00:58.833,2.419390753600823,6.845623553240741,2.8650462962962964,2.452921971450617,1.9402039930555555
3532,00:00:58.850,2.1736791087962963,5.611574074074074,2.56330005787037,2.205946662808642,1.7517906057098764
3533,00:00:58.867,2.0991867605452676,5.949754050925926,2.1794603587962964,2.369114101080247,1.7489858217592593
3534,00:00:58.883,2.0459508423353907,7.119856770833334,2.1069719328703704,2.3256380208333334,1.7052425733024692
3535,00:00:58.900,2.2743454218106995,6.597952835648148,2.29376880787037,2.5987953317901233,1.9304721257716049
3536,00:00:58.917,2.915265882201646,8.161451099537038,3.1333449074074076,3.153464023919753,2.4589887152777776
3537,00:00:58.933,2.797393261316872,8.738324652777777,2.8917110339506173,3.3586058063271604,2.1418629436728396
3538,00:00:58.950,2.132363843878601,7.179622395833333,2.158900462962963,2.49049430941358,1.7476967592592592
3539,00:00:58.967,2.781183127572017,8.269914641203703,3.327531346450617,2.7518721064814815,2.264145929783951
3540,00:00:58.983,1.4675541730967077,4.132067418981482,1.536564911265432,1.5083955439814816,1.3577020640432098
3541,00:00:59.000,10.31755256558642,18.383094618055555,16.351221064814816,5.179157986111111,9.422278645833334
3542,00:00:59.017,2.4698141718107,6.575325520833333,3.4014105902777776,2.3698924575617286,1.6381394675925927
3543,00:00:59.033,2.866029288837449,7.1969618055555555,3.849846161265432,2.7436390817901235,2.00460262345679
3544,00:00:59.050,1.999582690329218,5.436212384259259,2.357694347993827,1.9526924189814814,1.6883613040123457
3545,00:00:59.067,2.4211381172839506,5.532009548611111,3.135761477623457,2.37032600308642,1.7573268711419754
3546,00:00:59.083,2.7668740354938275,7.184172453703703,3.592952835648148,2.761528260030864,1.946141010802469
3547,00:00:59.100,2.3722101658950616,6.365162037037037,3.0085903742283953,2.2327662037037035,1.8752739197530863
3548,00:00:59.117,1.9923992091049378,6.074204282407408,2.7054176311728395,1.6540162037037036,1.6177637924382715
3549,00:00:59.133,3.0322455311213994,10.729405381944444,3.9935199652777778,2.818103298611111,2.2851133294753088
3550,00:00:59.150,1.958664158950617,5.025108506944444,2.562630208333333,1.9681312692901234,1.345230999228395
3551,00:00:59.167,2.295460873199588,5.767628761574074,3.3695929783950618,2.145750385802469,1.3710392554012345
3552,00:00:59.183,3.4311562821502055,11.082342303240742,5.172728105709877,3.3633762538580245,1.757364486882716
3553,00:00:59.200,3.1329788773148146,6.838982928240741,4.803246527777778,2.9037577160493826,1.6919323881172839
3554,00:00:59.217,3.0783767361111107,7.687876157407407,4.713019386574074,2.8040306712962964,1.718080150462963
3555,00:00:59.233,3.0428113747427985,5.876953125,4.882965856481482,2.6318740354938273,1.6135942322530865
3556,00:00:59.250,0.01978330761316872,0.05041956018518518,0.031078800154320987,0.012412229938271605,0.01585889274691358
3557,00:00:59.267,3.2271323623971195,6.0568648726851855,5.043560474537037,2.8518045910493828,1.7860320216049383
3558,00:00:59.283,3.427269965277778,6.418532986111111,5.406364776234568,2.9798615933641974,1.895583526234568
3559,00:00:59.300,2.5742004243827163,4.543294270833333,3.8927290702160495,2.2496870177469135,1.5801851851851851
3560,00:00:59.317,2.583939686213992,4.108579282407407,4.04503231095679,2.18764274691358,1.5191440007716048
3561,00:00:59.333,3.7560120884773665,6.22890625,5.824921875,3.0139139660493828,2.429200424382716
3562,00:00:59.350,2.74376752186214,6.879318576388889,4.078253761574074,2.40164737654321,1.7514014274691359
3563,00:00:59.367,3.569837802211934,7.783181423611111,5.209890046296296,3.007696759259259,2.4919266010802468
3564,00:00:59.383,3.417835165895062,6.858166956018518,5.203167438271605,2.8061829668209874,2.2441550925925924
3565,00:00:59.400,4.075944733796296,8.970869502314814,6.652990933641975,3.2131968557098767,2.361646412037037
3566,00:00:59.417,4.1299281442901234,7.145189525462963,6.970646219135802,3.0896768904320986,2.329461323302469
3567,00:00:59.433,4.192249710648148,7.585192418981482,6.794675925925926,3.327328800154321,2.4547444058641976
3568,00:00:59.450,0.020618248456790125,0.03566261574074074,0.027604166666666666,0.014390432098765431,0.019860146604938272
3569,00:00:59.467,3.6933529449588476,6.305396412037037,6.147286844135802,2.8240123456790123,2.1087596450617285
3570,00:00:59.483,4.749055266203704,9.88370949074074,7.802423321759259,3.7433275462962965,2.7014149305555555
3571,00:00:59.500,10.38671199845679,16.06785300925926,17.245558449074075,5.495807291666667,8.41877025462963
3572,00:00:59.517,4.205698784722222,7.064641203703704,6.400970293209877,3.584198013117284,2.631928047839506
3573,00:00:59.533,3.361842046039095,7.180975115740741,5.395346739969136,2.7290489969135803,1.9611304012345678
3574,00:00:59.550,2.8103076774691353,5.380381944444444,4.575094521604938,2.2545597029320987,1.6012688078703703
3575,00:00:59.567,2.792220132458848,5.4287109375,4.6132079475308645,2.223497299382716,1.539955150462963
3576,00:00:59.583,2.7548324974279836,5.772178819444444,4.533919270833334,2.2001519097222224,1.5304263117283952
3577,00:00:59.600,2.3943452610596707,5.748444733796297,3.884120852623457,1.9135382908950618,1.3853766396604938
3578,00:00:59.617,2.9532595486111113,5.7191767939814815,4.834175829475309,2.358963638117284,1.6666391782407408
3579,00:00:59.633,2.988653549382716,6.534129050925926,4.577824556327161,2.4673958333333332,1.9207402584876543
3580,00:00:59.650,3.325807773919753,6.716500289351852,5.133262924382716,2.820982349537037,2.0231780478395063
3581,00:00:59.667,2.5470235339506178,3.171759259259259,3.879326774691358,2.188077739197531,1.573666087962963
3582,00:00:59.683,4.127866833847737,9.656944444444445,7.108062307098765,3.385232928240741,1.8903052662037036
3583,00:00:59.700,1.7485472929526749,3.43443287037037,2.9086530671296296,1.4242795138888888,0.9127092978395062
3584,00:00:59.717,1.6339031957304526,3.3121961805555555,2.6327117091049383,1.2925294174382715,0.9764684606481482
3585,00:00:59.733,0.13861239711934156,0.44110966435185184,0.1966845100308642,0.09683931327160494,0.12231336805555555
3586,00:00:59.750,1.6134180491255146,3.4953052662037036,2.4905434992283952,1.3084630594135802,1.0412475887345678
3587,00:00:59.767,3.732662197788066,10.746498842592592,6.487092496141975,2.998495852623457,1.7123982445987653
3588,00:00:59.783,3.9846055169753085,9.440632233796297,6.3469304591049385,3.2772337962962963,2.329652295524691
3589,00:00:59.800,3.024062339248971,6.176027199074074,4.495506365740741,2.667130111882716,1.9095505401234567
3590,00:00:59.817,5.701617959104939,11.434664351851852,9.06018325617284,4.803758680555555,3.24091194058642
3591,00:00:59.833,4.172781957304527,11.209252025462963,6.099802276234568,3.812535686728395,2.6060079089506174
3592,00:00:59.850,4.090240322788066,10.187825520833334,6.099848572530864,3.6476490162037036,2.5232233796296297
3593,00:00:59.867,4.860776105967077,11.694632523148147,7.412796103395062,4.310192901234568,2.859339313271605
3594,00:00:59.883,3.780475823045267,9.9044921875,5.690824170524691,3.276810860339506,2.373792438271605
3595,00:00:59.900,4.100774819958848,11.458644386574074,6.555947145061729,3.536305459104938,2.2100718557098764
3596,00:00:59.917,3.8459661136831276,9.146477141203704,6.15604793595679,3.3896170910493826,1.9922333140432098
3597,00:00:59.933,3.6080111882716053,10.261364293981481,5.824459394290123,3.221760223765432,1.7778139467592593
3598,00:00:59.950,2.858078060699589,7.1469111689814815,4.677764756944445,2.4130415702160493,1.4834278549382716
3599,00:00:59.967,0.03594569830246913,0.06197916666666667,0.06463686342592592,0.01769193672839506,0.02550829475308642
3600,00:00:59.983,4.802429269547325,12.781727430555556,6.830489969135803,4.275782214506173,3.301015625
3601,00:01:00.000,9.811572305812758,16.064532696759258,16.24190055941358,5.298508391203704,7.894307966820987
3602,00:01:00.017,3.4829044495884776,7.066239872685185,6.06976707175926,2.9252835648148148,1.4536627121913581
3603,00:01:00.033,4.807916827417696,11.405765335648148,7.676466049382716,4.172508198302469,2.574776234567901
3604,00:01:00.050,4.606926279578189,10.156589988425926,7.328186246141975,3.984070698302469,2.5085218942901233
3605,00:01:00.067,3.945582722479424,9.511957465277778,6.097797550154321,3.195638985339506,2.5433116319444444
3606,00:01:00.083,3.7265784143518523,8.18912037037037,5.811350308641975,3.0675303819444446,2.300854552469136
3607,00:01:00.100,4.741075906635802,11.222779224537037,7.0427445023148145,3.9333564814814816,3.247126736111111
3608,00:01:00.117,4.3896547067901235,11.422612847222222,6.561835455246913,3.557444540895062,3.049684124228395
3609,00:01:00.133,5.151790284207819,12.111147280092593,8.0823046875,3.928701774691358,3.444364390432099
3610,00:01:00.150,4.165475340792181,11.711480034722221,6.511492091049383,3.2236284722222224,2.761305459104938
3611,00:01:00.167,5.869902906378601,14.333174189814814,9.451684510030864,4.386731288580247,3.7712929205246914
3612,00:01:00.183,4.6337781314300415,12.420305266203703,7.320434027777778,3.653466435185185,2.9274339313271605
3613,00:01:00.200,4.093664641203704,9.84226707175926,6.718057484567901,3.202675540123457,2.360260898919753
3614,00:01:00.217,0.028386059670781894,0.09948640046296296,0.04721209490740741,0.017529899691358024,0.020416184413580247
3615,00:01:00.233,4.6001888824588475,12.781235532407408,7.563585069444445,3.6165195794753084,2.6204619984567903
3616,00:01:00.250,4.7003557420267486,10.553182870370371,7.644502797067902,3.691021412037037,2.765543016975309
3617,00:01:00.267,3.8950477430555552,9.54503761574074,5.9975626929012344,3.2026866319444443,2.4848939043209874
3618,00:01:00.283,4.202521379886831,9.795044849537037,6.832461902006173,3.328912037037037,2.4461902006172838
3619,00:01:00.300,4.065183738425926,9.000875289351852,6.323663676697531,3.3613160686728394,2.5105714699074073
3620,00:01:00.317,3.6780163323045265,8.592230902777779,5.63746768904321,3.066031539351852,2.3305497685185186
3621,00:01:00.333,4.395420203189301,10.610243055555555,6.90759693287037,3.6500761959876544,2.6285874807098764
3622,00:01:00.350,4.238528163580247,9.164677372685185,6.731271219135802,3.3928096064814817,2.5915036651234566
3623,00:01:00.367,4.329316968878601,8.576613136574075,6.811394675925926,3.46672550154321,2.709830729166667
3624,00:01:00.383,3.7315861304012348,8.079918981481482,5.8885440779320986,3.0058241705246913,2.3003901427469136
3625,00:01:00.400,4.704596354166667,10.468699363425927,7.49160686728395,3.7689872685185186,2.853194926697531
3626,00:01:00.417,3.613949652777778,7.9548538773148145,5.618248456790123,2.9641700424382718,2.259430459104938
3627,00:01:00.433,4.859322273662551,9.62066695601852,7.601440007716049,4.03072868441358,2.9457981288580246
3628,00:01:00.450,3.7409574331275723,7.7396484375,5.772849633487654,3.1018311149691358,2.348191550925926
3629,00:01:00.467,4.697898019547325,10.829260706018518,7.215350597993827,3.775636574074074,3.102706886574074
3630,00:01:00.483,4.121898630401234,9.515892650462963,6.096629533179012,3.4189515817901235,2.8501147762345678
3631,00:01:00.500,9.338467560442387,18.15042679398148,14.02702980324074,5.560204475308642,8.428168402777779
3632,00:01:00.517,2.981515239197531,8.82994068287037,4.2763204089506175,2.589010898919753,2.0792144097222223
3633,00:01:00.533,3.0779049318415637,7.349696180555555,4.6833164544753085,2.5087254050925925,2.04167293595679
3634,00:01:00.550,2.821416859567901,7.321043113425926,4.426939139660494,2.19201774691358,1.8452936921296297
3635,00:01:00.567,3.1928462577160492,9.27326388888889,4.931824363425926,2.4199532214506174,2.2267611882716047
3636,00:01:00.583,2.509525302211934,7.850571469907408,3.8307368827160495,1.9551176697530863,1.7427213541666666
3637,00:01:00.600,2.403029513888889,6.521462673611111,3.637613329475309,1.8541411072530865,1.7173341049382715
3638,00:01:00.617,2.2829224537037036,6.758434606481481,3.577601273148148,1.6763305362654322,1.5948355516975308
3639,00:01:00.633,1.873058609825103,6.131633391203704,2.948645351080247,1.3717288773148149,1.298801601080247
3640,00:01:00.650,1.8608167759773664,6.1454065393518515,2.93565731095679,1.3441420717592591,1.3026509452160493
3641,00:01:00.667,1.8822006815843622,5.828624131944444,2.8161607831790123,1.4050303819444445,1.4254108796296296
3642,00:01:00.683,1.9207155028292178,6.026121238425926,2.9858246527777776,1.4343479938271604,1.341973861882716
3643,00:01:00.700,1.7926991705246913,5.299833622685185,2.743073398919753,1.3843590856481482,1.2506650270061728
3644,00:01:00.717,0.029450231481481483,0.20081741898148148,0.04339940200617284,0.020046778549382718,0.02490451388888889
3645,00:01:00.733,1.5018545846193414,4.563339120370371,2.327162422839506,1.1508695023148148,1.0275318287037036
3646,00:01:00.750,2.288135931069959,7.759693287037037,3.545388213734568,1.8120158179012347,1.5070037615740741
3647,00:01:00.767,2.164975887345679,5.517867476851852,3.3304070216049384,1.7842206790123456,1.380299961419753
3648,00:01:00.783,1.793425122170782,4.461393229166666,2.7435411844135804,1.4839959490740742,1.1527382330246914
3649,00:01:00.800,2.6963070666152262,7.209136284722222,4.23201919367284,2.2193176118827163,1.6375843942901234
3650,00:01:00.817,2.3232143775720164,6.758557581018518,3.5736357060185187,1.866535976080247,1.529471450617284
3651,00:01:00.833,1.9752403227880657,4.973705150462963,2.98861255787037,1.651232638888889,1.2858757716049383
3652,00:01:00.850,0.025037294238683127,0.08214699074074074,0.04149498456790123,0.014178240740740741,0.019438657407407408
3653,00:01:00.867,2.192305491255144,5.062492766203704,3.218270640432099,1.8375390625,1.5211067708333332
3654,00:01:00.883,3.0281314300411526,7.620978009259259,4.569902102623457,2.5493725887345677,1.9651195987654322
3655,00:01:00.900,2.119500546553498,6.129911747685185,3.158061824845679,1.802037037037037,1.3984027777777779
3656,00:01:00.917,2.199751639660494,4.339279513888889,3.034086612654321,1.9724580439814814,1.592710262345679
3657,00:01:00.933,1.815602494855967,4.171788194444445,2.5538011188271605,1.618383487654321,1.2746228780864197
3658,00:01:00.950,1.6804099151234568,3.4434100115740742,2.380576774691358,1.4686448688271605,1.1920081018518518
3659,00:01:00.967,1.8063067451131687,3.938013599537037,2.5821387924382715,1.5466324266975309,1.2901490162037037
3660,00:01:00.983,1.4756934799382717,3.4912471064814814,2.103351658950617,1.2952729552469135,1.028455825617284
3661,00:01:01.000,8.319044656635803,15.364192708333333,12.515631269290123,4.7056949266975305,7.7358077739197535
3662,00:01:01.017,0.0030730774176954737,0.019675925925925927,0.003426408179012346,0.0027724729938271605,0.0030203510802469134
3663,00:01:01.033,4.369686374742798,8.94246238425926,6.169615644290124,4.388059413580247,2.5513840663580245
3664,00:01:01.050,3.2051932227366255,7.303949652777778,4.943392650462963,3.0239723186728393,1.648214699074074
3665,00:01:01.067,2.6341210133744855,6.022923900462963,4.02352912808642,2.422490837191358,1.456343074845679
3666,00:01:01.083,3.3429673032407408,8.295862268518519,5.099644579475308,3.0985889274691356,1.8306684027777778
3667,00:01:01.100,2.425601048096708,5.485525173611111,3.5346315586419754,2.3735677083333333,1.3686038773148148
3668,00:01:01.117,2.8170470036008233,8.213100405092593,4.164511959876543,2.623459201388889,1.663169849537037
3669,00:01:01.133,2.382363040123457,6.784013310185185,3.306222029320988,2.232775848765432,1.6080912422839506
3670,00:01:01.150,0.022602398405349795,0.07316984953703703,0.0309399112654321,0.01816502700617284,0.018702256944444443
3671,00:01:01.167,2.2744579475308644,7.60769675925926,3.019914641203704,2.0760725308641974,1.7273866705246914
3672,00:01:01.183,3.436520383230453,10.376960358796296,4.69977237654321,3.2593595679012344,2.350429205246914
3673,00:01:01.200,2.6597521219135802,8.679296875,3.6427628279320987,2.463390239197531,1.8731032986111111
3674,00:01:01.217,3.94909882973251,11.744806134259258,5.467966820987654,3.6098461612654322,2.7694835069444443
3675,00:01:01.233,2.9220733667695473,9.79578269675926,3.5760016396604937,2.914798900462963,2.275419560185185
3676,00:01:01.250,3.880381622942387,11.610517939814814,5.002825520833333,3.7049363425925925,2.9333830054012346
3677,00:01:01.267,3.1858989197530865,11.016304976851853,4.037728587962963,2.9838917824074076,2.536076388888889
3678,00:01:01.283,3.8664560828189303,14.212413194444444,5.185178433641975,3.6088450038580246,2.80534481095679
3679,00:01:01.300,4.938642779063787,13.950108506944444,7.329184992283951,4.59370418595679,2.8930391589506175
3680,00:01:01.317,3.262305652006173,8.782103587962963,4.879539448302469,3.0231968557098767,1.8841806520061728
3681,00:01:01.333,0.0195580954218107,0.0564453125,0.02728829089506173,0.01375048225308642,0.017635513117283952
3682,00:01:01.350,3.8592520254629634,11.696600115740742,5.831241319444445,3.5668653549382716,2.1796494020061727
3683,00:01:01.367,3.2336157728909463,8.985257523148148,4.640147569444444,3.138673804012346,1.9220259452160493
3684,00:01:01.383,2.6643156828703707,7.613968460648148,4.153888406635803,2.3857026427469137,1.453355999228395
3685,00:01:01.400,2.248803369341564,6.664728009259259,3.5179012345679013,1.9551847029320988,1.2733241705246914
3686,00:01:01.417,3.180458783436214,9.050434027777778,4.957481674382716,2.954668209876543,1.6292264660493827
3687,00:01:01.433,2.6978057484567906,7.767563657407408,3.991510898919753,2.474725597993827,1.6271807484567902
3688,00:01:01.450,3.1605063657407406,9.301548032407407,4.760775462962963,2.8114674961419754,1.909276138117284
3689,00:01:01.467,2.68508889531893,6.629926215277778,4.174888599537037,2.324958526234568,1.5554195601851852
3690,00:01:01.483,0.013446180555555555,0.19675925925925927,0.01849199459876543,0.009891975308641976,0.011954571759259259
3691,00:01:01.500,8.628738265174897,15.754144965277778,13.598614969135802,5.011396604938271,7.276203221450618
3692,00:01:01.517,2.431310763888889,5.5809534143518515,3.856215277777778,2.1122526041666667,1.3254644097222221
3693,00:01:01.533,1.9705406057098767,5.100491898148148,3.066142457561728,1.7038141396604938,1.1416652199074073
3694,00:01:01.550,1.8420643647119341,5.744632523148148,2.8390354938271605,1.5647342785493827,1.1224233217592592
3695,00:01:01.567,2.3633150077160496,5.159027777777778,3.7750154320987654,2.0979046103395063,1.2170249807098765
3696,00:01:01.583,1.9108974729938273,4.200318287037037,3.043891782407407,1.6191454475308642,1.0696551890432098
3697,00:01:01.600,2.7909458590534975,7.88033130787037,4.379697145061728,2.514983603395062,1.4781568287037037
3698,00:01:01.617,1.5801366383744855,4.785554108796297,2.174273726851852,1.3848683449074075,1.1812678433641974
3699,00:01:01.633,1.8871219135802468,4.472583912037037,2.9456061921296297,1.7018639081790123,1.0138956404320987
3700,00:01:01.650,1.9679560506687244,4.897583912037037,3.2321682098765434,1.7521195023148148,0.9195804398148149
3701,00:01:01.667,1.4345473251028806,5.040603298611111,2.243050250771605,1.2717390046296295,0.7888527199074075
3702,00:01:01.683,1.5808375128600822,3.918460648148148,2.4659456983024692,1.3021498842592591,0.9744169560185185
3703,00:01:01.700,1.2517073366769547,3.074117476851852,1.9231471836419753,1.0802623456790124,0.7517124807098765
3704,00:01:01.717,1.8391967271090532,4.532841435185185,2.859890046296296,1.454557773919753,1.2031423611111112
3705,00:01:01.733,1.7811623906893004,4.519437210648148,2.821134259259259,1.358635223765432,1.16371768904321
3706,00:01:01.750,1.9128089634773664,6.159548611111111,3.034948398919753,1.4500154320987655,1.2534630594135803
3707,00:01:01.767,1.7881031378600822,5.313483796296296,2.914040798611111,1.225451388888889,1.224817226080247
3708,00:01:01.783,1.5607732124485596,3.712355324074074,2.574170524691358,1.2575969328703704,0.8505521797839506
3709,00:01:01.800,1.6488917824074072,3.645949074074074,2.781600597993827,1.3100969328703704,0.8549778163580247
3710,00:01:01.817,0.019183063271604937,0.06923466435185185,0.03192853009259259,0.011753954475308642,0.01386670524691358
3711,00:01:01.833,1.5724580439814815,5.027322048611111,2.6812688078703704,1.2347077546296297,0.8013975694444444
3712,00:01:01.850,1.6665518904320988,3.7804832175925926,2.7871006944444443,1.3569227430555555,0.8556322337962963
3713,00:01:01.867,1.7243311149691358,3.7603153935185185,2.8561752507716047,1.3720992476851852,0.9447188464506173
3714,00:01:01.883,2.261653002829218,5.1988715277777775,3.757183641975309,1.709146412037037,1.3186289544753087
3715,00:01:01.900,1.8009882973251028,5.993410011574074,2.984789737654321,1.3953747106481482,1.0228004436728395
3716,00:01:01.917,1.7648024369855966,5.415306712962963,2.9182667824074073,1.2905126350308642,1.0856278935185186
3717,00:01:01.933,1.7026003086419752,4.599493634259259,2.703544077932099,1.0831794945987654,1.3210773533950617
3718,00:01:01.950,1.8168359374999998,4.289351851851852,2.9879740547839506,1.0657581018518518,1.3967756558641975
3719,00:01:01.967,1.8650903420781892,4.516362847222222,3.058870563271605,1.0697960069444445,1.4666044560185185
3720,00:01:01.983,0.7753808191872428,2.371440972222222,1.268022762345679,0.5844984567901235,0.4736212384259259
3721,00:01:02.000,6.3994267618312755,10.480996817129629,10.64374324845679,2.8875409915123456,5.666996045524692
3722,00:01:02.017,0.6779058963477368,1.8377314814814816,1.0530150462962964,0.5395654899691358,0.44113715277777776
3723,00:01:02.033,0.6742881944444443,1.7455005787037037,1.0749373070987653,0.5131336805555555,0.4347935956790123
3724,00:01:02.050,0.7680147247942387,2.256951678240741,1.2234013310185186,0.5702353395061729,0.5104075038580247
3725,00:01:02.067,0.7865088091563784,1.7951822916666667,1.2395042438271604,0.5875125385802469,0.5325096450617284
3726,00:01:02.083,0.9154502636316871,2.537087673611111,1.3589525462962964,0.7033555169753086,0.6840427276234567
3727,00:01:02.100,0.9330873842592594,2.616529224537037,1.3681925154320989,0.6743282214506173,0.7567414158950617
3728,00:01:02.117,0.29365660365226337,1.7092230902777779,0.35834008487654323,0.21289882330246915,0.30973090277777776
3729,00:01:02.133,1.4937303883744857,4.10390625,2.1676982060185184,1.037923900462963,1.2755690586419752
3730,00:01:02.150,1.8977010995370371,6.185004340277778,2.579931037808642,1.353898051697531,1.7592742091049383
3731,00:01:02.167,2.059369373713992,6.146267361111111,3.037205825617284,1.4293002507716048,1.7116020447530864
3732,00:01:02.183,2.367750932355967,7.2135633680555555,3.5054774305555556,1.671216724537037,1.9265586419753087
3733,00:01:02.200,1.1015573559670782,3.3617549189814815,1.5540104166666666,0.8634114583333333,0.8872501929012345
3734,00:01:02.217,0.6970995691872428,2.1998914930555555,0.980733024691358,0.587878086419753,0.5226875964506172
3735,00:01:02.233,0.676008230452675,1.9077039930555555,0.9733506944444444,0.569674961419753,0.48499903549382717
3736,00:01:02.250,0.722115965792181,2.242194733796296,0.9801220100308642,0.641415412808642,0.544810474537037
3737,00:01:02.267,0.03381992669753087,0.13933015046296296,0.0506737075617284,0.023018904320987653,0.02776716820987654
3738,00:01:02.283,0.8588466113683128,2.656372974537037,1.172874710648148,0.7123408564814815,0.6913242669753087
3739,00:01:02.300,0.940211226851852,3.6746021412037035,1.388905285493827,0.7629142554012346,0.6688141396604939
3740,00:01:02.317,0.8255979938271606,2.6964626736111112,1.2652594521604938,0.6234640239197531,0.5880705054012346
3741,00:01:02.333,1.0580783822016462,3.1813512731481484,1.642680362654321,0.7494425154320987,0.7821122685185186
3742,00:01:02.350,0.9847292952674898,2.83677662037037,1.5722188464506173,0.6738044945987655,0.7081645447530864
3743,00:01:02.367,1.2800462962962962,4.081893807870371,1.9648476080246913,0.8947743055555556,0.980516975308642
3744,00:01:02.383,1.347351144547325,3.9223958333333333,2.197580536265432,0.8588459683641976,0.9856269290123457
3745,00:01:02.400,1.1221686921296297,3.4489438657407407,1.7872521219135802,0.7745114776234568,0.8047424768518519
3746,00:01:02.417,1.117120949074074,3.3987702546296297,1.7549532214506174,0.7883097029320988,0.8080999228395062
3747,00:01:02.433,1.333083365483539,3.1668402777777778,2.071704764660494,0.9728515625,0.9546937692901235
3748,00:01:02.450,1.0090983474794237,2.3454933449074074,1.6066449652777777,0.7279214891975309,0.692728587962963
3749,00:01:02.467,1.3575321502057613,3.068337673611111,2.2135614390432097,0.9766917438271605,0.8823432677469136
3750,00:01:02.483,1.3110333076131686,2.888179976851852,2.3085233410493826,0.8106664737654321,0.8139101080246913
3751,00:01:02.500,6.262702385545268,11.472786458333333,10.328527681327161,2.720087287808642,5.7394921875
3752,00:01:02.517,1.121955536265432,3.304571759259259,1.8954914158950618,0.7716661844135803,0.6987090084876543
3753,00:01:02.533,0.13725999871399178,0.9739583333333334,0.1624903549382716,0.1048413387345679,0.14444830246913581
3754,00:01:02.550,1.3630256558641978,4.013028067129629,2.1605849729938273,0.9149127121913581,1.0135792824074075
3755,00:01:02.567,1.821078157150206,5.236501736111111,3.037471064814815,1.1458429783950617,1.2799204282407408
3756,00:01:02.583,1.7883553562242798,4.980837673611111,2.838987750771605,1.1030627893518519,1.4230155285493826
3757,00:01:02.600,1.8137004886831276,5.517744502314815,2.879518711419753,1.1002030285493827,1.461379726080247
3758,00:01:02.617,1.2677797067901235,3.3429398148148146,2.0264178240740742,0.8309428047839507,0.9459784915123457
3759,00:01:02.633,0.7933145254629629,2.0128472222222222,1.3478313078703703,0.5395389660493827,0.4925733024691358
3760,00:01:02.650,0.8816430362654321,2.0213324652777778,1.4083738425925927,0.6339482060185185,0.6026070601851852
3761,00:01:02.667,0.920597511574074,2.430099826388889,1.5236805555555555,0.6071638695987654,0.6309481095679013
3762,00:01:02.683,1.0141642554012347,2.7944733796296295,1.535790412808642,0.7826586612654322,0.7240436921296296
3763,00:01:02.700,1.2298683449074075,3.4424262152777776,1.8301075424382716,0.9537885802469136,0.9057089120370371
3764,00:01:02.717,0.9362861689814815,2.4721571180555557,1.4669102044753086,0.694032600308642,0.6479157021604939
3765,00:01:02.733,1.214091756687243,3.393482349537037,1.8741309799382717,0.8908121141975308,0.8773321759259259
3766,00:01:02.750,0.8437239583333334,2.3531177662037037,1.1992390046296297,0.6439607445987654,0.6879721257716049
3767,00:01:02.767,1.5256799768518519,4.0152416087962965,2.384441550925926,1.1068986304012345,1.085699749228395
3768,00:01:02.783,1.2092888374485595,3.1598307291666665,1.7836337770061728,0.8949049961419753,0.9493277391975309
3769,00:01:02.800,0.21397135416666668,0.7714192708333333,0.3195847800925926,0.10182822145061729,0.22050106095679012
3770,00:01:02.817,1.0408608217592592,3.185163483796296,1.5381630979938272,0.7986159336419754,0.7858034336419754
3771,00:01:02.833,1.3139626736111112,3.433572048611111,2.0153534915123457,0.9611511381172839,0.9653833912037038
3772,00:01:02.850,1.4175533693415636,3.755027488425926,2.208237847222222,1.0074821566358025,1.0369401041666666
3773,00:01:02.867,0.9893414030349795,2.6009114583333335,1.4933381558641976,0.7285402199074074,0.7461458333333333
3774,00:01:02.883,0.8833296360596709,3.3383897569444443,1.2577994791666667,0.6840813078703704,0.7081081211419753
3775,00:01:02.900,0.8574873006687244,2.392961516203704,1.2225135030864198,0.644239486882716,0.705708912037037
3776,00:01:02.917,0.9925059477880658,2.709620949074074,1.5002488425925926,0.6866343557098765,0.7906346450617284
3777,00:01:02.933,0.6097474601337448,1.4111328125,0.9370119598765432,0.3935624035493827,0.49866801697530866
3778,00:01:02.950,0.7826035236625515,3.33482349537037,1.2464081790123456,0.4837471064814815,0.6176552854938272
3779,00:01:02.967,0.7012246013374486,2.2323567708333334,1.0908217592592593,0.49213155864197533,0.5207204861111111
3780,00:01:02.983,0.6794349601337449,2.603493923611111,1.0494835069444444,0.4720177469135802,0.5168036265432099
3781,00:01:03.000,5.241681616512346,9.89207175925926,8.442515914351851,2.1214515817901236,5.161077353395061
3782,00:01:03.017,0.576511059670782,2.2955656828703703,0.8067775848765432,0.4512553047839506,0.47150028935185184
3783,00:01:03.033,0.5234228716563786,2.075933159722222,0.6961342592592593,0.4015885416666667,0.4725458140432099
3784,00:01:03.050,0.22045090663580247,1.1464916087962962,0.2874488811728395,0.14151475694444443,0.23238908179012346
3785,00:01:03.067,0.9212977430555555,2.981886574074074,1.3397424768518518,0.545874324845679,0.8782764274691358
3786,00:01:03.083,1.150253504372428,4.032458043981482,1.7215359760802469,0.6498630401234567,1.0793614969135803
3787,00:01:03.100,1.0740631430041152,2.854607928240741,1.6446595293209876,0.5692009066358025,1.0083289930555555
3788,00:01:03.117,0.5169447659465021,1.6715928819444446,0.7738459683641975,0.33070216049382717,0.4462861689814815
3789,00:01:03.133,0.5230489647633744,1.6904079861111112,0.8016174768518518,0.334272762345679,0.4332566550925926
3790,00:01:03.150,0.4444536072530864,1.1547309027777777,0.6329026813271605,0.30787808641975306,0.3925800540123457
3791,00:01:03.167,0.48275093235596706,1.6119502314814815,0.6792235725308642,0.32576967592592593,0.4432595486111111
3792,00:01:03.183,0.41836885931069956,1.5120949074074075,0.569417438271605,0.2922434413580247,0.3934456983024691
3793,00:01:03.200,0.3093725887345679,0.9508391203703703,0.4090827546296296,0.2442409336419753,0.27479407793209876
3794,00:01:03.217,0.6370966756687243,2.2629774305555554,0.7477107445987654,0.5237572337962964,0.6398220486111111
3795,00:01:03.233,0.47856143904320986,1.9791521990740741,0.4840205439814815,0.4414453125,0.5102184606481481
3796,00:01:03.250,0.4090851658950618,1.3468171296296296,0.4252662037037037,0.382821662808642,0.4191676311728395
3797,00:01:03.267,0.3504933449074074,1.2261791087962963,0.4164110725308642,0.2946170910493827,0.3404518711419753
3798,00:01:03.283,3.0051673418209877,4.00970775462963,4.108654996141976,1.9155246913580246,2.9913223379629628
3799,00:01:03.300,1.9095421810699589,2.486299189814815,2.723605324074074,1.1992833719135803,1.8057378472222223
3800,00:01:03.317,1.1261898791152263,2.190422453703704,1.5268320794753087,0.8069593942901234,1.0447781635802469
3801,00:01:03.333,0.889070055298354,2.2467447916666665,1.115960648148148,0.7509456983024692,0.8003038194444444
3802,00:01:03.350,0.4368721064814815,1.1774811921296295,0.5195857445987654,0.39798177083333336,0.39304880401234565
3803,00:01:03.367,0.013795492541152263,0.03935185185185185,0.02333960262345679,0.00789255401234568,0.01015432098765432
3804,00:01:03.383,0.6837673611111111,1.8765914351851851,0.8668523341049382,0.6072993827160493,0.5771503665123456
3805,00:01:03.400,31.66356449331276,56.718684895833334,47.655656828703705,29.863587962962963,17.471448688271604
3806,00:01:03.417,1.8572283307613169,8.727133969907408,2.2190735918209876,1.8326822916666667,1.5199291087962963
3807,00:01:03.433,1.5291243891460906,4.264510995370371,2.2060267168209875,1.284621913580247,1.096724537037037
3808,00:01:03.450,1.774759034207819,4.59076244212963,2.370706983024691,1.607238136574074,1.3463319830246914
3809,00:01:03.467,1.5308224022633743,3.3489655671296297,2.193923611111111,1.296772762345679,1.1017708333333334
3810,00:01:03.483,1.8747238297325104,4.824168113425926,2.607712191358025,1.6359452160493828,1.3805140817901234
3811,00:01:03.500,6.009889885545268,8.60625,9.50910542052469,3.171711033950617,5.348853202160494
3812,00:01:03.517,1.3599283050411524,3.233492476851852,2.100604263117284,1.0990721450617285,0.8801085069444444
3813,00:01:03.533,0.16076935442386833,0.6687355324074075,0.2219063464506173,0.11684124228395061,0.14356047453703705
3814,00:01:03.550,1.7759884580761316,3.9439163773148147,2.5896735146604937,1.4863450038580246,1.2519468557098765
3815,00:01:03.567,1.9716485018004113,4.0033130787037035,2.885043885030864,1.572785011574074,1.4571166087962963
3816,00:01:03.583,2.975481770833333,5.181778067129629,4.688594232253086,1.8653038194444445,2.372547260802469
3817,00:01:03.600,1.5122595164609052,3.2857566550925927,2.019279513888889,1.4348451967592593,1.0826538387345679
3818,00:01:03.617,1.434128247170782,3.204839409722222,2.0074754050925927,1.4723099922839507,0.8225993441358025
3819,00:01:03.633,1.8916468942901232,4.023480902777778,2.6902985146604936,1.8622882908950618,1.1223538773148147
3820,00:01:03.650,0.774535429526749,1.8139973958333333,0.9910141782407408,0.7404142554012346,0.5921778549382716
3821,00:01:03.667,1.0199845679012345,3.0912109375,1.156372974537037,1.0214052854938271,0.8821754436728395
3822,00:01:03.683,0.7516796874999999,2.151685474537037,0.8356114969135803,0.7618021797839506,0.6576253858024691
3823,00:01:03.700,0.9530415702160494,2.041623263888889,1.2852594521604939,0.851811824845679,0.7220534336419753
3824,00:01:03.717,0.9531667952674899,2.1973090277777776,1.4485194830246915,0.7511299189814815,0.6598509837962963
3825,00:01:03.733,0.7741753472222223,1.6884403935185186,1.008927951388889,0.6843412422839507,0.6292568479938272
3826,00:01:03.750,0.7069635738168724,1.6328559027777778,0.9279036458333333,0.6045013503086419,0.588485725308642
3827,00:01:03.767,1.1012038644547326,3.5774522569444445,1.5351721643518519,1.0028843557098766,0.7655550733024692
3828,00:01:03.783,1.1717820859053498,2.6748191550925924,1.7529393325617284,0.9509828317901234,0.8114240933641975
3829,00:01:03.800,0.050120402520576125,0.13736255787037038,0.08639949845679012,0.025187596450617283,0.038774112654320986
3830,00:01:03.817,0.7996889467592592,2.1263527199074073,1.182163387345679,0.6616382137345679,0.5552652391975309
3831,00:01:03.833,0.7885530799897119,2.4115306712962963,1.1593045910493827,0.642953800154321,0.5634008487654321
3832,00:01:03.850,0.715465374228395,1.752756076388889,1.1386689814814814,0.569534625771605,0.43819251543209875
3833,00:01:03.867,1.8175355259773662,4.736241319444445,1.7069632523148148,2.640341435185185,1.1053018904320988
3834,00:01:03.883,1.9277240869341563,5.329716435185185,1.827768614969136,2.7973533950617284,1.1580502507716048
3835,00:01:03.900,0.8238012795781894,2.011494502314815,1.2338175154320987,0.6889221643518518,0.5486641589506173
3836,00:01:03.917,0.03239856610082304,0.05103443287037037,0.05673128858024691,0.016110146604938272,0.02435426311728395
3837,00:01:03.933,0.832534079218107,2.0331380208333334,1.2128935185185186,0.7145510223765432,0.5701576967592593
3838,00:01:03.950,1.0005084555041153,3.8589409722222223,1.3518803047839507,0.9714409722222223,0.6782040895061728
3839,00:01:03.967,1.0082634066358025,3.334208622685185,1.4295076195987655,0.9403949652777778,0.6548876350308642
3840,00:01:03.983,0.8847209362139918,2.6161603009259258,1.1768306327160494,0.8492529899691358,0.6280791859567901
3841,00:01:04.000,5.5673905285493825,8.08373119212963,8.781448688271604,2.7872386188271605,5.133484278549383
3842,00:01:04.017,0.6720161394032922,1.7955512152777777,0.7889134837962963,0.6830054012345679,0.5441295331790124
3843,00:01:04.033,0.12320392875514403,0.49681712962962965,0.1542404513888889,0.0999975887345679,0.1153737461419753
3844,00:01:04.050,0.6943725887345679,1.8115379050925926,0.9709235146604939,0.5556708140432098,0.5565234375
3845,00:01:04.067,1.1008670910493825,2.5116319444444444,1.6462668788580246,0.7701393711419753,0.8861950231481481
3846,00:01:04.083,1.0412027391975307,2.307986111111111,1.5292684220679011,0.7022559799382716,0.8920838155864198
3847,00:01:04.100,0.8473114390432098,2.742086226851852,0.9791989776234568,0.7106462191358025,0.8520891203703703
3848,00:01:04.117,0.5744618055555556,1.4760633680555555,0.4825004822530864,0.5824242862654321,0.6584606481481482
3849,00:01:04.133,0.02340743955761317,0.13871527777777778,0.03594569830246914,0.01263454861111111,0.02164207175925926
3850,00:01:04.150,0.612829057355967,1.7223813657407407,0.6175014467592592,0.5900501543209876,0.6309355709876543
3851,00:01:04.167,0.4620621141975308,1.7784577546296296,0.5323408564814814,0.41487895447530865,0.43896653163580246
3852,00:01:04.183,0.4365414416152263,2.0512152777777777,0.5659013310185185,0.35791473765432097,0.3858082561728395
3853,00:01:04.200,0.48927790637860086,1.9179108796296296,0.632917148919753,0.4143089313271605,0.4206076388888889
3854,00:01:04.217,0.37841290509259257,1.434375,0.5344815779320987,0.2887528935185185,0.3120042438271605
3855,00:01:04.233,0.49320087448559674,1.852488425925926,0.701138599537037,0.36563368055555556,0.41283034336419755
3856,00:01:04.250,0.45916859567901236,1.335257523148148,0.7560460069444445,0.30580439814814814,0.3156553819444444
3857,00:01:04.267,0.4810759066358025,1.5821903935185184,0.702401138117284,0.36430507330246914,0.3765215084876543
3858,00:01:04.283,0.010756976594650206,0.04525462962962963,0.018547935956790124,0.005944251543209877,0.007778742283950617
3859,00:01:04.300,0.5926940264917696,2.317824074074074,0.8663710455246914,0.4631196952160494,0.4485913387345679
3860,00:01:04.317,0.4988575424382716,1.6426938657407408,0.6550154320987654,0.43030574845679015,0.41125144675925923
3861,00:01:04.333,0.34651668595679014,1.351982060185185,0.4545408950617284,0.29560378086419753,0.28940538194444443
3862,00:01:04.350,0.9976699138374485,2.3451244212962963,1.373642939814815,0.6801224922839506,0.9392443094135803
3863,00:01:04.367,0.5303821051954732,1.6562210648148148,0.9174532214506173,0.31839795524691356,0.35529513888888886
3864,00:01:04.383,0.4535096772119341,1.6754050925925925,0.764985050154321,0.28631269290123457,0.3092312885802469
3865,00:01:04.400,0.8497762345679013,2.7948423032407406,1.3579600694444445,0.5828018904320987,0.6085667438271605
3866,00:01:04.417,0.46000096450617284,1.7040581597222222,0.7934683641975309,0.2962495177469136,0.29028501157407405
3867,00:01:04.433,0.6659112975823045,2.477567997685185,1.0732749807098765,0.4660054976851852,0.45845341435185183
3868,00:01:04.450,0.02235130529835391,0.08276186342592592,0.04214313271604938,0.01000192901234568,0.014908854166666667
3869,00:01:04.467,0.56491110468107,1.7649305555555554,0.9106196952160494,0.3892409336419753,0.3948726851851852
3870,00:01:04.483,0.6881163194444445,1.9816116898148148,1.1299170524691358,0.4672487461419753,0.46718315972222224
3871,00:01:04.500,5.338497620884773,7.384620949074074,9.275257523148149,2.5234485918209875,4.216786747685185
3872,00:01:04.517,1.673714152520576,3.997902199074074,3.000162037037037,1.3339650848765432,0.6870153356481481
3873,00:01:04.533,1.7282728909465022,5.583412905092593,2.9719145447530866,1.4579701967592593,0.7549339313271605
3874,00:01:04.550,1.7588210519547325,4.455736400462963,3.0745408950617286,1.4226239390432098,0.7792983217592593
3875,00:01:04.567,2.0817722800925926,5.434367766203704,3.654316647376543,1.540285011574074,1.0507151813271605
3876,00:01:04.583,1.9391526813271607,5.210800057870371,3.44725887345679,1.3142404513888888,1.0559587191358024
3877,00:01:04.600,1.4888417888374486,4.163548900462963,2.645067515432099,1.0993219521604938,0.722135898919753
3878,00:01:04.617,0.050282118055555554,0.17646846064814814,0.08749517746913581,0.026108699845679012,0.03724247685185185
3879,00:01:04.633,0.9149799061213991,2.2478515625,1.53772762345679,0.6796156442901234,0.527596450617284
3880,00:01:04.650,0.8505777391975308,2.350658275462963,1.3680473572530865,0.6394483024691358,0.5442375578703704
3881,00:01:04.667,0.7650077160493827,2.2895399305555557,1.1940041473765433,0.5879398148148148,0.5130791859567901
3882,00:01:04.683,0.9729390110596707,2.0237919560185187,1.3846764081790124,0.7400790895061728,0.7940615354938272
3883,00:01:04.700,0.7955311213991769,1.7734157986111112,1.2513700810185184,0.5941941550925925,0.5410291280864198
3884,00:01:04.717,0.6721416859567902,1.5638671875,1.0685045331790124,0.4787360146604938,0.4691845100308642
3885,00:01:04.733,1.0076200810185185,2.1096281828703702,1.3790229552469135,0.7603501157407407,0.8834871720679013
3886,00:01:04.750,0.9847411908436214,2.091304976851852,1.4316546103395063,0.7754730902777778,0.7470958719135803
3887,00:01:04.767,0.7831118184156378,2.353855613425926,1.0544719328703704,0.6545365547839506,0.6403269675925926
3888,00:01:04.783,0.518436696244856,1.666673900462963,0.6757431520061729,0.45370177469135803,0.42586516203703706
3889,00:01:04.800,0.012838059413580247,0.012051504629629629,0.025106095679012345,0.0061342592592592594,0.007273823302469136
3890,00:01:04.817,0.5771899112654321,1.918771701388889,0.7862958140432099,0.4522439236111111,0.4930299961419753
3891,00:01:04.833,0.536412037037037,2.320283564814815,0.7840620177469135,0.3978829089506173,0.42729118441358027
3892,00:01:04.850,0.6524479166666667,2.7744285300925924,1.0154036458333333,0.4383907214506173,0.5035493827160494
3893,00:01:04.867,0.5539742476851851,2.587261284722222,0.876315586419753,0.38630497685185183,0.3993021797839506
3894,00:01:04.883,0.4614176633230453,2.0512152777777777,0.6835966435185186,0.35247926311728395,0.34817708333333336
3895,00:01:04.900,0.4156663130144033,1.6344545717592593,0.6086786265432099,0.30595630787037037,0.3323640046296296
3896,00:01:04.917,0.47072771990740736,1.6611400462962962,0.6691034915123457,0.34966628086419754,0.393413387345679
3897,00:01:04.933,0.35669447659465026,0.9574797453703704,0.49422501929012347,0.28651716820987655,0.28934124228395064
3898,00:01:04.950,0.43515978652263376,1.4867621527777777,0.6235088734567901,0.34629629629629627,0.33567418981481484
3899,00:01:04.967,0.4434452160493827,1.6317491319444444,0.6550959683641975,0.3575245949074074,0.3177150848765432
3900,00:01:04.983,0.5549641525205761,2.2062861689814817,0.860654899691358,0.4534688464506173,0.3507687114197531
3901,00:01:05.000,4.799202031893004,6.412753182870371,7.869366801697531,2.265691550925926,4.262547743055555
3902,00:01:05.017,0.5862303883744856,2.3185619212962965,0.8559678819444444,0.5002035108024692,0.4025197723765432
3903,00:01:05.033,0.10992685828189301,0.6617259837962963,0.13917197145061727,0.09143229166666667,0.09917631172839506
3904,00:01:05.050,0.7671762474279835,2.5744719328703702,1.1674585262345678,0.588359375,0.5457108410493827
3905,00:01:05.067,0.8821643518518519,2.3816478587962964,1.4178862847222222,0.5339959490740741,0.6946108217592593
3906,00:01:05.083,1.3162307098765431,3.822294560185185,2.111246624228395,0.8127980324074074,1.024647472993827
3907,00:01:05.100,0.1039277906378601,0.21409866898148147,0.1634375,0.055064139660493824,0.09328173225308642
3908,00:01:05.117,0.542087673611111,1.7458695023148147,0.8669304591049383,0.38957175925925924,0.3697608024691358
3909,00:01:05.133,0.5365999549897119,1.5826822916666667,0.8662977430555555,0.38482397762345677,0.35867814429012346
3910,00:01:05.150,0.5370981224279835,1.4268735532407408,0.841919849537037,0.39910059799382713,0.37027391975308643
3911,00:01:05.167,0.47328124999999993,1.646752025462963,0.7559365354938271,0.34431278935185183,0.31959442515432096
3912,00:01:05.183,0.5846141975308642,2.357298900462963,0.8735628858024691,0.46567467206790125,0.4146050347222222
3913,00:01:05.200,0.7092891589506172,2.160908564814815,1.1252546296296295,0.5023799189814815,0.5002329282407407
3914,00:01:05.217,0.6635931069958848,1.9947699652777777,1.0880878665123457,0.4783907214506173,0.42430073302469135
3915,00:01:05.233,0.8983084169238683,3.0966218171296296,1.4657103587962963,0.6706278935185185,0.5585869984567902
3916,00:01:05.250,0.013086902006172837,0.12371238425925926,0.02384355709876543,0.00748167438271605,0.007935474537037038
3917,00:01:05.267,0.8164641203703704,2.662890625,1.275773051697531,0.6179692322530864,0.5556500771604939
3918,00:01:05.283,0.8506884966563786,2.8014829282407407,1.2632098765432098,0.7119347993827161,0.5769208140432098
3919,00:01:05.300,0.6788581854423869,2.127951388888889,0.9968995949074074,0.5549951774691358,0.4846797839506173
3920,00:01:05.317,0.629653420781893,1.600636574074074,0.9253732638888889,0.5254822530864197,0.43810474537037036
3921,00:01:05.333,0.7747474601337448,1.8270326967592592,1.155414737654321,0.6533521412037037,0.5154755015432099
3922,00:01:05.350,0.6240351723251029,1.4450737847222221,0.9546995563271605,0.5089578510802469,0.40844810956790123
3923,00:01:05.367,0.5552305169753086,1.2202763310185185,0.8362176890432099,0.4634553433641975,0.3660185185185185
3924,00:01:05.383,0.8583748070987655,1.9880063657407407,1.3468894675925926,0.6822029320987655,0.5460320216049382
3925,00:01:05.400,0.6557098765432099,1.6725766782407407,1.1036009837962963,0.47933883101851854,0.3841898148148148
3926,00:01:05.417,0.8686964699074075,2.2335865162037036,1.4062610918209877,0.6607489390432099,0.5390793788580247
3927,00:01:05.433,0.7003742283950617,1.6553602430555556,1.1603409529320987,0.5258101851851852,0.41497154706790124
3928,00:01:05.450,0.8019163130144032,1.8347800925925926,1.3344724151234568,0.5893938078703703,0.4818827160493827
3929,00:01:05.467,0.717871495627572,1.7437789351851851,1.217772472993827,0.5108965084876543,0.42494550540123455
3930,00:01:05.483,0.8570936213991769,1.819408275462963,1.4123620756172839,0.6340065586419753,0.5249122299382716
3931,00:01:05.500,4.638010706018519,6.5052300347222225,7.732071277006173,2.24949893904321,3.932461902006173
3932,00:01:05.517,0.7174426118827161,1.7077473958333333,1.1433637152777778,0.5663319830246913,0.442632137345679
3933,00:01:05.533,0.7580499292695473,1.802314814814815,1.1739125192901234,0.6099946952160494,0.4902425733024691
3934,00:01:05.550,0.8686083783436214,2.091673900462963,1.3354282407407407,0.667554012345679,0.6028428819444445
3935,00:01:05.567,1.0098167438271606,2.310445601851852,1.5706515239197532,0.7071802662037037,0.7516184413580247
3936,00:01:05.583,0.8117618312757203,1.7400896990740742,1.259802276234568,0.6439091435185185,0.5315740740740741
3937,00:01:05.600,0.023921199845679014,0.08620515046296297,0.043931327160493826,0.011692226080246913,0.016140046296296295
3938,00:01:05.617,0.8414625128600823,1.8730251736111112,1.2827372685185185,0.6985585455246913,0.543091724537037
3939,00:01:05.633,0.01450954861111111,0.022258391203703702,0.024658082561728394,0.007921489197530864,0.010949074074074075
3940,00:01:05.650,0.6094769161522634,1.2925853587962963,0.9418137538580247,0.4893528163580247,0.39726417824074073
3941,00:01:05.667,2.304407632458848,2.6619068287037035,4.302260802469136,1.1018639081790123,1.509098186728395
3942,00:01:05.683,1.1906822273662552,1.8416666666666666,2.077567515432099,0.7653525270061728,0.7291266396604938
3943,00:01:05.700,1.5316954411008232,2.4661313657407407,2.770037615740741,0.9396214313271605,0.8854272762345679
3944,00:01:05.717,1.4759895833333332,2.5218388310185187,2.7140784143518517,0.8370085841049383,0.8768817515432099
3945,00:01:05.733,1.2475917888374486,2.3480758101851853,2.2189250578703703,0.7572140239197531,0.7666362847222222
3946,00:01:05.750,1.1207384902263373,2.1541449652777778,1.8959746334876544,0.7617365933641975,0.7045042438271605
3947,00:01:05.767,1.1408024691358023,2.857805266203704,1.8617264660493826,0.8513720100308642,0.7093089313271604
3948,00:01:05.783,1.172554976851852,2.4334201388888888,1.9934032600308642,0.8302396797839506,0.6940219907407408
3949,00:01:05.800,1.1644045781893004,2.93638599537037,1.9817288773148147,0.8307817322530864,0.680703125
3950,00:01:05.817,1.1588041730967078,2.9072410300925924,1.9590412808641975,0.8051991705246914,0.7121720679012346
3951,00:01:05.833,0.9973931005658435,2.2153862847222223,1.6740735918209877,0.7243214699074074,0.5937842399691358
3952,00:01:05.850,1.227898984053498,2.638787615740741,2.1113170331790125,0.8206235532407408,0.7517563657407408
3953,00:01:05.867,1.0732484567901233,2.142462384259259,1.8430632716049382,0.7230131172839506,0.6536689814814814
3954,00:01:05.883,0.9866401427469135,1.6469979745370371,1.710182773919753,0.6627850115740741,0.5869526427469136
3955,00:01:05.900,0.7875130208333333,1.3138599537037037,1.3623707561728395,0.5281703317901234,0.471997974537037
3956,00:01:05.917,1.1126649305555556,1.8570384837962963,1.928740837191358,0.7520114776234568,0.6572424768518519
3957,00:01:05.933,0.9457224151234568,1.7462384259259258,1.6189289158950617,0.6528626543209877,0.565375675154321
3958,00:01:05.950,0.029515978652263377,0.06517650462962964,0.06093653549382716,0.010977527006172839,0.016633873456790123
3959,00:01:05.967,1.1759513245884774,2.357175925925926,1.8935026041666667,0.8311472800925926,0.8032040895061728
3960,00:01:05.983,0.6660188400205761,1.3652633101851852,1.119177276234568,0.48105613425925925,0.39782310956790123
3961,00:01:06.000,5.381746077674897,7.907139756944445,8.928719135802469,2.7066608796296294,4.509858217592592
3962,00:01:06.017,0.07381960519547326,0.534447337962963,0.09589023919753087,0.0592602237654321,0.06630835262345679
3963,00:01:06.033,1.0816486625514403,3.54609375,1.8580724344135802,0.7334022955246914,0.6534712577160494
3964,00:01:06.050,1.1339314879115225,4.066030092592593,1.8837056327160493,0.7343942901234568,0.7836945408950617
3965,00:01:06.067,1.3728223058127573,4.173878761574074,2.2241329089506174,0.8672853973765432,1.027048611111111
3966,00:01:06.083,1.7298779899691359,4.147439236111111,2.8295211226851853,1.0524498456790123,1.3076630015432098
3967,00:01:06.100,0.896928208590535,2.0635127314814814,1.5349614197530863,0.5485942322530865,0.6072289737654321
3968,00:01:06.117,0.9151740933641976,2.109382233796296,1.5815779320987655,0.5487495177469136,0.6151948302469136
3969,00:01:06.133,0.8371162872942386,2.225716145833333,1.4079865933641975,0.5055145640432098,0.5978477044753087
3970,00:01:06.150,0.6972609632201646,1.8029296875,1.1382937885802469,0.4550843942901235,0.49840470679012344
3971,00:01:06.167,0.647202449845679,1.3748553240740742,1.02354793595679,0.44538628472222225,0.4726731288580247
3972,00:01:06.183,0.73169720936214,2.4324363425925926,1.1718889853395063,0.5076277970679013,0.5155748456790124
3973,00:01:06.200,1.9958998842592592,2.0298177083333333,3.9928853202160495,0.6360421489197531,1.3587721836419753
3974,00:01:06.217,1.1693301504629627,1.8981119791666667,2.257739197530864,0.5340938464506173,0.7161574074074074
3975,00:01:06.233,1.2021920010288067,1.4520833333333334,2.4049946952160495,0.5309905478395062,0.6705907600308642
3976,00:01:06.250,1.6445656507201647,2.0539207175925926,3.3340195794753087,0.6257634066358024,0.9739139660493827
3977,00:01:06.267,1.3405603780864197,2.516796875,2.6234784915123455,0.5634321952160494,0.8347704475308642
3978,00:01:06.283,0.01954073431069959,0.1048972800925926,0.03633439429012346,0.009600694444444445,0.012687114197530864
3979,00:01:06.300,2.7363059413580246,8.201048900462963,4.074921392746914,2.017249710648148,2.1167467206790125
3980,00:01:06.317,2.053622845936214,6.344994212962963,3.356180073302469,1.432209201388889,1.372479263117284
3981,00:01:06.333,1.811894933127572,5.856785300925926,2.7928178047839505,1.3972583912037038,1.2456086033950617
3982,00:01:06.350,1.7369410686728397,6.2654296875,2.661777584876543,1.3519661458333334,1.197079475308642
3983,00:01:06.367,1.5098341049382717,5.168619791666667,2.4598640046296296,1.1209755979938272,0.948662712191358
3984,00:01:06.383,1.7424922839506174,5.534223090277778,2.8558246527777778,1.2610498649691357,1.1106023341049382
3985,00:01:06.400,1.3608497299382716,4.194907407407407,2.2566874035493827,0.9765596064814814,0.8493021797839506
3986,00:01:06.417,1.2147675540123457,3.183564814814815,2.1514819637345677,0.7732397762345679,0.7195809220679013
3987,00:01:06.433,1.047210005144033,2.536103877314815,1.8261332947530864,0.6734230324074074,0.6420736882716049
3988,00:01:06.450,0.9362516075102881,2.6804759837962964,1.5844169560185186,0.6196233603395062,0.6047145061728395
3989,00:01:06.467,0.741075424382716,2.0401475694444446,1.2467775848765432,0.47868152006172837,0.49776716820987654
3990,00:01:06.483,0.9239485275205762,2.406857638888889,1.493843074845679,0.6021585648148148,0.6758439429012346
3991,00:01:06.500,4.556270576131688,6.391970486111111,7.769792148919753,1.9575819830246914,3.9414375964506174
3992,00:01:06.517,0.6834784915123456,2.932081886574074,0.924137249228395,0.6728134645061729,0.45348476080246913
3993,00:01:06.533,0.5355931712962964,2.059454571759259,0.7252551118827161,0.4727835648148148,0.408740837191358
3994,00:01:06.550,0.6764764981995884,2.330613425925926,0.980189525462963,0.5260267168209877,0.5232132523148149
3995,00:01:06.567,0.8714567258230451,2.981886574074074,1.3460898919753086,0.5666700424382716,0.7016102430555555
3996,00:01:06.583,0.6291042952674898,1.6510561342592593,1.014231288580247,0.3169695216049383,0.5561120756172839
3997,00:01:06.600,0.5614350244341564,1.7839916087962964,0.8317255015432099,0.40380690586419754,0.4487726658950617
3998,00:01:06.617,0.45302372685185194,1.5855107060185185,0.645865162037037,0.33851900077160496,0.3746870177469136
3999,00:01:06.633,0.42574154449588475,1.6585575810185185,0.5514588155864197,0.3716343557098765,0.35413146219135805
4000,00:01:06.650,0.5859989068930042,2.4141131365740742,0.7898191550925926,0.443335262345679,0.5248423032407408
4001,00:01:06.667,0.40044029706790124,1.3373480902777777,0.5120148533950617,0.348095100308642,0.3412109375
4002,00:01:06.683,0.40542663323045275,1.543453414351852,0.503891300154321,0.36053385416666667,0.35185474537037037
4003,00:01:06.700,0.4098921360596708,0.9684244791666666,0.5505685763888889,0.3312403549382716,0.3478674768518519
4004,00:01:06.717,0.4385950360082304,1.4465494791666667,0.572662037037037,0.33705198688271604,0.40607108410493825
4005,00:01:06.733,0.3745558449074074,1.0486038773148147,0.4998953510802469,0.2815837191358025,0.34218846450617285
4006,00:01:06.750,0.4178494727366255,1.4962311921296296,0.5614023919753086,0.33113618827160496,0.361009837962963
4007,00:01:06.767,0.33946711033950616,1.228146701388889,0.48778260030864196,0.2387625385802469,0.29185619212962965
4008,00:01:06.783,0.38535252700617284,1.2082248263888888,0.5549913194444445,0.2792954282407407,0.32177083333333334
4009,00:01:06.800,0.3762247620884773,0.9524377893518519,0.5683497299382716,0.2508940972222222,0.30943045910493827
4010,00:01:06.817,0.2785902134773663,0.8437282986111111,0.4325062692901235,0.18512827932098766,0.21813609182098764
4011,00:01:06.833,0.3833899176954733,1.3396846064814816,0.558489101080247,0.2693851273148148,0.322295524691358
4012,00:01:06.850,0.2589671746399177,1.078609664351852,0.36352430555555554,0.19885320216049382,0.2145240162037037
4013,00:01:06.867,0.42212802211934153,1.8468315972222222,0.6006881751543209,0.31817033179012344,0.34752555941358027
4014,00:01:06.883,0.2555415702160494,1.3731336805555556,0.3898972800925926,0.18226224922839507,0.19446518132716048
4015,00:01:06.900,0.4666907793209876,1.7574291087962963,0.6813777970679012,0.34892746913580247,0.36976707175925927
4016,00:01:06.917,0.5032290059156378,1.643431712962963,0.7559611304012346,0.3820476466049383,0.37167824074074074
4017,00:01:06.933,0.604313432355967,2.008051215277778,0.8917650462962963,0.47129677854938273,0.4498784722222222
4018,00:01:06.950,0.020478395061728393,0.07894965277777778,0.042510127314814815,0.00918065200617284,0.00974440586419753
4019,00:01:06.967,0.66338766718107,2.341066261574074,0.9237244405864198,0.5703964120370371,0.49604214891975307
4020,00:01:06.983,0.5508966692386831,1.9195095486111111,0.7824276620370371,0.4568132716049383,0.41344907407407405
4021,00:01:07.000,5.061081854423868,7.7503472222222225,8.298726369598766,2.4654345100308643,4.419084683641976
4022,00:01:07.017,0.07654546039094651,0.41122685185185187,0.09094039351851851,0.06369695216049383,0.07499903549382717
4023,00:01:07.033,0.7284423225308642,2.6141927083333334,0.9239583333333333,0.7039048032407408,0.5574638310185185
4024,00:01:07.050,1.1063294110082305,3.814670138888889,1.4847236689814816,0.9895085841049382,0.8447559799382716
4025,00:01:07.067,0.45919962062757197,1.5638671875,0.712100212191358,0.2579566936728395,0.4075419560185185
4026,00:01:07.083,1.3633175797325103,3.356589988425926,1.9822145061728396,1.023908661265432,1.0838295717592592
4027,00:01:07.100,0.8118857703189301,2.231372974537037,1.1771672453703703,0.6813797260802469,0.5771103395061729
4028,00:01:07.117,0.6257034465020576,1.9781684027777777,0.8297193287037037,0.5725260416666667,0.47486496913580245
4029,00:01:07.133,0.6980454282407408,1.8698278356481481,0.8956423611111111,0.6764891975308642,0.522004726080247
4030,00:01:07.150,0.8492140882201648,2.941673900462963,1.1292934992283952,0.8007286844135802,0.6176200810185185
4031,00:01:07.167,0.6549821566358025,2.260763888888889,0.8815321180555555,0.5868986304012346,0.4965157214506173
4032,00:01:07.183,0.6027708654835391,2.0332609953703704,0.8423596643518518,0.5121667631172839,0.4537861689814815
4033,00:01:07.200,0.5288392168209877,1.387521701388889,0.7307913773148148,0.43475453317901236,0.4209717399691358
4034,00:01:07.217,0.636273308899177,2.2264539930555554,0.8576408179012346,0.5338527199074075,0.5173263888888889
4035,00:01:07.233,0.5955206725823046,1.8346571180555555,0.7351605902777778,0.5261656057098766,0.5252358217592593
4036,00:01:07.250,0.6856478266460906,2.041500289351852,0.8788811728395062,0.5893098958333334,0.5887524112654321
4037,00:01:07.267,0.58209860468107,1.4663483796296297,0.7358916859567901,0.4974059606481481,0.5129981674382716
4038,00:01:07.283,0.01756253215020576,0.02078269675925926,0.03961082175925926,0.0059765625,0.007100212191358025
4039,00:01:07.300,0.7458007008744856,1.9727575231481482,0.93703125,0.6343272569444445,0.6660435956790124
4040,00:01:07.317,0.7068216306584363,1.8559317129629629,0.9617737268518518,0.5663850308641976,0.5923061342592593
4041,00:01:07.333,0.767095228909465,1.968576388888889,1.0434712577160494,0.6184596836419753,0.6393547453703704
4042,00:01:07.350,0.8075688014403292,2.0332609953703704,1.182657214506173,0.5984355709876543,0.6416136188271605
4043,00:01:07.367,0.8257843042695473,1.679955150462963,1.1118330439814814,0.6573355516975309,0.7081843171296296
4044,00:01:07.383,0.695158661265432,1.6927445023148149,0.9286077353395061,0.5723857060185186,0.5844825424382716
4045,00:01:07.400,0.7558629115226337,1.8774522569444445,0.9863213734567902,0.6270568094135802,0.6542105516975308
4046,00:01:07.417,0.6906655092592592,1.7763671875,0.9352425733024692,0.5577772955246914,0.5789766589506172
4047,00:01:07.433,0.9305372299382716,3.0500144675925926,1.1085059799382717,0.7914366319444445,0.8916690779320988
4048,00:01:07.450,0.4257494212962963,1.6679036458333334,0.47639998070987655,0.38589409722222223,0.4149541859567901
4049,00:01:07.467,0.012368344907407408,0.05029658564814815,0.02256124614197531,0.006158371913580247,0.008385416666666666
4050,00:01:07.483,0.4319928305041152,1.3158275462962963,0.47239631558641976,0.42573157793209876,0.39785059799382716
4051,00:01:07.500,4.593165670010288,6.30736400462963,7.48770736882716,2.128553722993827,4.163235918209876
4052,00:01:07.517,0.3662368184156379,1.6465060763888888,0.3463228202160494,0.38472125771604937,0.36766637731481483
4053,00:01:07.533,0.49882699974279837,2.3014684606481484,0.5277618634259259,0.48022280092592595,0.4884963348765432
4054,00:01:07.550,0.49648083847736624,2.2173538773148147,0.5528250385802469,0.45587336033950615,0.48074411651234567
4055,00:01:07.567,0.7520662937242798,2.5080656828703702,1.0221450617283951,0.5236540316358025,0.710399787808642
4056,00:01:07.583,0.8733625900205763,2.6742042824074073,1.2911911651234569,0.5298090277777778,0.7990875771604938
4057,00:01:07.600,0.42318254886831275,1.3703052662037036,0.5971696566358025,0.2926051311728395,0.3797728587962963
4058,00:01:07.617,0.3013623649691358,1.2474537037037037,0.3589525462962963,0.2528235918209877,0.2923109567901235
4059,00:01:07.633,0.28340695730452675,1.271064814814815,0.29473524305555554,0.2745490933641975,0.28093653549382713
4060,00:01:07.650,0.2691276041666667,1.2344184027777778,0.2903930362654321,0.265297550154321,0.25169222608024694
4061,00:01:07.667,0.2366258359053498,0.909642650462963,0.30209828317901233,0.20010898919753087,0.20767023533950618
4062,00:01:07.683,0.24988618827160491,0.8017939814814815,0.29702932098765433,0.2298924575617284,0.22273678626543209
4063,00:01:07.700,0.22298177083333334,0.8175347222222222,0.27457658179012345,0.18914400077160493,0.2052247299382716
4064,00:01:07.717,0.01396894290123457,0.008116319444444445,0.025190972222222222,0.006529224537037037,0.010186631944444444
4065,00:01:07.733,0.3369119727366255,1.3268952546296295,0.36984712577160495,0.34328944830246916,0.29759934413580247
4066,00:01:07.750,0.635229391718107,1.7982566550925927,0.9080627893518518,0.3952787422839506,0.6023466435185185
4067,00:01:07.767,0.1895315715020576,0.6425419560185185,0.23732687114197532,0.1453414351851852,0.18592640817901235
4068,00:01:07.783,0.18276122042181067,0.8492621527777777,0.20961130401234568,0.16728732638888888,0.17138503086419754
4069,00:01:07.800,0.10113136574074073,0.5821614583333333,0.10947723765432099,0.09028790509259259,0.10362895447530865
4070,00:01:07.817,0.05340149176954733,0.3659722222222222,0.05158323688271605,0.06294704861111111,0.04567418981481482
4071,00:01:07.833,0.022696920010288068,0.11891637731481482,0.013835358796296297,0.033685378086419755,0.02057002314814815
4072,00:01:07.850,0.034352816358024695,0.26058304398148147,0.03651957947530864,0.04005256558641975,0.02648630401234568
4073,00:01:07.867,0.05517280735596708,0.27779947916666664,0.06535783179012346,0.04821566358024691,0.05194492669753086
4074,00:01:07.883,0.014884580761316872,0.010821759259259258,0.016848476080246914,0.012833719135802469,0.014971547067901235
4075,00:01:07.900,0.02806246784979424,0.06247106481481481,0.02854890046296296,0.030268614969135802,0.02536988811728395
4076,00:01:07.917,0.06349472736625515,0.13109085648148147,0.05247492283950617,0.06919463734567902,0.06881462191358025
4077,00:01:07.933,0.1093746784979424,0.3892144097222222,0.10048225308641975,0.12319782021604939,0.10444396219135803
4078,00:01:07.950,0.09418370627572015,0.46140046296296294,0.09044511959876543,0.11547309027777777,0.07663290895061728
4079,00:01:07.967,0.1048857060185185,0.6002387152777777,0.11663242669753086,0.10473090277777777,0.09329378858024691
4080,00:01:07.983,0.07087062757201647,0.4270905671296296,0.07503038194444445,0.08277729552469136,0.05480420524691358
4081,00:01:08.000,4.716854263117284,6.396151620370371,7.720724826388889,2.065353009259259,4.364484953703704
4082,00:01:08.017,0.13037631815843623,0.7855613425925926,0.13758150077160494,0.13211516203703705,0.12143229166666666
4083,00:01:08.033,0.17557757844650204,0.9082899305555555,0.18525945216049383,0.1766724537037037,0.16480082947530864
4084,00:01:08.050,0.25741673096707823,1.4185112847222223,0.32373360339506174,0.2126760223765432,0.23584056712962964
4085,00:01:08.067,0.5362046682098766,1.669994212962963,0.8065441743827161,0.31635223765432097,0.4857175925925926
4086,00:01:08.083,0.7492996077674897,1.6819227430555554,1.161961323302469,0.4151094714506173,0.6708280285493827
4087,00:01:08.100,0.12662197788065843,0.37371961805555554,0.20104359567901234,0.06306809413580247,0.1157542438271605
4088,00:01:08.117,0.09064171810699588,0.35773292824074077,0.10960358796296296,0.08047260802469136,0.08184895833333333
4089,00:01:08.133,0.09667373971193416,0.33621238425925926,0.13224971064814814,0.0726707175925926,0.08510079089506173
4090,00:01:08.150,0.0787962962962963,0.29169560185185184,0.10025270061728395,0.06720341435185186,0.06893277391975308
4091,00:01:08.167,0.061741255144032926,0.09149305555555555,0.08360773533950618,0.048998842592592594,0.0526171875
4092,00:01:08.183,0.10913403420781893,0.398314525462963,0.14510561342592593,0.08721402391975308,0.09508246527777778
4093,00:01:08.200,0.07124517746913579,0.10821759259259259,0.08419560185185185,0.0612133487654321,0.06832658179012345
4094,00:01:08.217,0.05484503600823046,0.15753038194444444,0.06698109567901235,0.05156635802469136,0.045987654320987656
4095,00:01:08.233,0.075512795781893,0.19307002314814814,0.10778742283950617,0.056675829475308644,0.0620751350308642
4096,00:01:08.250,0.07226884002057614,0.14929108796296298,0.10475356867283951,0.057749807098765434,0.05430314429012346
4097,00:01:08.267,0.16570746527777777,0.4197120949074074,0.2496219135802469,0.11336612654320988,0.13413435570987653
4098,00:01:08.283,0.08863650977366255,0.16121961805555557,0.13649787808641975,0.06818528163580247,0.06122636959876543
4099,00:01:08.300,0.15055764531893004,0.2765697337962963,0.19420524691358024,0.13610918209876544,0.12135850694444444
4100,00:01:08.317,0.08462271733539095,0.12469618055555555,0.11821952160493827,0.07501494984567901,0.060633680555555555
4101,00:01:08.333,0.10807581018518518,0.4775101273148148,0.14246913580246914,0.09272665895061728,0.08903163580246913
4102,00:01:08.350,0.11303594393004114,0.22393663194444444,0.1815914351851852,0.08174382716049383,0.07577256944444444
4103,00:01:08.367,0.11539673353909467,0.7208767361111111,0.14477430555555557,0.10370418595679012,0.09771170910493827
4104,00:01:08.383,0.0829615162037037,0.48279803240740743,0.09880353009259259,0.07736207561728395,0.07271894290123457
4105,00:01:08.400,0.1071654771090535,0.4070457175925926,0.13240162037037037,0.10194251543209877,0.08715229552469136
4106,00:01:08.417,0.09826549639917696,0.6397135416666667,0.11900028935185185,0.0900318287037037,0.08576437114197531
4107,00:01:08.433,0.09781426826131688,0.6390986689814815,0.10319251543209877,0.10152295524691358,0.08872733410493827
4108,00:01:08.450,0.1037279771090535,0.7214916087962963,0.1431394675925926,0.08270592206790124,0.08533854166666667
4109,00:01:08.467,0.1652462705761317,0.8011791087962963,0.18251639660493826,0.15845775462962963,0.15476466049382717
4110,00:01:08.483,0.052364647633744855,0.02336516203703704,0.09815827546296296,0.025309124228395062,0.03362654320987654
4111,00:01:08.500,4.545051440329218,5.837355324074074,7.494211516203704,1.9732344714506174,4.167708333333334
4112,00:01:08.517,0.15751511059670784,0.7981047453703703,0.15546103395061728,0.1731225887345679,0.14396170910493827
4113,00:01:08.533,0.19634918338477367,0.9337456597222222,0.20561824845679014,0.19809510030864197,0.1853342013888889
4114,00:01:08.550,0.39579411008230453,1.4085503472222223,0.5366671489197531,0.3048003472222222,0.3459148341049383
4115,00:01:08.567,0.6363260352366255,2.135329861111111,0.9123456790123456,0.43472704475308643,0.5619053819444444
4116,00:01:08.583,0.26858297968107,1.1576822916666667,0.39206693672839504,0.19619936342592592,0.21748263888888889
4117,00:01:08.600,0.2675019290123457,0.8539351851851852,0.396698013117284,0.2104981674382716,0.1953096064814815
4118,00:01:08.617,0.1533550347222222,0.7121455439814814,0.2035522762345679,0.136171875,0.12034095293209876
4119,00:01:08.633,0.17339023919753085,0.6169632523148149,0.28324025848765433,0.12343460648148148,0.1134958526234568
4120,00:01:08.650,0.24660156249999998,0.8001953125,0.3751157407407407,0.1862673611111111,0.17842158564814814
4121,00:01:08.667,0.23859535751028807,0.6495515046296296,0.33716242283950615,0.1953809799382716,0.18324266975308642
4122,00:01:08.683,0.20147392618312762,0.7989655671296296,0.30628472222222225,0.158218074845679,0.1399189814814815
4123,00:01:08.700,0.2727639531893004,1.088816550925926,0.37731770833333333,0.22574363425925925,0.21523051697530865
4124,00:01:08.717,0.17503231095679014,0.5316189236111111,0.25265528549382715,0.14832368827160494,0.12411795910493827
4125,00:01:08.733,0.31897247942386825,0.6356553819444445,0.43503761574074074,0.27128761574074073,0.25059220679012345
4126,00:01:08.750,0.24961001800411522,0.5651909722222223,0.3640629822530864,0.20127604166666666,0.1834910300925926
4127,00:01:08.767,0.20428530092592592,0.5006293402777777,0.3076359953703704,0.1539477237654321,0.1512721836419753
4128,00:01:08.783,0.21208654835390947,0.7187861689814815,0.3077363040123457,0.16735435956790123,0.16116898148148148
4129,00:01:08.800,0.20675459747942385,0.6757450810185185,0.30754243827160493,0.1581322337962963,0.15458912037037037
4130,00:01:08.817,0.19836741255144033,0.5729383680555555,0.3156510416666667,0.1377710262345679,0.14168016975308642
4131,00:01:08.833,0.037935796039094645,0.33055555555555555,0.07581597222222222,0.016119791666666668,0.021871624228395063
4132,00:01:08.850,0.20135288065843623,0.8993127893518519,0.3097878086419753,0.14241560570987655,0.1518552276234568
4133,00:01:08.867,0.2346564750514403,0.8940248842592593,0.3583921682098765,0.17195794753086419,0.17361930941358025
4134,00:01:08.883,0.2531184092078189,0.8732421875,0.4041878858024691,0.17631751543209875,0.17884982638888888
4135,00:01:08.900,0.35409063143004116,1.1825231481481482,0.5166266396604938,0.284311824845679,0.26133342978395063
4136,00:01:08.917,0.27018502443415643,0.7524811921296296,0.40197337962962965,0.20746913580246915,0.20111255787037038
4137,00:01:08.933,0.3079258294753086,0.8845558449074075,0.4875255594135802,0.21612364969135803,0.22012827932098766
4138,00:01:08.950,0.30205005787037037,0.730345775462963,0.4623466435185185,0.22520399305555555,0.21859953703703705
4139,00:01:08.967,0.24247653034979424,0.6086009837962963,0.36623890817901233,0.18478587962962964,0.17640480324074073
4140,00:01:08.983,0.2676866319444444,0.8517216435185185,0.42748215663580247,0.1888503086419753,0.18672743055555555
4141,00:01:09.000,4.075787840792181,5.2816333912037035,6.631159818672839,1.844455536265432,3.7517481674382718
4142,00:01:09.017,0.2692595807613169,0.9999059606481482,0.348329475308642,0.24821711033950616,0.21123215663580247
4143,00:01:09.033,0.3500303819444444,1.0489728009259258,0.4555266203703704,0.3221619405864197,0.27240258487654323
4144,00:01:09.050,0.4714864647633745,1.468192997685185,0.6740996334876543,0.35163483796296297,0.38872492283950616
4145,00:01:09.067,0.6233458719135803,1.7439019097222221,0.9508550347222222,0.38948495370370373,0.5296976273148148
4146,00:01:09.083,0.3908010223765432,1.1335792824074074,0.6222964891975309,0.2765571952160494,0.2735493827160494
4147,00:01:09.100,0.2896993955761317,0.5965494791666667,0.4728390239197531,0.21395929783950618,0.1822998649691358
4148,00:01:09.117,0.2878280928497942,0.8030237268518519,0.48182966820987655,0.20765432098765432,0.17400028935185186
4149,00:01:09.133,0.014395576131687243,0.013896122685185185,0.02669753086419753,0.007346643518518519,0.009142554012345679
4150,00:01:09.150,0.275547678755144,0.7246889467592592,0.4654615162037037,0.19999180169753086,0.16118971836419754
4151,00:01:09.167,0.4889554398148148,0.9089048032407407,0.7039771412037037,0.39122154706790124,0.3716676311728395
4152,00:01:09.183,0.020997942386831277,0.03935185185185185,0.041745273919753086,0.009079378858024692,0.01216917438271605
4153,00:01:09.200,0.4863284465020576,0.8608217592592593,0.6777821180555555,0.3506182484567901,0.43058497299382714
4154,00:01:09.217,0.45668901105967086,1.0274522569444444,0.6871474729938272,0.30788821373456793,0.3750313464506173
4155,00:01:09.233,0.30227173353909464,0.7109157986111111,0.4329528356481481,0.22188657407407408,0.2519757908950617
4156,00:01:09.250,0.26518631044238683,0.5595341435185185,0.36321711033950616,0.2023683449074074,0.2299734760802469
4157,00:01:09.267,0.40285783179012347,1.444458912037037,0.6269212962962963,0.26644338348765434,0.3152088155864198
4158,00:01:09.283,0.2492234117798354,0.7467013888888889,0.4122921489197531,0.15203076774691357,0.18334731867283952
4159,00:01:09.300,0.24176102752057615,0.6236038773148148,0.37981577932098765,0.16419174382716048,0.18127555941358026
4160,00:01:09.317,0.1501658950617284,0.4807074652777778,0.2320876736111111,0.10511574074074075,0.11329427083333334
4161,00:01:09.333,0.2072709297839506,0.7549406828703704,0.3479619984567901,0.13495129243827161,0.13889949845679012
4162,00:01:09.350,0.17009387860082303,0.5210431134259259,0.2805111882716049,0.11865113811728395,0.11111930941358025
4163,00:01:09.367,0.15747411908436212,0.22885561342592592,0.2666338734567901,0.1035985725308642,0.1021899112654321
4164,00:01:09.383,0.18471772119341565,0.42942708333333335,0.3310450424382716,0.11230420524691358,0.11080391589506172
4165,00:01:09.400,0.23983185442386834,1.1769892939814814,0.4015133101851852,0.1736154513888889,0.14436680169753086
4166,00:01:09.417,0.1948588605967078,0.5064091435185185,0.33293065200617283,0.1300978973765432,0.12154803240740741
4167,00:01:09.433,0.19623119212962967,0.6935763888888888,0.31290605709876546,0.14943817515432098,0.12634934413580248
4168,00:01:09.450,0.2174514531893004,0.577734375,0.3027546296296296,0.18459442515432098,0.16500530478395062
4169,00:01:09.467,0.2344069894547325,0.37015335648148145,0.2699320023148148,0.21639081790123457,0.21689814814814815
4170,00:01:09.483,0.19186631944444446,0.5323567708333333,0.2423408564814815,0.17466290509259258,0.15859519675925926
4171,00:01:09.500,3.9808863811728403,5.3318070023148145,6.297914255401235,1.8858989197530864,3.7588459683641977
4172,00:01:09.517,0.2418531378600823,1.8291232638888888,0.2519425154320988,0.2810310570987654,0.19258584104938273
4173,00:01:09.533,0.4015322788065843,1.908687789351852,0.44871913580246914,0.4458082561728395,0.31006944444444445
4174,00:01:09.550,0.5664133230452675,2.766189236111111,0.7105926890432098,0.511583236882716,0.47706404320987655
4175,00:01:09.567,0.8204356352880658,2.709129050925926,1.133975212191358,0.6125843942901235,0.7147472993827161
4176,00:01:09.583,0.40860532407407407,1.8005931712962964,0.49616560570987656,0.3787789351851852,0.3508714313271605
4177,00:01:09.600,0.325693962191358,0.859714988425926,0.41660879629629627,0.2812601273148148,0.27921296296296294
4178,00:01:09.617,0.19855147247942387,0.5473596643518519,0.274966724537037,0.16170572916666667,0.1589819637345679
4179,00:01:09.633,0.24859680426954733,0.8625434027777777,0.33435522762345676,0.21440297067901234,0.19703221450617284
4180,00:01:09.650,0.1810844264403292,0.7847005208333333,0.24251591435185185,0.15388069058641976,0.14685667438271605
4181,00:01:09.667,0.21706114969135804,0.9922815393518518,0.2789014274691358,0.19315248842592592,0.17912953317901234
4182,00:01:09.683,0.11600260416666668,0.3945023148148148,0.15204909336419753,0.10158371913580247,0.094375
4183,00:01:09.700,0.004771894290123456,0.023119212962962963,0.0072680362654320985,0.0028173225308641974,0.004230324074074074
4184,00:01:09.717,0.3533894354423868,1.2259331597222223,0.47902681327160496,0.3151036844135802,0.2660378086419753
4185,00:01:09.733,0.015233088991769547,0.052018229166666666,0.030693962191358025,0.005932677469135802,0.009072627314814815
4186,00:01:09.750,0.32353764789094647,1.1227575231481481,0.4160161072530864,0.3087818287037037,0.2458150077160494
4187,00:01:09.767,0.3544238683127572,0.9920355902777778,0.5536125578703703,0.24850694444444443,0.2611521026234568
4188,00:01:09.783,0.2382915380658436,1.1365306712962964,0.3479605516975309,0.19776282793209876,0.16915123456790124
4189,00:01:09.800,0.34455391589506174,1.2827473958333333,0.5080357831790123,0.2728911072530864,0.2527348572530864
4190,00:01:09.817,0.31861207561728394,1.0671730324074074,0.5198514660493827,0.2231539351851852,0.21283082561728395
4191,00:01:09.833,0.36993119855967077,1.0310185185185186,0.6132156635802469,0.2543378665123457,0.24224006558641975
4192,00:01:09.850,0.3240920781893004,1.0586877893518518,0.529296875,0.23401331018518517,0.20896604938271604
4193,00:01:09.867,0.28478443287037036,1.085988136574074,0.4851403356481481,0.19839747299382715,0.17081548996913581
4194,00:01:09.883,0.30008294753086423,1.3470630787037037,0.503627025462963,0.2047926311728395,0.19182918595679013
4195,00:01:09.900,0.3886709104938271,1.218923611111111,0.6604369212962963,0.2562639853395062,0.24931182484567901
4196,00:01:09.917,0.27819862397119344,1.0669270833333333,0.4500024112654321,0.17285300925925925,0.2117404513888889
4197,00:01:09.933,0.28857060185185185,0.8204861111111111,0.4952319637345679,0.18202498070987655,0.18845486111111112
4198,00:01:09.950,0.22618891460905347,0.425122974537037,0.41975549768518516,0.1290745563271605,0.12973668981481482
4199,00:01:09.967,0.3075671939300411,0.8108940972222223,0.5355941358024692,0.1951982060185185,0.1919092399691358
4200,00:01:09.983,0.24215583204732508,0.5916304976851852,0.44543354552469133,0.14525077160493827,0.13578317901234568
4201,00:01:10.000,4.054075842335391,6.145775462962963,6.692547260802469,1.7740162037037037,3.6956640625
4202,00:01:10.017,0.2670537551440329,1.1398509837962962,0.4196947337962963,0.19344907407407408,0.18801745756172838
4203,00:01:10.033,0.3206404320987654,1.4059678819444446,0.49768470293209877,0.2304079861111111,0.2338286072530864
4204,00:01:10.050,0.5264613876028806,2.1262297453703702,0.8697810570987654,0.3138078703703704,0.39579523533950617
4205,00:01:10.067,0.4445793145576131,1.410763888888889,0.6695095486111111,0.25622974537037035,0.407998649691358
4206,00:01:10.083,0.34030526620370377,1.2058883101851852,0.6191097608024692,0.17521653163580247,0.22658950617283952
4207,00:01:10.100,0.288789866255144,0.796629050925926,0.5204094328703703,0.16390480324074075,0.18205536265432098
4208,00:01:10.117,0.25816759902263375,0.8143373842592593,0.4436675347222222,0.1612991898148148,0.1695360725308642
4209,00:01:10.133,0.23178948045267486,0.5991319444444444,0.3952690972222222,0.1464863040123457,0.15361304012345678
4210,00:01:10.150,0.27268807870370376,0.9124710648148148,0.48618248456790125,0.1601687885802469,0.17171296296296296
4211,00:01:10.167,0.24600517618312756,0.6068793402777778,0.41271219135802467,0.16045476466049383,0.16484857253086418
4212,00:01:10.183,0.22776781121399178,0.7400607638888889,0.36994020061728394,0.14829137731481482,0.16507185570987654
4213,00:01:10.200,0.24014676568930038,0.7658854166666667,0.386811824845679,0.15095679012345678,0.18267168209876544
4214,00:01:10.217,0.21909481095679015,1.0674189814814814,0.33932243441358023,0.14558738425925927,0.17237461419753086
4215,00:01:10.233,0.36418483153292175,1.0877097800925926,0.52578125,0.2761723572530864,0.290600887345679
4216,00:01:10.250,0.45759130658436215,1.2323278356481482,0.7126466049382716,0.31405574845679013,0.3460715663580247
4217,00:01:10.267,0.7676993312757201,1.759396701388889,1.349823013117284,0.48082851080246913,0.4724464699074074
4218,00:01:10.283,0.9450123778292182,2.474001736111111,1.5711265432098764,0.6408179012345679,0.6230926890432099
4219,00:01:10.300,1.1459669174382716,2.971187789351852,1.9009447337962964,0.7743359375,0.7626200810185185
4220,00:01:10.317,1.1217497749485597,2.5550419560185187,1.833374324845679,0.7766324266975309,0.7552425733024691
4221,00:01:10.333,1.13395206404321,2.566724537037037,1.7380912422839505,0.9282865547839506,0.7354783950617284
4222,00:01:10.350,1.2188826195987656,2.8661675347222224,1.8808289930555555,0.9993706597222223,0.7764482060185185
4223,00:01:10.367,0.011725019290123456,0.06849681712962963,0.020196759259259258,0.006785783179012346,0.008192515432098766
4224,00:01:10.383,1.417509966563786,2.9595052083333333,2.254259259259259,1.1458709490740742,0.8523996913580247
4225,00:01:10.400,1.6738250707304527,3.386226851851852,2.845073784722222,1.2865316358024692,0.8898697916666667
4226,00:01:10.417,1.0635016396604937,2.260026041666667,1.8779711612654322,0.731514274691358,0.5810194830246913
4227,00:01:10.433,1.2534469843106997,2.2758897569444443,2.2197255979938273,0.8812282986111111,0.6593870563271605
4228,00:01:10.450,1.441354648919753,2.871578414351852,2.581696084104938,1.0241478587962962,0.7182200038580246
4229,00:01:10.467,1.1564213605967077,2.410300925925926,2.158228202160494,0.7538782793209876,0.5571576003086419
4230,00:01:10.483,1.4535575810185186,3.363845486111111,2.706167052469136,0.9346590470679013,0.7198466435185186
4231,00:01:10.500,4.702521862139918,7.187738715277778,7.8826398533950615,2.2315210262345677,3.9934047067901233
4232,00:01:10.517,1.1143931648662553,2.560575810185185,2.0433714313271607,0.7514834104938272,0.5483246527777778
4233,00:01:10.533,1.1209545396090534,2.2233796296296298,2.0702772955246913,0.7151861496913581,0.5774001736111111
4234,00:01:10.550,2.1324673675411527,5.152756076388889,4.020783179012346,1.3404610339506173,1.036157889660494
4235,00:01:10.567,0.45479890046296295,1.3905960648148148,0.7110209297839506,0.24773341049382716,0.4056423611111111
4236,00:01:10.583,1.2704245434670782,3.7241608796296295,2.1907084297839505,0.8823013117283951,0.7382638888888889
4237,00:01:10.600,1.0883439429012345,3.3658130787037037,1.8269627700617284,0.7959375,0.6421315586419754
4238,00:01:10.617,1.054611947016461,3.0528428819444446,1.7824946952160494,0.758647762345679,0.6226933834876544
4239,00:01:10.633,0.7273696309156379,2.0327690972222223,1.1381809413580246,0.5702372685185185,0.47369068287037036
4240,00:01:10.650,0.8479951131687243,2.5653718171296296,1.3970905671296296,0.6406143904320988,0.5062803819444445
4241,00:01:10.667,0.9323117605452675,2.5525824652777778,1.657611400462963,0.5970799575617284,0.5422439236111111
4242,00:01:10.683,0.9107507073045268,2.6004195601851854,1.740279224537037,0.5166922260802469,0.4752806712962963
4243,00:01:10.700,0.943528002829218,2.467238136574074,1.8166695601851852,0.47294849537037037,0.5409659529320988
4244,00:01:10.717,0.6568203446502058,1.8066189236111112,1.2302662037037038,0.35061390817901233,0.38958092206790124
4245,00:01:10.733,0.8740620177469136,2.6177589699074075,1.5619675925925927,0.4866483410493827,0.5735701195987655
4246,00:01:10.750,0.5367086226851852,1.318410011574074,0.9491184413580247,0.30711130401234565,0.35389612268518517
4247,00:01:10.767,0.5863442001028806,1.6097366898148149,1.0250612461419752,0.33802613811728394,0.3959452160493827
4248,00:01:10.783,0.5132965213477366,1.0869719328703704,0.9644020061728396,0.2575978973765432,0.31788966049382716
4249,00:01:10.800,0.48181021733539103,1.0682798032407408,0.9027001350308642,0.2437229938271605,0.29900752314814816
4250,00:01:10.817,0.010629983281893005,0.023734085648148148,0.016480516975308643,0.007386670524691358,0.008022762345679012
4251,00:01:10.833,0.3640145961934156,1.105418113425926,0.6891719714506173,0.17471161265432097,0.22816020447530863
4252,00:01:10.850,0.3322394225823045,1.2727864583333333,0.6129904513888889,0.17045572916666665,0.213272087191358
4253,00:01:10.867,0.3035204475308642,0.8385633680555555,0.555330825617284,0.16055555555555556,0.19467496141975307
4254,00:01:10.883,0.33171457047325104,1.1774811921296295,0.5924811921296296,0.1704075038580247,0.23225501543209875
4255,00:01:10.900,0.3150017682613168,1.2326967592592593,0.589762249228395,0.15535686728395062,0.19988618827160493
4256,00:01:10.917,0.31195634002057615,1.0883246527777777,0.6189163773148149,0.1468822337962963,0.17007040895061729
4257,00:01:10.933,0.2581635802469136,0.8946397569444444,0.5141430362654321,0.12142168209876543,0.13892602237654322
4258,00:01:10.950,0.26231738683127576,0.9218171296296296,0.5271720679012346,0.12147665895061728,0.1383034336419753
4259,00:01:10.967,0.2904669817386831,0.9556351273148148,0.5896503665123457,0.1305912422839506,0.1511593364197531
4260,00:01:10.983,0.24265271347736625,0.6001157407407407,0.47779224537037035,0.12077980324074074,0.12938609182098765
4261,00:01:11.000,3.804166505915638,5.723726851851852,6.41553337191358,1.717181712962963,3.2797844328703705
4262,00:01:11.017,0.256377154063786,1.0280671296296295,0.41532118055555556,0.17917920524691358,0.1746310763888889
4263,00:01:11.033,0.4417542759773663,1.537058738425926,0.7576543209876543,0.2630565200617284,0.30455198688271606
4264,00:01:11.050,0.4659802597736626,2.074826388888889,0.7477314814814815,0.28379484953703704,0.3664144483024691
4265,00:01:11.067,0.944751478909465,3.2748119212962963,1.6608082561728394,0.4771219135802469,0.6963242669753087
4266,00:01:11.083,0.4335990547839506,1.6622468171296296,0.8008666087962963,0.2324117476851852,0.26751880787037036
4267,00:01:11.100,0.49542952674897117,1.8885199652777778,0.9424194637345679,0.26427131558641975,0.2795978009259259
4268,00:01:11.117,0.27513535236625514,0.8240523726851852,0.4857880015432099,0.17527729552469135,0.1643407600308642
4269,00:01:11.133,0.4019870434670782,1.4135923032407407,0.7088064236111111,0.25341194058641975,0.2437427662037037
4270,00:01:11.150,0.366343074845679,1.185966435185185,0.6597164351851852,0.22453221450617283,0.214780574845679
4271,00:01:11.167,0.3199966242283951,0.9625217013888889,0.600216049382716,0.18395399305555554,0.17581983024691358
4272,00:01:11.183,0.2897405478395062,0.810279224537037,0.5433709490740741,0.1653882137345679,0.16046248070987654
4273,00:01:11.200,0.3835275205761317,1.2666377314814814,0.7015157214506172,0.23655092592592591,0.21251591435185185
4274,00:01:11.217,0.28556536136831273,0.9036168981481482,0.48699122299382713,0.19607494212962964,0.17362991898148147
4275,00:01:11.233,0.2805404449588477,0.7432581018518518,0.44752748842592593,0.21039158950617284,0.18370225694444445
4276,00:01:11.250,0.2679711612654321,1.0685257523148148,0.42809413580246913,0.19914158950617283,0.17667775848765432
4277,00:01:11.267,0.30848797582304527,0.9984302662037037,0.5129769483024691,0.21292052469135803,0.19956645447530863
4278,00:01:11.283,0.2863872813786008,0.9970775462962963,0.47315972222222225,0.1975294174382716,0.18847270447530864
4279,00:01:11.300,0.0034465020576131683,0.005902777777777778,0.004113136574074074,0.002806712962962963,0.0034196566358024694
4280,00:01:11.317,0.20293242026748973,0.7799045138888889,0.3212065972222222,0.1532277199074074,0.13436294367283952
4281,00:01:11.333,0.26404931841563783,0.7695746527777778,0.4541724537037037,0.18170476466049382,0.15627073688271606
4282,00:01:11.350,0.23472350823045265,0.5800708912037037,0.3949633487654321,0.1642163387345679,0.14499083719135802
4283,00:01:11.367,0.5816790444958848,0.9278428819444444,0.9654301697530864,0.397779224537037,0.3818277391975309
4284,00:01:11.383,0.2867128022119341,0.5607638888888888,0.5637278163580247,0.1599633487654321,0.1364472415123457
4285,00:01:11.400,0.35838814943415637,0.65078125,0.6946011766975309,0.2033641975308642,0.17719907407407406
4286,00:01:11.417,0.1968042695473251,0.45033275462962963,0.3596985918209877,0.12240403163580246,0.10831018518518519
4287,00:01:11.433,0.26636397247942384,0.6338107638888889,0.46952980324074073,0.16898775077160494,0.16057436342592593
4288,00:01:11.450,0.24670331790123456,0.5995008680555556,0.3983381558641975,0.17779465663580246,0.1639771412037037
4289,00:01:11.467,0.39558256172839507,0.7789207175925926,0.5397096836419754,0.34444637345679013,0.30259162808641976
4290,00:01:11.483,0.35901716820987656,0.6762369791666667,0.49635561342592593,0.31171875,0.2689771412037037
4291,00:01:11.500,3.7780201903292174,5.549717881944445,6.205378568672839,1.8982691936728395,3.2304128086419754
4292,00:01:11.517,0.5026017554012346,1.4288411458333334,0.5766984953703703,0.5286786265432099,0.40242814429012347
4293,00:01:11.533,0.6709347672325103,2.3196686921296297,0.9224749228395062,0.6175057870370371,0.47282359182098765
4294,00:01:11.550,0.8247109696502056,2.975368923611111,1.1073384452160493,0.762845775462963,0.603948688271605
4295,00:01:11.567,1.0286273469650207,3.5807725694444446,1.3953959297839507,0.8975245949074074,0.7929615162037037
4296,00:01:11.583,0.7146799447016461,2.7775028935185184,0.9501302083333333,0.694089988425926,0.499819637345679
4297,00:01:11.600,0.5702115483539095,2.3497974537037036,0.7253438464506173,0.5996190200617284,0.3856717785493827
4298,00:01:11.617,0.6678179655349794,2.687239583333333,0.8818532986111111,0.6943981481481482,0.427202449845679
4299,00:01:11.633,0.013065361368312758,0.09272280092592593,0.022663483796296298,0.007331211419753086,0.00920138888888889
4300,00:01:11.650,0.6914826067386831,2.6544053819444446,1.0259688464506174,0.650483699845679,0.3979952739197531
4301,00:01:11.667,0.8200697659465019,2.6968315972222223,1.3114737654320987,0.6978911072530865,0.450844425154321
4302,00:01:11.683,0.8416589506172839,3.637955729166667,1.2379639274691359,0.7813551311728395,0.5056577932098766
4303,00:01:11.700,0.8036001800411522,3.420290798611111,1.2540489969135802,0.6823374807098765,0.4744140625
4304,00:01:11.717,1.1605598958333334,4.310257523148148,1.9888941936728395,0.7938213734567902,0.6989641203703704
4305,00:01:11.733,1.2354386895576133,4.875694444444444,1.9899672067901235,0.9778940007716049,0.7384548611111111
4306,00:01:11.750,1.0143082883230454,2.5685691550925926,1.7910570987654322,0.6342341820987655,0.6176335841049383
4307,00:01:11.767,1.042308867026749,2.5822193287037036,1.9106544174382716,0.5749223572530864,0.6413498263888889
4308,00:01:11.783,0.768955279063786,2.558977141203704,1.359463252314815,0.4568335262345679,0.4905690586419753
4309,00:01:11.800,0.9947828253600822,3.0782986111111112,1.7348365162037036,0.6622159529320988,0.5872960069444444
4310,00:01:11.817,27.707032536008228,65.50189525462963,43.09691358024691,31.060002411265433,8.964181616512345
4311,00:01:11.833,0.027105677726337447,0.12727864583333334,0.04076244212962963,0.01838204089506173,0.02217255015432099
4312,00:01:11.850,65.47152568801441,140.6823784722222,104.41471016589506,67.47495177469136,24.52491512345679
4313,00:01:11.867,0.02717190715020576,0.18237123842592592,0.03142698688271605,0.01964795524691358,0.030440779320987654
4314,00:01:11.883,0.002660108024691358,0.037261284722222225,0.002230420524691358,0.0022010030864197533,0.003548900462962963
4315,00:01:11.900,0.0003277713477366255,0.0009837962962962962,0.00013744212962962964,0.00041377314814814814,0.0004320987654320988
4316,00:01:11.917,0.2330198688271605,0.9159143518518519,0.3221561535493827,0.14655333719135802,0.23035011574074074
4317,00:01:11.933,0.022941100823045266,0.1590060763888889,0.033876832561728396,0.01353684413580247,0.021409625771604938
4318,00:01:11.950,0.0029258294753086423,0.007624421296296297,0.0036371527777777778,0.002080439814814815,0.0030598958333333333
4319,00:01:11.967,0.0020622749485596707,0.0060257523148148145,0.004210069444444444,0.0008314043209876543,0.0011453510802469137
4320,00:01:11.983,0.00037567515432098764,0.003935185185185185,0.0002898341049382716,0.00021797839506172839,0.000619212962962963
4321,00:01:12.000,2.9493893068415638,4.922055844907407,3.434605999228395,1.5356057098765432,3.877956211419753
4322,00:01:12.017,0.026303530092592592,0.6180700231481482,0.017351948302469136,0.03144965277777778,0.030108989197530866
4323,00:01:12.033,0.031204346707818933,0.30387008101851853,0.021375868055555556,0.03599295910493827,0.036244212962962964
4324,00:01:12.050,0.09051440329218106,0.6402054398148148,0.09105661651234567,0.08100549768518518,0.09948109567901235
4325,00:01:12.067,0.182207433127572,1.0730758101851852,0.20671730324074075,0.139594425154321,0.2003105709876543
4326,00:01:12.083,0.2694619663065843,1.327879050925926,0.32556086033950615,0.1825998263888889,0.300225212191358
4327,00:01:12.100,0.2450217013888889,1.0819299768518518,0.29748649691358026,0.15416956018518518,0.2834090470679012
4328,00:01:12.117,0.4130859375,1.7177083333333334,0.4998292824074074,0.23976514274691357,0.499663387345679
4329,00:01:12.133,0.6687028999485597,2.423951099537037,0.8183434606481481,0.36369743441358027,0.8240678047839506
4330,00:01:12.150,0.4432804462448559,1.4911892361111112,0.526886574074074,0.24068479938271606,0.5622699652777777
4331,00:01:12.167,0.43407182355967083,1.7649305555555554,0.5097014853395062,0.24231674382716048,0.5501972415123457
4332,00:01:12.183,0.06927356610082304,0.1876591435185185,0.09261863425925926,0.036884645061728394,0.07831741898148148
4333,00:01:12.200,0.013664158950617284,0.04131944444444444,0.016043595679012347,0.008488136574074073,0.016460744598765432
4334,00:01:12.217,0.014814332561728394,0.058412905092592594,0.02515480324074074,0.006414930555555556,0.012873263888888889
4335,00:01:12.233,0.00833863811728395,0.047591145833333334,0.014677372685185186,0.003140432098765432,0.007198109567901235
4336,00:01:12.250,0.0035104809670781895,0.010575810185185185,0.0034186921296296296,0.0019372106481481482,0.00517554012345679
4337,00:01:12.267,0.00569042566872428,0.0017216435185185186,0.008818479938271605,0.0026316550925925926,0.005621141975308642
4338,00:01:12.283,0.0025454925411522635,0.00012297453703703702,0.0043359375,0.0009794560185185186,0.0023210841049382718
4339,00:01:12.300,0.0027875835905349796,0.0008608217592592593,0.005157214506172839,0.0008294753086419753,0.0023760609567901234
4340,00:01:12.317,0.0014093042695473253,0.0,0.0024676890432098766,0.00042631172839506173,0.001333912037037037
4341,00:01:12.333,0.0007926633230452675,0.006640625,0.0007200038580246913,0.00044656635802469135,0.0012114197530864197
4342,00:01:12.350,0.0025061085390946504,0.0006148726851851852,0.003824266975308642,0.0008584104938271605,0.0028356481481481483
4343,00:01:12.367,0.0010244663065843622,0.0,0.0014795524691358026,0.00037567515432098764,0.0012181712962962962
4344,00:01:12.383,0.000536426183127572,0.028161168981481483,0.0006274112654320987,0.0003028549382716049,0.0006790123456790123
4345,00:01:12.400,0.0008392811213991769,0.010206886574074075,0.001447241512345679,0.0003096064814814815,0.0007609953703703703
4346,00:01:12.417,0.001780639146090535,0.005164930555555555,0.003980999228395061,0.0004248649691358025,0.0009360532407407408
4347,00:01:12.433,0.0008468364197530865,0.00024594907407407405,0.0015456211419753087,0.00021942515432098766,0.0007754629629629629
4348,00:01:12.450,0.0001838991769547325,0.0,0.00026282793209876545,7.860725308641976e-05,0.00021026234567901234
4349,00:01:12.467,0.0003510802469135803,0.0,0.0003332368827160494,0.00018663194444444445,0.0005333719135802469
4350,00:01:12.483,0.00031394675925925926,0.0,0.00034963348765432097,0.00012586805555555555,0.00046633873456790125
4351,00:01:12.500,2.6070354295267486,5.399320023148148,3.0859755979938273,1.3588141396604938,3.376316550925926
4352,00:01:12.517,0.033900784465020574,0.3865089699074074,0.02927228009259259,0.035142264660493826,0.03728780864197531
4353,00:01:12.533,0.055627089763374486,0.5797019675925926,0.06220727237654321,0.04837914737654321,0.056294849537037034
4354,00:01:12.550,0.13198559670781893,0.8887369791666667,0.16124662422839506,0.09322145061728396,0.1414887152777778
4355,00:01:12.567,0.17542341820987653,0.9441984953703704,0.2240108989197531,0.10944926697530864,0.1928100887345679
4356,00:01:12.583,0.3082714441872428,1.0900462962962962,0.3961549961419753,0.17576147762345679,0.3528978587962963
4357,00:01:12.600,0.6310011574074074,2.0637586805555554,0.8207942708333333,0.33688802083333336,0.7353211805555555
4358,00:01:12.617,0.4106611689814815,1.0821759259259258,0.49220823688271603,0.21952932098765432,0.5202459490740741
4359,00:01:12.633,0.41077096193415635,1.3691984953703704,0.49373167438271603,0.21412471064814814,0.5244565007716049
4360,00:01:12.650,0.037904449588477364,0.14830729166666667,0.040476466049382716,0.019800347222222223,0.05343653549382716
4361,00:01:12.667,0.003832143775720165,0.0020905671296296297,0.00445264274691358,0.001976273148148148,0.0050675154320987655
4362,00:01:12.683,0.0005262988683127572,0.0018446180555555555,0.0006129436728395061,0.0003978587962962963,0.0005680941358024691
4363,00:01:12.700,0.00033098636831275716,0.00012297453703703702,0.000470679012345679,0.0001480516975308642,0.0003742283950617284
4364,00:01:12.717,0.00037037037037037035,0.00024594907407407405,0.0003669945987654321,0.0001099537037037037,0.0006341628086419753
4365,00:01:12.733,0.006175411522633745,0.08657407407407407,0.002685667438271605,0.008306809413580247,0.007533757716049382
4366,00:01:12.750,0.00014933770576131686,0.0,0.00016830632716049383,7.330246913580247e-05,0.00020640432098765433
4367,00:01:12.767,11.946484053497942,54.55113570601852,10.442592592592593,13.529400077160494,11.86745949074074
4368,00:01:12.783,0.4151898469650206,1.526851851851852,0.4129441550925926,0.23944878472222222,0.593176601080247
4369,00:01:12.800,2.9337876157407408,9.22210648148148,2.6300337577160495,2.3749189814814815,3.7964101080246913
4370,00:01:12.817,28.268673964763376,56.918149594907405,46.82323109567901,25.851055652006174,12.131735146604939
4371,00:01:12.833,3.0693883423353903,9.449732349537037,2.274443962191358,2.6385117669753084,4.295209297839506
4372,00:01:12.850,4.79165686085391,12.956966145833333,3.47288387345679,4.390093074845679,6.51199363425926
4373,00:01:12.867,40.24122074331276,40.75400752314815,41.34440923996914,34.4640022183642,44.91525077160494
4374,00:01:12.883,16.99141991383745,11.946607349537038,19.1291618441358,4.0978023726851855,27.747295524691356
4375,00:01:12.900,3.996625032150206,9.4263671875,3.477384259259259,2.731114486882716,5.781376350308642
4376,00:01:12.917,7.287086066100824,16.878993055555554,7.390137924382716,4.4602382330246915,10.010882040895062
4377,00:01:12.933,0.07369679140946502,0.24348958333333334,0.06142746913580247,0.03147714120370371,0.1281857638888889
4378,00:01:12.950,0.010187757201646089,0.00959201388888889,0.007288290895061728,0.004291570216049383,0.01898341049382716
4379,00:01:12.967,3.4142764596193413,9.438172743055556,2.7604436728395063,2.814617091049383,4.667768614969136
4380,00:01:12.983,48.27717496141975,33.32536168981481,51.89017457561729,39.67818431712963,53.263165991512345
4381,00:01:13.000,4.153351015946503,7.792896412037037,4.624217303240741,2.2657392939814813,5.570096450617284
4382,00:01:13.017,7.307787583590534,18.33267505787037,4.915423418209876,8.623582658179012,8.384356674382715
4383,00:01:13.033,1.5348331404320987,4.655570023148148,0.9851683063271605,1.6949430941358026,1.9243880208333333
4384,00:01:13.050,2.4567309670781894,7.002662037037037,1.5554301697530863,2.7592356288580246,3.055527102623457
4385,00:01:13.067,0.02473363554526749,0.1347800925925926,0.013560474537037038,0.028359375,0.032281057098765435
4386,00:01:13.083,1.4690440136316874,4.347764756944445,0.9421682098765433,1.595667438271605,1.8692963927469135
4387,00:01:13.100,1.510171199845679,4.156047453703704,0.9686434220679012,1.5905430169753085,1.9713271604938272
4388,00:01:13.117,0.9008322080761317,3.120355902777778,0.7001861496913581,0.8703245563271605,1.1319859182098766
4389,00:01:13.133,0.9606114969135803,3.3460141782407407,0.8583820408950618,0.8399459876543209,1.183506462191358
4390,00:01:13.150,0.650197080761317,2.1831669560185185,0.6600564236111112,0.5455222800925926,0.745012538580247
4391,00:01:13.167,1.0032743377057614,3.223162615740741,1.1187659143518518,0.7825395447530864,1.1085175540123458
4392,00:01:13.183,0.8221799447016461,1.9835792824074074,0.9101133294753087,0.6443668016975309,0.9120597029320988
4393,00:01:13.200,1.1197606417181072,2.2838831018518517,1.244792148919753,0.8417983217592593,1.2726914544753087
4394,00:01:13.217,1.2390689300411522,2.9131438078703704,1.3695625964506173,0.9055454282407407,1.4420987654320987
4395,00:01:13.233,0.3778144290123457,0.2620587384259259,0.36026282793209874,0.35367042824074074,0.4195100308641975
4396,00:01:13.250,0.2901316550925926,0.45672743055555554,0.2703125,0.26402488425925924,0.3360575810185185
4397,00:01:13.267,0.43183400848765435,1.4128544560185186,0.3374247685185185,0.45836033950617283,0.4997169174382716
4398,00:01:13.283,0.16603909465020575,0.4500868055555556,0.14888551311728396,0.1426957947530864,0.2065359760802469
4399,00:01:13.300,0.8318621399176954,2.0039930555555556,1.0039723186728395,0.6195920138888888,0.872022087191358
4400,00:01:13.317,0.20491624871399175,0.7883897569444445,0.2079639274691358,0.1573755787037037,0.2494092399691358
4401,00:01:13.333,0.2818981481481481,0.7773220486111111,0.30071903935185185,0.19914448302469137,0.3458309220679012
4402,00:01:13.350,1.1306102109053497,3.3294126157407407,1.537650462962963,0.7436574074074074,1.110522762345679
4403,00:01:13.367,0.497378632973251,1.8807725694444444,0.5844401041666667,0.30538628472222223,0.6023095100308642
4404,00:01:13.383,14.79521958590535,49.83702980324074,10.561045524691359,22.070140335648148,11.754472897376543
4405,00:01:13.400,1.5048175475823047,4.675245949074074,1.564826388888889,1.5362731481481482,1.4133531057098765
4406,00:01:13.417,0.8063311792695473,2.8638310185185185,0.8417240547839506,0.6264086612654322,0.9508608217592592
4407,00:01:13.433,0.3541457690329218,1.0011357060185184,0.3678597608024691,0.2751625192901235,0.41941502700617284
4408,00:01:13.450,0.27064509387860086,0.6181929976851852,0.28621238425925927,0.20737847222222222,0.318344425154321
4409,00:01:13.467,0.2765843621399177,0.6923466435185185,0.2412234760802469,0.23707947530864198,0.3514501350308642
4410,00:01:13.483,0.3008524627057613,0.9754340277777778,0.281553337191358,0.2495698302469136,0.37143422067901233
4411,00:01:13.500,3.8916190843621403,7.16068431712963,4.477501446759259,1.9789240933641976,5.218431712962963
4412,00:01:13.517,0.23144113297325106,1.045652488425926,0.23370515046296297,0.19919222608024692,0.2614260223765432
4413,00:01:13.533,0.3944799704218107,1.5032407407407407,0.4370650077160494,0.300751350308642,0.44562355324074077
4414,00:01:13.550,0.641498521090535,2.1959563078703703,0.7691820987654321,0.44070408950617285,0.714609375
4415,00:01:13.567,0.9007905735596707,2.1069227430555557,1.1674561149691358,0.5726017554012346,0.962313850308642
4416,00:01:13.583,0.8029738940329217,1.7689887152777777,0.9990316358024691,0.5147608024691358,0.8951292438271605
4417,00:01:13.600,0.792423482510288,1.5151692708333333,0.8542124807098765,0.6076277970679013,0.9154301697530864
4418,00:01:13.617,0.6207894483024691,1.9646412037037038,0.6909495563271605,0.46652584876543207,0.7048929398148148
4419,00:01:13.633,0.807462545010288,1.4993055555555554,0.767427662037037,0.6338970871913581,1.021062885802469
4420,00:01:13.650,0.7231905864197531,1.3105396412037038,0.6773582175925926,0.5364091435185185,0.9558043981481481
4421,00:01:13.667,0.020900205761316872,0.028161168981481483,0.01904031635802469,0.013937114197530864,0.02972318672839506
4422,00:01:13.683,1.1376491769547323,1.6232638888888888,0.9303293788580247,0.6949845679012345,1.7876335841049382
4423,00:01:13.700,1.3737797389403292,1.9875144675925926,1.1660768711419753,0.8546117862654321,2.1006505594135803
4424,00:01:13.717,0.5721068029835391,1.733326099537037,0.48820650077160493,0.42095389660493826,0.807160011574074
4425,00:01:13.733,0.616517650462963,1.427365451388889,0.4251408179012346,0.4921899112654321,0.9322222222222222
4426,00:01:13.750,0.6371543852880658,1.3892433449074073,0.4116377314814815,0.5193031442901235,0.9805222800925926
4427,00:01:13.767,0.5807481352880658,1.354318576388889,0.37817515432098764,0.5013044945987655,0.8627647569444444
4428,00:01:13.783,0.8315139531893004,1.0633608217592592,0.6136265432098765,0.6445785108024691,1.2363368055555555
4429,00:01:13.800,0.9440030221193415,1.5899377893518518,0.8218045910493827,0.7054103973765432,1.3047940779320988
4430,00:01:13.817,0.9326700745884772,1.7271773726851851,0.8314573688271605,0.6983540702160493,1.2681987847222222
4431,00:01:13.833,0.7502882265946501,1.5787471064814815,0.738900462962963,0.5982378472222222,0.9137263695987654
4432,00:01:13.850,2.549674157664609,10.185611979166667,1.630171199845679,2.9347834683641976,3.0840678047839507
4433,00:01:13.867,0.02229118441358025,0.10071614583333334,0.01697193287037037,0.016631462191358026,0.03327015817901235
4434,00:01:13.883,0.851674704218107,1.4249059606481482,0.8693306327160494,0.7048432677469135,0.980850212191358
4435,00:01:13.900,16.321932548868315,54.65258969907408,11.275966435185186,24.32438030478395,13.365450906635802
4436,00:01:13.917,1.7862321566358024,3.4882957175925924,1.8889993248456791,1.5509731867283951,1.9187239583333333
4437,00:01:13.933,2.4144818994341564,3.5272786458333334,2.366014660493827,2.1983000578703704,2.6791309799382717
4438,00:01:13.950,2.0110566165123456,2.656618923611111,2.1773664158950616,1.6852927276234568,2.1705107060185185
4439,00:01:13.967,2.423872813786008,3.608810763888889,2.219619502314815,2.2184736689814817,2.8335252700617284
4440,00:01:13.983,2.239013470936214,3.819097222222222,2.0361429398148148,2.112517361111111,2.568380111882716
4441,00:01:14.000,5.386301601080247,10.213158275462963,5.731150655864197,3.856409625771605,6.571344521604939
4442,00:01:14.017,1.71164737654321,3.6207392939814813,1.6161747685185186,1.5582744984567902,1.960492862654321
4443,00:01:14.033,2.303867348251029,5.812022569444444,2.1564699074074074,2.1071624228395063,2.6479697145061727
4444,00:01:14.050,2.148231256430041,5.225925925925926,2.136039737654321,1.8334461805555555,2.475207851080247
4445,00:01:14.067,1.8353046231995886,4.434092881944444,1.872996238425926,1.4865895061728396,2.146328125
4446,00:01:14.083,2.5056859246399177,6.972410300925926,2.3708897569444445,2.201348861882716,2.9448191550925924
4447,00:01:14.100,0.00019450874485596708,0.0,7.764274691358025e-05,0.00021701388888888888,0.0002888695987654321
4448,00:01:14.117,1.5023315329218105,4.359201388888889,1.297481674382716,1.4149315200617283,1.7945814043209876
4449,00:01:14.133,1.3038781185699586,3.854144965277778,1.0952295524691358,1.2097882908950617,1.606616512345679
4450,00:01:14.150,1.6872747878086418,6.336631944444444,1.3224397183641976,1.6506370563271604,2.088747588734568
4451,00:01:14.167,2.2183542309670785,7.100549768518518,1.7170732060185185,2.242309027777778,2.6956804591049384
4452,00:01:14.183,1.9447355645576134,5.739221643518518,1.5077329282407408,1.8885667438271605,2.4379070216049383
4453,00:01:14.200,2.0213345550411526,6.1782407407407405,1.498662712191358,1.9604050925925927,2.604935860339506
4454,00:01:14.217,2.0195034400720164,6.23345630787037,1.4854923804012345,1.994969135802469,2.5780488040123455
4455,00:01:14.233,13.751274594907409,47.38270399305556,11.591888985339507,17.077411747685186,12.58452305169753
4456,00:01:14.250,18.697060988940326,57.52613570601852,16.602611400462962,25.57080680941358,13.917764756944445
4457,00:01:14.267,23.229337223508228,49.72352430555556,25.310859375,27.455058834876542,16.92209346064815
4458,00:01:14.283,30.24689429012346,41.15416666666667,46.059922357253086,25.34854504243827,19.332215470679014
4459,00:01:14.300,38.06292775848765,35.675282118055556,58.16952208719136,36.98193962191358,19.037321566358024
4460,00:01:14.317,35.490113329475314,28.07410300925926,56.65052999614198,29.721828221450618,20.097981770833332
4461,00:01:14.333,33.15523823302469,27.641970486111113,49.3309196566358,28.828636188271606,21.306158854166668
4462,00:01:14.350,21.572694347993828,27.696079282407407,26.540771122685186,22.721792052469137,15.45551986882716
4463,00:01:14.367,0.08309654706790125,0.29673755787037037,0.15301793981481482,0.040755208333333334,0.05551649305555555
4464,00:01:14.383,22.153138342335392,30.835127314814816,31.333763985339505,20.336479552469136,14.78917148919753
4465,00:01:14.400,11.683482671039096,25.058890335648147,16.64400318287037,9.294500385802468,9.111944444444445
4466,00:01:14.417,4.361030896347736,9.466702835648148,6.56369068287037,3.174035011574074,3.3453669945987654
4467,00:01:14.433,2.2246510095164607,5.2544560185185185,3.6530613425925926,1.2649498456790123,1.7559418402777778
4468,00:01:14.450,1.5298876350308641,3.20078125,2.5617597415123456,0.8062871334876544,1.2216160300925927
4469,00:01:14.467,1.7141271219135803,4.552886284722222,2.5695823688271604,1.069326774691358,1.5034722222222223
4470,00:01:14.483,1.7405645576131688,3.542404513888889,2.3079499421296297,1.1799059606481481,1.7338377700617285
4471,00:01:14.500,13.660499292695475,26.246086516203704,20.538615933641974,9.483584587191357,10.959297357253087
4472,00:01:14.517,20.640898919753088,33.80594618055556,30.333574459876544,16.89868923611111,14.690433063271605
4473,00:01:14.533,38.24746511702674,38.203392650462966,47.768936149691356,41.88581838348765,25.087640817901235
4474,00:01:14.550,54.79831950874486,34.780150462962965,80.62529947916667,54.75703655478395,29.01262249228395
4475,00:01:14.567,37.6391975308642,38.87126736111111,56.23999373070988,34.97381076388889,21.703788097993826
4476,00:01:14.583,0.0758129179526749,0.28370225694444445,0.10644724151234568,0.052996720679012344,0.06799479166666667
4477,00:01:14.600,25.94577723122428,51.55067997685185,24.758118730709878,34.27053915895062,18.808673804012347
4478,00:01:14.617,17.038343942901236,51.14474103009259,17.034508584104938,20.48375530478395,13.596767939814814
4479,00:01:14.633,0.13433770576131687,0.3904441550925926,0.16298707561728396,0.10609760802469136,0.13392843364197532
4480,00:01:14.650,14.836008230452677,45.56046730324074,14.937881462191358,17.240142264660495,12.330000964506173
4481,00:01:14.667,13.869192708333335,42.69872685185185,13.642065007716049,16.07254436728395,11.89296875
4482,00:01:14.683,8.556283114711935,23.52687355324074,7.48359375,9.708122588734568,8.477133005401235
4483,00:01:14.700,8.925036651234569,27.13076533564815,6.802719425154321,10.321809895833333,9.65058063271605
4484,00:01:14.717,8.799973636831275,23.486046006944445,7.570571952160494,9.996752025462962,8.83259693287037
4485,00:01:14.733,9.713559349279835,26.9908203125,8.229225983796296,11.030448013117283,9.881004050925926
4486,00:01:14.750,8.854758551954733,24.864467592592593,7.165475019290123,10.157853491512345,9.240947145061728
4487,00:01:14.767,10.149465663580246,29.832392939814813,8.975461516203703,11.675598958333333,9.797336516203703
4488,00:01:14.783,12.223004275977367,38.269675925925924,11.225756172839507,14.098654513888889,11.344602141203703
4489,00:01:14.800,10.619020704732511,31.884837962962962,9.803791473765433,12.057893036265432,9.995377604166666
4490,00:01:14.817,7.439111529063787,18.507667824074073,6.217926311728395,8.307727141203705,7.791681134259259
4491,00:01:14.833,6.126062403549383,14.445326967592592,5.285571952160494,6.609302179783951,6.483313078703704
4492,00:01:14.850,10.026389531893004,27.97449363425926,9.352848186728394,11.205529513888889,9.520790895061728
4493,00:01:14.867,10.991296296296296,32.9418041087963,10.590101755401234,12.430699749228395,9.953087384259259
4494,00:01:14.883,11.40535831404321,34.48304398148148,10.963688753858024,12.83447193287037,10.417914255401234
4495,00:01:14.900,12.352261766975309,37.412174479166666,11.297295524691359,14.132188946759259,11.627300829475308
4496,00:01:14.917,0.07978925540123456,0.3980685763888889,0.0833371913580247,0.059632523148148146,0.09639805169753086
4497,00:01:14.933,10.042802051183129,28.116529224537036,9.201626157407407,11.147579571759259,9.779200424382717
4498,00:01:14.950,8.998141878858023,23.769379340277776,7.957684702932099,9.870009645061728,9.166731288580246
4499,00:01:14.967,7.196481802983539,17.343959780092593,6.207635995370371,7.8749001736111115,7.5069092399691355
4500,00:01:14.983,6.848337352109053,15.939221643518518,5.670791859567902,7.627933545524692,7.246286651234568
4501,00:01:15.000,10.0517873906893,20.444639756944444,9.454193672839507,9.746531153549382,10.954637345679012
4502,00:01:15.017,4.679458751286009,12.424240451388888,3.0191218171296295,5.479413580246914,5.539840856481481
4503,00:01:15.033,6.216352719907408,15.240234375,4.740698302469136,7.353290412808642,6.555069444444444
4504,00:01:15.050,6.382527166923869,15.68060619212963,4.835069444444445,7.489624807098766,6.822887249228395
4505,00:01:15.067,5.533447145061729,12.852683738425926,4.037971161265432,6.260428722993828,6.301941550925926
4506,00:01:15.083,6.744088380915637,18.233803530092594,4.688816550925926,7.757895929783951,7.785552662037037
4507,00:01:15.100,6.4960702803497945,17.595319733796295,4.373683931327161,7.665116705246914,7.449410204475309
4508,00:01:15.117,5.701291634516461,13.74154369212963,3.938070987654321,6.508181905864197,6.657622010030864
4509,00:01:15.133,5.603671553497943,13.547858796296296,4.052989486882716,6.320920621141975,6.437104552469136
4510,00:01:15.150,4.936031217849794,11.493815104166666,3.4487210648148148,5.520525655864198,5.8388469328703705
4511,00:01:15.167,4.438111818415638,10.04603587962963,3.094340277777778,4.897857831790123,5.322137345679012
4512,00:01:15.183,4.945661651234568,12.624811921296295,3.2830844907407406,5.5259837962962965,6.027916666666667
4513,00:01:15.200,4.8962834362139915,12.620138888888889,3.1313782793209874,5.534552469135803,6.022919560185185
4514,00:01:15.217,5.5590843621399175,14.153385416666667,3.668967013888889,6.275699749228395,6.732586323302469
4515,00:01:15.233,4.296788515946503,11.17199074074074,2.6329364390432097,4.808752893518519,5.448676215277778
4516,00:01:15.250,4.2805184220679005,10.574211516203704,2.7465668402777776,4.717186053240741,5.377802372685185
4517,00:01:15.267,12.207429591049383,38.31443865740741,9.79215229552469,14.825095003858024,12.005041473765433
4518,00:01:15.283,14.157766203703703,43.63517795138889,11.086379726080247,17.35625916280864,14.030659722222222
4519,00:01:15.300,13.824905799897119,42.69897280092592,11.478035783179012,16.454647955246912,13.542033661265432
4520,00:01:15.317,0.03229713220164609,0.09911747685185185,0.030673225308641975,0.029536072530864196,0.036682098765432096
4521,00:01:15.333,14.601397247942387,43.990205439814815,12.721613136574074,17.12153018904321,13.961048418209877
4522,00:01:15.350,13.647230581275721,41.08419415509259,11.731516685956791,16.04001446759259,13.170160590277778
4523,00:01:15.367,9.993399080504114,27.936125578703702,8.22963493441358,11.394190297067901,10.356372010030864
4524,00:01:15.383,7.467304365997943,19.879817708333334,5.478459201388889,8.28391155478395,8.639542341820988
4525,00:01:15.400,6.225303819444444,14.85962818287037,5.078856577932099,6.846648341049383,6.750406539351852
4526,00:01:15.417,8.783082400977365,23.480635127314816,7.1574619020061725,9.72558979552469,9.466195505401235
4527,00:01:15.433,8.129973797582304,21.700947627314815,6.884451195987654,8.926791087962963,8.578679108796296
4528,00:01:15.450,5.799035815329218,15.038679108796297,4.122855420524691,6.311752025462963,6.9625
4529,00:01:15.467,5.929849215534979,14.699146412037036,4.59149787808642,6.498511284722222,6.699538483796296
4530,00:01:15.483,7.476656057098765,20.565769675925925,5.3651345486111115,8.287534722222222,8.777298900462963
4531,00:01:15.500,9.96468332047325,23.567824074074075,9.61544994212963,8.840715663580246,11.437884355709876
4532,00:01:15.517,6.035950360082306,17.106495949074073,4.819960455246914,6.549995659722223,6.7378949652777775
4533,00:01:15.533,7.631601401748971,22.053515625,6.2582518325617285,8.386625192901235,8.24992717978395
4534,00:01:15.550,5.815457015174896,16.80213396990741,4.099454089506173,6.487287326388889,6.859629629629629
4535,00:01:15.567,6.770160108024691,18.266022858796298,5.225615837191358,7.495166377314815,7.589698109567901
4536,00:01:15.583,6.029987622170783,16.29892216435185,4.42415943287037,6.6509698109567905,7.0148336226851855
4537,00:01:15.600,6.636378922325103,18.838469328703702,4.962622492283951,7.373997395833333,7.572516878858025
4538,00:01:15.617,6.061956500771605,16.260677083333334,4.4153163580246915,6.741013695987655,7.02953944830247
4539,00:01:15.633,7.2101464441872425,20.570442708333335,4.9595592206790124,8.150444155092593,8.520435956790124
4540,00:01:15.650,3.7961609439300417,8.860807291666667,2.417533275462963,4.147181230709877,4.823768325617284
4541,00:01:15.667,0.05922309027777778,0.3619140625,0.047399691358024694,0.052358699845679015,0.07791087962962963
4542,00:01:15.683,7.4314446694958844,22.302907986111112,5.074568865740741,8.403523341049382,8.816241801697531
4543,00:01:15.700,6.356297743055556,18.34767795138889,4.093149594907407,7.4276220100308645,7.548121624228395
4544,00:01:15.717,5.805182130915637,16.265473090277776,3.7427372685185185,6.904358603395062,6.768450520833333
4545,00:01:15.733,6.303156185699589,18.368214699074073,4.104826388888889,7.277631172839506,7.527010995370371
4546,00:01:15.750,5.8836006622942385,16.418699363425926,3.8749821566358023,6.704580922067901,7.071238908179012
4547,00:01:15.767,6.054172775205761,16.344791666666666,4.151098572530864,6.890565200617284,7.120854552469136
4548,00:01:15.783,6.602161458333334,16.27334346064815,4.586302565586419,7.971096643518519,7.249085165895062
4549,00:01:15.800,6.689145769032922,15.72868923611111,4.687184124228395,7.5790938464506175,7.801159336419753
4550,00:01:15.817,6.928310988940329,17.689518229166666,4.812837094907407,7.609865933641975,8.362229938271605
4551,00:01:15.833,7.174289962705761,18.62560040509259,5.632488908179012,8.175863715277778,7.714517264660494
4552,00:01:15.850,8.833761895576131,25.017570891203704,6.487943672839506,10.080766782407407,9.932575231481481
4553,00:01:15.867,5.268361786265432,14.281770833333333,3.505234375,5.575673707561728,6.724177276234568
4554,00:01:15.883,5.24511445473251,14.331575520833333,3.3345664544753086,5.570803433641975,6.829973476080247
4555,00:01:15.900,5.587582786779836,16.334461805555556,3.4164588155864197,5.937133969907407,7.409155574845679
4556,00:01:15.917,5.887588573816873,17.116702835648148,3.635092110339506,6.26025462962963,7.767418981481481
4557,00:01:15.933,5.523441197273662,16.58200954861111,3.8926007908950617,5.760767264660494,6.916955536265432
4558,00:01:15.950,3.3099258937757203,10.71501736111111,2.3865552662037035,3.3928086419753085,4.1504137731481485
4559,00:01:15.967,3.107361593364198,9.630013020833333,2.18903018904321,2.9983203125,4.134734278549383
4560,00:01:15.983,4.628253118569958,12.948234953703704,3.3219685570987654,4.594215374228395,5.968575424382716
4561,00:01:16.000,8.094185796039094,22.394032118055556,8.007711226851852,5.601456886574074,10.673389274691358
4562,00:01:16.017,2.875943447788066,9.934989872685184,2.011549479166667,2.892731963734568,3.723548900462963
4563,00:01:16.033,0.031059670781893006,0.23131510416666667,0.022296971450617285,0.028853684413580247,0.04202835648148148
4564,00:01:16.050,3.0698657728909464,10.215617766203703,2.2568412422839508,3.1700491898148146,3.7827068865740743
4565,00:01:16.067,0.0411620691872428,0.3669560185185185,0.030325520833333335,0.03769965277777778,0.055461033950617286
4566,00:01:16.083,0.7689906442901234,2.7470052083333334,0.7643045910493828,0.6147728587962963,0.9278944830246914
4567,00:01:16.100,25.388037229938273,82.61663049768518,15.868479456018518,41.822495177469136,18.47313705632716
4568,00:01:16.117,1.2407002314814815,6.962818287037037,0.6672800925925926,1.3767992862654321,1.6780213155864196
4569,00:01:16.133,1.3137519290123458,5.203052662037037,0.8165374228395061,1.2679128086419753,1.8568055555555556
4570,00:01:16.150,2.436003086419753,13.433369502314815,1.5383424961419754,3.3484288194444445,2.4212379436728395
4571,00:01:16.167,1.1096630658436215,5.002112268518519,0.706733699845679,1.1177242476851852,1.50453125
4572,00:01:16.183,0.8862633423353911,3.0422670717592593,0.4093865740740741,0.9568142361111112,1.2925892168209876
4573,00:01:16.200,0.5419532857510289,2.858051215277778,0.3738527199074074,0.4632296489197531,0.7887774884259259
4574,00:01:16.217,1.1717880336934157,4.718287037037037,0.9617597415123457,0.8926070601851852,1.660997299382716
4575,00:01:16.233,0.576302404835391,2.0043619791666667,0.5655242091049383,0.3491309799382716,0.8142520254629629
4576,00:01:16.250,1.3914147698045267,4.582400173611111,1.1555015432098765,1.0792226080246914,1.9395201581790122
4577,00:01:16.267,0.833847254372428,2.4487919560185185,0.8361125578703704,0.48712962962962963,1.178299575617284
4578,00:01:16.283,1.0666949588477368,3.1063368055555554,1.127013888888889,0.597205825617284,1.475865162037037
4579,00:01:16.300,1.0039970743312756,2.8804325810185185,1.1340239197530864,0.5326007908950617,1.345366512345679
4580,00:01:16.317,0.08353475437242798,0.16490885416666667,0.06568045910493828,0.0707691936728395,0.11415461033950618
4581,00:01:16.333,0.11384645061728395,0.3180121527777778,0.08196084104938271,0.09901234567901235,0.16056616512345678
4582,00:01:16.350,0.07083108281893004,0.18114149305555555,0.06086709104938272,0.06072820216049383,0.09089795524691358
4583,00:01:16.367,0.863991930298354,1.4335141782407408,0.3125038580246914,1.2105488040123458,1.0689231288580248
4584,00:01:16.383,0.1508887924382716,0.4546368634259259,0.13412760416666666,0.11987268518518518,0.19866608796296295
4585,00:01:16.400,0.1671801054526749,0.4986617476851852,0.14181809413580246,0.12876253858024692,0.2309596836419753
4586,00:01:16.417,0.2298313721707819,0.7273943865740741,0.21519338348765432,0.17345293209876544,0.30084780092592595
4587,00:01:16.433,0.2848514660493828,1.1490740740740741,0.27988667052469135,0.19722318672839506,0.37744454089506174
4588,00:01:16.450,1.031944765946502,2.6138237847222223,0.7282740162037037,1.0318552276234567,1.3357050540123456
4589,00:01:16.467,0.6393441358024691,2.3390986689814817,0.7219338348765432,0.35445360725308644,0.8416449652777778
4590,00:01:16.483,0.25068769290123455,1.3418981481481482,0.25743200231481483,0.16834828317901235,0.3262827932098765
4591,00:01:16.500,5.355617444701646,8.047453703703704,6.202286844135802,2.2000255594135805,7.664539930555556
4592,00:01:16.517,0.12749919624485598,1.2156032986111112,0.08492476851851852,0.12384452160493827,0.1737282986111111
4593,00:01:16.533,0.21020688657407408,1.1794487847222221,0.18216483410493828,0.18216435185185184,0.2662914737654321
4594,00:01:16.550,0.34370740097736624,2.0137080439814814,0.3267071759259259,0.2560913387345679,0.44832368827160496
4595,00:01:16.567,0.04155542695473251,0.4408637152777778,0.029701967592592592,0.030745081018518517,0.06421923225308641
4596,00:01:16.583,0.14210069444444443,0.7887586805555555,0.14485725308641975,0.10677758487654321,0.17466724537037037
4597,00:01:16.600,0.3449610982510288,0.6074942129629629,0.22390287422839505,0.3590470679012346,0.4519333526234568
4598,00:01:16.617,0.14144643775720164,0.47062355324074073,0.1319116512345679,0.1194458912037037,0.17298177083333333
4599,00:01:16.633,0.17740194187242797,0.6372540509259259,0.17075954861111112,0.14295476466049384,0.218491512345679
4600,00:01:16.650,0.1001147762345679,0.4751736111111111,0.0918431712962963,0.09021122685185186,0.11828993055555556
4601,00:01:16.667,0.11939782664609054,0.4076605902777778,0.10375819830246913,0.1032055362654321,0.15122974537037037
4602,00:01:16.683,0.1252340534979424,0.26808449074074076,0.15518952546296297,0.08229938271604938,0.13821325231481482
4603,00:01:16.700,0.20613136574074073,0.4336082175925926,0.2924054783950617,0.11964457947530864,0.20634403935185186
4604,00:01:16.717,0.19187773276748973,0.3246527777777778,0.20731095679012346,0.13216628086419754,0.23615596064814814
4605,00:01:16.733,0.43441631301440325,0.45672743055555554,0.3160108024691358,0.3958265817901235,0.5914115547839506
4606,00:01:16.750,0.01806986239711934,0.028038194444444445,0.020401234567901234,0.008761574074074074,0.025046778549382715
4607,00:01:16.767,0.3239023919753086,0.6534866898148148,0.38026427469135804,0.20070601851851852,0.3907368827160494
4608,00:01:16.783,0.24429269547325103,0.5902777777777778,0.31895978009259257,0.1471416859567901,0.26677662037037037
4609,00:01:16.800,0.2173466435185185,0.5153862847222223,0.2748191550925926,0.13885802469135802,0.23836275077160493
4610,00:01:16.817,0.1544847929526749,0.3622829861111111,0.1750853587962963,0.10838589891975309,0.17998312114197532
4611,00:01:16.833,0.09475163966049382,0.2935402199074074,0.09686824845679012,0.07305507330246913,0.11433159722222222
4612,00:01:16.850,0.18794351208847737,0.5790870949074074,0.18671296296296297,0.1355806327160494,0.24153694058641975
4613,00:01:16.867,0.11316261574074075,0.45303819444444443,0.13375385802469136,0.07925009645061729,0.12648389274691357
4614,00:01:16.883,0.11599681712962963,0.26882233796296295,0.13861207561728395,0.07887249228395062,0.13050588348765432
4615,00:01:16.900,0.1083695023148148,0.3558883101851852,0.11808207947530865,0.0731274112654321,0.1338990162037037
4616,00:01:16.917,0.10616415895061727,0.27312644675925923,0.12323881172839506,0.07245949074074073,0.12279417438271605
4617,00:01:16.933,0.10122476208847737,0.37126012731481484,0.10731240354938272,0.07077305169753087,0.12558883101851853
4618,00:01:16.950,0.11745659722222222,0.6784505208333333,0.11235291280864197,0.08375385802469136,0.15626302083333332
4619,00:01:16.967,0.12379083076131686,0.45525173611111114,0.1295486111111111,0.08773630401234568,0.15408757716049382
4620,00:01:16.983,0.06651170267489713,0.1845847800925926,0.06704957561728395,0.04910493827160494,0.08338059413580247
4621,00:01:17.000,3.9127539866255145,7.028609664351852,4.7914998070987656,1.8131635802469135,5.133598572530865
4622,00:01:17.017,0.12600501543209877,0.9134548611111111,0.08813271604938272,0.11179349922839506,0.17808883101851852
4623,00:01:17.033,2.6745531121399178,6.739250578703704,2.393766396604938,3.173466435185185,2.4564265046296296
4624,00:01:17.050,0.4300130208333333,1.743410011574074,0.4267674575617284,0.34512104552469136,0.5181505594135802
4625,00:01:17.067,0.5780431777263374,1.7964120370370371,0.6763097993827161,0.37137731481481484,0.6864424189814815
4626,00:01:17.083,0.6245474858539095,1.9627965856481482,0.7359307484567901,0.37559606481481483,0.7621156442901235
4627,00:01:17.100,0.4892182677469135,1.1586660879629629,0.39046585648148147,0.4891136188271605,0.5880753279320987
4628,00:01:17.117,0.24818351337448563,0.7565393518518518,0.32494502314814816,0.16980179398148149,0.24980372299382717
4629,00:01:17.133,0.21567483281893005,0.4950954861111111,0.26490306712962963,0.16576051311728396,0.21636091820987655
4630,00:01:17.150,0.014609214248971191,0.01328125,0.017569926697530863,0.00898341049382716,0.017274305555555557
4631,00:01:17.167,0.2872760738168724,0.4455367476851852,0.38717447916666664,0.20939139660493827,0.26526234567901236
4632,00:01:17.183,0.020162519290123457,0.1138744212962963,0.02228684413580247,0.014753086419753087,0.023447627314814815
4633,00:01:17.200,0.1663159079218107,0.38700086805555556,0.2145095486111111,0.11894579475308642,0.16549238040123457
4634,00:01:17.217,0.24062789351851852,0.7842086226851852,0.28154658564814816,0.17553578317901233,0.26480131172839505
4635,00:01:17.233,0.17537294238683124,0.5728153935185185,0.21971257716049383,0.13023485725308642,0.17617139274691357
4636,00:01:17.250,0.14944106867283952,0.531372974537037,0.17537856867283952,0.11771894290123457,0.15522569444444445
4637,00:01:17.267,1.6333666087962964,3.58384693287037,2.0173244598765434,1.551969039351852,1.3308063271604937
4638,00:01:17.283,0.19402584876543208,1.0809461805555556,0.1524614197530864,0.22130690586419752,0.20830922067901234
4639,00:01:17.300,0.08699974279835392,0.32526765046296297,0.07573109567901234,0.08156587577160494,0.10370225694444445
4640,00:01:17.317,0.08854664994855967,0.3514612268518518,0.07907262731481482,0.08548755787037036,0.10107976466049383
4641,00:01:17.333,0.0676292438271605,0.3566261574074074,0.05323061342592592,0.06581211419753086,0.0838450038580247
4642,00:01:17.350,0.0981616512345679,0.371875,0.07944685570987654,0.08706452546296296,0.1279735725308642
4643,00:01:17.367,0.07898035622427985,0.29194155092592594,0.06092206790123457,0.07111593364197531,0.10490306712962963
4644,00:01:17.383,0.09283822016460903,0.34014756944444446,0.0648095100308642,0.08298418209876543,0.13072096836419753
4645,00:01:17.400,0.08038033693415637,0.4096281828703704,0.058528163580246914,0.07322145061728395,0.10939139660493827
4646,00:01:17.417,0.060280671296296294,0.3134620949074074,0.04507716049382716,0.0590625,0.07670235339506173
4647,00:01:17.433,0.07746865354938272,0.22073929398148148,0.055048707561728395,0.07093942901234568,0.10641782407407407
4648,00:01:17.450,0.08633985982510288,0.22073929398148148,0.06307918595679013,0.08182436342592593,0.1141160300925926
4649,00:01:17.467,0.6363160686728394,1.8462167245370371,0.2684558256172839,0.8186381172839506,0.8218542631172839
4650,00:01:17.483,0.12187467849794238,0.20561342592592594,0.0898485725308642,0.12004918981481481,0.15572627314814816
4651,00:01:17.500,3.774771733539095,7.944155092592593,4.576306423611111,1.796808449074074,4.951200327932098
4652,00:01:17.517,0.5391044560185185,3.5376085069444443,0.20954861111111112,0.7150361689814815,0.692728587962963
4653,00:01:17.533,0.10538419495884775,0.45316116898148145,0.09688898533950617,0.08518759645061728,0.13407600308641976
4654,00:01:17.550,0.7620656507201646,3.387702546296296,0.45038676697530866,0.852730999228395,0.9830791859567901
4655,00:01:17.567,0.5161832883230453,1.8103081597222221,0.5709866898148148,0.3432209683641975,0.6343422067901234
4656,00:01:17.583,1.34305764531893,3.2783781828703704,0.885147087191358,1.4357417052469137,1.7082841435185185
4657,00:01:17.600,0.1506835133744856,0.70390625,0.15031153549382717,0.12203510802469136,0.17970389660493827
4658,00:01:17.617,0.018926665380658434,0.12887731481481482,0.019856770833333332,0.012497106481481482,0.024426118827160493
4659,00:01:17.633,0.1011665702160494,0.18114149305555555,0.09155430169753087,0.09059220679012346,0.12135320216049383
4660,00:01:17.650,0.1308519804526749,0.4120876736111111,0.11135609567901235,0.1144164737654321,0.16678337191358025
4661,00:01:17.667,0.012001832561728395,0.028530092592592593,0.009334008487654321,0.00824170524691358,0.018429783950617284
4662,00:01:17.683,0.09872492283950618,0.18409288194444445,0.09398389274691359,0.09046778549382715,0.11172309027777778
4663,00:01:17.700,0.8515745563271605,1.2586443865740742,0.27382233796296296,1.161760223765432,1.1191411072530864
4664,00:01:17.717,0.08231288580246914,0.26181278935185187,0.07099054783950617,0.0787745949074074,0.09717351466049383
4665,00:01:17.733,0.07525173611111112,0.31223234953703705,0.059204764660493826,0.08061439043209877,0.08593605324074075
4666,00:01:17.750,0.06665911136831276,0.23660300925925926,0.04916521990740741,0.07327932098765431,0.07753279320987655
4667,00:01:17.767,0.08523292824074073,0.21422164351851852,0.06373408564814814,0.0899561149691358,0.10200858410493827
4668,00:01:17.783,0.08090036651234568,0.27509403935185184,0.06997829861111111,0.08127797067901235,0.09144483024691358
4669,00:01:17.800,0.06176247427983539,0.2832103587962963,0.0439158950617284,0.06798466435185185,0.07338686342592593
4670,00:01:17.817,0.07719955632716048,0.2144675925925926,0.05072627314814815,0.08786892361111111,0.09300347222222222
4671,00:01:17.833,0.0642944637345679,0.2171730324074074,0.04684799382716049,0.0686304012345679,0.07740499614197531
4672,00:01:17.850,0.05523855452674897,0.381958912037037,0.03943383487654321,0.06431712962962963,0.06196469907407407
4673,00:01:17.867,0.06445296424897119,0.3598234953703704,0.04967351466049383,0.06959104938271606,0.07409432870370371
4674,00:01:17.883,0.47517698688271603,3.6231987847222222,0.13070216049382716,0.6498456790123457,0.6449831211419753
4675,00:01:17.900,0.44942724408436213,3.5301070601851854,0.12924961419753087,0.6360382908950617,0.5829938271604939
4676,00:01:17.917,0.0699853716563786,0.34174623842592594,0.045504918981481485,0.08210407021604939,0.08234712577160494
4677,00:01:17.933,0.0022198109567901237,0.006148726851851852,0.0021908757716049385,0.002093942901234568,0.002374614197530864
4678,00:01:17.950,0.06583461934156379,0.1931929976851852,0.04370756172839506,0.07618537808641976,0.07761091820987655
4679,00:01:17.967,0.056753632973251034,0.26513310185185185,0.03538049768518518,0.06967881944444444,0.06520158179012346
4680,00:01:17.983,0.06634162808641976,0.3071903935185185,0.045356867283950615,0.07592978395061728,0.07773823302469136
4681,00:01:18.000,3.6242356288580253,6.597092013888889,4.594957561728395,1.658668499228395,4.619080825617284
4682,00:01:18.017,0.12017409336419753,0.7297309027777777,0.09251012731481481,0.12583622685185186,0.14217592592592593
4683,00:01:18.033,0.8700533693415639,1.7483289930555554,0.31604166666666667,1.1907566550925925,1.1033617862654321
4684,00:01:18.050,0.31554221322016457,1.2056423611111111,0.33052854938271603,0.2326808449074074,0.38341724537037036
4685,00:01:18.067,0.5155290316358024,1.9432436342592592,0.5888483796296297,0.33448302469135804,0.6232556905864197
4686,00:01:18.083,0.5899144804526749,2.8626012731481483,0.6541502700617284,0.3681616512345679,0.7474315200617284
4687,00:01:18.100,0.06592962319958848,0.365357349537037,0.07241512345679012,0.03641396604938272,0.08895978009259259
4688,00:01:18.117,0.10332770704732509,0.2640263310185185,0.10826630015432098,0.08488184799382716,0.11683497299382715
4689,00:01:18.133,0.07609262474279836,0.2583695023148148,0.07834346064814815,0.07034722222222223,0.0795871913580247
4690,00:01:18.150,0.06675234696502057,0.13871527777777778,0.05715470679012346,0.06817226080246913,0.07493007330246913
4691,00:01:18.167,0.0735353973765432,0.15876012731481481,0.06855034722222222,0.07350163966049383,0.07855420524691357
4692,00:01:18.183,0.07392650462962963,0.31961082175925926,0.057863136574074076,0.07561342592592593,0.08830295138888888
4693,00:01:18.200,0.06472993827160493,0.18974971064814813,0.05353202160493827,0.06853443287037037,0.07212336033950617
4694,00:01:18.217,0.08825488683127573,0.22344473379629629,0.07257667824074074,0.08266975308641976,0.10951822916666666
4695,00:01:18.233,0.05815731095679013,0.1258029513888889,0.041558159722222224,0.06253761574074074,0.07037615740740741
4696,00:01:18.250,0.0794214570473251,0.2072120949074074,0.05912037037037037,0.08100790895061728,0.09813609182098765
4697,00:01:18.267,2.9419311021090535,7.8498336226851855,3.1323717206790125,2.490510223765432,3.202911361882716
4698,00:01:18.283,0.10628054269547325,0.5377676504629629,0.05943238811728395,0.1776340663580247,0.08177517361111111
4699,00:01:18.300,0.03951003086419753,0.11793258101851851,0.030695408950617283,0.04342689043209876,0.04440779320987654
4700,00:01:18.317,0.05661442258230453,0.19011863425925926,0.05435474537037037,0.05989824459876543,0.05559027777777778
4701,00:01:18.333,0.05700263631687243,0.23500434027777778,0.056408179012345676,0.056032021604938274,0.058567708333333336
4702,00:01:18.350,0.054272923096707816,0.28837528935185186,0.050367476851851854,0.05665316358024691,0.05579812885802469
4703,00:01:18.367,0.05415557484567901,0.24693287037037037,0.045189043209876545,0.05901041666666667,0.058267264660493825
4704,00:01:18.383,0.0475612461419753,0.12297453703703703,0.034442033179012344,0.05245225694444444,0.05578944830246914
4705,00:01:18.400,0.04399868184156378,0.19479166666666667,0.03215856481481481,0.04993103780864198,0.04990644290123457
4706,00:01:18.417,0.047484407150205764,0.14830729166666667,0.03427903163580247,0.051266878858024695,0.05690731095679012
4707,00:01:18.433,0.0605492862654321,0.2702980324074074,0.05199170524691358,0.06407889660493828,0.06557725694444444
4708,00:01:18.450,0.058459522890946504,0.15888310185185187,0.04175347222222222,0.06555700231481482,0.06806809413580248
4709,00:01:18.467,0.05785091949588478,0.18618344907407408,0.04104359567901235,0.06387972608024692,0.06862943672839507
4710,00:01:18.483,0.09574942129629628,0.23180700231481483,0.07702980324074074,0.09434751157407407,0.11587094907407407
4711,00:01:18.500,3.547867476851852,6.547779224537037,4.89912856867284,1.5843262924382715,4.160147569444445
4712,00:01:18.517,0.10646540637860082,0.5837601273148149,0.0899778163580247,0.10181761188271606,0.12760079089506174
4713,00:01:18.533,0.15003343621399176,0.9336226851851852,0.13994454089506173,0.14089457947530865,0.16926118827160494
4714,00:01:18.550,0.304449749228395,1.1694878472222223,0.33927131558641976,0.2213088348765432,0.3527690972222222
4715,00:01:18.567,0.4924199459876544,1.6798321759259258,0.5814887152777778,0.3151128472222222,0.580658275462963
4716,00:01:18.583,0.17706404320987654,1.968576388888889,0.20989583333333334,0.12677517361111112,0.19452112268518518
4717,00:01:18.600,0.09547534079218108,0.5575665509259259,0.10940779320987655,0.06998263888888889,0.10703559027777777
4718,00:01:18.617,0.08624180169753086,1.7306206597222222,0.08850115740740741,0.07336467978395061,0.09685956790123457
4719,00:01:18.633,0.010813400205761317,0.09001736111111111,0.01054783950617284,0.0067963927469135805,0.015095968364197531
4720,00:01:18.650,0.08220341435185184,0.3751953125,0.08160445601851851,0.07064863040123456,0.09435715663580246
4721,00:01:18.667,0.0814184670781893,0.35355179398148145,0.07819299768518519,0.07289014274691358,0.09317226080246914
4722,00:01:18.683,0.07151234567901237,0.3309244791666667,0.06715711805555556,0.06475694444444445,0.08262297453703704
4723,00:01:18.700,0.07212689686213992,0.2921875,0.07399498456790124,0.0624291087962963,0.07995659722222222
4724,00:01:18.717,0.679823013117284,1.4226924189814816,0.44545283564814814,0.6609047067901235,0.9331114969135802
4725,00:01:18.733,0.14450151105967077,0.5724464699074074,0.13202739197530863,0.14667872299382717,0.15479841820987655
4726,00:01:18.750,0.17298418209876543,0.5227647569444445,0.1449242862654321,0.2091603973765432,0.164867862654321
4727,00:01:18.767,0.19268164866255144,0.6197916666666666,0.13161699459876544,0.27739293981481483,0.16903501157407408
4728,00:01:18.783,0.20384645061728393,0.6185619212962963,0.14156057098765432,0.2970052083333333,0.1729735725308642
4729,00:01:18.800,0.23127523791152263,0.5385054976851852,0.14729311342592594,0.35023003472222225,0.19630256558641976
4730,00:01:18.817,0.2667754951131687,0.6249565972222222,0.17892216435185185,0.40003520447530866,0.22136911651234567
4731,00:01:18.833,0.3272580697016461,0.6850911458333333,0.23218171296296297,0.4771069637345679,0.2724855324074074
4732,00:01:18.850,0.30542020318930047,0.6071252893518518,0.22939332561728396,0.4174445408950617,0.2694227430555556
4733,00:01:18.867,0.26042213220164606,0.48488859953703706,0.22576051311728396,0.319516300154321,0.23598958333333334
4734,00:01:18.883,0.2671958590534979,0.5139105902777777,0.2604060570987654,0.30190007716049383,0.23928144290123457
4735,00:01:18.900,3.495066229423868,10.005331307870371,2.9848090277777777,3.5060185185185184,3.9943711419753085
4736,00:01:18.917,25.205619052211933,71.41377314814815,17.017456114969136,40.42506703317901,18.174334008487655
4737,00:01:18.933,1.0615330825617282,6.172829861111111,0.8793455825617283,1.3777396797839505,0.9275139853395061
4738,00:01:18.950,17.700311535493828,68.33830295138888,14.683827642746914,22.29964072145062,16.11746624228395
4739,00:01:18.967,18.217551279578192,65.55354456018519,14.047280092592592,22.15118682484568,18.454186921296298
4740,00:01:18.983,17.300979134516464,60.405092592592595,11.800727719907407,21.43781008873457,18.664399594907408
4741,00:01:19.000,14.675837030606994,51.619545717592594,11.123711419753086,16.56942370756173,16.334375964506172
4742,00:01:19.017,7.466705889917695,29.18849826388889,5.040379533179013,8.838027102623457,8.521711033950618
4743,00:01:19.033,0.07345052083333332,0.3475260416666667,0.05658998842592593,0.08513599537037037,0.07862557870370371
4744,00:01:19.050,0.09036988811728396,0.3515842013888889,0.07650221836419753,0.10044222608024692,0.09416521990740741
4745,00:01:19.067,0.0888427533436214,0.30116464120370373,0.06008969907407408,0.11312210648148148,0.09331645447530865
4746,00:01:19.083,0.1830062049897119,0.4349609375,0.1720264274691358,0.18085021219135802,0.19614197530864197
4747,00:01:19.100,2.7830415702160494,8.9216796875,1.8692033179012346,3.4028833912037038,3.07703800154321
4748,00:01:19.117,0.19964715149176956,0.7091941550925925,0.15390962577160494,0.1756669560185185,0.26936487268518516
4749,00:01:19.133,16.04835808899177,57.82115162037037,8.988376253858025,19.7830184220679,19.37367959104938
4750,00:01:19.150,18.90989615483539,62.990017361111114,9.063298128858024,23.144489293981483,24.521901041666666
4751,00:01:19.167,0.14663628472222223,0.9493634259259259,0.14929398148148149,0.10139130015432099,0.1892235725308642
4752,00:01:19.183,17.744718364197528,59.864496527777774,8.44345244984568,22.611307388117282,22.17939525462963
4753,00:01:19.200,22.890563271604936,62.653067129629626,11.878551311728396,32.18521363811728,24.607924864969135
4754,00:01:19.217,25.918050090020575,62.17322048611111,16.46335792824074,37.21452256944445,24.076269772376545
4755,00:01:19.233,17.119479005915636,57.38557581018519,12.829246720679013,22.02380401234568,16.50538628472222
4756,00:01:19.250,7.031182163065843,27.714402488425925,6.071819540895062,7.501251929012346,7.5204750192901235
4757,00:01:19.267,6.623220807613168,25.37173755787037,5.26463493441358,7.225644290123457,7.379383198302469
4758,00:01:19.283,9.55585792824074,35.15928096064815,7.437273823302469,10.401497395833333,10.82880256558642
4759,00:01:19.300,14.8497550154321,53.114547164351855,12.417283950617284,17.004294463734567,15.127686631944444
4760,00:01:19.317,15.748324170524691,54.64176793981481,14.309649402006173,18.248386863425925,14.686936246141975
4761,00:01:19.333,15.17608715920782,56.59890769675926,13.713732156635803,17.714929591049383,14.099599729938271
4762,00:01:19.350,15.052466885288064,55.57526765046296,13.08683449074074,18.359902584876544,13.710663580246914
4763,00:01:19.367,0.06272006815843621,0.4334852430555556,0.07535300925925927,0.04728491512345679,0.06552228009259259
4764,00:01:19.383,11.842085744598764,44.911161747685185,10.491708622685184,13.257936921296297,11.776611689814814
4765,00:01:19.400,10.981253858024692,36.89494357638889,9.689608892746914,12.22429157021605,11.029861111111112
4766,00:01:19.417,12.670558609825102,33.97884837962963,12.383435088734569,13.61617717978395,12.01206356095679
4767,00:01:19.433,11.280042438271606,27.08624855324074,11.069246238425926,12.246991222993827,10.523889853395062
4768,00:01:19.450,9.298438143004114,19.241948784722222,9.752378472222222,9.551578414351852,8.591357542438272
4769,00:01:19.467,10.405213638117283,17.681278935185187,11.316570698302469,10.747010030864198,9.152060185185185
4770,00:01:19.483,8.514685249485597,15.21539351851852,8.911524402006172,8.562762827932099,8.069768518518519
4771,00:01:19.500,13.125235178755142,13.608362268518519,21.26897472993827,8.130031346450616,9.976699459876544
4772,00:01:19.517,7.866300958076131,14.497468171296296,7.910470679012346,7.819675443672839,7.86875675154321
4773,00:01:19.533,6.455795396090536,10.136422164351853,7.388758680555555,5.859277584876543,6.119349922839506
4774,00:01:19.550,6.235833333333335,8.827112268518519,6.573526716820988,5.705902777777778,6.428070505401235
4775,00:01:19.567,4.739388181584363,6.387543402777778,4.768507426697531,4.3056452546296295,5.144011863425926
4776,00:01:19.583,5.779557452417696,9.162094907407408,6.055782696759259,5.307557388117284,5.975332272376543
4777,00:01:19.600,5.0279763052983535,9.485640914351851,4.8575371334876545,4.814053337191358,5.412338445216049
4778,00:01:19.617,6.377524434156378,11.59612991898148,6.2947786458333335,6.047822145061728,6.789972511574074
4779,00:01:19.633,4.834714666923868,9.436574074074073,4.305669849537037,4.638362268518518,5.56011188271605
4780,00:01:19.650,5.05890753600823,9.645015914351852,4.874367283950617,4.616616994598766,5.685738329475309
4781,00:01:19.667,5.047633744855967,8.605635127314814,4.851969039351852,4.336408661265432,5.954523533950617
4782,00:01:19.683,4.78501077031893,8.110539641203705,4.757790798611111,3.871683063271605,5.725558449074074
4783,00:01:19.700,5.06531651877572,8.596535011574074,4.941119791666667,4.101766010802469,6.153063753858024
4784,00:01:19.717,5.0073828125,8.851830150462963,4.675874324845679,4.3539453125,5.992328800154321
4785,00:01:19.733,4.724459233539094,8.733405671296296,4.327646122685185,4.262167727623456,5.583563850308642
4786,00:01:19.750,4.790977687757202,8.495326967592593,4.511049864969136,4.3949315200617285,5.466951678240741
4787,00:01:19.767,4.53263069058642,8.29291087962963,4.196766975308642,4.313416763117284,5.0877083333333335
4788,00:01:19.783,0.10904401363168724,0.061610243055555555,0.1447265625,0.08649643132716049,0.09590904706790124
4789,00:01:19.800,4.5558306005658435,8.338780381944444,4.493912037037037,4.176497395833334,4.997082368827161
4790,00:01:19.817,7.982895769032922,15.427770543981481,7.510672260802469,7.926650752314814,8.511364293981481
4791,00:01:19.833,12.449841660236627,20.783311631944443,12.620053047839507,12.242256462191358,12.487215470679013
4792,00:01:19.850,9.514117959104938,18.456633391203702,10.219365837191358,8.510145640432098,9.812842399691357
4793,00:01:19.867,8.260232124485597,15.72044994212963,9.200176022376544,7.109913676697531,8.470606674382717
4794,00:01:19.883,4.722218042695474,9.916297743055555,4.732530864197531,4.227065489969136,5.207057773919753
4795,00:01:19.900,2.609266814557613,6.758680555555555,2.16193287037037,2.939433352623457,2.726434220679012
4796,00:01:19.917,3.98537310313786,8.20240162037037,2.9385681905864196,4.3323881172839505,4.68516300154321
4797,00:01:19.933,4.384638310185185,8.202524594907407,3.2573789544753087,4.276210455246914,5.620325520833333
4798,00:01:19.950,4.486829507458848,9.267853009259259,3.411064814814815,4.458868634259259,5.590555073302469
4799,00:01:19.967,5.102225115740741,10.385691550925927,3.354078414351852,5.0638112461419755,6.888785686728395
4800,00:01:19.983,4.779764499742799,12.066015625,4.479910300925926,4.185492862654321,5.6738903356481485
4801,00:01:20.000,11.362701742541153,5.728399884259259,23.901422164351853,2.817589699074074,7.369093364197531
4802,00:01:20.017,2.653817033179012,7.13449074074074,2.0965489969135804,2.492105999228395,3.3727961033950615
4803,00:01:20.033,3.222766525205761,8.775954861111112,2.378124035493827,2.8048572530864195,4.485318287037037
4804,00:01:20.050,3.0364917695473252,8.428674768518519,2.1870789930555556,2.8466796875,4.07571662808642
4805,00:01:20.067,30.073147344393004,54.58126446759259,31.88760127314815,42.68652536651235,15.64531539351852
4806,00:01:20.083,4.117102141203703,11.694878472222221,4.023054591049383,3.495796199845679,4.83245563271605
4807,00:01:20.100,3.515011734825103,6.3060112847222225,4.789005594135802,2.486550925925926,3.2694786844135804
4808,00:01:20.117,4.478639081790123,7.8458984375,5.804819637345679,3.342716049382716,4.288381558641976
4809,00:01:20.133,2.4208339763374482,5.550824652777778,2.1131558641975308,2.10796875,3.041377314814815
4810,00:01:20.150,2.4543880208333335,6.401193576388889,2.0202594521604937,2.052274787808642,3.2906298225308643
4811,00:01:20.167,3.043091563786008,7.265335648148148,2.7455256558641974,2.4481852816358023,3.9355637538580246
4812,00:01:20.183,4.5706737075617285,10.482964409722221,4.992181712962963,3.6379084683641976,5.081930941358024
4813,00:01:20.200,5.10148839377572,11.118988715277778,6.06395206404321,3.8136390817901233,5.426874035493827
4814,00:01:20.217,11.806931905864197,11.597236689814816,19.91044319058642,6.489355227623457,9.020997299382715
4815,00:01:20.233,12.293742283950616,31.391710069444443,15.192453221450616,12.400267168209876,9.288506462191359
4816,00:01:20.250,5.897208719135802,9.926381655092593,8.82136574074074,4.058380594135802,4.811879822530864
4817,00:01:20.267,6.628712223508231,10.959367766203703,9.595197723765432,4.562799961419753,5.728138985339506
4818,00:01:20.283,5.204346868569959,9.581315104166666,7.275622588734568,3.4885575810185183,4.84886043595679
4819,00:01:20.300,7.952758969907407,12.650144675925926,11.974113136574074,4.739734278549383,7.144429494598765
4820,00:01:20.317,5.634594103652264,10.696079282407407,6.962986593364198,4.056931423611111,5.883864293981482
4821,00:01:20.333,7.318237847222222,15.407356770833333,7.866186342592592,6.144739101080247,7.943788097993827
4822,00:01:20.350,7.097914737654321,15.37058738425926,7.245263792438272,6.140872395833333,7.907608024691358
4823,00:01:20.367,7.117751736111111,16.67583912037037,6.886979648919753,6.337206790123457,8.129068769290123
4824,00:01:20.383,8.96138583461934,22.967093460648147,8.913829571759258,8.177074652777778,9.793253279320988
4825,00:01:20.400,5.871233924897119,12.605381944444444,5.841616994598765,5.0782976466049385,6.693787133487654
4826,00:01:20.417,0.05753841949588478,0.27890625,0.07112123842592592,0.029702449845679012,0.07179157021604939
4827,00:01:20.433,35.67369775591564,64.45599681712963,35.88292582947531,45.78928578317901,25.348881655092594
4828,00:01:20.450,18.44745434670782,43.79283130787037,22.133972800925925,15.966611689814815,17.241778549382715
4829,00:01:20.467,34.298585873199585,61.84291087962963,40.1111009837963,33.43428819444444,29.350368441358025
4830,00:01:20.483,37.8578443287037,66.67384259259259,38.78100308641975,37.20035204475309,37.59217785493827
4831,00:01:20.500,33.947455150462964,64.71313657407407,33.94623697916666,29.639511477623458,38.256616994598765
4832,00:01:20.517,24.174201067386832,58.335554108796295,19.989346064814814,20.27854648919753,32.25471064814815
4833,00:01:20.533,16.32269692001029,48.04934895833333,13.936847993827161,11.126485339506173,23.904757426697532
4834,00:01:20.550,16.843701292438272,53.40747251157408,13.128082079475309,11.05281780478395,26.350203993055555
4835,00:01:20.567,10.930405735596707,37.408854166666664,7.922303722993827,6.4864014274691355,18.382512056327162
4836,00:01:20.583,10.302232510288066,31.42183883101852,7.96807243441358,6.319516782407407,16.61910831404321
4837,00:01:20.600,5.325893293467078,15.626128472222222,3.6188642939814817,3.594838927469136,8.763976658950618
4838,00:01:20.617,5.764672389403292,14.874877025462963,4.589654224537037,3.507217399691358,9.197145543981481
4839,00:01:20.633,3.958718171296296,11.86052517361111,2.6923828125,2.574981674382716,6.608790027006173
4840,00:01:20.650,5.3581960519547325,16.292158564814816,3.598451485339506,3.4252088155864198,9.050927854938271
4841,00:01:20.667,3.4284640239197532,11.945377604166667,2.339291087962963,2.596818576388889,5.349282407407407
4842,00:01:20.683,5.06628102494856,15.569314236111111,3.345828028549383,3.618304398148148,8.234710648148148
4843,00:01:20.700,4.3476359953703705,13.586103877314814,2.8351441936728397,3.014614679783951,7.1931491126543206
4844,00:01:20.717,5.307698206018518,16.58323929398148,3.460713252314815,3.547439236111111,8.91494212962963
4845,00:01:20.733,12.806940264917694,49.38177806712963,7.759452642746914,8.943977141203703,21.71739101080247
4846,00:01:20.750,16.279410204475308,59.171903935185185,10.550621624228395,11.05318962191358,27.23441936728395
4847,00:01:20.767,14.501386638374486,53.52835648148148,9.822158082561728,9.85132426697531,23.83067756558642
4848,00:01:20.783,17.90469955632716,59.217896412037035,13.752744502314815,12.107179783950617,27.85417438271605
4849,00:01:20.800,0.05662454989711935,0.12961516203703705,0.053043016975308645,0.03303144290123457,0.08379918981481481
4850,00:01:20.817,16.631169142232512,54.92915943287037,13.472531828703703,11.10723186728395,25.313743730709877
4851,00:01:20.833,17.379091274434156,56.730736400462966,14.405357349537036,11.611866319444445,26.12005015432099
4852,00:01:20.850,17.46746913580247,56.8314525462963,16.901917920524692,12.092812982253086,23.40767650462963
4853,00:01:20.867,22.715064300411523,63.65789207175926,21.39402729552469,18.130246913580248,28.620918692129628
4854,00:01:20.883,25.09986127186214,69.44716435185185,25.727764756944445,20.507640817901233,29.06417824074074
4855,00:01:20.900,16.230943769290125,54.01078559027778,17.14357783564815,13.052234760802468,18.497018711419752
4856,00:01:20.917,17.634321630658437,54.27973090277778,18.45820023148148,14.21639949845679,20.228365162037036
4857,00:01:20.933,18.491648019547323,50.538230613425924,19.546973861882716,15.01765480324074,20.91031539351852
4858,00:01:20.950,19.50111416538066,52.937094907407406,22.226990258487653,15.752401620370371,20.52395061728395
4859,00:01:20.967,17.004803722993827,40.86050347222222,17.110060281635803,13.51476273148148,20.389588155864196
4860,00:01:20.983,12.621471193415637,31.570883969907406,12.49481433256173,10.263234953703703,15.106364293981482
4861,00:01:21.000,16.616522794495882,32.98570601851852,19.286542727623456,11.888586033950617,18.67443962191358
4862,00:01:21.017,12.652864744084363,32.758080150462966,13.213064718364198,10.581251929012346,14.164277584876544
4863,00:01:21.033,0.08816824202674896,0.265747974537037,0.12685619212962962,0.05147665895061728,0.086171875
4864,00:01:21.050,15.915864679783951,43.86587818287037,17.42755256558642,13.186737557870371,17.133303915895063
4865,00:01:21.067,13.623395061728395,38.23278356481482,14.319895833333334,11.372171585648148,15.178117766203703
4866,00:01:21.083,12.842020318930041,36.68318142361111,13.254138213734567,11.460902295524692,13.811020447530865
4867,00:01:21.100,12.532108892746914,37.65197482638889,12.646148726851852,11.611749614197532,13.338428337191358
4868,00:01:21.117,13.18975758744856,36.32692418981482,13.835089699074073,12.426962770061728,13.307220293209877
4869,00:01:21.133,13.079813207304525,34.68767361111111,15.095492380401234,12.15987461419753,11.984072627314815
4870,00:01:21.150,13.520704893261318,36.14947193287037,15.63318962191358,12.780125385802469,12.148799672067902
4871,00:01:21.167,11.850995691872427,30.140690104166666,13.635231963734569,11.294178240740742,10.623576871141974
4872,00:01:21.183,10.887178819444443,28.58247974537037,12.89194782021605,10.547690489969137,9.221898148148147
4873,00:01:21.200,12.136033629115227,30.759129050925925,14.525665027006173,11.637130594135803,10.245305266203705
4874,00:01:21.217,11.772421071244857,29.565046296296295,14.416626639660494,11.285989583333333,9.614646990740741
4875,00:01:21.233,11.308025816615228,28.912666377314814,14.24453655478395,10.89015625,8.789384645061729
4876,00:01:21.250,10.581345486111111,25.058644386574073,13.544931520061729,9.930745563271605,8.268359375
4877,00:01:21.267,13.06281764403292,30.873003472222223,16.530624035493826,12.416517168209877,10.241311728395061
4878,00:01:21.283,12.265018325617284,27.458246527777778,15.388677662037036,11.383467881944444,10.022909432870371
4879,00:01:21.300,12.914105420524692,28.78833912037037,16.638065200617284,11.919676890432099,10.18457417052469
4880,00:01:21.317,12.219552790637861,26.720276331018518,16.34300636574074,10.94425106095679,9.371400945216049
4881,00:01:21.333,12.220055137602879,27.09620949074074,16.602587770061728,10.846253375771605,9.211324266975309
4882,00:01:21.350,11.627640978652261,27.521455439814815,15.779110725308643,10.396935281635802,8.706876929012346
4883,00:01:21.367,0.05575906635802469,0.09665798611111111,0.07243682484567901,0.03745466820987654,0.05738570601851852
4884,00:01:21.383,15.015844103652263,37.35732783564815,20.654820119598764,13.715170235339507,10.67754195601852
4885,00:01:21.400,0.06770817258230453,0.18151041666666667,0.10987606095679012,0.03747829861111111,0.05577015817901235
4886,00:01:21.417,11.503695505401234,28.71037326388889,15.672647087191358,10.213831018518519,8.624608410493828
4887,00:01:21.433,10.093297646604938,24.540552662037037,13.876245659722223,8.641570216049383,7.7620770640432095
4888,00:01:21.450,10.57655992798354,26.540364583333332,14.675203028549383,8.861399498456791,8.193077256944445
4889,00:01:21.467,9.812406121399178,22.863548900462963,13.507014853395061,8.250589313271606,7.6796141975308645
4890,00:01:21.483,21.898986786265436,51.06419270833333,32.2982990933642,19.064359567901235,14.334301697530865
4891,00:01:21.500,21.392788869598764,43.615502025462966,34.49014515817901,15.833545042438272,13.854676408179012
4892,00:01:21.517,13.25414448302469,29.737702546296298,20.273191550925926,10.449118923611111,9.040122974537036
4893,00:01:21.533,17.061141493055555,38.994487847222224,26.166302083333335,13.707473476080247,11.309648919753087
4894,00:01:21.550,15.215721450617282,35.28459201388889,23.283695987654323,12.22761574074074,10.13585262345679
4895,00:01:21.567,19.02522055041152,42.15517939814815,29.40451533564815,15.310900366512346,12.360245949074073
4896,00:01:21.583,17.944903549382715,39.27105758101852,27.724495563271606,14.486106770833333,11.62410831404321
4897,00:01:21.600,0.07292422196502057,0.2240596064814815,0.11821421682098765,0.04517650462962963,0.05538194444444444
4898,00:01:21.617,13.509842624742797,28.956322337962963,20.52610869984568,10.767205343364198,9.23621383101852
4899,00:01:21.633,18.640539962705763,43.64599971064815,27.814841338734567,14.876756847993827,13.230021701388889
4900,00:01:21.650,19.45374726723251,47.216073495370374,29.766945891203704,15.370646701388889,13.223649209104938
4901,00:01:21.667,19.07109358924897,47.26550925925926,28.034617091049384,14.184029224537037,14.994634452160494
4902,00:01:21.683,13.185312660751029,32.09893663194445,19.600001929012347,9.745566647376544,10.210369405864197
4903,00:01:21.700,11.35054285622428,25.38674045138889,16.825278260030863,8.330836226851853,8.895514081790123
4904,00:01:21.717,0.07579941486625515,0.2689453125,0.11841579861111111,0.040287422839506176,0.06869502314814815
4905,00:01:21.733,16.25519097222222,35.240321180555554,23.181849922839508,12.1106356095679,13.473087384259259
4906,00:01:21.750,0.09798305684156379,0.17683738425925927,0.15085841049382717,0.04974488811728395,0.09334587191358025
4907,00:01:21.767,12.574068447788065,29.21752025462963,16.485522762345678,10.061267843364197,11.175414737654322
4908,00:01:21.783,12.95275173611111,29.483883101851852,18.35902777777778,9.915276813271605,10.58395061728395
4909,00:01:21.800,14.423531700102883,33.03009982638889,20.60228732638889,11.183317418981481,11.484990354938272
4910,00:01:21.817,15.671787390689298,37.16684027777778,21.73140480324074,12.90375675154321,12.38020061728395
4911,00:01:21.833,14.173053787294238,30.99019820601852,19.734890528549382,11.39188319830247,11.392387635030865
4912,00:01:21.850,12.574056712962962,28.12796585648148,16.495290316358023,10.754025366512346,10.472854456018519
4913,00:01:21.867,13.685923353909466,30.819509548611112,17.309655671296298,12.470369405864197,11.277744984567901
4914,00:01:21.883,11.376132008744856,24.745305266203705,15.056122685185185,10.015225694444444,9.057047646604937
4915,00:01:21.900,16.268272730195473,35.79296875,21.008363233024692,15.057330729166667,12.739124228395061
4916,00:01:21.917,13.056989133230454,28.857819733796298,17.0617578125,11.590400270061728,10.51880931712963
4917,00:01:21.933,17.58599006558642,43.26072048611111,22.617073206018517,14.839309895833333,15.301587094907408
4918,00:01:21.950,14.96853845164609,35.73750723379629,20.26211757330247,11.846952642746913,12.796545138888888
4919,00:01:21.967,16.54305234053498,41.934563078703704,21.560707947530865,13.286837866512347,14.781611207561728
4920,00:01:21.983,0.0795484503600823,0.14769241898148147,0.13192949459876543,0.03650607638888889,0.07020978009259259
4921,00:01:22.000,19.139522730195473,43.263794849537035,27.571494020061728,13.412718460648149,16.43435570987654
4922,00:01:22.017,14.233378343621398,35.18080150462963,17.66972511574074,11.324351369598766,13.70605854552469
4923,00:01:22.033,11.059765785751027,24.02332175925926,13.359142071759258,8.548831500771605,11.271323784722222
4924,00:01:22.050,10.337323173868313,21.737102141203703,12.357062596450618,7.980859857253086,10.674047067901235
4925,00:01:22.067,10.282550797325102,21.769444444444446,12.07088493441358,8.196810860339506,10.579956597222223
4926,00:01:22.083,5.776819219393004,11.55677806712963,6.003039641203704,4.9006119791666665,6.426806037808642
4927,00:01:22.100,6.1892457561728405,12.082002314814815,6.022685667438272,5.27381462191358,7.271236979166667
4928,00:01:22.117,5.738753858024691,14.263447627314815,4.966427469135803,4.909418402777778,7.340415702160493
4929,00:01:22.133,5.876080568415638,12.319466145833333,5.056264467592593,4.773641975308642,7.798335262345679
4930,00:01:22.150,5.377353877314815,10.655497685185185,4.6346923225308645,4.437907503858025,7.059461805555555
4931,00:01:22.167,0.1109056712962963,0.27976707175925924,0.17484326774691358,0.054704861111111114,0.1031688850308642
4932,00:01:22.183,5.449628343621399,10.330967881944444,4.243369502314815,4.941664737654321,7.1638507908950615
4933,00:01:22.200,4.48245161394033,9.31101707175926,2.965996334876543,4.365557966820988,6.115800540123457
4934,00:01:22.217,3.5464306841563786,6.766182002314815,2.703120177469136,3.2464438657407406,4.68972800925926
4935,00:01:22.233,3.998363233024692,9.134794560185185,3.003838734567901,3.6872733410493828,5.30397762345679
4936,00:01:22.250,4.002937242798354,9.68326099537037,3.5243793402777777,3.469782986111111,5.014649402006173
4937,00:01:22.267,4.2209180491255145,10.127076099537037,3.698347800925926,3.772739197530864,5.191667148919753
4938,00:01:22.283,3.0751993312757198,6.336877893518518,2.8322294560185184,2.7552363040123455,3.6381322337962962
4939,00:01:22.300,27.486324588477363,59.61793258101852,31.24885368441358,33.58859375,17.62152633101852
4940,00:01:22.317,5.617383294753087,9.368446180555555,6.473217592592593,4.623967013888889,5.754965277777778
4941,00:01:22.333,3.12031651877572,5.953689236111111,2.822568962191358,2.646551890432099,3.8918287037037036
4942,00:01:22.350,2.740799254115226,7.2407407407407405,2.416512827932099,2.2925163966049382,3.513368537808642
4943,00:01:22.367,3.0172561406893004,6.106177662037037,2.3925901813271606,2.663545524691358,3.9956327160493825
4944,00:01:22.383,4.331000675154321,8.425108506944444,3.4698442322530862,3.8820905671296297,5.641067226080247
4945,00:01:22.400,4.408789544753087,10.027097800925926,3.981599151234568,3.9807918595679013,5.26397762345679
4946,00:01:22.417,4.959636541923868,11.76681857638889,4.54204475308642,4.655539641203704,5.681325231481481
4947,00:01:22.433,3.9551572145061726,8.108940972222221,4.162215952932098,3.4227705439814815,4.2804851466049385
4948,00:01:22.450,3.1600604423868313,5.417766203703704,3.4553626543209877,2.491931423611111,3.532887249228395
4949,00:01:22.467,3.263922968106996,7.104484953703704,2.2535469714506173,3.579248649691358,3.9589732831790125
4950,00:01:22.483,15.345765817901233,31.125101273148147,21.046320408950617,12.33799575617284,12.652981288580246
4951,00:01:22.500,13.929992444701647,14.487015335648149,22.875846354166665,7.072290702160494,11.841840277777777
4952,00:01:22.517,6.214884902263375,10.98187210648148,7.322466724537037,5.098534432870371,6.223653549382716
4953,00:01:22.533,4.969317933384773,8.818504050925926,5.482182195216049,4.175994888117284,5.249776716820987
4954,00:01:22.550,5.057568158436214,9.518967013888888,5.627123842592592,4.126784336419753,5.418796296296296
4955,00:01:22.567,0.05439670138888889,0.15334924768518518,0.07280815972222222,0.02701147762345679,0.06337046682098765
4956,00:01:22.583,6.245379372427983,10.458246527777778,7.439739583333333,4.874664834104938,6.421733699845679
4957,00:01:22.600,5.575340631430041,9.314583333333333,6.385620177469136,4.377563657407407,5.96283805941358
4958,00:01:22.617,6.009766268004115,8.971361400462962,6.29343219521605,4.989636863425926,6.74622974537037
4959,00:01:22.633,30.954292695473253,68.87201244212963,31.903549864969136,37.68800636574074,23.271321855709875
4960,00:01:22.650,10.634536072530864,17.337934027777777,11.652995273919753,8.447259355709877,11.803353587962963
4961,00:01:22.667,11.992316261574075,19.535366030092593,14.18091724537037,9.064915605709876,12.731115933641975
4962,00:01:22.683,29.547174639917696,66.25044126157407,39.10942322530864,25.707437307098765,23.82466338734568
4963,00:01:22.700,35.751350308641975,72.45942563657407,46.94518036265432,31.868339602623458,28.440530960648147
4964,00:01:22.717,32.19767312885802,71.54351128472223,42.78551263503086,26.345546392746915,27.461960358796297
4965,00:01:22.733,30.064411811985593,73.72975260416666,40.1268393132716,23.695342881944445,26.37105324074074
4966,00:01:22.750,23.79418386702675,62.66979166666667,31.011261091820987,17.569886188271607,22.801404320987654
4967,00:01:22.767,18.138903999485596,47.47911603009259,22.493806905864197,13.288703703703703,18.63420138888889
4968,00:01:22.783,11.344858056841565,24.325716145833333,13.678667052469136,8.25610050154321,12.099806616512346
4969,00:01:22.800,10.182785011574074,22.324305555555554,12.00415798611111,7.288252797067901,11.25594425154321
4970,00:01:22.817,8.852550958076131,17.205859375,10.703972800925927,6.361844618055556,9.491835455246914
4971,00:01:22.833,10.845039223251028,20.40946903935185,13.389370177469136,7.830793788580247,11.314953703703704
4972,00:01:22.850,8.827708333333334,15.04937789351852,10.6784268904321,6.65269000771605,9.152008101851852
4973,00:01:22.867,0.12634114583333333,0.5414568865740741,0.15338686342592592,0.07590277777777778,0.1497337962962963
4974,00:01:22.883,14.155795396090534,26.748560474537037,17.791844618055556,10.42616222993827,14.249379340277779
4975,00:01:22.900,0.11837480709876542,0.3310474537037037,0.13277536651234567,0.07504484953703704,0.14730420524691357
4976,00:01:22.917,9.154988425925927,14.821752025462963,10.618369502314815,7.07473331404321,9.771862461419753
4977,00:01:22.933,9.092989004629631,14.443605324074074,10.365520351080248,7.039397665895062,9.87404899691358
4978,00:01:22.950,7.005120402520576,11.939966724537037,7.8570510223765435,5.4287842399691355,7.729525945216049
4979,00:01:22.967,8.099539126800412,14.988505497685185,9.040992959104939,6.29028549382716,8.967338927469136
4980,00:01:22.983,6.709721579218107,11.691804108796296,7.871837866512346,5.06038387345679,7.196942997685185
4981,00:01:23.000,16.69526154192387,29.40431857638889,21.76823447145062,11.775291280864197,16.54225887345679
4982,00:01:23.017,20.736125739454735,54.27591869212963,28.0177449845679,16.91654513888889,17.274087094907408
4983,00:01:23.033,21.622310313786006,55.07734375,30.21251494984568,17.650903260030866,17.003512731481482
4984,00:01:23.050,18.792900591563786,44.85041232638889,26.880619212962962,15.149748746141976,14.34833381558642
4985,00:01:23.067,20.63312548225309,50.23927951388889,30.07065055941358,17.127895447530864,14.700830439814816
4986,00:01:23.083,19.279369052211933,44.57740885416667,28.718110532407408,15.83212432484568,13.287872299382716
4987,00:01:23.100,20.598794206532922,49.04163049768518,30.147233796296295,16.9701065779321,14.67904224537037
4988,00:01:23.117,18.476386799125518,47.641196469907406,27.50204378858025,15.128636188271605,12.798480420524692
4989,00:01:23.133,18.8291501093107,51.6109375,27.900435474537037,15.770882523148147,12.816132330246914
4990,00:01:23.150,17.90655430169753,48.043692129629626,26.438572530864196,15.068653549382717,12.212436824845678
4991,00:01:23.167,18.92931439686214,54.02615740740741,27.81876880787037,16.266127025462964,12.703047357253086
4992,00:01:23.183,19.347578125000002,57.66349826388889,28.430453317901236,16.738978105709876,12.873302951388888
4993,00:01:23.200,17.36268711419753,53.1705005787037,25.393695987654322,15.045245949074074,11.649119405864198
4994,00:01:23.217,17.034069894547326,55.54919704861111,24.816704764660493,14.937948977623456,11.347555941358024
4995,00:01:23.233,0.09294094007201646,0.38331163194444445,0.1387254050925926,0.05328076774691358,0.08681664737654321
4996,00:01:23.250,17.7065920781893,58.31956741898148,25.738940489969135,15.819717881944445,11.56111786265432
4997,00:01:23.267,16.09291891718107,55.65065104166667,23.104008969907408,14.516199845679012,10.65854793595679
4998,00:01:23.283,17.121126221707822,60.34938512731482,24.08254436728395,15.783291377314814,11.497542920524692
4999,00:01:23.300,15.097421875,56.30905671296296,20.68758921682099,14.066660397376543,10.538016010802469
5000,00:01:23.317,15.094001575360082,58.233239293981484,20.32909481095679,14.115549768518518,10.837360146604938
5001,00:01:23.333,14.585913548096707,54.08161892361111,19.58338204089506,13.74960551697531,10.424753086419754
5002,00:01:23.350,12.370784947273663,47.23033854166667,16.03641589506173,11.789879436728395,9.286059510030864
5003,00:01:23.367,13.131266718106994,49.96553819444444,16.83609278549383,12.735348186728395,9.822359182098765
5004,00:01:23.383,10.385170717592592,40.94129774305556,12.305847800925926,10.503957851080246,8.345706500771605
5005,00:01:23.400,11.63236673739712,43.482074652777776,14.447706886574075,11.591026716820988,8.858366608796297
5006,00:01:23.417,10.90206468621399,40.80627170138889,13.508096064814815,10.820547839506172,8.377550154320987
5007,00:01:23.433,12.036443061985596,43.40632233796296,15.256193576388888,11.789156539351852,9.06397907021605
5008,00:01:23.450,10.693382362397118,38.46360677083333,12.909351851851852,10.793065200617283,8.377730034722223
5009,00:01:23.467,12.488619952417695,40.89235387731482,15.486340663580247,12.464310860339506,9.515208333333334
5010,00:01:23.483,12.196684349279835,38.24483506944444,14.816551408179013,12.222266107253086,9.551235532407407
5011,00:01:23.500,16.73368296682099,44.08919994212963,22.673951581790124,14.55262249228395,12.974474826388889
5012,00:01:23.517,13.027981770833334,43.092122395833336,15.438494405864198,13.058695505401234,10.586755401234567
5013,00:01:23.533,14.157533596965019,48.78793402777778,16.385562307098766,14.620617766203704,11.466420717592593
5014,00:01:23.550,12.925727719907407,41.63499710648148,14.389977334104938,13.727520736882717,10.659685088734568
5015,00:01:23.567,0.08398003472222222,0.265747974537037,0.12068817515432098,0.05867091049382716,0.07258101851851852
5016,00:01:23.583,12.569940522119344,38.61707899305556,14.35395881558642,13.109067804783951,10.246794945987654
5017,00:01:23.600,11.116115772890948,34.11338252314815,12.379071662808641,11.422107445987654,9.547168209876544
5018,00:01:23.617,12.632869566615227,37.11420717592593,13.827807677469135,13.026010320216049,11.044790702160494
5019,00:01:23.633,10.715365387088477,31.41261574074074,11.144744405864197,11.114310860339506,9.887040895061729
5020,00:01:23.650,12.744600212191358,38.63675491898148,13.292704475308643,12.996381172839506,11.944714988425925
5021,00:01:23.667,8.267099569187243,19.895189525462964,8.69111930941358,8.035962577160493,8.074216820987655
5022,00:01:23.683,8.542787905092593,20.712724247685184,9.47947337962963,8.028093653549382,8.120796682098765
5023,00:01:23.700,8.191855388374487,20.615205439814815,8.977889660493828,7.74395881558642,7.85371768904321
5024,00:01:23.717,9.670280510545266,26.31765769675926,10.844516782407407,9.190926890432099,8.975397858796295
5025,00:01:23.733,14.666648984053497,43.1341796875,16.077810570987655,14.913970389660493,13.008165991512346
5026,00:01:23.750,20.193071952160494,60.02374855324074,23.70696903935185,20.06953800154321,16.80270881558642
5027,00:01:23.767,18.87180073302469,58.15588831018518,20.557678433641975,19.963601466049383,16.094122299382715
5028,00:01:23.783,0.08264981995884774,0.3006727430555556,0.10476755401234568,0.05973717206790123,0.0834447337962963
5029,00:01:23.800,21.197490676440328,70.0572410300926,23.103059413580247,22.851548032407408,17.637864583333332
5030,00:01:23.817,21.39511252572016,68.87238136574074,23.98589168595679,22.40240547839506,17.79704041280864
5031,00:01:23.833,21.147086387602883,62.96886574074074,23.44114920910494,22.246465084876544,17.75364486882716
5032,00:01:23.850,15.190844425154323,38.973828125,17.621969039351853,14.373430266203703,13.577133969907408
5033,00:01:23.867,16.135813239454734,44.02648292824074,19.2033805941358,15.618560956790123,13.585498167438272
5034,00:01:23.883,12.768053626543209,36.48285590277778,15.07372444058642,12.561846064814814,10.668590374228396
5035,00:01:23.900,13.790993602109054,42.203508391203705,16.295525655864196,13.293642939814815,11.783812210648149
5036,00:01:23.917,11.533709651491769,31.343381076388887,13.730147569444444,10.524865933641975,10.346115451388888
5037,00:01:23.933,16.993053144290123,51.13195167824074,20.662565586419753,16.172172550154322,14.144421296296295
5038,00:01:23.950,15.40265496399177,46.226743344907405,18.57011043595679,14.563442322530864,13.074412133487654
5039,00:01:23.967,15.409201549639917,50.38438946759259,19.551740451388888,14.414674479166667,12.261189718364198
5040,00:01:23.983,14.380257844650204,45.86974826388889,18.64604890046296,13.294904031635802,11.199820601851853
5041,00:01:24.000,16.390535622427983,44.9613353587963,21.36028452932099,13.903824266975308,13.907498070987653
5042,00:01:24.017,12.141451742541152,39.92319155092593,15.256529706790124,11.54063175154321,9.627193769290123
5043,00:01:24.033,11.414545556841565,36.74011863425926,14.83886574074074,10.68554542824074,8.71922550154321
5044,00:01:24.050,9.934161040380658,32.73422309027778,12.39409336419753,9.473008777006173,7.935380979938271
5045,00:01:24.067,11.738526234567901,42.33041811342593,14.634648919753086,11.210384837962962,9.370544945987655
5046,00:01:24.083,10.63813191229424,36.976721643518516,12.728050250771606,10.4275496720679,8.75879581404321
5047,00:01:24.100,12.942657053755143,42.499016203703704,16.06346836419753,11.83934268904321,10.925160108024691
5048,00:01:24.117,12.140871431327161,40.17713396990741,12.822842399691359,12.382573784722222,11.217198109567901
5049,00:01:24.133,0.06746752829218107,0.4186053240740741,0.07692033179012346,0.05365306712962963,0.07182918595679012
5050,00:01:24.150,14.81009436085391,52.77144820601852,14.634445891203704,15.523194444444444,14.272642746913581
5051,00:01:24.167,0.06591001157407407,0.3210865162037037,0.06854697145061728,0.053601948302469136,0.0755811149691358
5052,00:01:24.183,11.176346611368311,36.66461226851852,10.340892168209876,11.749609375,11.438538290895062
5053,00:01:24.200,13.464022955246913,44.33625578703704,13.804951292438272,12.729244791666666,13.857872781635802
5054,00:01:24.217,9.751180394804527,34.685460069444446,10.315865162037037,9.701949266975308,9.235726755401235
5055,00:01:24.233,10.332589538323045,34.16195746527778,9.69738956404321,10.560498649691358,10.739880401234569
5056,00:01:24.250,13.707402906378602,48.157935474537034,12.184980227623457,14.879122299382717,14.05810619212963
5057,00:01:24.267,11.07240435313786,31.878197337962963,9.620738811728396,11.944771894290124,11.651702353395061
5058,00:01:24.283,8.666104038065845,22.866131365740742,8.036546585648148,9.696048418209877,8.265717110339507
5059,00:01:24.300,8.303075006430042,23.777741608796298,9.108302469135802,8.968996431327161,6.831926118827161
5060,00:01:24.317,8.381736111111111,22.24240451388889,9.008692611882717,9.331541280864197,6.804974440586419
5061,00:01:24.333,8.027352912808643,20.632544849537037,8.14415268132716,8.456150655864198,7.481755401234568
5062,00:01:24.350,7.1120306069958845,17.990067997685184,6.820162519290124,7.076005015432099,7.439924286265432
5063,00:01:24.367,6.431363490226338,15.388295717592593,6.129638310185185,6.413054108796296,6.751398051697531
5064,00:01:24.383,5.6338914609053505,13.482436342592592,5.206867283950618,5.9759567901234565,5.718850308641976
5065,00:01:24.400,5.693590856481482,14.20847800925926,4.7653771219135805,6.357491801697531,5.957903645833333
5066,00:01:24.417,5.7570960326646095,16.85796440972222,5.849592978395061,5.48721981095679,5.934475308641975
5067,00:01:24.433,22.210417309670785,70.43096064814814,18.90197868441358,30.102689043209878,17.626584201388887
5068,00:01:24.450,6.219202192644033,12.691710069444444,6.4182335069444445,6.398848861882716,5.840524209104938
5069,00:01:24.467,7.432301472479423,14.830606192129629,7.571249035493827,7.908013117283951,6.817642264660494
5070,00:01:24.483,0.010174897119341565,0.06283998842592593,0.005833815586419753,0.008186728395061729,0.01650414737654321
5071,00:01:24.500,14.51777199074074,31.10259693287037,17.161285686728394,11.99143036265432,14.400599922839506
5072,00:01:24.517,7.840322788065843,16.831770833333334,9.465892168209876,8.335465374228395,5.719610821759259
5073,00:01:24.533,6.494868666409466,13.192339409722223,7.387719425154321,6.7069593942901236,5.3899271797839505
5074,00:01:24.550,5.819009773662551,12.12873263888889,6.9160918209876545,5.537960069444445,5.002977430555555
5075,00:01:24.567,4.9632629243827155,8.872858796296295,5.526571180555556,4.533864293981481,4.829353298611111
5076,00:01:24.583,6.856097929526748,12.291304976851851,6.164502314814815,7.023447145061728,7.380344328703703
5077,00:01:24.600,4.9308428176440335,9.571969039351853,5.137848668981482,5.0765861304012345,4.578093653549383
5078,00:01:24.617,5.912647890946502,10.188194444444445,6.761306905864197,6.174053337191358,4.802583429783951
5079,00:01:24.633,4.18515496399177,6.512116608796297,4.722241512345679,4.296158854166666,3.537064525462963
5080,00:01:24.650,4.8609280156893,8.672902199074073,5.219904513888889,5.214601658950618,4.148277874228395
5081,00:01:24.667,4.261691904578189,7.112478298611111,4.520574363425926,4.469202353395062,3.7952989969135804
5082,00:01:24.683,3.743200713734568,5.894907407407407,3.8783584104938273,3.8966628086419752,3.454580922067901
5083,00:01:24.700,4.252208719135802,7.327806712962963,4.215466338734568,4.425527584876543,4.115632233796297
5084,00:01:24.717,0.10910767103909468,0.44221643518518516,0.1281688850308642,0.07067177854938271,0.12848234953703705
5085,00:01:24.733,3.0998252636316876,5.250889756944445,3.085342399691358,3.117707851080247,3.0964255401234566
5086,00:01:24.750,3.821344682355967,6.544089988425926,3.6360358796296297,4.027983217592593,3.800014949845679
5087,00:01:24.767,3.4890962577160494,5.953935185185185,3.2247916666666665,3.649546199845679,3.5929509066358025
5088,00:01:24.783,3.618023405349794,6.4996961805555555,3.4029557291666666,3.7296040702160496,3.721510416666667
5089,00:01:24.800,3.089609053497943,4.932262731481481,2.8243571566358026,3.128720100308642,3.3157499035493827
5090,00:01:24.817,3.557434574331276,6.941543692129629,3.611579861111111,3.5098591820987655,3.5508646797839507
5091,00:01:24.833,2.200724022633745,3.4606264467592593,2.0476707175925926,2.189847125771605,2.364654224537037
5092,00:01:24.850,5.718167759773663,12.157139756944444,4.787198591820988,6.39477768132716,5.9725270061728395
5093,00:01:24.867,6.512086709104938,11.280085358796295,5.024931520061728,7.600900366512346,6.910428240740741
5094,00:01:24.883,11.980411201131687,29.760083912037036,11.581361882716049,12.511175733024691,11.84869598765432
5095,00:01:24.900,4.132807355967079,8.191948784722221,3.224838927469136,4.7214568865740745,4.452126253858025
5096,00:01:24.917,4.704638631687242,9.286545138888888,4.37204475308642,4.7034037422839505,5.038467399691358
5097,00:01:24.933,6.120461033950618,14.696317997685185,5.472329764660494,6.641720196759259,6.247333140432099
5098,00:01:24.950,6.892622492283951,15.49762008101852,6.097439718364198,7.554130979938272,7.026296778549383
5099,00:01:24.967,7.093179655349794,18.032494212962963,6.857847704475309,7.294774305555555,7.126916956018518
5100,00:01:24.983,0.04827899948559671,0.23635706018518518,0.0439747299382716,0.03379099151234568,0.06707127700617284
5101,00:01:25.000,11.136712159207818,28.562434895833334,11.074592496141975,9.641696566358025,12.693847415123457
5102,00:01:25.017,7.296157728909464,21.151497395833335,6.385354938271605,7.369973476080247,8.133144772376543
5103,00:01:25.033,7.3380758101851855,21.509968171296297,6.743702256944444,7.3040943287037035,7.966430844907407
5104,00:01:25.050,5.983732638888888,17.64205005787037,5.716776138117284,6.00508487654321,6.229336902006173
5105,00:01:25.067,7.255276009516461,20.647547743055554,6.915061246141975,7.124286265432099,7.726480516975308
5106,00:01:25.083,6.65317226080247,19.083311631944444,6.438545042438272,6.647889660493827,6.873082079475308
5107,00:01:25.100,7.660443833590535,20.885503472222222,8.017670235339507,7.63784481095679,7.325816454475309
5108,00:01:25.117,5.824985693158436,15.508072916666666,6.436013695987654,5.264915605709876,5.7740277777777775
5109,00:01:25.133,6.021328285751029,16.20484664351852,6.440833333333333,5.627685667438271,5.995465856481482
5110,00:01:25.150,9.3043158436214,26.185951967592594,9.178101369598766,9.658305844907407,9.076540316358024
5111,00:01:25.167,5.088533789866255,15.670399305555556,5.499203800154321,4.899063464506173,4.867334104938272
5112,00:01:25.183,5.832731320730453,16.17201244212963,6.433078703703703,5.669413580246913,5.395701678240741
5113,00:01:25.200,6.408218074845679,20.64115306712963,6.983365162037037,6.273804012345679,5.967485050154321
5114,00:01:25.217,4.01342544367284,11.676432291666666,4.161806520061728,3.899873649691358,3.978596161265432
5115,00:01:25.233,5.220989583333333,14.917549189814816,5.453759645061728,5.231720679012346,4.977488425925926
5116,00:01:25.250,3.172028677983539,8.979600694444445,3.136239390432099,3.242882426697531,3.1369642168209877
5117,00:01:25.267,4.5782172710905344,13.14388744212963,4.645405574845679,4.705117669753086,4.384128568672839
5118,00:01:25.283,3.300527584876543,10.867136863425927,3.2355150462962965,3.359701485339506,3.306366222993827
5119,00:01:25.300,3.4721024627057613,10.925549768518518,3.255777874228395,3.5140649112654323,3.646464602623457
5120,00:01:25.317,6.891357220936214,18.390104166666667,5.5953168402777775,7.474806616512345,7.603948206018519
5121,00:01:25.333,4.372613168724279,13.166391782407407,4.066236014660494,4.333382523148148,4.718220968364197
5122,00:01:25.350,3.3853933577674895,10.686487268518519,3.347578125,3.320520351080247,3.488081597222222
5123,00:01:25.367,0.03589248971193416,0.36314380787037037,0.03812162422839506,0.02716579861111111,0.042390046296296294
5124,00:01:25.383,4.135990547839506,11.985590277777778,4.115230516975308,4.040109953703704,4.252631172839506
5125,00:01:25.400,10.032790637860082,40.673951099537035,9.989069733796295,10.49072579089506,9.618576388888888
5126,00:01:25.417,8.423243795010288,35.08500434027778,8.397548707561729,8.725716145833333,8.146466531635802
5127,00:01:25.433,8.35131462191358,36.94093605324074,8.524814332561728,8.617892554012347,7.911236979166667
5128,00:01:25.450,6.660655703446501,30.18028790509259,6.833943865740741,6.843874903549382,6.304148341049383
5129,00:01:25.467,7.226261574074074,36.5466796875,7.228100887345679,7.635725308641975,6.814958526234568
5130,00:01:25.483,5.699864326131688,28.61568287037037,5.62953800154321,6.067580054012345,5.402474922839506
5131,00:01:25.500,9.190021701388888,36.577177372685185,9.44631462191358,8.533915412808643,9.589835069444444
5132,00:01:25.517,6.784553112139918,32.69929832175926,5.904509548611111,8.079376929012346,6.3697728587962965
5133,00:01:25.533,6.7477086548353915,33.96187789351852,5.758165991512346,8.109861593364197,6.375098379629629
5134,00:01:25.550,5.003764306841564,28.031184895833334,4.415737364969136,5.780952449845679,4.814603105709876
5135,00:01:25.567,4.794134677211934,27.4091796875,4.016338734567901,5.575712287808642,4.79035300925926
5136,00:01:25.583,5.458861078960905,26.554383680555556,4.037092496141975,6.666018518518518,5.673472222222222
5137,00:01:25.600,5.416129918981482,28.47254050925926,4.110299961419753,6.214777681327161,5.923312114197531
5138,00:01:25.617,4.627413194444444,25.945044849537037,3.610021701388889,5.2397419945987656,5.032475887345679
5139,00:01:25.633,4.518161168981481,27.000658275462964,3.372435860339506,5.190528549382716,4.9915190972222225
5140,00:01:25.650,4.246463316615227,24.78109085648148,3.023741801697531,4.906972897376543,4.808675250771605
5141,00:01:25.667,4.601291473765432,25.515494791666665,3.106762152777778,5.394325810185185,5.302786458333333
5142,00:01:25.683,4.1994272440843625,23.514207175925925,2.6446363811728397,4.818955439814815,5.134689911265432
5143,00:01:25.700,4.3242110339506175,25.581163194444443,2.6344280478395063,4.993668981481481,5.344536072530865
5144,00:01:25.717,4.395197241512346,24.639547164351853,2.715392554012346,4.954306520061729,5.515892650462963
5145,00:01:25.733,0.05183931327160494,0.5688802083333333,0.03933786651234568,0.04322386188271605,0.07295621141975309
5146,00:01:25.750,4.752034625771604,26.87055121527778,3.057179301697531,5.234417438271605,5.964507137345679
5147,00:01:25.767,4.3645426633230455,22.926511863425926,2.778601948302469,4.683550829475308,5.631475212191358
5148,00:01:25.783,5.051376511059671,27.08919994212963,3.2604759837962964,5.40553337191358,6.488120177469136
5149,00:01:25.800,7.381363650977366,32.89458188657407,4.897952353395062,8.361047453703703,8.885091145833334
5150,00:01:25.817,4.9949958204732505,26.341145833333332,3.3532773919753085,5.123370466820988,6.508339602623457
5151,00:01:25.833,5.188185924639918,27.497352430555555,3.4684336419753086,5.250805362654321,6.845318769290124
5152,00:01:25.850,4.948232863940329,25.35181568287037,3.2284495563271607,4.872031732253086,6.744217303240741
5153,00:01:25.867,5.88706757973251,29.318113425925926,3.8356529706790123,5.891760706018519,7.9337890625
5154,00:01:25.883,4.990700070730452,23.013700810185185,3.1973490547839507,4.676427951388889,7.098323206018518
5155,00:01:25.900,5.777289416152263,28.787724247685187,3.717337962962963,5.575070891203704,8.039459394290123
5156,00:01:25.917,5.112519772376543,24.660452835648147,3.2026610725308644,4.853206018518518,7.281692226080247
5157,00:01:25.933,5.208654996141974,24.518171296296295,3.1890919174382715,5.044137731481482,7.392735339506173
5158,00:01:25.950,4.8960511509773665,21.23462818287037,2.8455454282407406,4.836626157407407,7.005981867283951
5159,00:01:25.967,5.110270222479424,21.718901909722224,2.9389679783950617,5.056393711419753,7.335448977623456
5160,00:01:25.983,5.2475271669238674,22.62055121527778,3.0006317515432097,5.317177854938271,7.4247718942901235
5161,00:01:26.000,8.645553465792181,25.045855034722223,7.422710262345679,6.646926601080247,11.867023533950617
5162,00:01:26.017,7.105303497942387,25.056922743055555,4.172767650462963,7.935126832561728,9.208016010802469
5163,00:01:26.033,0.036063850308641975,0.24410445601851852,0.02569974922839506,0.029953221450617285,0.05253858024691358
5164,00:01:26.050,5.403195408950617,21.840646701388888,2.471205150462963,6.258828607253086,7.479552469135802
5165,00:01:26.067,4.727504340277778,19.27318431712963,2.2243479938271604,5.53140625,6.426758777006173
5166,00:01:26.083,4.179617894804527,15.263968460648147,1.9563136574074074,4.7927334104938275,5.789806616512346
5167,00:01:26.100,5.111313496656379,18.39822048611111,2.439148823302469,6.119720293209877,6.7750713734567904
5168,00:01:26.117,5.136575681584362,18.25667679398148,2.2064506172839504,6.661409625771605,6.541866801697531
5169,00:01:26.133,5.298865740740741,20.03193721064815,2.344122299382716,6.815764853395062,6.736710069444444
5170,00:01:26.150,4.7897915059156375,17.54526909722222,2.008708526234568,6.199786361882716,6.16087962962963
5171,00:01:26.167,3.7164324524176955,14.275130208333334,1.6109264081790124,4.479749228395062,5.058621720679012
5172,00:01:26.183,4.7466435185185185,16.376027199074073,2.0330936535493827,6.213896122685185,5.992940779320987
5173,00:01:26.200,5.177374614197531,18.204781539351853,2.292626350308642,6.654070216049383,6.585427276234568
5174,00:01:26.217,4.026900720164609,15.069914641203704,1.727464313271605,4.8443137538580245,5.508924093364198
5175,00:01:26.233,3.9406486304012347,15.950043402777778,1.7560841049382716,4.865937982253087,5.199923804012346
5176,00:01:26.250,3.0893026620370367,13.337572337962962,1.363677662037037,3.8150048225308644,4.0892255015432095
5177,00:01:26.267,3.7060103202160497,15.415596064814816,1.722779224537037,4.577638888888889,4.817612847222223
5178,00:01:26.283,3.2159416795267486,12.430143229166667,1.5103708526234567,3.826936728395062,4.310517457561728
5179,00:01:26.300,3.91985452031893,15.608912037037037,1.7925028935185185,4.700716145833334,5.266344521604938
5180,00:01:26.317,3.100507008744856,12.667484085648148,1.3848659336419753,3.666442901234568,4.250212191358025
5181,00:01:26.333,3.256607349537037,12.705483217592592,1.4591999421296296,3.8603896604938273,4.4502324459876546
5182,00:01:26.350,2.9368795010288067,11.291030092592592,1.3172381365740742,3.4711313657407405,4.022269000771605
5183,00:01:26.367,0.04060522762345679,0.33682725694444443,0.02212866512345679,0.03758198302469136,0.06210503472222222
5184,00:01:26.383,4.2998141718106995,17.35736400462963,2.0391898148148146,5.145599922839506,5.714652777777777
5185,00:01:26.400,0.04456645447530864,0.2876374421296296,0.027120949074074075,0.041162712191358024,0.06541570216049383
5186,00:01:26.417,5.047245209619342,15.228428819444444,2.735807773919753,6.309518711419753,6.096409143518518
5187,00:01:26.433,3.0220709555041148,10.405859375,1.5813874421296297,3.4719782021604937,4.012847222222222
5188,00:01:26.450,2.6020600244341563,8.662080439814815,1.3603684413580246,2.982760898919753,3.4630507330246916
5189,00:01:26.467,2.46970502186214,7.959526909722222,1.2855820794753086,2.8329923804012345,3.2905406057098765
5190,00:01:26.483,2.3548792759773662,7.716775173611111,1.2578544560185185,2.66197193287037,3.14481143904321
5191,00:01:26.500,7.08459715792181,15.450151909722223,6.537788869598765,4.936746720679013,9.779255883487654
5192,00:01:26.517,2.039943576388889,7.460988136574074,1.1321296296296297,2.3514125192901236,2.6362885802469136
5193,00:01:26.533,1.7227139596193417,5.945572916666666,0.9724397183641975,1.958524787808642,2.2371773726851854
5194,00:01:26.550,2.7747926311728395,9.624110243055556,1.6427430555555556,3.145413773148148,3.5362210648148147
5195,00:01:26.567,2.1023329796810697,7.426678240740741,1.2734138695987653,2.403179012345679,2.6304060570987655
5196,00:01:26.583,2.958588766718107,11.431958912037038,1.7810257523148147,3.4154677854938273,3.679272762345679
5197,00:01:26.600,2.449038548096708,8.885894097222222,1.4198408564814815,2.843980034722222,3.08329475308642
5198,00:01:26.617,6.156215438528807,18.279427083333335,4.530515528549382,6.911662808641975,7.026467978395062
5199,00:01:26.633,4.333970711162552,18.372641782407406,2.527377025462963,4.9590856481481485,5.515449459876543
5200,00:01:26.650,4.45074202674897,18.802314814814814,2.4922458526234568,5.163063271604938,5.696916956018518
5201,00:01:26.667,4.162095711162551,19.046665219907407,2.37945987654321,4.904805169753087,5.202022087191358
5202,00:01:26.683,4.687579893261316,23.07002314814815,2.73809268904321,5.475733506944445,5.848913483796296
5203,00:01:26.700,5.067446952160494,24.542397280092594,2.9044145447530862,5.996394193672839,6.3015321180555555
5204,00:01:26.717,0.0419899369855967,0.2304542824074074,0.020697820216049382,0.04027970679012346,0.06499228395061728
5205,00:01:26.733,4.920657793209877,23.271086516203702,2.630016396604938,5.855260416666667,6.276696566358025
5206,00:01:26.750,5.494710808899176,26.905598958333332,2.990018325617284,6.434236593364197,7.059877507716049
5207,00:01:26.767,5.985385320216049,29.118894675925926,3.2251866319444447,7.04849681712963,7.682472511574074
5208,00:01:26.783,5.86555234053498,26.556597222222223,3.1892640817901237,6.775631269290123,7.631761670524692
5209,00:01:26.800,5.81655317644033,25.364850983796295,3.135622588734568,6.668779417438271,7.645257523148148
5210,00:01:26.817,5.655656346450617,24.515711805555554,2.898505015432099,6.6285479359567905,7.439916087962963
5211,00:01:26.833,3.4523914930555555,12.242607060185184,1.653317901234568,4.2256452546296295,4.478211323302469
5212,00:01:26.850,4.286972897376543,15.065118634259258,2.0864756944444443,5.281534529320988,5.492908468364197
5213,00:01:26.867,3.5536826453189305,12.360662615740742,1.6963710455246914,4.3838609182098764,4.580815972222222
5214,00:01:26.883,5.034873810442387,17.17769820601852,2.6299913194444446,5.899388020833333,6.5752420910493825
5215,00:01:26.900,4.167291345164609,15.419777199074074,2.2290880594135802,4.986121720679012,5.286664255401234
5216,00:01:26.917,2.9492782278806584,12.308275462962962,1.6892881944444444,3.210296103395062,3.9482503858024693
5217,00:01:26.933,2.7851089891975307,12.098111979166667,1.6210252700617285,3.052714602623457,3.681587094907407
5218,00:01:26.950,0.049315522119341565,0.24742476851851852,0.039215374228395064,0.03892554012345679,0.06980565200617284
5219,00:01:26.967,1.1804123263888888,4.781741898148148,0.6491290509259259,1.3413667052469136,1.550741222993827
5220,00:01:26.983,12.674129533179013,47.59717158564815,7.583145254629629,19.61077305169753,10.828470293209877
5221,00:01:27.000,6.119367123199588,21.311118344907406,4.960739293981481,5.100437403549383,8.2969246720679
5222,00:01:27.017,1.0504599086934157,5.285076678240741,0.5709326774691358,1.2396050347222223,1.3408420138888888
5223,00:01:27.033,9.72504179526749,47.61389612268518,5.603126929012346,12.487884837962962,11.08411361882716
5224,00:01:27.050,12.54692885159465,65.45368923611112,7.524735725308642,16.430946180555555,13.685104648919753
5225,00:01:27.067,3.558330439814815,14.090914351851852,1.9770635609567901,4.473016493055556,4.224911265432099
5226,00:01:27.083,15.201229584619341,77.2802734375,8.73077160493827,20.484209104938273,16.38870804398148
5227,00:01:27.100,14.265498810442386,69.44605758101852,7.577319155092592,18.06883584104938,17.150341435185187
5228,00:01:27.117,10.802189107510287,56.345580150462965,5.770780285493827,13.153655478395061,13.482131558641976
5229,00:01:27.133,10.766280703446503,52.438802083333336,5.817572820216049,12.82397907021605,13.657290219907408
5230,00:01:27.150,3.4270720807613166,13.441239872685186,1.7180160108024691,4.01127555941358,4.551924672067901
5231,00:01:27.167,0.04345052083333333,0.25381944444444443,0.022282021604938272,0.039260223765432097,0.06880931712962964
5232,00:01:27.183,3.660023791152264,14.189908854166667,1.8028144290123458,4.376777584876543,4.800479359567901
5233,00:01:27.200,2.9270066550925926,8.880852141203704,1.3968340084876543,3.7404417438271604,3.643744212962963
5234,00:01:27.217,2.8266790444958847,8.879991319444445,1.2841285686728394,3.37405574845679,3.8218528163580245
5235,00:01:27.233,2.8731600437242797,11.533166956018519,1.4165543016975308,3.5895698302469135,3.613355999228395
5236,00:01:27.250,2.8842065329218105,12.614359085648148,1.4879272762345679,3.310198688271605,3.854493634259259
5237,00:01:27.267,2.8083206340020577,12.614973958333334,1.4709346064814814,3.1139554398148146,3.8400718557098767
5238,00:01:27.283,4.325341756687243,18.096317997685187,2.226976273148148,5.011056616512346,5.737992380401234
5239,00:01:27.300,4.623278356481482,19.263346354166668,2.3819169560185185,5.4203192515432095,6.067598861882716
5240,00:01:27.317,6.088338638117285,27.658695023148148,3.225998263888889,7.244402970679013,7.794614679783951
5241,00:01:27.333,5.935697177211934,27.717722800925927,3.037524112654321,7.227117573302469,7.5424498456790126
5242,00:01:27.350,6.170379050925926,29.408253761574073,3.157391010802469,7.615869502314815,7.737876639660493
5243,00:01:27.367,3.916510898919753,17.51477141203704,1.9501991705246913,4.850060763888889,4.949272762345679
5244,00:01:27.383,8.712053594393003,42.337181712962966,4.6614785879629625,10.577809124228395,10.896873070987654
5245,00:01:27.400,7.225125546553497,31.33637152777778,3.800561824845679,8.656071084104939,9.218743730709877
5246,00:01:27.417,6.583427533436215,32.16472800925926,3.1209321952160494,8.244137249228395,8.385213155864198
5247,00:01:27.433,5.243447627314815,25.259092881944444,2.4831804591049385,6.52647762345679,6.720684799382716
5248,00:01:27.450,5.5770582561728395,29.39927662037037,2.5748707561728397,7.07299575617284,7.083308256172839
5249,00:01:27.467,6.398723476080247,32.859780092592594,3.0358164544753086,8.20576774691358,7.954586226851852
5250,00:01:27.483,0.03844216177983539,0.26796151620370373,0.0248876350308642,0.03767554012345679,0.05276331018518519
5251,00:01:27.500,8.931965985082304,37.539822048611114,5.589542341820987,9.732595968364198,11.473759645061728
5252,00:01:27.517,6.186664416152264,32.707660590277776,2.893134162808642,8.009911265432098,7.6569478202160495
5253,00:01:27.533,7.415937500000001,37.41500289351852,3.609515335648148,9.58418788580247,9.054109278549383
5254,00:01:27.550,6.910345453960905,32.46773726851852,3.391123649691358,8.723866222993827,8.616046489197531
5255,00:01:27.567,6.832997524434156,30.801432291666668,3.3317042824074075,8.460378086419754,8.706910204475308
5256,00:01:27.583,6.513766396604939,27.129781539351853,3.2090055941358027,8.114629147376544,8.21766444830247
5257,00:01:27.600,5.911742541152264,23.64517505787037,3.0203727816358024,7.282228491512345,7.432626350308642
5258,00:01:27.617,5.841546746399177,25.05679976851852,2.9525569058641974,7.461627604166667,7.110455729166667
5259,00:01:27.633,4.982099569187242,20.34429253472222,2.4423037229938274,6.301785300925926,6.202209683641975
5260,00:01:27.650,5.151253536522634,20.77765480324074,2.4873808834876545,6.485748456790123,6.480631269290123
5261,00:01:27.667,5.771579861111111,23.871448206018517,2.9362104552469135,7.201793016975309,7.176736111111111
5262,00:01:27.683,6.054926858281893,24.95719039351852,3.164230324074074,7.6467587770061725,7.353791473765432
5263,00:01:27.700,5.385522280092592,21.86179832175926,2.7911159336419753,6.83173225308642,6.533718653549383
5264,00:01:27.717,5.431011284722222,22.321846064814814,2.8628226273148147,6.874813368055555,6.555397858796296
5265,00:01:27.733,5.098096225565843,21.04623119212963,2.693588927469136,6.391245659722222,6.209454089506173
5266,00:01:27.750,6.052352912808641,24.283781828703702,3.1868422067901236,7.654302179783951,7.315914351851852
5267,00:01:27.767,0.04643293467078189,0.0982566550925926,0.02700954861111111,0.04442997685185185,0.06785927854938271
5268,00:01:27.783,5.607635513117284,19.847229456018518,2.815048225308642,7.216640142746914,6.791218171296296
5269,00:01:27.800,4.947118216306585,15.912782118055556,2.40577449845679,6.353525270061728,6.082054880401235
5270,00:01:27.817,6.008383487654321,18.26626880787037,2.9313228202160495,7.805113811728395,7.288713831018518
5271,00:01:27.833,4.3886000192901236,11.94476273148148,2.001368152006173,5.738552276234568,5.425879629629629
5272,00:01:27.850,5.7322413515946495,16.218127893518517,2.6510426311728397,7.544183063271605,7.0014983603395065
5273,00:01:27.867,4.982097479423868,14.764814814814814,2.257301311728395,6.635672743055555,6.053318383487654
5274,00:01:27.883,5.109173900462963,15.790791377314815,2.3959394290123455,6.797425250771605,6.134157021604938
5275,00:01:27.900,4.549672389403292,13.090024594907407,2.103548900462963,5.997113715277778,5.548354552469136
5276,00:01:27.917,5.688220807613168,17.287022569444446,2.60763744212963,7.625861786265432,6.831163194444445
5277,00:01:27.933,4.3767041216563785,12.505034722222222,1.9619063464506172,5.887888213734568,5.280317804783951
5278,00:01:27.950,10.773245241769546,41.650983796296295,5.6293426890432094,14.808105709876543,11.882287326388889
5279,00:01:27.967,10.729745370370372,44.47730758101852,5.571215277777778,14.718811728395062,11.899209104938272
5280,00:01:27.983,10.913277552726337,43.97975260416667,5.6247911844135805,15.030098861882717,12.084942611882717
5281,00:01:28.000,11.844938753858024,41.96653645833333,6.822959104938271,14.729961902006172,13.98189525462963
5282,00:01:28.017,9.994365194187242,41.4464771412037,5.016587094907408,13.982086226851852,10.98442226080247
5283,00:01:28.033,9.97035960005144,40.380533854166664,5.066113522376543,13.808872974537037,11.036092303240741
5284,00:01:28.050,10.542409336419754,42.23892505787037,5.382853973765432,14.559347511574074,11.685026523919753
5285,00:01:28.067,9.87979391718107,38.66159577546296,4.8559876543209874,13.461933834876543,11.32146026234568
5286,00:01:28.083,9.326871141975309,34.73698640046296,4.480327449845679,12.720427758487654,10.779858217592592
5287,00:01:28.100,7.816314461162551,25.85244502314815,3.609639274691358,10.490879147376543,9.348424961419752
5288,00:01:28.117,0.06179382073045268,0.2672236689814815,0.035257523148148145,0.058822820216049385,0.0913011188271605
5289,00:01:28.133,7.751508648405349,25.854412615740742,3.682130111882716,10.327562210648148,9.244833622685185
5290,00:01:28.150,7.488024209104938,23.426280381944444,3.6144743441358025,9.77263744212963,9.076960841049383
5291,00:01:28.167,6.815546231995885,19.631163194444444,3.344927662037037,8.966230227623457,8.13548080632716
5292,00:01:28.183,7.889615965792181,27.09387297453704,3.7859592013888888,10.362739679783951,9.520149016203703
5293,00:01:28.200,9.792140882201645,26.40263310185185,5.4518711419753085,12.079809027777777,11.844742476851852
5294,00:01:28.217,9.160243055555556,25.300289351851852,5.169107831790123,11.135274402006173,11.17634693287037
5295,00:01:28.233,5.596294045781893,16.174225983796298,2.7686014660493825,6.769155574845679,7.251125096450617
5296,00:01:28.250,7.0369542502572004,24.209136284722224,3.5333125964506173,8.58042824074074,8.997121913580246
5297,00:01:28.267,7.157159047067901,27.831843171296295,3.620407503858025,8.476476176697531,9.374593460648148
5298,00:01:28.283,6.980573398919752,28.1794921875,3.4346494020061726,8.143967978395061,9.363102816358024
5299,00:01:28.300,7.142896572788065,26.03260271990741,3.4702208719135803,8.707472029320988,9.25099681712963
5300,00:01:28.317,6.890199009773663,23.95740740740741,3.2241112075617284,8.076325231481482,9.370160590277777
5301,00:01:28.333,7.465894579475308,28.60067997685185,3.776185860339506,8.706008391203703,9.915489486882716
5302,00:01:28.350,10.160092110339507,28.917585358796295,6.278018904320987,12.336089891975309,11.866167534722223
5303,00:01:28.367,10.749081147119341,31.985308159722223,6.166193094135802,12.775235339506173,13.305815007716049
5304,00:01:28.383,11.463605163323045,39.631127025462966,6.645534336419753,13.89747974537037,13.847801408179013
5305,00:01:28.400,0.04276572145061728,0.2025390625,0.02812548225308642,0.03919801311728395,0.06097366898148148
5306,00:01:28.417,10.341878697273662,42.96595052083333,6.007906539351852,11.88982494212963,13.127904610339506
5307,00:01:28.433,7.753582015174897,29.604152199074075,4.517534722222222,8.9032918595679,9.839919463734567
5308,00:01:28.450,5.485432259516461,15.993576388888888,3.381379726080247,6.702816358024691,6.372100694444445
5309,00:01:28.467,4.851272665895062,12.875557002314816,3.0245876736111112,5.994534625771605,5.534695698302469
5310,00:01:28.483,5.212482960390946,14.632740162037036,3.2569757908950616,6.219534625771605,6.160938464506173
5311,00:01:28.500,8.27139162165638,21.531488715277778,6.289431905864197,7.823006365740741,10.701736593364197
5312,00:01:28.517,4.418102173353909,14.688201678240741,2.630862750771605,5.09466194058642,5.528781828703703
5313,00:01:28.533,4.511813753858025,15.101273148148149,2.8128901427469137,5.30595630787037,5.4165948109567905
5314,00:01:28.550,5.874301215277778,16.17496383101852,3.7227922453703703,6.897336516203704,7.002774884259259
5315,00:01:28.567,3.913384130658436,11.616051793981482,2.5044786844135802,4.598167438271605,4.637506269290124
5316,00:01:28.583,6.507383616255145,17.393272569444445,4.5659138695987656,7.560307195216049,7.395929783950617
5317,00:01:28.600,5.395806809413579,15.778616898148147,3.875522762345679,6.002770543981481,6.30912712191358
5318,00:01:28.617,5.8945109953703705,17.6341796875,4.229196566358024,6.66688175154321,6.787454668209876
5319,00:01:28.633,8.17922292952675,29.0427734375,5.85007137345679,9.150140817901235,9.537456597222222
5320,00:01:28.650,6.543784239969136,21.031474247685185,4.546182966820988,7.395833333333333,7.6893364197530865
5321,00:01:28.667,4.192721675668724,12.407024016203703,2.860005787037037,4.891788676697531,4.826370563271605
5322,00:01:28.683,5.501681616512346,16.593446180555556,3.771061921296296,6.3412471064814815,6.392735821759259
5323,00:01:28.700,4.561865354938272,14.827408854166666,3.1193552276234566,5.265682388117284,5.3005584490740745
5324,00:01:28.717,4.20726160622428,13.832544849537037,2.750825135030864,4.911216724537037,4.959742959104938
5325,00:01:28.733,4.546264306841564,15.369603587962963,3.1326109182098767,5.283077739197531,5.223104263117284
5326,00:01:28.750,0.038953028549382714,0.19639033564814815,0.017429591049382714,0.04189621913580247,0.05753327546296296
5327,00:01:28.767,4.227545653292181,14.18978587962963,2.690727237654321,5.0284370177469135,4.963472704475309
5328,00:01:28.783,5.289394772376543,16.472808159722224,3.50810474537037,6.235157696759259,6.124921875
5329,00:01:28.800,4.5249999999999995,13.62115162037037,3.1524189814814814,5.191749131944444,5.230831886574074
5330,00:01:28.817,3.987952353395062,11.785264756944445,2.753119212962963,4.5733203125,4.637417534722222
5331,00:01:28.833,4.753797260802469,14.678363715277778,3.3332349537037036,5.537691936728395,5.390464891975308
5332,00:01:28.850,5.0612712191358025,11.293489583333333,3.270877700617284,5.5789723186728395,6.333963638117284
5333,00:01:28.867,4.391447080761317,12.59099392361111,3.231662808641975,4.950939429012346,4.99173900462963
5334,00:01:28.883,4.383536201131687,12.478349247685186,3.0267168209876543,5.050661168981481,5.073230613425926
5335,00:01:28.900,5.762123038837449,17.230823206018517,3.886585165895062,6.764157021604938,6.6356269290123455
5336,00:01:28.917,4.3299596514917695,13.094820601851852,2.844341724537037,5.074678337191358,5.070858892746913
5337,00:01:28.933,4.431756526491769,13.117201967592592,2.7857793209876545,5.346267843364197,5.163222415123457
5338,00:01:28.950,4.6440080054012345,12.81271701388889,2.616343074845679,5.715657793209877,5.600023148148148
5339,00:01:28.967,4.774314557613169,12.181980613425926,2.5110122492283953,5.718666087962963,6.093265335648148
5340,00:01:28.983,4.497913451646091,12.876048900462964,2.4848210841049383,5.498790509259259,5.510128761574074
5341,00:01:29.000,7.392844007201646,16.947120949074073,5.875654417438271,6.8593561921296295,9.443521412037038
5342,00:01:29.017,3.6955200295781894,14.115263310185185,2.000404610339506,4.7464255401234565,4.339729938271605
5343,00:01:29.033,5.263190907921811,17.5146484375,3.2262090084876545,6.438843557098766,6.1245201581790125
5344,00:01:29.050,7.021558963477367,24.43737702546296,4.3772974537037035,8.275844907407407,8.411534529320988
5345,00:01:29.067,6.380421971450617,21.261805555555554,4.029797453703703,7.4924662422839505,7.619002218364198
5346,00:01:29.083,5.615488200874485,17.158883101851853,3.4701466049382717,6.613400848765432,6.762917148919753
5347,00:01:29.100,5.638837609310699,17.447627314814813,3.2743330439814815,6.646229263117284,6.9959505208333335
5348,00:01:29.117,4.585959683641975,13.990813078703704,2.7812577160493825,5.3750733024691355,5.601548032407408
5349,00:01:29.133,4.564889885545267,13.80549045138889,2.5630656828703704,5.630465856481481,5.501138117283951
5350,00:01:29.150,0.052819573045267486,0.12002314814814814,0.03483458719135803,0.04984278549382716,0.07378134645061728
5351,00:01:29.167,4.296981095679012,12.897815393518519,2.2532069830246915,5.411756847993827,5.225979456018519
5352,00:01:29.183,4.175037937242799,11.907624421296296,2.2587861689814814,5.218198784722222,5.0481288580246915
5353,00:01:29.200,4.593617701903292,14.902546296296297,2.535240162037037,5.801319926697531,5.444293016975308
5354,00:01:29.217,4.288906571502058,12.941225405092593,2.3196928047839505,5.377176890432099,5.1698500192901236
5355,00:01:29.233,3.93444910622428,11.879340277777779,2.1555420524691358,4.954944540895061,4.692860725308642
5356,00:01:29.250,4.6261623906893,11.968742766203704,2.6872453703703703,5.677044270833333,5.514197530864197
5357,00:01:29.267,3.747462384259259,10.285713252314816,2.191872588734568,4.647872781635803,4.402641782407407
5358,00:01:29.283,3.961745273919753,11.26668113425926,2.3832267554012345,4.864659047067901,4.637350019290124
5359,00:01:29.300,5.1007711226851855,14.637413194444445,3.0465721450617282,6.099001736111111,6.156739486882716
5360,00:01:29.317,4.5326892039609055,13.999298321759259,2.8330039544753087,5.490051118827161,5.275012538580247
5361,00:01:29.333,4.8859961741255145,15.215024594907407,3.2037422839506173,5.88177131558642,5.572474922839506
5362,00:01:29.350,3.313296842849794,9.55376880787037,2.0771257716049383,3.959433352623457,3.9033314043209875
5363,00:01:29.367,5.530973025977366,17.18249421296296,3.6351726466049383,6.684686535493827,6.273059895833334
5364,00:01:29.383,4.714707915380658,13.240422453703705,3.0826789158950616,5.686455922067902,5.374988908179012
5365,00:01:29.400,5.0952200681584365,15.588375289351852,3.18528018904321,6.232321566358024,5.868058449074074
5366,00:01:29.417,4.516542727623457,13.27879050925926,2.8570452353395064,5.50610580632716,5.186477141203704
5367,00:01:29.433,4.701764724794239,14.290870949074074,2.8884360532407407,5.7531539351851855,5.46370418595679
5368,00:01:29.450,6.690133584104938,15.599197048611112,3.867716049382716,8.584390914351852,7.618293788580247
5369,00:01:29.467,6.913348283179012,21.763049768518517,4.44502025462963,8.755253665123456,7.539770929783951
5370,00:01:29.483,0.05312725051440329,0.11731770833333334,0.03260947145061728,0.050494791666666664,0.07627748842592592
5371,00:01:29.500,14.402642586162552,51.23758680555556,10.087342785493828,15.475377604166667,17.645207368827162
5372,00:01:29.517,11.848240579989712,44.60298755787037,7.044853877314814,14.22350742669753,14.27636043595679
5373,00:01:29.533,9.464592174639918,31.9546875,5.488230613425926,11.770424864969137,11.135121045524691
5374,00:01:29.550,6.451339859825102,21.159367766203705,3.587854938271605,8.389553433641975,7.376611207561728
5375,00:01:29.567,6.004710487397119,20.358188657407407,3.290072337962963,8.011186342592593,6.712872781635802
5376,00:01:29.583,5.422831147119342,17.57601273148148,2.814994212962963,7.453194444444445,6.000304783950617
5377,00:01:29.600,3.20591869212963,9.776598668981482,1.7435710841049383,4.537104552469136,3.3370804398148146
5378,00:01:29.617,3.92809124228395,13.5966796875,2.29852912808642,5.13616512345679,4.349579475308642
5379,00:01:29.633,3.4080561985596707,12.852314814814815,1.833019386574074,4.688756269290123,3.702392939814815
5380,00:01:29.650,2.7907902520576133,9.489945023148149,1.5334350887345678,3.8610812114197532,2.9778544560185187
5381,00:01:29.667,4.2787593235596715,7.086776620370371,1.564592013888889,5.666839313271605,5.604846643518519
5382,00:01:29.683,3.546743666409465,8.751236979166666,1.8146137152777777,4.398487654320988,4.427129629629629
5383,00:01:29.700,2.824905799897119,7.603269675925926,1.695780285493827,3.597683738425926,3.181253375771605
5384,00:01:29.717,3.0477300347222225,7.915625,1.5768904320987653,3.743287037037037,3.823012635030864
5385,00:01:29.733,3.9605772569444446,12.425716145833333,2.090975597993827,5.031857638888889,4.758898533950617
5386,00:01:29.750,4.676280060442387,13.59544994212963,2.5208540702160493,5.899872202932099,5.608113908179012
5387,00:01:29.767,5.7166705246913585,18.12509403935185,2.9937553047839507,7.2208979552469135,6.93535831404321
5388,00:01:29.783,6.3747771990740745,19.760655381944446,3.248298611111111,7.937823109567901,7.93820987654321
5389,00:01:29.800,6.7555086162551445,21.54636863425926,3.4718465470679014,8.259524980709877,8.535154320987655
5390,00:01:29.817,0.046153870884773664,0.16072771990740742,0.029420814043209877,0.04361496913580247,0.06542582947530864
5391,00:01:29.833,7.769569830246913,27.838975694444443,3.822121913580247,9.646157889660493,9.8404296875
5392,00:01:29.850,7.1443754822530865,26.44124710648148,3.433833912037037,9.017369791666667,8.981922743055556
5393,00:01:29.867,6.945175700874486,24.67201244212963,3.3446503665123455,8.767045717592593,8.723831018518519
5394,00:01:29.883,8.30020865483539,27.146875,4.160510706018519,10.333174189814814,10.40694106867284
5395,00:01:29.900,8.816207561728396,32.7140552662037,4.460486111111111,11.073458719135802,10.914677854938272
5396,00:01:29.917,6.316360275205761,20.539576099537037,3.424751157407407,7.8828872492283955,7.641442418981481
5397,00:01:29.933,0.052642425411522635,0.1640480324074074,0.03340904706790124,0.04767698688271605,0.07684124228395062
5398,00:01:29.950,6.813659657921811,19.805172164351852,4.263861400462963,8.47520495756173,7.701912615740741
5399,00:01:29.967,7.537820537551441,24.51878616898148,5.270145640432099,9.207146026234568,8.136169945987655
5400,00:01:29.983,6.654140142746914,21.090870949074073,4.8466902970679016,7.961168016975309,7.154562114197531
