Frame Number,Timecode,content_val,delta_edges,delta_hue,delta_lum,delta_sat
2,00:00:00.017,2.057582304526749,11.454340277777778,1.5026060956790124,1.913207947530864,2.7569328703703704
3,00:00:00.033,1.8636008230452674,9.933883101851851,1.2691280864197532,1.8303298611111112,2.491344521604938
4,00:00:00.050,2.284358281893004,11.300376157407408,1.9433140432098766,2.0914216820987654,2.8183391203703705
5,00:00:00.067,2.6105291923868315,13.12974537037037,2.185949074074074,2.3465933641975307,3.299045138888889
6,00:00:00.083,2.7419045781893003,13.22320601851852,2.316359953703704,2.4071971450617284,3.502156635802469
7,00:00:00.100,3.0548392489711933,15.970457175925926,2.5998244598765434,2.6096952160493827,3.954998070987654
8,00:00:00.117,2.8214615483539096,16.38955439814815,2.1755555555555555,2.55407600308642,3.734753086419753
9,00:00:00.133,2.7174196244855966,15.163744212962962,2.0444810956790125,2.4756847993827162,3.6320929783950615
10,00:00:00.150,2.7398109567901234,14.179947916666666,1.9771508487654321,2.660976080246914,3.581305941358025
11,00:00:00.167,2.7455742026748973,11.320543981481482,2.0214332561728394,2.6653645833333335,3.5499247685185185
12,00:00:00.183,3.314958847736625,15.466261574074075,2.725625,3.0578645833333336,4.161386959876543
13,00:00:00.200,3.2014313271604937,15.8046875,2.1969425154320987,3.0072337962962963,4.400117669753087
14,00:00:00.217,0.005342078189300411,0.011805555555555555,0.004095293209876543,0.0037017746913580248,0.008229166666666666
15,00:00:00.233,2.8453858024691363,15.53070023148148,1.6316358024691358,2.8504899691358023,4.0540316358024695
16,00:00:00.250,2.793417566872428,14.457378472222222,1.6014988425925927,2.6914429012345678,4.087310956790123
17,00:00:00.267,2.7179983281893008,14.669878472222223,1.7070601851851852,2.434646990740741,4.012287808641975
18,00:00:00.283,2.775042438271605,14.990596064814815,1.859014274691358,2.4109143518518517,4.055198688271605
19,00:00:00.300,3.6975244341563793,21.03504050925926,2.6382542438271606,3.2327777777777778,5.221541280864198
20,00:00:00.317,3.3708108281893003,21.701070601851853,2.2255497685185186,3.1632735339506173,4.723609182098765
21,00:00:00.333,3.440414094650206,21.937673611111112,2.3592746913580247,3.278537808641975,4.683429783950618
22,00:00:00.350,3.3380915637860085,21.40691550925926,2.3027970679012344,3.2635783179012345,4.447899305555556
23,00:00:00.367,3.2385101594650205,19.97549189814815,2.237633101851852,3.2536149691358025,4.224282407407407
24,00:00:00.383,2.997462062757202,18.148582175925927,2.0837094907407407,2.9736574074074076,3.935019290123457
25,00:00:00.400,3.5321810699588476,20.80925925925926,2.523022762345679,3.510968364197531,4.562552083333333
26,00:00:00.417,3.527052469135802,20.379832175925927,2.4653645833333333,3.5544212962962964,4.561371527777778
27,00:00:00.433,4.221848636831275,26.126186342592593,3.2874324845679013,4.1117843364197535,5.266329089506173
28,00:00:00.450,3.5199652777777772,22.886545138888888,2.8253221450617283,3.334483024691358,4.400090663580247
29,00:00:00.467,4.2063470936214,26.611689814814813,3.5113252314814813,4.046304012345679,5.061412037037037
30,00:00:00.483,4.1652944958847735,25.403587962962963,3.433827160493827,4.029529320987654,5.032527006172839
31,00:00:00.500,8.424259259259259,24.669184027777778,11.677914737654321,4.8089814814814815,8.785881558641975
32,00:00:00.517,3.2705594135802465,20.83041087962963,2.585491898148148,3.2927739197530865,3.933412422839506
33,00:00:00.533,3.8515985082304525,22.962297453703705,3.384189814814815,3.9293653549382714,4.241240354938272
34,00:00:00.550,3.731076388888889,20.799913194444443,3.340073302469136,3.7849363425925926,4.068219521604938
35,00:00:00.567,3.295742669753087,15.75697337962963,2.9162770061728396,3.3046354166666667,3.666315586419753
36,00:00:00.583,3.9763663837448555,20.165364583333332,3.8432118055555557,3.96367862654321,4.122208719135802
37,00:00:00.600,3.1479539609053497,16.353153935185187,3.0037172067901237,3.1098090277777777,3.3303356481481483
38,00:00:00.617,0.04344328703703704,0.5238715277777778,0.054928626543209874,0.02736304012345679,0.048038194444444446
39,00:00:00.633,3.9676286008230446,17.31924189814815,4.117692901234568,3.836730324074074,3.9484625771604938
40,00:00:00.650,3.18141975308642,11.87884837962963,3.282816358024691,3.051255787037037,3.210187114197531
41,00:00:00.667,3.7961734825102877,15.888310185185185,4.12630787037037,3.6580381944444444,3.6041743827160495
42,00:00:00.683,3.2403626543209874,13.547858796296296,3.535250771604938,3.109392361111111,3.0764448302469134
43,00:00:00.700,3.2124472736625513,13.84693287037037,3.5278568672839508,3.05475887345679,3.0547260802469136
44,00:00:00.717,3.0059812242798354,11.384490740740741,3.2944926697530863,2.8280864197530864,2.8953645833333335
45,00:00:00.733,3.4298926183127576,13.474565972222223,3.8705960648148148,3.2073032407407407,3.211778549382716
46,00:00:00.750,3.3442071759259258,12.983159722222222,3.912746913580247,3.056261574074074,3.0636130401234567
47,00:00:00.767,3.3620878343621396,12.514380787037037,4.030974151234568,2.9835416666666665,3.0717476851851853
48,00:00:00.783,3.283955118312757,11.738657407407407,4.04464699074074,2.8028935185185184,3.004324845679012
49,00:00:00.800,3.490877700617284,12.052488425925926,4.362681327160494,2.939037422839506,3.170914351851852
50,00:00:00.817,3.5680092592592594,12.063310185185186,4.3659992283950615,3.0139023919753085,3.3241261574074072
51,00:00:00.833,3.832471064814815,14.1578125,4.759832175925926,3.183875385802469,3.5537056327160492
52,00:00:00.850,4.245144675925926,14.787934027777778,5.3909818672839505,3.475391589506173,3.869060570987654
53,00:00:00.867,4.518020190329218,14.889756944444445,5.811820987654321,3.615528549382716,4.126711033950618
54,00:00:00.883,4.291167052469135,14.871064814814815,5.50259837962963,3.4472164351851853,3.9236863425925925
55,00:00:00.900,5.3490940072016455,19.038917824074073,7.059895833333333,4.237233796296296,4.750152391975309
56,00:00:00.917,0.04630465534979424,0.21594328703703702,0.04568479938271605,0.029145447530864198,0.06408371913580246
57,00:00:00.933,5.177961676954732,18.58046875,6.824201388888889,4.084010416666667,4.625673225308642
58,00:00:00.950,5.698215663580247,20.940104166666668,7.751749614197531,4.349716435185186,4.993180941358025
59,00:00:00.967,5.1809915123456785,20.45804398148148,6.724996141975309,4.066898148148148,4.75108024691358
60,00:00:00.983,4.065183899176954,15.486429398148148,4.852744984567901,3.4265586419753085,3.9162480709876544
61,00:00:01.000,9.257831790123458,21.185069444444444,13.387372685185186,5.28580825617284,9.100314429012347
62,00:00:01.017,3.782350823045267,20.842216435185186,3.82234375,3.7139911265432097,3.8107175925925927
63,00:00:01.033,3.7827269804526753,21.824537037037036,3.430717592592593,3.7066261574074075,4.210837191358024
64,00:00:01.050,3.7050045010288066,18.22728587962963,3.213070987654321,3.5439621913580246,4.357980324074074
65,00:00:01.067,3.254912551440329,17.846064814814813,2.481267361111111,3.1030748456790125,4.180395447530864
66,00:00:01.083,3.2571887860082307,18.626707175925926,2.588065200617284,2.996454475308642,4.1870466820987655
67,00:00:01.100,3.0779623199588477,19.878096064814816,2.1304378858024693,2.9632253086419755,4.140223765432099
68,00:00:01.117,3.0761355452674892,18.7796875,2.09859375,2.9983063271604937,4.131506558641975
69,00:00:01.133,2.8015470679012346,15.704832175925926,1.770721450617284,2.769060570987654,3.8648591820987654
70,00:00:01.150,3.30636316872428,19.36160300925926,2.220412808641975,3.250895061728395,4.447781635802469
71,00:00:01.167,3.0511361882716046,18.047743055555557,2.0403510802469134,2.9117148919753086,4.201342592592592
72,00:00:01.183,3.6481738683127567,21.743373842592593,2.581917438271605,3.4571296296296294,4.905474537037037
73,00:00:01.200,3.1874627057613174,18.735908564814814,2.2414949845679013,2.9257735339506175,4.395119598765432
74,00:00:01.217,3.188119212962963,18.584895833333334,2.2857966820987654,2.881761188271605,4.396799768518519
75,00:00:01.233,3.2014583333333335,19.80185185185185,2.276128472222222,2.8821932870370373,4.446053240740741
76,00:00:01.250,3.2063798868312756,19.75954861111111,2.263753858024691,2.836141975308642,4.519243827160494
77,00:00:01.267,0.04262088477366255,0.11953125,0.045204475308641974,0.02443287037037037,0.05822530864197531
78,00:00:01.283,4.046318801440329,22.739467592592593,3.2198148148148147,3.5244926697530863,5.394648919753086
79,00:00:01.300,0.030712448559670785,0.24988425925925925,0.028055555555555556,0.022328317901234566,0.04175347222222222
80,00:00:01.317,2.9152674897119337,14.706770833333334,2.0662094907407407,2.570223765432099,4.109369212962963
81,00:00:01.333,3.155003215020576,15.847974537037038,2.428724922839506,2.7605555555555554,4.275729166666666
82,00:00:01.350,2.6790830761316875,14.642824074074074,1.7638657407407408,2.4284355709876544,3.8449479166666665
83,00:00:01.367,3.2527758487654315,18.019704861111112,2.3609953703703703,2.959338348765432,4.4379938271604935
84,00:00:01.383,2.7074774948559672,15.351649305555556,1.8383931327160494,2.4502179783950617,3.8338213734567903
85,00:00:01.400,2.9903176440329218,17.524363425925927,2.0627874228395062,2.7668074845679014,4.141358024691358
86,00:00:01.417,2.694398148148148,15.485445601851852,1.801971450617284,2.5077256944444444,3.773497299382716
87,00:00:01.433,3.4855362654320987,19.185503472222223,2.649608410493827,3.2625636574074073,4.544436728395062
88,00:00:01.450,3.111996527777778,15.101765046296297,2.3255922067901236,2.904172453703704,4.106224922839506
89,00:00:01.467,3.6776858281893006,18.98923611111111,3.0748109567901234,3.36820987654321,4.590036651234568
90,00:00:01.483,3.7623810442386834,18.050694444444446,3.465582561728395,3.3230632716049384,4.498497299382716
91,00:00:01.500,8.32088091563786,16.9203125,12.252280092592592,4.228213734567901,8.482148919753087
92,00:00:01.517,3.5179809670781896,16.43431712962963,3.2141801697530865,3.172831790123457,4.166930941358025
93,00:00:01.533,2.53775462962963,10.644675925925926,2.2131481481481483,2.2898225308641975,3.1102932098765432
94,00:00:01.550,3.174650205761317,12.361892361111112,3.0163541666666664,2.8401157407407407,3.667480709876543
95,00:00:01.567,2.7158063271604935,10.419878472222223,2.5149112654320986,2.430426311728395,3.2020814043209875
96,00:00:01.583,0.05241769547325103,0.5071469907407408,0.07274305555555556,0.029890046296296297,0.054619984567901236
97,00:00:01.600,2.747462705761317,9.48035300925926,2.5895717592592593,2.4738850308641975,3.1789313271604938
98,00:00:01.617,2.3699807098765433,9.154716435185184,2.2971701388888888,2.0788966049382718,2.733875385802469
99,00:00:01.633,1.7925315072016461,6.093142361111111,1.5160879629629629,1.6332407407407408,2.2282658179012347
100,00:00:01.650,2.095323431069959,6.766550925925926,1.8939255401234567,1.8608198302469137,2.531224922839506
101,00:00:01.667,1.8339827674897118,5.3484085648148145,1.6681500771604938,1.5396296296296297,2.2941685956790123
102,00:00:01.683,2.212601594650206,6.199392361111111,2.0794444444444444,1.8348321759259258,2.723528163580247
103,00:00:01.700,1.7994765946502058,4.666637731481481,1.6378819444444443,1.4720042438271606,2.2885435956790126
104,00:00:01.717,1.9814544753086418,4.826504629629629,1.8982002314814814,1.5977488425925925,2.4484143518518517
105,00:00:01.733,1.9366885288065845,5.022280092592593,1.9976755401234567,1.4537422839506173,2.358647762345679
106,00:00:01.750,1.1842554012345679,3.9927372685185185,1.003005401234568,1.0933931327160493,1.4563676697530865
107,00:00:01.767,1.3433957047325105,3.887471064814815,1.3596161265432098,1.1336284722222223,1.5369425154320988
108,00:00:01.783,1.3230606995884775,3.9627314814814816,1.3152141203703704,1.1519444444444444,1.5020235339506174
109,00:00:01.800,1.4856159979423869,4.355758101851852,1.6497646604938272,1.166784336419753,1.6402989969135802
110,00:00:01.817,2.251545138888889,5.555005787037037,2.600860339506173,1.689278549382716,2.464496527777778
111,00:00:01.833,1.974934413580247,5.000144675925926,2.114614197530864,1.532289737654321,2.2778993055555556
112,00:00:01.850,2.64322466563786,5.9790219907407405,2.865167824074074,2.02170524691358,3.042800925925926
113,00:00:01.867,2.799221322016461,6.5875,3.0228433641975307,2.07835262345679,3.2964679783950617
114,00:00:01.883,2.091006944444444,6.182175925925926,1.9967438271604938,1.7893672839506174,2.4869097222222223
115,00:00:01.900,2.4772640174897123,8.08828125,2.585673225308642,2.064542824074074,2.78157600308642
116,00:00:01.917,2.472863940329218,7.598842592592592,2.5484953703703703,2.074899691358025,2.7951967592592593
117,00:00:01.933,2.446104038065844,7.725260416666667,2.457974537037037,2.008721064814815,2.871616512345679
118,00:00:01.950,2.478193158436214,8.141898148148147,2.305511188271605,2.1047318672839506,3.0243364197530864
119,00:00:01.967,2.9541544495884775,9.233420138888889,2.66875,2.5642689043209876,3.6294444444444443
120,00:00:01.983,2.4574652777777777,7.434056712962963,1.8304185956790124,2.3293344907407407,3.21264274691358
121,00:00:02.000,7.430363297325104,14.262586805555555,10.221265432098765,4.028132716049383,8.04169174382716
122,00:00:02.017,2.3484792952674898,9.139959490740742,1.4918016975308641,2.4247029320987656,3.1289332561728394
123,00:00:02.033,0.02671553497942387,0.10477430555555556,0.03154320987654321,0.017162422839506173,0.031440972222222224
124,00:00:02.050,2.74984246399177,8.907291666666667,2.3446604938271607,2.5133931327160495,3.3914737654320986
125,00:00:02.067,0.19458269032921813,1.6680266203703704,0.2156442901234568,0.12683449074074074,0.2412692901234568
126,00:00:02.083,2.207627314814815,7.627864583333333,1.6806269290123457,2.0274980709876544,2.9147569444444446
127,00:00:02.100,2.415903420781893,7.07103587962963,1.9662287808641976,2.149224537037037,3.1322569444444444
128,00:00:02.117,3.3139300411522634,9.376070601851852,2.8946913580246916,2.8914699074074073,4.155628858024691
129,00:00:02.133,3.253553240740741,8.540335648148147,2.8127488425925926,2.7986670524691357,4.149243827160494
130,00:00:02.150,3.172222865226337,7.9495659722222225,2.9275077160493828,2.5831635802469135,4.005997299382716
131,00:00:02.167,2.1833114711934156,6.140364583333334,1.7812345679012345,2.037806712962963,2.7308931327160493
132,00:00:02.183,2.142534079218107,7.055787037037037,1.8101929012345679,1.9264332561728394,2.6909760802469136
133,00:00:02.200,2.0630767746913583,6.4886284722222225,1.7609201388888889,1.8958468364197532,2.532463348765432
134,00:00:02.217,1.9819380144032923,5.743402777777778,1.7626215277777777,1.768034336419753,2.4151581790123458
135,00:00:02.233,2.356736111111111,6.584548611111111,2.213865740740741,2.097795138888889,2.7585474537037036
136,00:00:02.250,2.068740997942387,5.59140625,1.88445987654321,1.7711670524691359,2.550596064814815
137,00:00:02.267,2.512078189300411,7.4640625,2.4829610339506174,2.0829128086419755,2.970360725308642
138,00:00:02.283,2.2966782407407407,6.690306712962963,2.1872067901234566,1.860474537037037,2.8423533950617283
139,00:00:02.300,2.9295505401234574,8.611168981481482,2.906820987654321,2.3868306327160496,3.495
140,00:00:02.317,0.22281121399176954,1.0418402777777778,0.3005459104938272,0.10366705246913581,0.2642206790123457
141,00:00:02.333,2.3259960133744855,7.125636574074074,1.9888850308641974,2.153485725308642,2.8356172839506173
142,00:00:02.350,2.5001549639917697,8.275202546296295,2.349403935185185,2.2124672067901234,2.93859375
143,00:00:02.367,2.7119052211934154,8.477864583333334,2.6189139660493828,2.358431712962963,3.1583699845679014
144,00:00:02.383,2.4015181327160495,6.851157407407407,2.2268846450617286,2.0679185956790125,2.9097511574074075
145,00:00:02.400,3.00335262345679,8.024826388888888,2.8944463734567902,2.569261188271605,3.5463503086419754
146,00:00:02.417,1.8824350565843622,5.478269675925926,1.5411149691358024,1.7945061728395062,2.311684027777778
147,00:00:02.433,2.6514191100823044,8.73119212962963,2.505821759259259,2.446340663580247,3.0020949074074075
148,00:00:02.450,1.560855838477366,4.937673611111111,1.1943113425925926,1.5189699074074074,1.9692862654320988
149,00:00:02.467,2.583496656378601,8.561979166666667,2.3854456018518517,2.3512519290123457,3.013792438271605
150,00:00:02.483,2.024059927983539,6.129050925925926,1.7494868827160495,1.8344965277777778,2.4881963734567902
151,00:00:02.500,6.369592978395062,13.075144675925927,8.726633873456791,3.5379263117283952,6.84421875
152,00:00:02.517,2.1190014146090537,7.616550925925926,1.4991994598765432,2.0924517746913582,2.7653530092592593
153,00:00:02.533,2.5327790637860086,8.572309027777777,2.130270061728395,2.321076388888889,3.146990740740741
154,00:00:02.550,2.5943531378600824,9.58611111111111,2.2477797067901233,2.2994097222222223,3.235869984567901
155,00:00:02.567,2.6596180555555557,7.964814814814815,2.4452970679012345,2.251479552469136,3.2820775462962963
156,00:00:02.583,1.4321251286008232,3.998148148148148,0.8874807098765433,1.5451871141975309,1.8637075617283951
157,00:00:02.600,2.914142232510288,9.083883101851852,2.736682098765432,2.8599749228395064,3.145769675925926
158,00:00:02.617,1.9085268775720163,6.922974537037037,1.5212172067901235,1.9956558641975308,2.208707561728395
159,00:00:02.633,2.4262815072016464,8.59001736111111,2.2567650462962963,2.3488252314814817,2.6732542438271607
160,00:00:02.650,2.217903163580247,8.439496527777777,1.9851890432098764,2.1595871913580247,2.5089332561728397
161,00:00:02.667,2.325840406378601,9.013541666666667,2.187098765432099,2.2400868055555554,2.550335648148148
162,00:00:02.683,0.15187307098765435,0.8563946759259259,0.18145061728395062,0.09527199074074075,0.17889660493827161
163,00:00:02.700,2.0941930298353912,8.853674768518518,1.8007542438271604,2.104135802469136,2.3776890432098767
164,00:00:02.717,2.689850180041152,8.783333333333333,2.7079648919753088,2.4823341049382717,2.8792515432098766
165,00:00:02.733,2.390623070987654,7.310590277777778,2.3115470679012344,2.2063850308641975,2.653937114197531
166,00:00:02.750,3.0193627829218106,9.59447337962963,3.27259837962963,2.658582175925926,3.1269077932098766
167,00:00:02.767,2.157269161522634,8.02728587962963,1.972764274691358,2.1763194444444443,2.322723765432099
168,00:00:02.783,2.5932233796296296,9.346556712962963,2.626795910493827,2.4941917438271606,2.658682484567901
169,00:00:02.800,2.4472010030864197,8.511313657407408,2.46554012345679,2.3749209104938274,2.501141975308642
170,00:00:02.817,2.4340920781893,8.491145833333333,2.378300540123457,2.388676697530864,2.53529899691358
171,00:00:02.833,2.624229681069959,8.693807870370371,2.6325250771604938,2.4828819444444443,2.7572820216049383
172,00:00:02.850,3.1869560185185186,12.134635416666667,3.0900887345679013,3.1814101080246915,3.289369212962963
173,00:00:02.867,2.569513888888889,9.002228009259259,2.26195987654321,2.6698726851851853,2.7767091049382717
174,00:00:02.883,2.7620267489711936,9.32884837962963,2.6165682870370373,2.8113966049382717,2.8581153549382714
175,00:00:02.900,2.579698431069959,8.606741898148147,2.2574614197530862,2.7295505401234568,2.752083333333333
176,00:00:02.917,2.4334452160493822,8.002690972222222,2.074868827160494,2.608317901234568,2.6171489197530864
177,00:00:02.933,2.7880504115226334,9.768605324074073,2.534641203703704,2.93680362654321,2.892706404320988
178,00:00:02.950,2.4793569958847734,7.9274305555555555,1.9737345679012346,2.7570331790123457,2.7073032407407407
179,00:00:02.967,2.5736400462962963,8.365219907407408,2.165792824074074,2.772698688271605,2.7824286265432097
180,00:00:02.983,2.663191229423868,8.978125,2.293063271604938,2.857386188271605,2.8391242283950615
181,00:00:03.000,7.403069058641975,12.462731481481482,10.837507716049382,4.132139274691358,7.239560185185185
182,00:00:03.017,2.4237577160493826,7.791666666666667,1.858130787037037,2.819477237654321,2.5936651234567902
183,00:00:03.033,2.0637943672839505,8.06467013888889,1.605281635802469,2.307019675925926,2.2790817901234566
184,00:00:03.050,2.630096450617284,8.622482638888888,2.1962229938271607,2.875584490740741,2.8184818672839507
185,00:00:03.067,0.03768004115226337,0.3595775462962963,0.04683641975308642,0.025659722222222223,0.04054398148148148
186,00:00:03.083,2.368844521604938,7.148263888888889,1.9233680555555555,2.5220505401234568,2.6611149691358023
187,00:00:03.100,2.615863554526749,8.458188657407407,2.254087577160494,2.7092920524691357,2.884211033950617
188,00:00:03.117,2.22042695473251,7.061197916666667,1.6000347222222222,2.5255536265432097,2.535692515432099
189,00:00:03.133,2.355577417695473,7.880700231481481,1.8936342592592592,2.5306828703703705,2.6424151234567903
190,00:00:03.150,2.42820987654321,8.934346064814815,1.9237962962962962,2.587789351851852,2.7730439814814813
191,00:00:03.167,1.86992862654321,5.906221064814815,1.3267997685185184,2.0536323302469137,2.2293537808641974
192,00:00:03.183,2.3345241769547322,7.7114872685185185,1.8213869598765433,2.4802237654320987,2.7019618055555554
193,00:00:03.200,1.9414615483539095,7.764612268518518,1.3869232253086419,2.1269328703703705,2.310528549382716
194,00:00:03.217,1.8880214763374485,7.124160879629629,1.4263869598765433,2.00694637345679,2.2307310956790123
195,00:00:03.233,2.8090104166666663,10.349537037037036,2.6528626543209874,2.7879185956790122,2.98625
196,00:00:03.250,2.6745691872427986,8.634780092592592,2.387374614197531,2.6753337191358026,2.9609992283950617
197,00:00:03.267,2.520598636831276,9.01009837962963,2.2264448302469138,2.545050154320988,2.790300925925926
198,00:00:03.283,2.4048302469135803,7.6175347222222225,2.172694830246914,2.37163387345679,2.670162037037037
199,00:00:03.300,2.2828022119341562,7.908738425925926,2.115763888888889,2.241267361111111,2.491375385802469
200,00:00:03.317,2.4891190843621396,9.287037037037036,2.400582561728395,2.3821006944444445,2.68467399691358
201,00:00:03.333,2.4277308384773666,9.160619212962963,2.1993055555555556,2.3328395061728395,2.7510474537037037
202,00:00:03.350,2.3773739711934154,8.517708333333333,2.181375385802469,2.2726041666666665,2.678142361111111
203,00:00:03.367,2.421804269547325,8.402604166666666,2.161568287037037,2.3377565586419755,2.766087962962963
204,00:00:03.383,2.3414660493827157,8.970254629629629,1.985,2.3005111882716047,2.738886959876543
205,00:00:03.400,2.534695859053498,9.503472222222221,2.1636921296296294,2.4967939814814817,2.9436014660493828
206,00:00:03.417,2.5724157664609053,8.605266203703703,2.5120698302469138,2.3793846450617284,2.825792824074074
207,00:00:03.433,0.07569508744855967,0.1869212962962963,0.1286226851851852,0.03517168209876543,0.0632908950617284
208,00:00:03.450,2.586900720164609,9.176359953703704,2.3250038580246914,2.5808912037037035,2.854807098765432
209,00:00:03.467,3.409109439300412,11.53894675925926,3.3932175925925927,3.22880787037037,3.6053028549382717
210,00:00:03.483,3.0132478137860086,10.084895833333333,2.6310300925925927,3.0267264660493827,3.3819868827160495
211,00:00:03.500,8.216712962962964,15.85240162037037,11.695476466049383,4.807206790123457,8.14745563271605
212,00:00:03.517,2.718722350823045,10.13359375,1.7707793209876543,3.120154320987654,3.265233410493827
213,00:00:03.533,3.709232896090535,13.49620949074074,2.841676311728395,4.088501157407407,4.197521219135803
214,00:00:03.550,3.559398791152263,12.129224537037038,2.4620331790123458,3.9498456790123457,4.266317515432099
215,00:00:03.567,3.0930182613168724,10.489236111111111,2.1796547067901235,3.2651427469135803,3.8342573302469134
216,00:00:03.583,3.460679012345679,14.86171875,2.213931327160494,3.8194270833333333,4.34867862654321
217,00:00:03.600,3.442351466049383,15.017650462962964,2.108435570987654,3.8268904320987653,4.391728395061729
218,00:00:03.617,3.3927109053497944,14.183883101851851,2.076761188271605,3.8078356481481483,4.29353587962963
219,00:00:03.633,3.2595608281893007,12.213831018518519,1.983312114197531,3.698726851851852,4.096643518518518
220,00:00:03.650,3.138043981481481,12.573408564814814,1.899068287037037,3.502197145061728,4.012866512345679
221,00:00:03.667,3.0499781378600823,13.000376157407407,1.797451774691358,3.374814814814815,3.977667824074074
222,00:00:03.683,3.243045267489712,14.270949074074075,2.047054398148148,3.455216049382716,4.226865354938272
223,00:00:03.700,3.1611940586419753,13.45390625,2.3348283179012346,3.068697916666667,4.080055941358025
224,00:00:03.717,2.762710905349794,12.897569444444445,1.931639660493827,2.6324710648148146,3.7240219907407406
225,00:00:03.733,2.211190200617284,10.523668981481482,1.4491358024691359,2.1172395833333333,3.0671952160493827
226,00:00:03.750,3.0040457818930046,14.737268518518519,2.28475887345679,2.765115740740741,3.9622627314814816
227,00:00:03.767,2.761670524691358,12.611284722222223,1.9530632716049383,2.5889814814814813,3.7429668209876543
228,00:00:03.783,2.6379880401234566,11.744068287037036,1.7168229166666666,2.5106693672839504,3.686471836419753
229,00:00:03.800,2.4760706018518515,10.97818287037037,1.5543479938271605,2.394176311728395,3.4796875
230,00:00:03.817,2.345940715020576,9.797627314814815,1.4965779320987653,2.2267881944444445,3.3144560185185186
231,00:00:03.833,2.4149344135802466,10.211805555555555,1.5966126543209878,2.241201774691358,3.406988811728395
232,00:00:03.850,2.2431507201646093,10.563512731481481,1.4340200617283951,2.076182484567901,3.219249614197531
233,00:00:03.867,2.3103896604938274,10.150810185185184,1.7282175925925927,2.056678240740741,3.1462731481481483
234,00:00:03.883,2.681878215020576,9.814351851851852,2.4156404320987654,2.166363811728395,3.463630401234568
235,00:00:03.900,2.3973315329218106,9.005671296296295,2.2289679783950618,1.9117997685185186,3.051226851851852
236,00:00:03.917,3.836051311728395,12.371730324074074,3.6039448302469137,3.1196373456790125,4.78457175925926
237,00:00:03.933,0.014299768518518519,0.03197337962962963,0.018493441358024693,0.006579861111111111,0.017826003086419753
238,00:00:03.950,2.6629976851851853,10.223611111111111,1.8884278549382716,2.5243422067901236,3.5762229938271606
239,00:00:03.967,3.524769161522634,12.795746527777778,2.9604417438271606,3.2192804783950617,4.394585262345679
240,00:00:03.983,3.2862056327160496,12.898061342592593,2.528582175925926,3.1226003086419754,4.207434413580247
241,00:00:04.000,7.5748617541152266,15.866666666666667,9.68201388888889,4.44515625,8.59741512345679
242,00:00:04.017,3.439465663580247,13.402256944444444,2.479814814814815,3.603346836419753,4.235235339506173
243,00:00:04.033,3.2682748199588474,11.810474537037036,2.1224594907407406,3.295121527777778,4.387243441358025
244,00:00:04.050,3.4928427211934157,13.928587962962963,2.107366898148148,3.6275925925925927,4.743568672839507
245,00:00:04.067,2.712525077160494,10.488744212962963,1.5516049382716048,2.7642939814814813,3.821676311728395
246,00:00:04.083,2.8341673096707822,12.945283564814815,1.8753780864197531,2.7030555555555558,3.924068287037037
247,00:00:04.100,2.481473765432099,11.03917824074074,1.4791531635802468,2.4749903549382717,3.4902777777777776
248,00:00:04.117,3.3308609825102877,13.696903935185185,2.0274710648148146,3.3654301697530866,4.599681712962963
249,00:00:04.133,3.066379886831276,13.53113425925926,1.7256423611111111,3.200289351851852,4.273207947530865
250,00:00:04.150,3.0926549639917695,14.180931712962963,1.7406732253086419,3.2786439043209876,4.258647762345679
251,00:00:04.167,2.884102366255144,13.666898148148148,1.4973244598765432,3.05664737654321,4.098335262345679
252,00:00:04.183,2.9118139146090534,14.35949074074074,1.5134201388888888,3.077891589506173,4.144130015432099
253,00:00:04.200,2.9694264403292183,15.293113425925926,1.5563310185185186,3.1374189814814817,4.214529320987654
254,00:00:04.217,3.288388631687243,17.77523148148148,1.7949170524691358,3.4892476851851852,4.581001157407408
255,00:00:04.233,2.9588323045267493,17.008362268518518,1.5404359567901234,3.1265277777777776,4.209533179012346
256,00:00:04.250,3.1662062757201643,18.15350115740741,1.6741030092592593,3.3344733796296295,4.490042438271605
257,00:00:04.267,3.1373726851851855,17.094936342592593,1.71741512345679,3.259207175925926,4.435495756172839
258,00:00:04.283,0.04163323045267489,0.7821180555555556,0.03249421296296296,0.030723379629629628,0.0616820987654321
259,00:00:04.300,3.2660718878600825,18.594241898148148,1.7704166666666667,3.4298765432098763,4.597922453703704
260,00:00:04.317,2.9748585390946505,17.069849537037037,1.5959529320987655,3.0580478395061728,4.270574845679012
261,00:00:04.333,3.3526549639917693,19.922858796296296,1.8279456018518518,3.490131172839506,4.73988811728395
262,00:00:04.350,3.087678755144033,18.361082175925926,1.6312480709876542,3.2196720679012345,4.41211612654321
263,00:00:04.367,3.599494598765432,22.242650462962963,2.015054012345679,3.7696875,5.013742283950617
264,00:00:04.383,3.311673739711934,19.351765046296297,1.8545177469135803,3.3912287808641977,4.689274691358024
265,00:00:04.400,3.8086130401234564,22.130989583333335,2.2918364197530865,3.969963348765432,5.1640393518518515
266,00:00:04.417,3.1418531378600822,17.918373842592594,1.7626118827160493,3.247152777777778,4.41579475308642
267,00:00:04.433,3.353046553497942,19.216984953703705,1.9835802469135801,3.445877700617284,4.629681712962963
268,00:00:04.450,3.3143184156378602,19.362586805555555,2.0015123456790125,3.392008101851852,4.549434799382716
269,00:00:04.467,3.6627996399176954,20.741377314814816,2.2970640432098763,3.8046026234567902,4.88673225308642
270,00:00:04.483,3.5204198816872427,20.00943287037037,2.226712962962963,3.672534722222222,4.662011959876543
271,00:00:04.500,7.653906250000001,20.22931134259259,9.442835648148149,4.555113811728395,8.963769290123457
272,00:00:04.517,3.290637217078189,18.247453703703705,1.7312847222222223,3.6517013888888887,4.488925540123457
273,00:00:04.533,2.941087319958848,15.290653935185185,1.5703125,3.2231809413580246,4.029768518518519
274,00:00:04.550,3.267683899176955,16.295109953703705,1.9508449074074075,3.534025848765432,4.318180941358024
275,00:00:04.567,3.312602237654321,15.98521412037037,2.0612827932098767,3.4777025462962965,4.39882137345679
276,00:00:04.583,3.085313143004115,14.202083333333333,1.8674266975308642,3.2844386574074074,4.104074074074074
277,00:00:04.600,3.1875025720164607,14.825810185185185,1.8712962962962962,3.4442052469135804,4.247006172839506
278,00:00:04.617,0.04597929526748971,0.5460069444444444,0.047768132716049384,0.03164158950617284,0.058528163580246914
279,00:00:04.633,3.5988901748971194,16.95031828703704,2.123503086419753,3.989778163580247,4.683389274691358
280,00:00:04.650,3.267130272633745,14.329484953703703,1.9393557098765433,3.5945987654320986,4.2674363425925925
281,00:00:04.667,2.925163323045267,12.015104166666667,1.7609278549382716,3.203119212962963,3.811442901234568
282,00:00:04.683,3.5103395061728393,14.427372685185185,2.15375,3.934735725308642,4.442532793209876
283,00:00:04.700,2.6938252314814815,10.190653935185185,1.6286921296296297,2.949382716049383,3.5034008487654322
284,00:00:04.717,2.9310069444444444,10.640248842592593,1.8481770833333333,3.1131828703703706,3.8316608796296294
285,00:00:04.733,2.7023771862139916,11.00769675925926,1.734315200617284,2.8035243055555554,3.5692920524691356
286,00:00:04.750,3.1395929783950614,12.902980324074074,2.1045929783950617,3.2073707561728395,4.106815200617284
287,00:00:04.767,2.593300540123457,9.18275462962963,1.7740856481481482,2.564114583333333,3.4417013888888888
288,00:00:04.783,2.7910352366255147,10.611226851851852,1.8416145833333333,2.8242515432098765,3.707239583333333
289,00:00:04.800,3.3200520833333336,11.361371527777777,2.500067515432099,3.1780497685185187,4.282038966049383
290,00:00:04.817,2.3000720164609056,7.360271990740741,1.5758564814814815,2.2387885802469136,3.085570987654321
291,00:00:04.833,3.2929591049382716,10.502025462962964,2.4208680555555557,3.238732638888889,4.21927662037037
292,00:00:04.850,2.922141203703704,9.75089699074074,2.0494444444444446,2.933288966049383,3.783690200617284
293,00:00:04.867,0.0575096450617284,0.6483217592592593,0.062469135802469135,0.03626157407407407,0.07379822530864198
294,00:00:04.883,3.91829475308642,13.126302083333334,2.469895833333333,4.102569444444445,5.182418981481481
295,00:00:04.900,1.409707433127572,4.205237268518519,0.7733989197530864,1.453395061728395,2.0023283179012346
296,00:00:04.917,5.036012731481482,18.382233796296298,3.640277777777778,5.256168981481482,6.211591435185185
297,00:00:04.933,3.8472447273662556,13.53113425925926,2.444893904320988,4.0383101851851855,5.0585300925925925
298,00:00:04.950,3.5124067644032917,13.346672453703704,2.1759760802469135,3.6738059413580246,4.687438271604938
299,00:00:04.967,3.4784194958847734,11.543373842592592,2.1750675154320986,3.6519733796296294,4.608217592592593
300,00:00:04.983,3.8093569958847735,12.849855324074074,2.5028163580246914,3.9812827932098767,4.943971836419753
301,00:00:05.000,8.011079603909465,14.727430555555555,9.82379050925926,5.0845871913580245,9.12486111111111
302,00:00:05.017,5.024220679012346,21.339525462962964,3.5924517746913582,5.172417052469136,6.307793209876543
303,00:00:05.033,4.7715541409465025,19.86333912037037,3.449477237654321,4.753925540123457,6.111259645061728
304,00:00:05.050,5.419361496913581,23.209722222222222,4.1390625,5.416354166666666,6.702667824074074
305,00:00:05.067,4.8784747942386835,22.837355324074075,3.6386265432098766,4.794021990740741,6.202775848765432
306,00:00:05.083,5.314337062757201,25.023842592592594,4.067399691358025,5.259874614197531,6.61573688271605
307,00:00:05.100,4.800671296296296,22.943113425925926,3.5092959104938273,4.74477237654321,6.147945601851852
308,00:00:05.117,5.175785108024692,25.602806712962963,3.9076948302469137,5.102827932098766,6.516832561728395
309,00:00:05.133,4.8573019547325105,22.935243055555556,3.4462770061728394,4.88679012345679,6.238838734567901
310,00:00:05.150,5.38215920781893,27.480873842592594,4.127816358024691,5.342984182098766,6.675677083333333
311,00:00:05.167,4.489085648148148,20.42361111111111,3.103310185185185,4.5912750771604935,5.772671682098766
312,00:00:05.183,5.223960262345679,26.908796296296295,3.8797800925925925,5.296215277777778,6.495885416666667
313,00:00:05.200,4.717112911522634,22.829976851851853,3.2739988425925928,4.855700231481482,6.021639660493827
314,00:00:05.217,5.052539223251029,27.37462384259259,3.581940586419753,5.257862654320988,6.317814429012346
315,00:00:05.233,4.421964377572016,21.10390625,3.0712654320987656,4.639282407407407,5.555345293209877
316,00:00:05.250,0.6797614454732509,2.72265625,0.864122299382716,0.4198418209876543,0.7553202160493827
317,00:00:05.267,5.68095100308642,31.869097222222223,4.383470293209877,5.864201388888889,6.795181327160494
318,00:00:05.283,0.04053112139917695,0.1687210648148148,0.04097800925925926,0.028867669753086418,0.05174768518518519
319,00:00:05.300,4.501620370370371,19.662152777777777,3.502033179012346,4.7611786265432094,5.241649305555556
320,00:00:05.317,4.809936985596708,19.86579861111111,4.010650077160494,4.951302083333333,5.467858796296296
321,00:00:05.333,3.584223894032922,12.963483796296297,2.8477006172839507,3.796857638888889,4.108113425925926
322,00:00:05.350,4.28595100308642,15.65072337962963,3.933003472222222,4.307455632716049,4.617393904320988
323,00:00:05.367,4.015478395061728,14.93353587962963,3.7375617283950615,4.027961033950617,4.280912422839506
324,00:00:05.383,3.792369470164609,14.44212962962963,3.3414525462962965,3.9225694444444446,4.1130864197530865
325,00:00:05.400,3.648230452674897,11.904427083333333,3.0831674382716048,3.8190239197530866,4.0425
326,00:00:05.417,0.05562371399176954,0.5686342592592593,0.06156442901234568,0.03889081790123457,0.06641589506172839
327,00:00:05.433,5.876645447530865,26.46461226851852,5.138562885802469,6.079805169753087,6.411568287037037
328,00:00:05.450,5.547678755144033,25.162065972222223,4.788869598765432,5.695140817901234,6.159025848765432
329,00:00:05.467,6.014713863168724,29.22170138888889,5.04703125,6.25846450617284,6.738645833333333
330,00:00:05.483,4.052310313786008,15.373292824074074,3.319934413580247,4.205889274691358,4.6311072530864195
331,00:00:05.500,8.148031121399177,15.783043981481482,10.619409722222223,5.173269675925926,8.651413966049383
332,00:00:05.517,4.2291775977366255,17.56076388888889,3.256687885802469,4.570308641975308,4.860536265432099
333,00:00:05.533,3.7017361111111113,14.307841435185185,2.7186574074074072,4.121456404320988,4.265094521604938
334,00:00:05.550,4.358953832304526,18.079716435185187,3.552534722222222,4.613121141975308,4.911205632716049
335,00:00:05.567,0.05005336934156379,0.975925925925926,0.04606288580246914,0.039836033950617286,0.06426118827160494
336,00:00:05.583,5.037775205761317,22.520081018518518,3.684712577160494,5.579901620370371,5.848711419753086
337,00:00:05.600,3.2038708847736626,9.79861111111111,2.171386959876543,3.6896682098765434,3.750557484567901
338,00:00:05.617,3.8823958333333337,11.895572916666667,2.757766203703704,4.514367283950618,4.375054012345679
339,00:00:05.633,3.816594007201646,11.42974537037037,2.757482638888889,4.460416666666666,4.231882716049383
340,00:00:05.650,4.875747170781893,16.53269675925926,3.5818074845679013,5.7908333333333335,5.254600694444444
341,00:00:05.667,4.434951131687243,13.869560185185184,3.13407600308642,5.23306712962963,4.9377102623456794
342,00:00:05.683,4.858411136831276,16.133275462962963,3.4675250771604937,5.589724151234568,5.517984182098766
343,00:00:05.700,3.5263978909465017,11.298408564814816,2.652787422839506,3.913485725308642,4.012920524691358
344,00:00:05.717,4.21923225308642,14.499681712962962,3.1094579475308644,4.701707175925926,4.846531635802469
345,00:00:05.733,4.32464441872428,14.327517361111111,3.1937345679012346,4.805792824074074,4.974405864197531
346,00:00:05.750,4.368221450617284,14.452459490740742,2.98039737654321,5.059145447530864,5.0651215277777775
347,00:00:05.767,4.51154899691358,15.411660879629629,3.181304012345679,5.120032793209877,5.233310185185185
348,00:00:05.783,4.0220434670781895,13.890219907407408,2.8549170524691356,4.4247048611111115,4.786508487654321
349,00:00:05.800,4.279065072016461,15.895196759259258,3.319820601851852,4.535956790123457,4.981417824074074
350,00:00:05.817,3.9375366512345678,14.346701388888889,3.1042901234567903,4.0797337962962965,4.628586033950617
351,00:00:05.833,4.283018261316872,17.38564814814815,3.356566358024691,4.502457561728395,4.990030864197531
352,00:00:05.850,4.0327874228395055,16.130815972222223,3.112183641975309,4.23583912037037,4.750339506172839
353,00:00:05.867,4.443150077160493,18.618836805555556,3.5361246141975307,4.584351851851852,5.2089737654320984
354,00:00:05.883,4.610975437242798,19.460966435185185,3.537991898148148,4.8520563271604935,5.4428780864197535
355,00:00:05.900,4.7596958590534975,18.450115740740742,3.638395061728395,5.034619984567901,5.606072530864197
356,00:00:05.917,4.138787937242799,16.137702546296296,3.1318788580246912,4.392602237654321,4.891882716049382
357,00:00:05.933,7.185801826131687,35.115625,6.646811342592593,7.038707561728395,7.871886574074074
358,00:00:05.950,6.028860596707819,28.282667824074075,4.821956018518518,6.149556327160494,7.115069444444444
359,00:00:05.967,3.404107510288066,11.751938657407408,2.6115297067901233,3.476255787037037,4.124537037037037
360,00:00:05.983,3.732022247942387,12.334837962962963,3.025349151234568,3.705378086419753,4.46533950617284
361,00:00:06.000,9.238226594650206,22.250520833333333,11.462961033950616,6.259110725308642,9.992608024691359
362,00:00:06.017,5.791447402263375,28.78046875,4.765947145061729,6.086780478395061,6.521614583333333
363,00:00:06.033,5.965067515432099,28.228559027777777,5.246458333333333,6.244369212962963,6.404375
364,00:00:06.050,6.344870113168724,27.44988425925926,5.668206018518519,6.685495756172839,6.680908564814815
365,00:00:06.067,5.773791795267489,21.904716435185186,5.23770061728395,6.110833333333333,5.9728414351851855
366,00:00:06.083,6.6299299125514395,24.64458912037037,6.360096450617284,6.863501157407407,6.666192129629629
367,00:00:06.100,0.053253600823045276,0.3044849537037037,0.06354745370370371,0.03655478395061729,0.05965856481481482
368,00:00:06.117,5.792387474279835,20.99962384259259,5.429444444444444,6.055461033950618,5.892256944444444
369,00:00:06.133,7.3141493055555555,28.93443287037037,7.633070987654321,7.234151234567901,7.075225694444445
370,00:00:06.150,8.11873392489712,30.58868634259259,8.827777777777778,7.934515817901235,7.593908179012345
371,00:00:06.167,8.424158307613169,30.697887731481483,9.759735725308643,8.055812114197531,7.456927083333333
372,00:00:06.183,7.390435956790124,25.32193287037037,8.514951774691358,7.120927854938271,6.535428240740741
373,00:00:06.200,9.581354166666667,35.54111689814815,11.641591435185186,8.895875771604938,8.206595293209876
374,00:00:06.217,0.05362075617283951,0.18987268518518519,0.07453510802469136,0.03269675925925926,0.0536304012345679
375,00:00:06.233,7.0321109825102885,25.354890046296298,7.881996527777778,6.873587962962963,6.3407484567901236
376,00:00:06.250,8.359070216049384,32.74811921296296,9.960493827160494,7.6542766203703705,7.462440200617284
377,00:00:06.267,6.7864975565843615,26.25162037037037,7.718688271604938,6.377229938271605,6.263574459876543
378,00:00:06.283,6.5275321502057615,23.861979166666668,7.629774305555555,5.934581404320988,6.01824074074074
379,00:00:06.300,6.36030028292181,23.09904513888889,7.116361882716049,5.875943287037037,6.088595679012346
380,00:00:06.317,5.966292438271605,22.323813657407406,6.747285879629629,5.49126350308642,5.660327932098766
381,00:00:06.333,5.4924074074074065,20.771875,6.201998456790124,5.0071971450617285,5.26802662037037
382,00:00:06.350,5.262846579218107,20.59921875,5.932114197530864,4.752243441358025,5.104182098765432
383,00:00:06.367,5.8641615226337445,20.727604166666666,6.908088348765432,5.028987268518518,5.655408950617284
384,00:00:06.383,4.4598578960905355,16.201157407407408,4.907386188271605,4.002660108024691,4.4695273919753085
385,00:00:06.400,4.578048482510288,17.364496527777778,5.2101041666666665,3.9883622685185185,4.535679012345679
386,00:00:06.417,3.9974234825102877,13.838570601851853,4.482216435185185,3.518101851851852,3.991952160493827
387,00:00:06.433,5.434128729423868,19.290277777777778,6.50233024691358,4.549083719135803,5.250972222222222
388,00:00:06.450,0.093784079218107,0.44074074074074077,0.15182484567901233,0.044604552469135805,0.08492283950617284
389,00:00:06.467,4.316564429012346,15.125376157407407,4.990050154320988,3.636834490740741,4.322808641975309
390,00:00:06.483,3.9332600308641976,12.801157407407407,4.561458333333333,3.254681712962963,3.9836400462962964
391,00:00:06.500,10.466412680041152,18.669994212962962,17.131965663580246,5.123651620370371,9.14362075617284
392,00:00:06.517,3.081973379629629,12.127748842592593,2.922131558641975,2.9141319444444442,3.409656635802469
393,00:00:06.533,6.013845807613169,30.489814814814814,6.035281635802469,5.719529320987655,6.286726466049383
394,00:00:06.550,5.271712962962963,28.030324074074073,4.778163580246914,5.132363040123457,5.904612268518519
395,00:00:06.567,4.571854423868312,26.52806712962963,3.726568287037037,4.478829089506172,5.5101658950617285
396,00:00:06.583,4.546355452674897,27.180815972222224,3.5610551697530863,4.4695679012345675,5.608443287037037
397,00:00:06.600,3.915112525720165,24.249103009259258,2.9100038580246914,3.846226851851852,4.989106867283951
398,00:00:06.617,4.459918338477366,25.64019097222222,3.362349537037037,4.361082175925926,5.6563233024691355
399,00:00:06.633,3.7660525977366253,21.012413194444445,2.6110609567901233,3.721979166666667,4.965117669753086
400,00:00:06.650,4.254483024691358,22.524016203703702,3.1284587191358026,4.098341049382716,5.536649305555556
401,00:00:06.667,4.43296875,22.338078703703705,3.2463869598765434,4.212019675925926,5.8404996141975305
402,00:00:06.683,3.9370460390946502,18.156452546296297,2.6582175925925924,3.868923611111111,5.283996913580247
403,00:00:06.700,3.6145653292181072,17.821961805555556,2.2186921296296296,3.6359760802469134,4.989027777777777
404,00:00:06.717,4.206147762345679,22.087702546296295,2.8021122685185187,3.9677507716049383,5.84858024691358
405,00:00:06.733,0.06725887345679012,1.1933449074074074,0.09109375,0.03777777777777778,0.07290509259259259
406,00:00:06.750,3.4585185185185185,15.649247685185186,2.1406385030864197,3.2227488425925928,5.012168209876543
407,00:00:06.767,3.0495042438271605,13.486371527777777,1.882872299382716,2.8381211419753085,4.427519290123457
408,00:00:06.783,4.379688143004115,19.078761574074075,3.1109953703703703,3.933022762345679,6.095046296296296
409,00:00:06.800,2.911855709876543,12.490277777777777,1.885841049382716,2.670216049382716,4.179510030864198
410,00:00:06.817,3.9378092849794233,16.53761574074074,2.890673225308642,3.4680555555555554,5.454699074074074
411,00:00:06.833,3.4861509773662553,14.918778935185186,2.4797318672839506,3.069315200617284,4.909405864197531
412,00:00:06.850,3.904841820987654,16.41021412037037,3.1525675154320987,3.2226967592592595,5.339261188271605
413,00:00:06.867,3.042168209876543,12.921672453703703,2.3949556327160493,2.5227314814814816,4.208817515432099
414,00:00:06.883,3.235697659465021,12.222685185185185,2.948514660493827,2.5353800154320987,4.223198302469136
415,00:00:06.900,3.042418338477366,12.461747685185186,2.6347627314814814,2.4270756172839505,4.065416666666667
416,00:00:06.917,4.042956532921811,13.632957175925926,3.869951774691358,3.0934162808641976,5.165501543209877
417,00:00:06.933,3.239562114197531,12.751475694444444,2.9203665123456792,2.588863811728395,4.209456018518519
418,00:00:06.950,3.206992669753087,11.021469907407408,3.0627237654320987,2.499488811728395,4.058765432098766
419,00:00:06.967,3.0653677983539094,10.93833912037037,3.0097492283950618,2.34430362654321,3.8420505401234566
420,00:00:06.983,2.830823688271605,9.818778935185184,2.8813445216049383,2.1158256172839507,3.495300925925926
421,00:00:07.000,8.763789866255145,13.952690972222221,13.61802662037037,3.9680748456790123,8.70526813271605
422,00:00:07.017,2.2534825102880656,8.134519675925926,2.072289737654321,1.9501581790123457,2.737999614197531
423,00:00:07.033,3.436851851851852,12.448958333333334,3.0776697530864197,2.9351658950617283,4.297719907407408
424,00:00:07.050,3.353813014403292,12.270399305555555,2.8160069444444447,2.8715663580246913,4.373865740740741
425,00:00:07.067,4.58994341563786,15.704340277777778,3.689506172839506,3.9290007716049384,6.151323302469136
426,00:00:07.083,3.590792824074074,12.899045138888889,2.576340663580247,3.0946180555555554,5.10141975308642
427,00:00:07.100,5.559973636831276,20.579050925925927,4.328518518518519,4.713204089506172,7.638198302469136
428,00:00:07.117,4.931453832304527,19.3109375,3.4502064043209875,4.2330902777777775,7.111064814814815
429,00:00:07.133,0.07239326131687242,1.0551215277777777,0.09940007716049383,0.03728202160493827,0.08049768518518519
430,00:00:07.150,3.5816486625514408,15.868142361111111,2.228009259259259,3.10944637345679,5.407490354938272
431,00:00:07.167,7.8169688786008225,26.696296296296296,5.835810185185185,6.510970293209876,11.104126157407407
432,00:00:07.183,7.652960390946501,28.924594907407407,5.762683256172839,6.25450424382716,10.941693672839506
433,00:00:07.200,6.648875385802469,27.578761574074075,4.479832175925926,5.560138888888889,9.906655092592592
434,00:00:07.217,0.07632394547325104,0.4987847222222222,0.08626157407407407,0.042256944444444444,0.10045331790123457
435,00:00:07.233,7.569758230452675,28.321527777777778,5.37558063271605,6.329791666666667,11.00390239197531
436,00:00:07.250,8.418273533950618,30.592621527777776,5.8630864197530865,7.245268132716049,12.146466049382717
437,00:00:07.267,8.769966563786008,29.639322916666668,6.1100308641975305,7.586145833333333,12.61372299382716
438,00:00:07.283,6.778859953703704,32.759924768518516,4.4335706018518515,5.777374614197531,10.125634645061728
439,00:00:07.300,5.3023810442386825,27.716984953703705,2.362241512345679,4.77271412037037,8.7721875
440,00:00:07.317,5.641529063786009,27.51137152777778,2.606269290123457,5.270586419753086,9.047731481481481
441,00:00:07.333,6.1923141718106995,29.48142361111111,2.871286651234568,6.07110725308642,9.63454861111111
442,00:00:07.350,5.834192386831276,27.607291666666665,2.8511863425925927,5.7435223765432095,8.907868441358024
443,00:00:07.367,6.680291923868313,29.820833333333333,3.31123649691358,6.577903163580247,10.151736111111111
444,00:00:07.383,5.452573945473251,27.06915509259259,2.514670138888889,5.356072530864197,8.486979166666666
445,00:00:07.400,5.72276941872428,27.83208912037037,2.8748302469135805,5.451666666666667,8.841811342592592
446,00:00:07.417,5.431995241769548,27.844878472222224,2.6015625,5.232131558641975,8.462291666666667
447,00:00:07.433,5.774756944444444,28.14837962962963,2.770891203703704,5.661415895061729,8.891963734567902
448,00:00:07.450,5.322883230452675,25.958449074074075,2.4934625771604937,5.270515046296296,8.204672067901235
449,00:00:07.467,6.033775720164609,26.498061342592592,2.883204089506173,5.987104552469136,9.23101851851852
450,00:00:07.483,5.163389917695473,24.527025462962964,2.499699074074074,5.037831790123457,7.952638888888889
451,00:00:07.500,6.770760030864198,11.89754050925926,10.113528163580247,2.3744444444444444,7.8243074845679015
452,00:00:07.517,5.886717463991769,28.231018518518518,2.7054976851851853,5.979436728395061,8.975217978395062
453,00:00:07.533,4.891541280864198,24.09021990740741,2.1999093364197533,4.812704475308642,7.662010030864198
454,00:00:07.550,5.153695344650205,25.333738425925926,2.4336979166666666,5.119810956790124,7.907577160493827
455,00:00:07.567,5.909372427983539,28.034751157407406,2.8557195216049385,5.943227237654321,8.929170524691358
456,00:00:07.583,5.207170781893004,25.53197337962963,2.4560841049382716,5.169704861111111,7.99572337962963
457,00:00:07.600,5.585186471193416,27.56105324074074,2.8019386574074074,5.581875,8.371745756172839
458,00:00:07.617,4.879399434156379,24.82019675925926,2.447704475308642,4.892650462962963,7.297843364197531
459,00:00:07.633,5.794810956790123,27.92013888888889,2.963900462962963,5.893545524691358,8.526986882716049
460,00:00:07.650,5.655770318930042,29.062326388888888,2.8919675925925925,5.789261188271605,8.286082175925927
461,00:00:07.667,5.312440200617284,27.066203703703703,2.7565123456790124,5.395300925925926,7.785507330246913
462,00:00:07.683,5.958233024691357,28.483854166666667,3.1636689814814813,6.25349537037037,8.457534722222222
463,00:00:07.700,4.749164737654321,23.338599537037037,2.324891975308642,4.8964236111111115,7.02617862654321
464,00:00:07.717,0.05115033436213992,0.4097511574074074,0.05317901234567901,0.03272376543209877,0.06754822530864198
465,00:00:07.733,6.296482767489711,28.316608796296297,3.3696238425925924,6.751425540123456,8.768398919753086
466,00:00:07.750,4.890394804526749,26.00419560185185,2.4728105709876544,5.123273533950617,7.075100308641975
467,00:00:07.767,4.985850694444444,25.69429976851852,2.571221064814815,5.225854552469136,7.160476466049383
468,00:00:07.783,5.7235114454732505,29.745572916666667,3.0004282407407405,6.075185185185185,8.094920910493828
469,00:00:07.800,3.408724279835391,17.494849537037037,1.6591936728395063,3.4492091049382716,5.117770061728395
470,00:00:07.817,6.1113078703703705,29.008217592592594,3.180733024691358,6.64488425925926,8.508306327160494
471,00:00:07.833,4.683022762345679,25.495572916666667,2.2948283179012345,4.984695216049383,6.76954475308642
472,00:00:07.850,4.704214248971193,25.802025462962963,2.298113425925926,4.966612654320988,6.847916666666666
473,00:00:07.867,4.8526048096707814,25.712991898148147,2.320378086419753,5.162264660493827,7.075171682098765
474,00:00:07.883,4.650481610082305,24.443402777777777,2.227125771604938,4.912781635802469,6.811537422839506
475,00:00:07.900,5.443831661522633,27.147858796296298,2.5844753086419754,5.797862654320988,7.949157021604938
476,00:00:07.917,4.260419238683128,22.454166666666666,2.0035165895061726,4.4428530092592595,6.334888117283951
477,00:00:07.933,5.73936021090535,28.159693287037037,2.719093364197531,6.30318287037037,8.195804398148148
478,00:00:07.950,4.610201260288066,26.022887731481482,2.09960262345679,5.089666280864198,6.64133487654321
479,00:00:07.967,0.043109567901234574,1.1879340277777777,0.04226466049382716,0.02931520061728395,0.057748842592592595
480,00:00:07.983,4.745144675925926,26.529050925925926,2.2081192129629628,5.205945216049383,6.821369598765432
481,00:00:08.000,8.524908050411522,29.324016203703703,8.326745756172839,6.380179398148148,10.86779899691358
482,00:00:08.017,4.359681069958847,25.485734953703705,1.6911168981481481,4.989971064814815,6.39795524691358
483,00:00:08.033,4.346404320987655,25.31652199074074,1.8559182098765432,4.890625,6.29266975308642
484,00:00:08.050,3.67836612654321,21.561863425925925,1.466388888888889,4.0890258487654325,5.479683641975309
485,00:00:08.067,5.058362268518518,28.928038194444444,2.2486940586419752,5.782779706790124,7.143613040123457
486,00:00:08.083,4.085804398148148,24.119733796296295,1.8270524691358025,4.454050925925926,5.976309799382716
487,00:00:08.100,3.690444958847737,22.547627314814815,1.5507735339506172,4.093217592592593,5.42734375
488,00:00:08.117,4.891779835390946,25.78136574074074,2.3450019290123456,5.611001157407407,6.719336419753087
489,00:00:08.133,3.471057741769547,20.537731481481483,1.5394753086419752,3.8563715277777777,5.017326388888889
490,00:00:08.150,4.690942001028806,25.28405671296296,2.2968827160493825,5.390731095679012,6.385212191358025
491,00:00:08.167,0.14690007716049383,1.119560185185185,0.13332754629629628,0.10928819444444444,0.19808449074074075
492,00:00:08.183,3.7294708076131684,21.189988425925925,1.6178279320987654,4.372922453703704,5.197662037037037
493,00:00:08.200,5.187871656378601,25.725289351851853,2.641699459876543,6.072177854938271,6.849737654320988
494,00:00:08.217,3.7712660751028806,20.92042824074074,1.8678279320987654,4.233371913580247,5.21259837962963
495,00:00:08.233,4.963557741769548,23.75179398148148,2.5551658950617284,5.710283564814815,6.625223765432099
496,00:00:08.250,4.141264146090535,22.829976851851853,1.9724421296296297,4.808730709876543,5.642619598765432
497,00:00:08.267,3.7236837705761316,20.924363425925925,1.778923611111111,4.253298611111111,5.138829089506173
498,00:00:08.283,4.50673225308642,23.757204861111113,2.2693711419753084,5.274191743827161,5.97663387345679
499,00:00:08.300,3.6748450360082305,20.22931134259259,1.745835262345679,4.231780478395062,5.046919367283951
500,00:00:08.317,4.468887602880659,24.020862268518517,2.2166512345679013,5.244255401234568,5.9457561728395065
501,00:00:08.333,3.705403163580247,19.95630787037037,1.7555266203703703,4.268856095679013,5.091826774691358
502,00:00:08.350,4.889250257201646,23.83738425925926,2.5461670524691358,5.6239641203703705,6.497619598765432
503,00:00:08.367,4.085158179012345,21.647453703703704,1.9844155092592592,4.689552469135802,5.581506558641975
504,00:00:08.383,0.04778485082304527,0.32317708333333334,0.05076581790123457,0.0317650462962963,0.06082368827160494
505,00:00:08.400,3.5634104938271602,17.72505787037037,1.7176060956790122,4.013375771604938,4.959249614197531
506,00:00:08.417,4.820077803497942,23.669155092592593,2.4763888888888888,5.560856481481482,6.422988040123457
507,00:00:08.433,4.193617541152263,20.96863425925926,2.2299228395061728,4.732851080246913,5.618078703703704
508,00:00:08.450,4.302300668724279,21.49693287037037,2.2343634259259257,4.992515432098766,5.680023148148148
509,00:00:08.467,3.360372299382716,16.927690972222223,1.5085243055555555,4.001572145061728,4.571020447530864
510,00:00:08.483,4.367096193415637,21.429050925925925,2.336292438271605,5.101105324074074,5.663890817901234
511,00:00:08.500,7.843301183127572,22.730613425925927,8.523838734567901,5.710817901234568,9.295246913580247
512,00:00:08.517,3.9193897890946503,19.76200810185185,1.7116377314814815,4.875968364197531,5.170563271604938
513,00:00:08.533,4.136312371399177,19.76446759259259,2.000835262345679,5.1473051697530865,5.260796682098765
514,00:00:08.550,3.6715110596707814,16.860792824074075,1.7271354166666666,4.575900848765432,4.7114969135802465
515,00:00:08.567,3.305246270576132,14.951244212962964,1.5037692901234567,4.037748842592593,4.374220679012345
516,00:00:08.583,4.445331790123457,19.256828703703704,2.441076388888889,5.4384143518518515,5.45650462962963
517,00:00:08.600,3.306978523662551,13.283217592592592,1.5941396604938272,4.206003086419753,4.120792824074074
518,00:00:08.617,0.05347029320987654,0.6630787037037037,0.06048225308641975,0.0345042438271605,0.06542438271604939
519,00:00:08.633,3.3913843878600822,13.056452546296295,1.8306057098765431,4.245686728395062,4.097860725308642
520,00:00:08.650,3.6520659722222226,14.090422453703704,1.863184799382716,4.713804012345679,4.379209104938272
521,00:00:08.667,3.51135095164609,12.13365162037037,1.9574093364197531,4.421971450617284,4.1546720679012346
522,00:00:08.683,3.192638888888889,9.08929398148148,2.0561554783950617,3.7968479938271606,3.7249131944444445
523,00:00:08.700,3.165410236625514,9.998813657407407,1.9493827160493826,3.8744309413580247,3.672417052469136
524,00:00:08.717,3.235531764403292,10.159664351851852,1.9858912037037038,3.9553510802469134,3.7653530092592593
525,00:00:08.733,3.2356648662551444,10.342650462962963,2.072092978395062,3.893132716049383,3.741768904320988
526,00:00:08.750,3.261368312757202,9.003703703703703,2.088742283950617,3.9304108796296298,3.764951774691358
527,00:00:08.767,3.299664994855967,9.303761574074073,2.236369598765432,3.9170351080246912,3.7455902777777776
528,00:00:08.783,3.346723894032922,9.576765046296297,2.3665354938271603,3.9036631944444444,3.7699729938271607
529,00:00:08.800,3.3410461676954726,10.300347222222221,2.457573302469136,3.8552179783950615,3.710347222222222
530,00:00:08.817,3.6125282921810697,11.188715277777778,2.670727237654321,4.145138888888889,4.02171875
531,00:00:08.833,2.9491396604938274,9.75335648148148,1.9629726080246914,3.552820216049383,3.3316261574074075
532,00:00:08.850,3.4683674125514403,11.689467592592592,2.3323591820987652,4.180148533950617,3.8925945216049382
533,00:00:08.867,2.906900077160494,10.333796296296295,1.8619656635802468,3.5507716049382716,3.307962962962963
534,00:00:08.883,0.05845679012345679,0.6060185185185185,0.07058256172839507,0.03774884259259259,0.06703896604938271
535,00:00:08.900,3.908789866255144,13.353067129629629,2.750090663580247,4.679828317901235,4.29645061728395
536,00:00:08.917,3.3143820730452673,11.1828125,2.2201697530864197,3.9909143518518517,3.732062114197531
537,00:00:08.933,3.107343106995885,9.770572916666667,2.0635551697530863,3.7511400462962965,3.5073341049382716
538,00:00:08.950,3.5176845421810703,10.564988425925925,2.380590277777778,4.250829475308642,3.92163387345679
539,00:00:08.967,3.1273759002057613,9.194068287037037,1.998996913580247,3.864895833333333,3.5182349537037036
540,00:00:08.983,3.269633487654321,9.723842592592593,2.1054050925925925,4.082098765432098,3.6213966049382718
541,00:00:09.000,7.444393004115227,18.062991898148148,7.42046875,6.269114583333334,8.643595679012346
542,00:00:09.017,3.153117926954733,9.498061342592592,1.5845351080246914,4.32639274691358,3.548425925925926
543,00:00:09.033,2.917266589506173,8.688888888888888,1.598815586419753,3.8627681327160492,3.290216049382716
544,00:00:09.050,3.2057844650205762,10.543344907407407,1.8511246141975308,4.162735339506173,3.6034934413580246
545,00:00:09.067,2.746368955761317,8.14140625,1.5171354166666666,3.598640046296296,3.1233314043209877
546,00:00:09.083,3.6747254372427975,10.983101851851853,2.218676697530864,4.66370949074074,4.14179012345679
547,00:00:09.100,0.040364583333333336,0.4372974537037037,0.028252314814814813,0.034749228395061726,0.05809220679012346
548,00:00:09.117,4.305191615226338,13.231076388888889,2.7676658950617283,5.385856481481482,4.762052469135803
549,00:00:09.133,0.06556327160493826,0.32957175925925924,0.06305362654320988,0.049525462962962966,0.08411072530864197
550,00:00:09.150,3.096740612139918,10.007667824074074,1.7906597222222222,3.935065586419753,3.5644965277777776
551,00:00:09.167,3.3404848251028807,10.193113425925926,2.056940586419753,4.155549768518519,3.8089641203703706
552,00:00:09.183,3.1974003343621398,10.177372685185185,1.9250096450617284,4.0660088734567905,3.601182484567901
553,00:00:09.200,3.524254758230453,11.381539351851853,2.2130054012345677,4.406616512345679,3.953142361111111
554,00:00:09.217,3.32889146090535,11.14050925925926,2.0014699074074076,4.196271219135802,3.7889332561728395
555,00:00:09.233,3.8219045781893004,11.69537037037037,2.3951099537037037,4.7992939814814815,4.271309799382716
556,00:00:09.250,3.572938528806585,10.028327546296296,2.186520061728395,4.522135416666667,4.010160108024691
557,00:00:09.267,3.4552173353909468,10.278211805555555,2.0526408179012345,4.402027391975309,3.9109837962962963
558,00:00:09.283,3.736205632716049,11.604861111111111,2.2668904320987653,4.715457175925926,4.226269290123457
559,00:00:09.300,3.3202385545267483,9.828616898148148,1.9031828703703704,4.251986882716049,3.805545910493827
560,00:00:09.317,3.8624961419753086,11.573871527777778,2.3523514660493827,4.88345100308642,4.351685956790123
561,00:00:09.333,3.621436471193416,10.333304398148147,2.1320505401234566,4.623059413580247,4.109199459876543
562,00:00:09.350,3.421535493827161,9.49363425925926,2.008383487654321,4.37348186728395,3.88274112654321
563,00:00:09.367,3.550265560699588,9.807465277777778,2.0369695216049384,4.556421682098765,4.0574054783950615
564,00:00:09.383,4.040489326131687,11.724884259259259,2.3533622685185187,5.1786612654320985,4.589444444444444
565,00:00:09.400,3.3349054783950614,9.276707175925926,1.8886188271604938,4.262125771604938,3.853971836419753
566,00:00:09.417,4.433339120370371,12.84296875,2.914178240740741,5.262980324074074,5.122858796296296
567,00:00:09.433,3.6278317901234565,10.27427662037037,2.0767033179012344,4.634967206790123,4.171824845679012
568,00:00:09.450,0.023591820987654322,0.07476851851851851,0.02283179012345679,0.016383101851851854,0.03156057098765432
569,00:00:09.467,4.234810956790123,12.575868055555556,2.482800925925926,5.410389660493827,4.811242283950618
570,00:00:09.483,3.6672518004115227,11.300376157407408,2.0577160493827162,4.706604938271605,4.237434413580247
571,00:00:09.500,8.957221579218107,19.234693287037036,8.517478780864197,7.962361111111111,10.391824845679013
572,00:00:09.517,4.757858796296296,16.548929398148147,2.0605671296296295,6.638562885802469,5.57444637345679
573,00:00:09.533,5.355722736625514,19.352748842592593,2.5258873456790125,7.257791280864198,6.283489583333333
574,00:00:09.550,4.562932098765432,16.587789351851853,2.0009182098765432,6.171323302469136,5.5165547839506175
575,00:00:09.567,5.308338477366255,20.390162037037037,2.480939429012346,7.125576774691358,6.318499228395062
576,00:00:09.583,4.661439686213992,17.975925925925925,2.060929783950617,6.162532793209876,5.760856481481482
577,00:00:09.600,4.716460262345679,19.177141203703705,2.0670100308641977,6.147011959876544,5.935358796296296
578,00:00:09.617,6.283024691358025,26.816319444444446,3.158323688271605,8.045322145061728,7.645428240740741
579,00:00:09.633,5.969144804526749,28.620601851851852,2.8914101080246914,7.494554398148148,7.521469907407408
580,00:00:09.650,5.5536329732510294,27.289525462962963,2.6495968364197533,6.824716435185185,7.1865856481481485
581,00:00:09.667,6.169964634773663,30.81987847222222,3.1317168209876542,7.4809876543209874,7.897189429012346
582,00:00:09.683,5.3824871399176955,25.14140625,2.5455362654320988,6.446660879629629,7.155264274691358
583,00:00:09.700,5.8656224279835385,29.316145833333334,3.0412962962962964,6.873757716049383,7.6818132716049385
584,00:00:09.717,0.05956597222222223,0.38318865740740743,0.06879822530864198,0.04001736111111111,0.06988233024691358
585,00:00:09.733,5.581592721193416,29.323032407407407,2.7902681327160495,6.4621354166666665,7.492374614197531
586,00:00:09.750,6.0514429012345685,30.27879050925926,3.264633487654321,6.910430169753086,7.979265046296296
587,00:00:09.767,5.379225180041153,27.13113425925926,2.5986631944444443,6.2103626543209876,7.328649691358025
588,00:00:09.783,5.3453838734567904,27.58564814814815,2.7128163580246913,6.045715663580247,7.277619598765432
589,00:00:09.800,4.905415380658436,27.37609953703704,2.396383101851852,5.544718364197531,6.775144675925926
590,00:00:09.817,4.985664866255144,27.33527199074074,2.5596122685185185,5.53570987654321,6.8616724537037035
591,00:00:09.833,4.387313528806584,24.08382523148148,2.1811226851851853,4.850686728395062,6.130131172839506
592,00:00:09.850,3.361925797325103,18.82494212962963,1.6359934413580246,3.6567515432098765,4.7930324074074075
593,00:00:09.867,0.046822916666666665,0.6404513888888889,0.04054783950617284,0.03565007716049383,0.06427083333333333
594,00:00:09.883,4.4272312242798355,24.02233796296296,2.3942631172839506,4.792310956790123,6.095119598765432
595,00:00:09.900,3.5880497685185184,19.282899305555556,1.9876041666666666,3.734587191358025,5.0419579475308645
596,00:00:09.917,3.4348392489711936,17.792447916666667,2.0751176697530864,3.4718113425925927,4.757588734567901
597,00:00:09.933,3.6387454989711934,17.482552083333335,2.3675250771604937,3.648528163580247,4.90018325617284
598,00:00:09.950,3.497360468106996,16.32019675925926,2.353221450617284,3.5082118055555553,4.630648148148148
599,00:00:09.967,3.364679783950617,14.642824074074074,2.4405960648148146,3.3258680555555555,4.3275752314814815
600,00:00:09.983,3.1135615997942385,13.418981481481481,2.250306712962963,3.0862731481481482,4.004104938271605
601,00:00:10.000,7.895532407407408,21.64105902777778,8.490212191358024,5.414193672839506,9.782191358024692
602,00:00:10.017,2.9795679012345677,13.046122685185185,1.774621913580247,3.1695524691358026,3.9945293209876542
603,00:00:10.033,5.303244598765432,25.56099537037037,3.2862461419753086,5.772609953703704,6.850877700617284
604,00:00:10.050,5.31873649691358,26.17144097222222,3.1391415895061727,5.794537037037037,7.022530864197531
605,00:00:10.067,0.04905349794238683,0.3984375,0.056178626543209875,0.030943287037037037,0.06003858024691358
606,00:00:10.083,5.564522890946502,29.138078703703705,3.3616319444444445,6.024706790123457,7.307229938271605
607,00:00:10.100,4.439466306584362,21.791087962962962,2.381780478395062,4.782876157407407,6.153742283950617
608,00:00:10.117,6.605057227366255,35.54800347222222,3.955775462962963,7.371801697530864,8.487594521604938
609,00:00:10.133,6.601233281893005,36.20960648148148,3.8855632716049384,7.217087191358025,8.70104938271605
610,00:00:10.150,5.998969264403292,34.58142361111111,3.361099537037037,6.479074074074074,8.156734182098765
611,00:00:10.167,6.830644290123456,39.75127314814815,3.8578433641975307,7.35751350308642,9.27657600308642
612,00:00:10.183,5.961324588477367,36.43342013888889,3.205929783950617,6.3839853395061725,8.294058641975308
613,00:00:10.200,7.383233667695474,38.26524884259259,4.328940972222222,7.885736882716049,9.935023148148149
614,00:00:10.217,7.156453189300411,41.05972222222222,3.876585648148148,7.693148148148148,9.899625771604939
615,00:00:10.233,3.3368846450617284,15.709751157407407,1.748701774691358,3.37069637345679,4.8912557870370375
616,00:00:10.250,5.156572145061729,30.651649305555555,2.2580632716049385,5.721774691358025,7.489878472222222
617,00:00:10.267,0.04577417695473251,0.6901331018518518,0.03335069444444445,0.03610918209876543,0.06786265432098765
618,00:00:10.283,6.981695601851851,41.24172453703704,3.2386226851851854,8.103505015432098,9.602959104938272
619,00:00:10.300,0.05917888374485597,0.617824074074074,0.042249228395061726,0.0437037037037037,0.09158371913580247
620,00:00:10.317,4.949798739711934,28.747019675925927,2.0196373456790124,5.454969135802469,7.3747897376543206
621,00:00:10.333,6.475733024691358,39.68732638888889,2.7676523919753087,7.402505787037037,9.257040895061728
622,00:00:10.350,4.325124742798354,25.46802662037037,1.6971682098765433,4.6256307870370375,6.652575231481482
623,00:00:10.367,4.873659979423869,29.78492476851852,2.047505787037037,5.283879243827161,7.289594907407407
624,00:00:10.383,5.051012088477367,30.23402777777778,2.097181712962963,5.597390046296296,7.45846450617284
625,00:00:10.400,5.284341563786008,30.995486111111113,2.17921875,5.939203317901234,7.73460262345679
626,00:00:10.417,5.254411651234569,30.094328703703702,2.241394675925926,5.93931712962963,7.582523148148148
627,00:00:10.433,5.410368441358024,30.45341435185185,2.4337538580246916,6.091535493827161,7.705815972222222
628,00:00:10.450,5.141195344650206,30.57146990740741,2.3201388888888888,5.769079861111111,7.334367283950617
629,00:00:10.467,5.479609053497943,33.77323495370371,2.5071450617283952,6.2695949074074075,7.662087191358025
630,00:00:10.483,7.335069444444444,41.403067129629626,3.78328125,8.56221836419753,9.659708719135802
631,00:00:10.500,9.759679783950617,38.84224537037037,7.970887345679012,8.580347222222223,12.727804783950617
632,00:00:10.517,6.701117541152264,35.73246527777778,3.2575636574074074,8.169101080246914,8.676687885802469
633,00:00:10.533,6.00351015946502,33.97146990740741,2.675829475308642,7.27018325617284,8.06451774691358
634,00:00:10.550,6.683416923868312,36.08958333333333,3.0606886574074075,8.232536651234568,8.757025462962963
635,00:00:10.567,0.03693994341563787,0.5327256944444444,0.024255401234567903,0.030142746913580248,0.056421682098765434
636,00:00:10.583,6.26277070473251,34.58978587962963,2.7581037808641975,7.563086419753087,8.467121913580247
637,00:00:10.600,5.819567258230453,35.15005787037037,2.5659722222222223,6.719054783950617,8.173674768518518
638,00:00:10.617,6.358667695473251,36.752170138888886,2.7888406635802467,7.623427854938272,8.663734567901235
639,00:00:10.633,5.508368055555555,34.0265625,2.3972550154320986,6.4287172067901235,7.699131944444445
640,00:00:10.650,6.207077546296296,36.08614004629629,2.6942033179012346,7.465364583333334,8.46166473765432
641,00:00:10.667,5.154607124485596,34.19380787037037,2.0850385802469136,6.110520833333333,7.268261959876543
642,00:00:10.683,6.254387860082304,36.772337962962965,2.7224614197530865,7.589583333333334,8.451118827160494
643,00:00:10.700,5.15883359053498,34.052141203703705,2.1543364197530863,6.133761574074074,7.188402777777778
644,00:00:10.717,6.140857767489712,36.654774305555556,2.5499286265432097,7.635488040123457,8.237156635802469
645,00:00:10.733,4.593994341563786,27.474479166666665,1.8953626543209876,5.427868441358025,6.458751929012346
646,00:00:10.750,5.775490612139918,34.59175347222222,2.404938271604938,7.203721064814815,7.7178125
647,00:00:10.767,4.467644675925926,26.021903935185186,1.868346836419753,5.21703125,6.317555941358025
648,00:00:10.783,6.562278806584362,36.95089699074074,2.742492283950617,8.353416280864197,8.590927854938272
649,00:00:10.800,6.666337448559671,38.335590277777776,2.8734104938271603,8.179971064814815,8.945630787037038
650,00:00:10.817,5.543167438271605,34.9173900462963,2.2932831790123456,6.578373842592592,7.7578452932098765
651,00:00:10.833,6.55006880144033,37.69809027777778,2.920096450617284,7.901248070987655,8.82886188271605
652,00:00:10.850,5.356564429012345,32.396903935185186,2.298256172839506,6.240914351851852,7.530522762345679
653,00:00:10.867,0.04174832818930041,0.5115740740740741,0.02739969135802469,0.033817515432098766,0.06402777777777778
654,00:00:10.883,6.408060699588478,34.96461226851852,2.871743827160494,7.59145061728395,8.760987654320987
655,00:00:10.900,5.096563786008231,29.360908564814814,2.2104359567901235,5.746365740740741,7.332889660493827
656,00:00:10.917,6.098042695473251,35.78460648148148,2.7215162037037035,7.0609876543209875,8.511624228395062
657,00:00:10.933,5.2862795781893,31.49230324074074,2.346466049382716,5.871051311728395,7.64132137345679
658,00:00:10.950,5.228419495884773,32.1140625,2.3435069444444445,5.913344907407407,7.428406635802469
659,00:00:10.967,4.7529391718106995,28.32841435185185,2.1366338734567902,5.33059799382716,6.791585648148148
660,00:00:10.983,4.524596193415638,26.911747685185187,2.0494386574074075,5.043690200617284,6.480659722222223
661,00:00:11.000,8.13652070473251,26.741550925925925,7.682413194444444,5.972550154320988,10.7545987654321
662,00:00:11.017,3.5485262345679014,16.422019675925927,1.808395061728395,3.8780304783950617,4.959153163580247
663,00:00:11.033,3.5355979938271602,15.027980324074074,1.923070987654321,3.912143132716049,4.771579861111111
664,00:00:11.050,3.1059072788065847,12.488310185185185,1.6567496141975309,3.491579861111111,4.169392361111111
665,00:00:11.067,5.929824459876543,34.03098958333333,2.874922839506173,7.654166666666667,7.2603838734567905
666,00:00:11.083,4.965630787037036,26.25998263888889,2.3418614969135803,6.232197145061728,6.322833719135803
667,00:00:11.100,3.827116769547325,19.405381944444443,1.7202719907407407,4.554430941358024,5.20664737654321
668,00:00:11.117,4.391615226337449,22.597800925925927,2.0983024691358025,5.1902179783950615,5.886325231481481
669,00:00:11.133,3.601196630658436,19.453587962962963,1.7206712962962962,4.079141589506173,5.0037770061728395
670,00:00:11.150,3.8290387088477367,19.920891203703704,1.833167438271605,4.410333719135802,5.243614969135803
671,00:00:11.167,4.079609696502057,21.08521412037037,1.9898688271604938,4.829876543209877,5.419083719135802
672,00:00:11.183,4.193175797325103,20.722685185185185,1.9563695987654321,5.066851851851852,5.5563059413580245
673,00:00:11.200,4.423506944444444,23.910677083333333,2.1074305555555557,5.351761188271605,5.811329089506173
674,00:00:11.217,0.051334233539094644,0.43385416666666665,0.0344116512345679,0.03853973765432099,0.08105131172839507
675,00:00:11.233,3.8617206790123455,22.80636574074074,1.8550327932098765,4.594733796296296,5.135395447530864
676,00:00:11.250,4.963221450617284,30.26206597222222,2.4607407407407407,6.129363425925926,6.299560185185185
677,00:00:11.267,4.542227366255144,26.87928240740741,2.2176369598765433,5.522351466049383,5.886693672839506
678,00:00:11.283,4.689593621399177,26.393287037037037,2.383628472222222,5.717255015432099,5.96789737654321
679,00:00:11.300,4.912901234567901,27.530555555555555,2.5017631172839505,6.084226466049382,6.15271412037037
680,00:00:11.317,4.2510796039094645,22.908680555555556,2.157704475308642,5.129556327160494,5.465978009259259
681,00:00:11.333,5.339177597736626,30.647222222222222,2.71430362654321,6.689411651234568,6.613817515432099
682,00:00:11.350,6.180511188271605,35.007407407407406,3.2911381172839507,7.843559027777777,7.406836419753087
683,00:00:11.367,7.200948431069958,38.872251157407405,3.878755787037037,9.356751543209876,8.367337962962964
684,00:00:11.383,6.952867155349794,35.980873842592594,3.7032600308641976,9.036788194444444,8.118553240740741
685,00:00:11.400,6.065668724279835,34.123958333333334,3.1656269290123458,7.635765817901235,7.395613425925926
686,00:00:11.417,6.523993055555555,35.042824074074076,3.304523533950617,8.256186342592592,8.011269290123456
687,00:00:11.433,0.0399266975308642,0.3148148148148148,0.024957561728395063,0.03360532407407407,0.061217206790123456
688,00:00:11.450,6.918694058641975,36.48015046296296,3.6775945216049384,8.483533950617284,8.594953703703704
689,00:00:11.467,0.033935185185185186,0.16527777777777777,0.027706404320987654,0.026122685185185186,0.047976466049382716
690,00:00:11.483,6.965874485596707,38.051765046296296,4.0190123456790126,8.395127314814815,8.483483796296296
691,00:00:11.500,8.946734825102881,36.98778935185185,7.415289351851852,8.21884837962963,11.20606674382716
692,00:00:11.517,4.8400417952674895,30.76724537037037,2.437337962962963,6.157474922839506,5.9253125
693,00:00:11.533,0.01696116255144033,0.22725694444444444,0.00951195987654321,0.01584104938271605,0.02553047839506173
694,00:00:11.550,5.879287551440329,33.35167824074074,3.0377970679012347,7.6529996141975305,6.947065972222222
695,00:00:11.567,4.618479938271605,28.10509259259259,2.308244598765432,5.711437114197531,5.835758101851852
696,00:00:11.583,5.417977752057613,32.338368055555556,2.7632523148148147,6.9330999228395065,6.557581018518518
697,00:00:11.600,4.357381687242799,27.471527777777776,2.1662750771604937,5.4576620370370375,5.4482079475308645
698,00:00:11.617,5.311830632716049,32.60989583333333,2.6522125771604936,6.906822916666667,6.3764564043209875
699,00:00:11.633,4.516451260288066,27.24574652777778,2.2676890432098764,5.682239583333334,5.599425154320988
700,00:00:11.650,5.996896862139917,34.752112268518516,3.141844135802469,7.807592592592592,7.0412538580246915
701,00:00:11.667,6.002775205761317,35.28680555555555,3.299658564814815,7.68589313271605,7.022773919753086
702,00:00:11.683,6.710547196502058,36.624276620370374,3.9022260802469138,8.575750385802468,7.65366512345679
703,00:00:11.700,6.434007844650206,34.473697916666666,3.8455922067901236,7.997121913580247,7.459309413580247
704,00:00:11.717,5.955019933127573,34.309895833333336,3.634849537037037,7.332347608024691,6.8978626543209876
705,00:00:11.733,6.044779449588478,33.46383101851852,3.757204861111111,7.36061149691358,7.016521990740741
706,00:00:11.750,6.242215149176954,33.960648148148145,3.9211554783950615,7.537523148148148,7.267966820987654
707,00:00:11.767,5.756226851851852,33.05653935185185,3.6985127314814816,6.805740740740741,6.7644270833333335
708,00:00:11.783,5.939059284979424,34.3197337962963,3.9957600308641976,6.943859953703703,6.877557870370371
709,00:00:11.800,5.4822923096707825,32.665480324074075,3.8775887345679014,6.310316358024691,6.258971836419753
710,00:00:11.817,5.555241126543209,33.02407407407407,3.9630304783950616,6.348070987654321,6.354621913580247
711,00:00:11.833,4.921851208847737,28.53550347222222,3.4718016975308643,5.493458719135803,5.800293209876544
712,00:00:11.850,5.671583076131687,33.79782986111111,4.104787808641976,6.4299382716049385,6.480023148148148
713,00:00:11.867,4.576284079218107,25.26142939814815,3.308780864197531,5.033464506172839,5.386606867283951
714,00:00:11.883,5.646185056584362,31.79186921296296,4.146469907407408,6.34242862654321,6.449656635802469
715,00:00:11.900,4.281976594650206,21.700578703703705,3.112092978395062,4.6545447530864195,5.079292052469135
716,00:00:11.917,5.215278420781893,28.071643518518517,3.862770061728395,5.853940972222222,5.929124228395062
717,00:00:11.933,4.447874228395062,22.711921296296296,3.3616994598765433,4.839978780864198,5.141944444444444
718,00:00:11.950,0.04366126543209877,0.4741898148148148,0.035032793209876546,0.03538773148148148,0.060563271604938275
719,00:00:11.967,4.377918595679012,21.137847222222224,3.3465605709876542,4.82820987654321,4.958985339506173
720,00:00:11.983,3.651837062757201,16.926707175925927,2.7707851080246915,4.01694637345679,4.167779706790124
721,00:00:12.000,9.07043788580247,35.9798900462963,7.778443287037037,8.85792438271605,10.57494598765432
722,00:00:12.017,4.78877829218107,25.766116898148148,3.047667824074074,6.137401620370371,5.1812654320987654
723,00:00:12.033,6.178750643004115,33.82144097222222,4.139967206790123,8.02832175925926,6.367962962962963
724,00:00:12.050,5.237794495884773,27.756336805555556,3.4481983024691356,6.579072145061728,5.686113040123457
725,00:00:12.067,5.426219778806584,28.95853587962963,3.737067901234568,6.576460262345679,5.965131172839506
726,00:00:12.083,4.41426183127572,23.922482638888887,3.0869618055555557,5.093730709876543,5.062092978395062
727,00:00:12.100,5.677783564814814,31.40720486111111,4.015179398148148,6.872851080246914,6.145320216049383
728,00:00:12.117,4.545142103909465,23.98839699074074,3.0161516203703704,5.428697916666667,5.190576774691358
729,00:00:12.133,5.986430684156379,31.18142361111111,4.100628858024692,7.4746855709876545,6.38397762345679
730,00:00:12.150,5.245592206790124,27.573350694444443,3.6065470679012344,6.300133101851852,5.830096450617284
731,00:00:12.167,3.9584188528806585,20.530844907407406,2.6651774691358026,4.487586805555556,4.722492283950618
732,00:00:12.183,5.54271154835391,29.758362268518518,3.8920659722222224,6.528329475308642,6.207739197530864
733,00:00:12.200,4.138536522633745,22.102459490740742,2.7783584104938273,4.648337191358024,4.988913966049383
734,00:00:12.217,5.364526748971194,30.312239583333334,3.7123746141975307,6.202264660493827,6.178940972222223
735,00:00:12.233,5.117835648148148,28.388425925925926,3.599058641975309,5.7591473765432095,5.995300925925926
736,00:00:12.250,5.120558127572017,25.85072337962963,3.5700925925925926,5.7580632716049385,6.033518518518519
737,00:00:12.267,4.993291538065844,24.731655092592593,3.4359355709876542,5.4969425154320986,6.046996527777778
738,00:00:12.283,0.05253922325102881,0.44418402777777777,0.0447337962962963,0.0401195987654321,0.07276427469135803
739,00:00:12.300,6.018582818930041,32.841579861111114,4.256811342592592,6.951552854938272,6.847384259259259
740,00:00:12.317,4.064362139917695,19.91154513888889,2.7831867283950618,4.430208333333334,4.9796913580246915
741,00:00:12.333,6.3774311985596706,32.588744212962965,4.662851080246914,7.284396219135802,7.185046296296297
742,00:00:12.350,5.787469778806585,28.211834490740742,4.371097608024692,6.322168209876543,6.669143518518519
743,00:00:12.367,5.306454475308642,23.915104166666666,4.02147762345679,5.805680941358025,6.092204861111111
744,00:00:12.383,6.273281249999999,29.24334490740741,4.865163966049383,7.041533564814815,6.913146219135802
745,00:00:12.400,5.07312628600823,22.670109953703705,3.857721836419753,5.481072530864197,5.88058449074074
746,00:00:12.417,6.218964763374486,27.665335648148147,5.038337191358025,6.680962577160494,6.937594521604939
747,00:00:12.433,5.417568801440329,23.835908564814815,4.373223379629629,5.745135030864198,6.13434799382716
748,00:00:12.450,5.499315843621399,23.13888888888889,4.491728395061728,5.836203703703704,6.170015432098765
749,00:00:12.467,5.306804269547325,21.81273148148148,4.404693287037037,5.570841049382716,5.944878472222222
750,00:00:12.483,4.420265560699588,17.322685185185186,3.619573688271605,4.578364197530864,5.062858796296296
751,00:00:12.500,6.49288387345679,11.775549768518518,8.104969135802468,2.711766975308642,8.66191550925926
752,00:00:12.517,6.279854681069959,22.961805555555557,5.69445987654321,6.689573688271605,6.455530478395062
753,00:00:12.533,6.164265046296296,22.382841435185185,5.612907021604938,6.403520447530864,6.4763676697530865
754,00:00:12.550,5.158734567901234,18.24646990740741,4.574280478395062,5.421712962962963,5.480210262345679
755,00:00:12.567,6.529610982510288,22.654369212962962,5.992046682098765,6.84693287037037,6.749853395061728
756,00:00:12.583,6.40387924382716,23.45419560185185,5.866332947530864,6.705916280864198,6.63938850308642
757,00:00:12.600,6.543324974279835,23.693258101851853,6.175609567901234,6.853350694444444,6.601014660493827
758,00:00:12.617,5.834844393004116,20.20028935185185,5.430823688271605,6.185497685185185,5.888211805555556
759,00:00:12.633,7.6317328960905355,27.44988425925926,7.352318672839506,8.194060570987654,7.348819444444445
760,00:00:12.650,6.6421186985596705,22.618952546296295,6.368342978395062,7.159677854938272,6.398335262345679
761,00:00:12.667,7.431141332304527,25.65740740740741,7.168447145061728,8.114863040123456,7.010113811728395
762,00:00:12.683,6.731332947530864,23.613078703703703,6.393562885802469,7.383173225308642,6.417262731481482
763,00:00:12.700,6.546044881687243,20.781712962962963,6.389618055555555,7.137469135802469,6.111047453703704
764,00:00:12.717,5.050842335390946,14.252256944444444,5.008614969135802,5.290439814814815,4.853472222222222
765,00:00:12.733,6.954354423868312,20.335069444444443,7.769537037037037,6.920877700617284,6.172648533950618
766,00:00:12.750,6.030542695473251,17.762934027777778,6.439907407407407,6.180842978395062,5.470877700617284
767,00:00:12.767,5.925118312757202,18.13431712962963,6.504085648148148,5.912779706790124,5.358489583333333
768,00:00:12.783,5.958056198559671,17.983796296296298,6.870206404320988,5.7097395833333335,5.2942226080246915
769,00:00:12.800,0.07989326131687242,0.37236689814814816,0.10905671296296296,0.05084297839506173,0.0797800925925926
770,00:00:12.817,5.872824717078188,17.673408564814814,6.798780864197531,5.585434027777778,5.234259259259259
771,00:00:12.833,6.638315972222222,21.172280092592594,7.4039621913580245,6.563016975308642,5.94796875
772,00:00:12.850,7.275042438271605,23.364178240740742,7.77595100308642,7.544743441358024,6.50443287037037
773,00:00:12.867,7.1003710133744855,22.48515625,7.779770447530864,7.144297839506173,6.37704475308642
774,00:00:12.883,0.07427919238683127,0.37581018518518516,0.09925154320987654,0.04498456790123457,0.07860146604938271
775,00:00:12.900,6.810380658436213,22.20625,7.58558449074074,6.601533564814815,6.2440239197530865
776,00:00:12.917,6.656813271604939,20.728096064814814,7.550038580246913,6.253013117283951,6.16738811728395
777,00:00:12.933,5.756386959876544,16.83275462962963,6.354103009259259,5.486523919753086,5.428533950617284
778,00:00:12.950,6.9790715020576135,22.75324074074074,7.969521604938271,6.5707253086419755,6.396967592592593
779,00:00:12.967,6.441623585390946,20.268663194444443,7.274886188271605,6.045790895061728,6.004193672839506
780,00:00:12.983,5.05999871399177,13.624594907407408,5.611265432098765,4.6812962962962965,4.887434413580247
781,00:00:13.000,11.57474279835391,24.635734953703704,15.551699459876543,8.188715277777778,10.983813657407408
782,00:00:13.017,5.931643518518519,16.47907986111111,6.476304012345679,5.831712962962963,5.486913580246914
783,00:00:13.033,4.627348894032921,12.088888888888889,4.459797453703704,4.931894290123457,4.490354938271605
784,00:00:13.050,3.928959619341564,11.065248842592593,3.66850887345679,4.215740740740741,3.9026292438271604
785,00:00:13.067,5.119146733539094,13.548350694444444,4.961766975308642,5.493096064814814,4.902577160493827
786,00:00:13.083,5.032676826131688,13.608362268518519,5.0078356481481485,5.350264274691358,4.7399305555555555
787,00:00:13.100,7.06089570473251,19.03399884259259,7.860842978395062,7.09815200617284,6.2236921296296295
788,00:00:13.117,4.870884773662552,12.422887731481481,5.063452932098765,5.0108699845679014,4.538331404320988
789,00:00:13.133,5.171752829218106,13.966956018518518,5.296423611111111,5.405459104938272,4.813375771604938
790,00:00:13.150,3.982121913580247,11.978703703703705,3.850522762345679,4.205129243827161,3.890713734567901
791,00:00:13.167,5.618423353909464,18.34976851851852,5.711425540123456,5.862021604938271,5.281822916666667
792,00:00:13.183,4.3284098508230455,13.593113425925926,4.1905883487654325,4.5380671296296295,4.2565740740740745
793,00:00:13.200,0.06192579732510287,0.766869212962963,0.06800733024691358,0.046550925925925926,0.07121913580246914
794,00:00:13.217,6.015798611111111,18.183998842592594,6.519905478395062,5.95429012345679,5.573200231481482
795,00:00:13.233,4.334989711934156,12.729340277777778,4.433815586419753,4.381288580246913,4.189864969135803
796,00:00:13.250,5.949319701646091,16.96064814814815,6.659284336419753,5.606736111111111,5.581938657407408
797,00:00:13.267,5.787222222222222,16.40234375,6.599297839506173,5.386313657407407,5.376055169753086
798,00:00:13.283,5.505974794238683,14.793836805555555,6.194483024691358,5.1601331018518515,5.163308256172839
799,00:00:13.300,5.22761445473251,14.375231481481482,5.915798611111111,4.844135802469136,4.922908950617284
800,00:00:13.317,6.760812114197531,19.48113425925926,8.209876543209877,6.024454089506173,6.048105709876543
801,00:00:13.333,0.06469135802469135,0.2857928240740741,0.09030092592592592,0.0373533950617284,0.06641975308641976
802,00:00:13.350,5.141042952674898,12.922164351851851,6.025873842592593,4.588337191358025,4.808917824074074
803,00:00:13.367,10.107492926954732,27.341666666666665,12.84016010802469,9.432739197530864,8.049579475308642
804,00:00:13.383,3.570545910493827,13.493258101851852,2.646591435185185,4.362590663580247,3.7024556327160494
805,00:00:13.400,3.874661136831276,15.127835648148148,3.015229552469136,4.583194444444445,4.025559413580247
806,00:00:13.417,3.760655221193416,14.48984375,2.923912037037037,4.450196759259259,3.9078568672839507
807,00:00:13.433,3.276152906378601,11.358912037037037,2.5438966049382716,3.8490760030864197,3.435486111111111
808,00:00:13.450,3.50092271090535,12.576359953703705,2.5079050925925928,4.235219907407408,3.7596431327160493
809,00:00:13.467,4.435855195473251,16.17361111111111,3.5630034722222224,5.1367418981481485,4.607820216049383
810,00:00:13.483,3.502876157407407,12.31712962962963,2.4763560956790123,4.266033950617284,3.766238425925926
811,00:00:13.500,8.967844007201647,17.880497685185187,10.523626543209877,6.560038580246913,9.819866898148149
812,00:00:13.517,0.007804783950617285,0.044270833333333336,0.010198688271604939,0.00519483024691358,0.008020833333333333
813,00:00:13.533,3.933467721193416,12.140538194444444,2.9711323302469137,4.832650462962963,3.9966203703703704
814,00:00:13.550,4.266338091563786,13.47800925925926,3.3478125,5.130842978395061,4.320358796296296
815,00:00:13.567,4.334819958847736,13.56261574074074,3.4806346450617283,5.068640046296296,4.455185185185186
816,00:00:13.583,4.258176440329218,12.013136574074075,3.511315586419753,4.682949459876543,4.580264274691358
817,00:00:13.600,5.053321759259259,15.586284722222222,4.4660821759259255,5.616643518518519,5.077239583333333
818,00:00:13.617,3.712098122427984,12.251215277777778,3.0708584104938272,4.224704861111111,3.840731095679012
819,00:00:13.633,4.885357510288066,16.053096064814813,4.270565200617284,5.468148148148148,4.917359182098766
820,00:00:13.650,4.032581018518519,12.866579861111111,3.3130304783950617,4.591354166666667,4.193358410493827
821,00:00:13.667,4.678808513374485,13.650665509259259,3.9988252314814816,5.265349151234568,4.772251157407408
822,00:00:13.683,4.480904063786008,15.26261574074074,3.696435185185185,5.150081018518518,4.596195987654321
823,00:00:13.700,4.380605066872428,14.46574074074074,3.6327719907407405,5.038942901234568,4.4701003086419755
824,00:00:13.717,4.559698431069958,14.853356481481482,3.914550540123457,5.187945601851852,4.576599151234568
825,00:00:13.733,3.6975765174897126,11.013599537037036,3.067474922839506,4.229697145061729,3.7955574845679014
826,00:00:13.750,4.559468235596707,13.987615740740742,3.8678125,5.240100308641975,4.570491898148148
827,00:00:13.767,4.229002700617284,13.674276620370371,3.572934027777778,4.901988811728395,4.212085262345679
828,00:00:13.783,0.06553176440329218,0.23463541666666668,0.06826195987654321,0.04902199074074074,0.07931134259259259
829,00:00:13.800,4.453754501028807,14.165190972222222,3.8534413580246913,5.066327160493827,4.4414949845679015
830,00:00:13.817,3.5454031635802465,12.086921296296296,2.9322627314814813,4.015731095679012,3.6882156635802468
831,00:00:13.833,4.717243441358025,15.10373263888889,4.225426311728395,5.251286651234568,4.675017361111111
832,00:00:13.850,4.352810570987654,13.619675925925925,3.837536651234568,4.788956404320988,4.431938657407407
833,00:00:13.867,4.1016730967078185,12.78443287037037,3.646772762345679,4.487636959876543,4.170609567901234
834,00:00:13.883,3.7771720679012346,11.551244212962963,3.3745273919753087,4.047569444444444,3.9094193672839506
835,00:00:13.900,4.702056327160494,15.043229166666666,4.306122685185185,4.994872685185185,4.805173611111111
836,00:00:13.917,3.7061104681069956,10.932928240740742,3.28734375,3.951087962962963,3.8798996913580246
837,00:00:13.933,5.295936213991769,16.451533564814813,4.824128086419753,5.580881558641975,5.48279899691358
838,00:00:13.950,4.177990612139918,12.678182870370371,3.789849537037037,4.30122299382716,4.442899305555556
839,00:00:13.967,4.752923096707819,15.142100694444444,4.414876543209877,4.844990354938272,4.998902391975308
840,00:00:13.983,4.845971579218108,14.693489583333333,4.598393132716049,4.83282600308642,5.106695601851852
841,00:00:14.000,9.566836419753086,18.013310185185187,11.810380015432099,6.2310281635802465,10.659101080246913
842,00:00:14.017,5.27181970164609,15.882407407407408,5.2153626543209874,5.334021990740741,5.266074459876543
843,00:00:14.033,4.904949202674897,15.370341435185185,4.800958719135802,4.943265817901235,4.970623070987655
844,00:00:14.050,4.7483108281893,15.180960648148147,4.604411651234568,4.747310956790123,4.89320987654321
845,00:00:14.067,5.186752186213992,16.11261574074074,5.117550154320988,5.15220100308642,5.290505401234568
846,00:00:14.083,4.547040895061728,12.613252314814815,4.448842592592593,4.396936728395062,4.795343364197531
847,00:00:14.100,5.488545524691358,15.670399305555556,5.783827160493827,5.1510898919753085,5.530719521604938
848,00:00:14.117,4.798328832304527,13.143518518518519,4.858219521604938,4.52943287037037,5.007334104938272
849,00:00:14.133,0.03092013888888889,0.10182291666666667,0.026550925925925926,0.02310763888888889,0.04310185185185185
850,00:00:14.150,7.222587448559671,22.428096064814813,7.366089891975308,7.22924575617284,7.072426697530864
851,00:00:14.167,0.05787808641975308,0.39499421296296294,0.05411844135802469,0.03998070987654321,0.07953510802469135
852,00:00:14.183,4.6985757458847734,12.267939814814815,4.435812114197531,4.6825983796296295,4.977316743827161
853,00:00:14.200,5.536511702674897,14.936487268518519,5.192527006172839,5.55460262345679,5.862405478395062
854,00:00:14.217,5.487264017489712,14.99994212962963,4.928292824074074,5.680848765432099,5.852650462962963
855,00:00:14.233,4.783564171810699,11.84392361111111,4.199386574074074,4.865792824074074,5.2855131172839505
856,00:00:14.250,5.203045910493827,13.937934027777779,4.597318672839506,5.3353973765432094,5.676421682098765
857,00:00:14.267,4.154770447530864,10.707638888888889,3.4179803240740743,4.3290547839506175,4.717276234567901
858,00:00:14.283,5.163930684156379,13.973842592592593,4.1849035493827165,5.316518132716049,5.99037037037037
859,00:00:14.300,3.4371579218107,8.55558449074074,2.6689621913580246,3.596772762345679,4.045738811728395
860,00:00:14.317,5.525434670781894,15.021585648148148,4.555630787037037,5.667156635802469,6.353516589506173
861,00:00:14.333,4.228998842592593,11.901475694444445,3.3772569444444445,4.386952160493827,4.922787422839506
862,00:00:14.350,4.942291023662551,14.45787037037037,4.09447337962963,5.135686728395061,5.596712962962963
863,00:00:14.367,4.0689216820987655,12.01166087962963,3.0329726080246915,4.453377700617284,4.720414737654321
864,00:00:14.383,4.438375128600823,12.783940972222222,3.3070389660493826,4.87717399691358,5.130912422839506
865,00:00:14.400,4.17745949074074,11.513368055555556,2.955949074074074,4.682262731481481,4.894166666666667
866,00:00:14.417,4.477628600823045,12.339265046296296,3.2256693672839507,4.992766203703703,5.214450231481481
867,00:00:14.433,0.07366448045267489,0.3679398148148148,0.06929976851851852,0.04998263888888889,0.10171103395061729
868,00:00:14.450,4.042321244855967,10.891608796296296,2.7699247685185187,4.611016589506173,4.74602237654321
869,00:00:14.467,4.574619341563786,13.12728587962963,3.1767264660493826,5.206757330246914,5.340374228395062
870,00:00:14.483,3.8615129886831276,10.147858796296296,2.5648263888888887,4.365607638888889,4.654104938271605
871,00:00:14.500,9.774504886831275,17.813107638888887,10.712148919753087,6.941531635802469,11.669834104938271
872,00:00:14.517,4.481095036008231,11.830642361111112,3.1508429783950618,5.120167824074074,5.172274305555556
873,00:00:14.533,4.189504243827161,12.047569444444445,2.974176311728395,4.691749614197531,4.902586805555556
874,00:00:14.550,4.911887217078189,13.821846064814816,3.6924228395061727,5.31889274691358,5.724346064814815
875,00:00:14.567,4.288013117283951,12.288107638888889,3.2982175925925925,4.5823784722222225,4.983443287037037
876,00:00:14.583,5.786744470164609,18.056105324074075,4.708784722222222,6.051819058641975,6.5996296296296295
877,00:00:14.600,5.085668724279835,14.334403935185184,4.110115740740741,5.285758101851852,5.861132330246914
878,00:00:14.617,4.5926800411522635,11.917216435185185,3.8317611882716047,4.615430169753086,5.330848765432099
879,00:00:14.633,5.991484053497942,16.478096064814814,5.045744598765432,6.151140046296296,6.777567515432099
880,00:00:14.650,0.051436471193415635,0.43582175925925926,0.057978395061728395,0.033489583333333336,0.06284143518518519
881,00:00:14.667,5.518213091563786,13.684114583333333,4.638155864197531,5.576006944444444,6.340476466049383
882,00:00:14.683,5.580549768518519,13.11892361111111,4.841847993827161,5.4759375,6.4238638117283955
883,00:00:14.700,6.527253086419752,16.601070601851852,5.975578703703704,6.32515625,7.2810243055555555
884,00:00:14.717,8.357354681069959,21.33559027777778,8.117957175925927,8.502241512345678,8.451865354938272
885,00:00:14.733,5.2861638374485596,13.98515625,4.073888888888889,5.910960648148148,5.873641975308642
886,00:00:14.750,4.238747427983539,11.224131944444444,3.0909780092592594,4.862008101851852,4.763256172839506
887,00:00:14.767,4.69991512345679,13.189756944444444,3.496699459876543,5.344195601851852,5.258850308641975
888,00:00:14.783,4.007735339506173,10.9171875,2.882283950617284,4.599021990740741,4.541900077160494
889,00:00:14.800,4.582346965020577,12.31712962962963,3.4131211419753087,5.187582947530864,5.146336805555555
890,00:00:14.817,5.118112782921811,13.939901620370371,3.9170891203703704,5.830650077160493,5.606599151234568
891,00:00:14.833,4.198721064814815,10.734693287037038,3.1495524691358026,4.708263888888889,4.738346836419753
892,00:00:14.850,5.095223765432099,14.865653935185184,4.039056712962963,5.61649112654321,5.630123456790123
893,00:00:14.867,4.631657021604938,12.349594907407408,3.6047492283950615,5.073265817901235,5.216956018518519
894,00:00:14.883,0.055159465020576136,0.5450231481481481,0.05030092592592592,0.03982638888888889,0.07535108024691357
895,00:00:14.900,4.844506815843621,14.11009837962963,3.890877700617284,5.217625385802469,5.425017361111111
896,00:00:14.917,4.649616769547325,12.314178240740741,3.824741512345679,4.964905478395062,5.159203317901235
897,00:00:14.933,5.7995614711934165,22.24855324074074,4.407806712962963,6.217914737654321,6.772962962962963
898,00:00:14.950,5.240175540123457,17.355642361111112,4.106807484567901,5.38619212962963,6.227527006172839
899,00:00:14.967,4.990763888888889,16.199189814814815,3.925337577160494,5.222366898148148,5.824587191358025
900,00:00:14.983,5.6532831790123454,17.91935763888889,4.4927469135802465,5.885027006172839,6.582075617283951
901,00:00:15.000,9.594202031893005,19.234693287037036,10.053969907407408,6.77298225308642,11.955653935185186
902,00:00:15.017,5.25596450617284,14.149450231481481,4.436087962962963,5.615009645061728,5.716795910493827
903,00:00:15.033,6.296489197530864,18.02068865740741,5.425704089506173,6.650748456790123,6.813015046296297
904,00:00:15.050,4.978233024691359,12.663425925925926,4.253854166666667,5.180341435185185,5.500503472222222
905,00:00:15.067,5.836101466049382,17.254803240740742,4.965412808641975,6.086367669753087,6.456523919753087
906,00:00:15.083,0.05029192386831275,0.4677951388888889,0.05259645061728395,0.03423804012345679,0.06404128086419753
907,00:00:15.100,5.714597479423868,16.33101851851852,4.8755902777777775,5.938979552469136,6.329222608024692
908,00:00:15.117,5.617741769547325,15.87896412037037,4.744797453703704,5.849552469135802,6.258875385802469
909,00:00:15.133,5.043519804526749,13.811024305555556,4.1811188271604935,5.214020061728395,5.735420524691358
910,00:00:15.150,5.488822016460905,15.940451388888889,4.520547839506173,5.706467978395062,6.239450231481482
911,00:00:15.167,5.825405092592592,17.657175925925927,4.927449845679012,6.032712191358025,6.5160532407407405
912,00:00:15.183,4.994361496913581,13.280266203703704,4.178242669753087,5.082793209876543,5.722048611111111
913,00:00:15.200,5.694954346707818,16.337413194444444,4.740048225308642,5.892251157407407,6.452563657407407
914,00:00:15.217,5.535344007201647,16.91195023148148,4.5368865740740745,5.753497299382716,6.315648148148148
915,00:00:15.233,4.96241383744856,13.300925925925926,3.992121913580247,5.118568672839507,5.776550925925926
916,00:00:15.250,5.074536394032922,13.516377314814815,4.094164737654321,5.239452160493827,5.889992283950617
917,00:00:15.267,5.450122813786009,14.23454861111111,4.237212577160494,5.740354938271605,6.372800925925926
918,00:00:15.283,0.05375,0.23266782407407408,0.05166087962962963,0.03721257716049383,0.07237654320987655
919,00:00:15.300,6.580220550411522,17.33203125,4.8613078703703705,7.304949845679013,7.5744039351851855
920,00:00:15.317,4.935064300411523,12.220225694444444,3.458672839506173,5.442260802469136,5.904259259259259
921,00:00:15.333,4.526726466049383,11.17199074074074,3.1194695216049384,4.993881172839506,5.466828703703704
922,00:00:15.350,5.5852662037037035,15.893721064814814,3.9361574074074075,6.190785108024691,6.628856095679012
923,00:00:15.367,4.241728395061728,10.345601851851852,2.923234953703704,4.71323688271605,5.088713348765432
924,00:00:15.383,5.657095550411523,15.842563657407407,4.1114043209876545,6.271433256172839,6.588449074074074
925,00:00:15.400,4.868608539094651,14.704311342592593,3.416172839506173,5.406965663580247,5.782687114197531
926,00:00:15.417,4.683375771604939,13.552777777777777,3.203167438271605,5.22125,5.62570987654321
927,00:00:15.433,4.839678497942386,14.400810185185184,3.3722916666666665,5.35359375,5.793150077160494
928,00:00:15.450,4.1325591563786,11.535503472222222,2.7105208333333333,4.633940972222222,5.0532156635802465
929,00:00:15.467,5.522487139917696,16.422511574074075,3.948472222222222,6.0546547067901235,6.564334490740741
930,00:00:15.483,4.02160558127572,11.165104166666667,2.680102237654321,4.466668595679012,4.918045910493827
931,00:00:15.500,7.048707561728396,10.010619212962963,9.142490354938271,2.850750385802469,9.152881944444445
932,00:00:15.517,5.36056970164609,14.66495949074074,4.146332947530865,5.82319637345679,6.112179783950618
933,00:00:15.533,4.754133230452674,12.756886574074073,3.4641030092592593,5.298150077160494,5.500146604938272
934,00:00:15.550,4.687903163580247,13.058912037037038,3.368003472222222,5.173518518518518,5.5221875
935,00:00:15.567,4.700559413580247,12.478472222222223,3.3997087191358024,5.1813927469135805,5.520576774691358
936,00:00:15.583,4.255989583333332,10.934895833333334,2.9516435185185186,4.704554398148148,5.111770833333333
937,00:00:15.600,5.551015303497942,15.156857638888889,4.234319058641975,5.919496527777778,6.499230324074074
938,00:00:15.617,3.773970550411523,8.981568287037037,2.553564814814815,4.150318287037037,4.618028549382716
939,00:00:15.633,5.398906893004116,14.206510416666667,4.137183641975309,5.666666666666667,6.39287037037037
940,00:00:15.650,4.7082883230452675,11.725376157407407,3.3600019290123457,5.066957947530864,5.697905092592593
941,00:00:15.667,5.587908950617284,14.445572916666666,4.24153549382716,5.835625,6.686566358024692
942,00:00:15.683,3.8080954218107,9.807957175925926,2.603551311728395,4.108377700617284,4.71235725308642
943,00:00:15.700,6.073477366255144,17.04771412037037,4.745704089506173,6.277384259259259,7.19734375
944,00:00:15.717,4.668212448559671,12.437644675925926,3.4193653549382717,4.930424382716049,5.654847608024691
945,00:00:15.733,4.984111368312757,12.946267361111111,3.7503356481481482,5.140887345679013,6.061111111111111
946,00:00:15.750,5.8339981995884775,16.100810185185185,4.442824074074074,5.97063850308642,7.088532021604938
947,00:00:15.767,0.05193158436213991,0.42745949074074074,0.052856867283950615,0.03544753086419753,0.0674903549382716
948,00:00:15.783,5.1472492283950615,13.041203703703705,3.7785686728395063,5.34033950617284,6.32283950617284
949,00:00:15.800,7.129685570987654,19.10384837962963,5.564859182098766,7.339782021604938,8.484415509259259
950,00:00:15.817,0.060141460905349796,0.24447337962962962,0.05270640432098765,0.042528935185185184,0.08518904320987654
951,00:00:15.833,6.643310185185185,16.347251157407406,5.093429783950617,6.842787422839506,7.993713348765432
952,00:00:15.850,5.769041280864197,13.27288773148148,4.323333333333333,5.856446759259259,7.12734375
953,00:00:15.867,6.660215406378601,15.794849537037036,4.991714891975309,6.689104938271605,8.299826388888889
954,00:00:15.883,6.2198759002057615,13.50162037037037,4.457908950617284,6.2931944444444445,7.908524305555556
955,00:00:15.900,6.022907664609053,13.187297453703703,4.378641975308642,6.03464313271605,7.655437885802469
956,00:00:15.917,7.131738040123456,17.31284722222222,5.3576697530864195,7.002934027777778,9.034610339506173
957,00:00:15.933,6.4867065329218105,14.214380787037037,4.863809799382716,6.266261574074074,8.330048225308643
958,00:00:15.950,6.752001028806585,16.19771412037037,5.217802854938272,6.403589891975309,8.634610339506173
959,00:00:15.967,6.681410108024692,16.583854166666665,5.201375385802469,6.251736111111111,8.591118827160495
960,00:00:15.983,6.4844077932098765,15.206539351851852,5.078009259259259,6.002314814814815,8.372899305555556
961,00:00:16.000,10.964920910493825,19.732002314814814,11.037687114197531,7.622563657407407,14.234511959876544
962,00:00:16.017,6.161765046296296,12.549797453703704,4.886996527777778,5.5878047839506175,8.010493827160493
963,00:00:16.033,7.5845608281893,17.45697337962963,6.365842978395062,6.735206404320988,9.652633101851851
964,00:00:16.050,7.049285622427984,15.818952546296297,5.733786651234568,6.297023533950617,9.117046682098765
965,00:00:16.067,7.934506815843622,19.009895833333335,6.704868827160494,6.927332175925926,10.171319444444444
966,00:00:16.083,7.144620627572017,15.784519675925926,5.910117669753086,6.201402391975309,9.322341820987655
967,00:00:16.100,8.091628086419753,18.841666666666665,7.0966608796296295,6.848252314814815,10.329971064814815
968,00:00:16.117,7.529330632716049,17.410243055555554,6.522503858024692,6.369789737654321,9.695698302469136
969,00:00:16.133,8.244775591563785,19.529340277777777,7.226437114197531,6.915480324074074,10.592409336419752
970,00:00:16.150,7.838591820987655,17.139699074074073,6.918086419753086,6.494386574074074,10.103302469135803
971,00:00:16.167,0.06713863168724281,0.3359664351851852,0.06970100308641976,0.0390258487654321,0.09268904320987655
972,00:00:16.183,9.956925797325104,25.266840277777778,8.45644675925926,8.48236111111111,12.931969521604938
973,00:00:16.200,0.0681031378600823,0.19036458333333334,0.06598379629629629,0.042390046296296294,0.09593557098765432
974,00:00:16.217,8.310210262345679,19.65920138888889,7.0156577932098765,6.735243055555555,11.179729938271604
975,00:00:16.233,7.641987525720165,16.84259259259259,6.439849537037037,6.165050154320988,10.321062885802469
976,00:00:16.250,8.726425540123456,17.352690972222224,7.825734953703703,6.968657407407408,11.384884259259259
977,00:00:16.267,7.703136574074075,13.393402777777778,6.757457561728395,6.112930169753087,10.23902199074074
978,00:00:16.283,8.535422453703704,16.00882523148148,7.398288966049383,6.857438271604939,11.35054012345679
979,00:00:16.300,7.6717367541152255,14.777604166666666,6.242349537037037,6.331294367283951,10.44156635802469
980,00:00:16.317,8.594267618312758,17.256278935185186,6.766510416666667,7.353273533950618,11.663018904320987
981,00:00:16.333,7.616750900205761,14.385069444444444,5.426994598765432,6.680821759259259,10.742436342592592
982,00:00:16.350,7.449084362139918,14.25078125,5.142245370370371,6.638940972222223,10.566066743827161
983,00:00:16.367,7.814400077160495,16.81357060185185,5.1525135030864195,7.024259259259259,11.266427469135802
984,00:00:16.383,0.06281957304526749,0.26070601851851855,0.04790895061728395,0.04364390432098766,0.09690586419753086
985,00:00:16.400,7.456896219135802,16.004398148148148,4.84279899691358,6.721913580246913,10.805976080246914
986,00:00:16.417,8.300331790123456,20.32769097222222,5.441020447530864,7.54051311728395,11.919461805555555
987,00:00:16.433,6.717310313786008,14.825318287037037,4.278748070987654,6.01474537037037,9.8584375
988,00:00:16.450,7.789623842592593,18.462413194444444,5.074866898148148,6.922224151234568,11.371780478395062
989,00:00:16.467,3.6565271347736625,8.045486111111112,2.223709490740741,3.270515046296296,5.475356867283951
990,00:00:16.483,8.050714377572016,19.230266203703703,5.237964891975309,7.286979166666667,11.627199074074074
991,00:00:16.500,11.899972993827161,24.030208333333334,9.971113040123457,8.788915895061729,16.939890046296295
992,00:00:16.517,8.056251929012346,19.030063657407407,5.402206790123457,7.405048225308642,11.361500771604938
993,00:00:16.533,6.621757973251029,16.325115740740742,4.264448302469136,6.143165509259259,9.457660108024692
994,00:00:16.550,8.07144675925926,20.84615162037037,5.407480709876543,7.436608796296296,11.370250771604939
995,00:00:16.567,7.3649492026748975,19.59279513888889,4.914282407407407,6.769685570987654,10.41087962962963
996,00:00:16.583,5.983321759259259,14.46328125,3.8275925925925924,5.574141589506173,8.548231095679013
997,00:00:16.600,7.490458461934156,19.672482638888887,4.767964891975309,7.007943672839506,10.695466820987654
998,00:00:16.617,6.563078703703703,17.259722222222223,4.100746527777778,6.091900077160494,9.496589506172839
999,00:00:16.633,6.759222608024692,18.836255787037036,4.182808641975309,6.263572530864198,9.831286651234567
1000,00:00:16.650,0.07134130658436214,0.21004050925925927,0.05918981481481481,0.04417631172839506,0.11065779320987654
1001,00:00:16.667,6.419701646090535,18.009375,3.919261188271605,5.90132137345679,9.43852237654321
1002,00:00:16.683,7.047364326131688,21.658275462962962,4.377405478395062,6.370308641975309,10.394378858024691
1003,00:00:16.700,6.439616769547325,20.414756944444445,4.039884259259259,5.671199845679013,9.607766203703704
1004,00:00:16.717,6.342056327160495,19.838252314814813,3.9732368827160496,5.53674575617284,9.516186342592592
1005,00:00:16.733,7.29668788580247,23.9859375,4.339598765432099,6.385461033950618,11.165003858024692
1006,00:00:16.750,8.021282793209876,29.018055555555556,4.7994714506172835,6.966467978395062,12.297908950617284
1007,00:00:16.767,8.558581532921812,32.76631944444444,5.309110725308642,7.302139274691358,13.064494598765432
1008,00:00:16.783,7.756630015432099,28.763252314814814,4.77679012345679,6.50110725308642,11.991992669753087
1009,00:00:16.800,7.299392361111113,25.887615740740742,4.50151813271605,5.987256944444445,11.40940200617284
1010,00:00:16.817,0.06406828703703703,0.2410300925925926,0.04706983024691358,0.039247685185185184,0.10588734567901234
1011,00:00:16.833,7.816498842592591,27.73666087962963,4.882283950617284,6.399891975308642,12.167320601851852
1012,00:00:16.850,7.249650848765433,24.873813657407407,4.568937114197531,5.8583641975308645,11.321651234567902
1013,00:00:16.867,8.163620113168724,26.795659722222222,5.5086863425925925,6.575360725308642,12.406813271604939
1014,00:00:16.883,7.16244341563786,21.01388888888889,4.847554012345679,5.798709490740741,10.841066743827161
1015,00:00:16.900,7.894612268518518,21.750260416666666,5.430067515432099,6.432249228395062,11.821520061728394
1016,00:00:16.917,7.913831661522633,20.326215277777777,5.684373070987655,6.356300154320988,11.70082175925926
1017,00:00:16.933,7.89136316872428,18.828877314814815,5.896614583333333,6.346481481481481,11.430993441358025
1018,00:00:16.950,7.057401620370371,15.959635416666666,5.251525848765432,5.672914737654321,10.247764274691358
1019,00:00:16.967,7.498641332304526,17.251851851851853,5.723452932098765,6.113287037037037,10.659184027777778
1020,00:00:16.983,5.945377443415638,12.967418981481481,4.43987075617284,4.6902334104938275,8.706028163580246
1021,00:00:17.000,10.98032471707819,17.05066550925926,10.419338348765432,6.897851080246913,15.623784722222222
1022,00:00:17.017,7.633432355967078,15.046672453703703,6.204299768518519,6.06110725308642,10.634890046296297
1023,00:00:17.033,7.127105195473251,13.045630787037037,5.807619598765432,5.541140046296296,10.032555941358025
1024,00:00:17.050,6.716116898148148,11.362847222222221,5.5025964506172835,5.151462191358025,9.494292052469136
1025,00:00:17.067,0.19335905349794236,0.8514756944444445,0.15576967592592592,0.12379822530864197,0.30050925925925925
1026,00:00:17.083,7.162044110082305,12.299421296296297,5.908653549382716,5.475187114197531,10.102291666666666
1027,00:00:17.100,7.191598508230452,12.66785300925926,5.894405864197531,5.488204089506173,10.192185570987654
1028,00:00:17.117,7.190471322016461,13.343229166666667,5.800997299382716,5.528915895061728,10.241500771604938
1029,00:00:17.133,7.268303755144032,13.585734953703703,5.787621527777778,5.692220293209877,10.325069444444445
1030,00:00:17.150,7.052906378600824,14.621672453703704,5.618686342592593,5.4434355709876545,10.096597222222222
1031,00:00:17.167,6.991882716049383,15.841087962962963,5.499972993827161,5.4066936728395065,10.068981481481481
1032,00:00:17.183,7.271369598765432,17.86574074074074,5.552581018518518,5.710009645061729,10.55151813271605
1033,00:00:17.200,6.828149434156377,17.41171875,5.175412808641975,5.328107638888889,9.98092785493827
1034,00:00:17.217,7.403204089506172,19.161400462962963,5.682613811728395,5.796134259259259,10.730864197530865
1035,00:00:17.233,6.477477494855967,15.692042824074074,4.9703433641975305,4.899000771604938,9.563088348765431
1036,00:00:17.250,7.943124356995885,18.02806712962963,7.0181153549382715,5.918371913580247,10.892885802469136
1037,00:00:17.267,7.218951260288065,17.200694444444444,6.601001157407407,5.2497897376543206,9.806062885802469
1038,00:00:17.283,6.267110982510289,16.331510416666667,5.857712191358025,4.4116435185185185,8.53197723765432
1039,00:00:17.300,7.26224408436214,18.191377314814815,7.074158950617284,5.228715277777778,9.483858024691358
1040,00:00:17.317,0.07153485082304527,0.4446759259259259,0.07187307098765432,0.04083912037037037,0.10189236111111111
1041,00:00:17.333,6.770596064814815,16.78504050925926,6.607698688271605,4.887953317901235,8.816136188271605
1042,00:00:17.350,6.441084747942387,16.81750578703704,6.320513117283951,4.678680555555555,8.324060570987655
1043,00:00:17.367,6.487979038065844,19.035474537037036,5.975113811728395,5.024822530864197,8.464000771604939
1044,00:00:17.383,5.551484053497943,15.78599537037037,4.828954475308642,4.449936342592593,7.375561342592593
1045,00:00:17.400,5.798750000000001,18.5140625,4.594523533950618,4.970416666666667,7.831309799382716
1046,00:00:17.417,4.740911779835391,12.753935185185185,3.4508661265432097,4.199120370370371,6.572748842592593
1047,00:00:17.433,5.84725758744856,16.546469907407406,4.347104552469136,5.433516589506173,7.76115162037037
1048,00:00:17.450,4.562600308641976,13.618200231481481,3.1347337962962962,4.300941358024692,6.2521257716049385
1049,00:00:17.467,4.8102430555555555,15.609895833333333,3.236616512345679,4.580916280864198,6.61319637345679
1050,00:00:17.483,4.523248456790124,14.271440972222223,3.100653935185185,4.242083333333333,6.227008101851852
1051,00:00:17.500,9.236322016460905,17.44910300925926,9.413751929012346,5.907748842592593,12.387465277777778
1052,00:00:17.517,3.9430182613168725,10.658449074074074,2.26070987654321,3.9270061728395063,5.641338734567901
1053,00:00:17.533,4.7471077674897115,13.580324074074074,2.934621913580247,4.695966435185185,6.6107349537037035
1054,00:00:17.550,3.9941171553497945,10.687962962962963,2.418204089506173,3.942901234567901,5.621246141975309
1055,00:00:17.567,4.459551183127572,12.144965277777779,2.6770582561728395,4.4040489969135805,6.2975462962962965
1056,00:00:17.583,4.347789351851852,11.457783564814815,2.7798804012345677,4.1170177469135805,6.146469907407408
1057,00:00:17.600,5.052408050411523,12.768200231481481,3.2907831790123456,4.785983796296296,7.080457175925926
1058,00:00:17.617,4.382506430041152,10.330844907407407,2.7594579475308643,4.134971064814815,6.253090277777778
1059,00:00:17.633,5.789989711934157,14.464265046296296,3.843917824074074,5.490956790123457,8.035094521604938
1060,00:00:17.650,0.06318737139917696,0.42844328703703705,0.05431520061728395,0.044021990740740743,0.09122492283950617
1061,00:00:17.667,5.151545138888888,13.273871527777779,3.2657310956790124,4.952496141975309,7.236408179012345
1062,00:00:17.683,5.308204089506173,13.098755787037037,3.579668209876543,4.995445601851852,7.349498456790124
1063,00:00:17.700,4.7001485339506175,11.564525462962964,3.0607889660493828,4.451942515432099,6.587714120370371
1064,00:00:17.717,5.596297582304527,15.937991898148148,3.8267592592592594,5.324168595679012,7.637964891975309
1065,00:00:17.733,4.490634002057614,11.682089120370371,3.0078491512345678,4.239855324074074,6.224197530864197
1066,00:00:17.750,6.406683384773662,17.2921875,4.779477237654321,5.850187114197531,8.590385802469136
1067,00:00:17.767,4.655455889917696,11.689467592592592,3.2435976080246913,4.284238040123457,6.438532021604939
1068,00:00:17.783,6.18210262345679,16.106712962962963,4.736539351851852,5.682193287037037,8.127575231481481
1069,00:00:17.800,5.440551697530864,13.52326388888889,4.101884645061729,4.9879899691358025,7.231780478395062
1070,00:00:17.817,5.432919881687243,14.297511574074074,4.1779320987654325,4.940017361111111,7.1808101851851855
1071,00:00:17.833,5.8026022376543205,16.391030092592594,4.4761188271604935,5.286807484567901,7.644880401234568
1072,00:00:17.850,5.825061085390947,15.801244212962963,4.586086033950617,5.248144290123457,7.640952932098766
1073,00:00:17.867,5.759731224279836,15.720572916666667,4.715746527777778,5.088312114197531,7.475135030864197
1074,00:00:17.883,6.7159670781893,18.762471064814815,5.887210648148148,5.835219907407407,8.425470679012346
1075,00:00:17.900,5.508697273662552,14.576909722222222,5.116427469135802,4.6286149691358025,6.781049382716049
1076,00:00:17.917,0.048690200617283956,0.47074652777777776,0.038927469135802466,0.03587770061728395,0.07126543209876543
1077,00:00:17.933,8.57116383744856,24.78625578703704,8.605470679012345,7.321213348765432,9.786807484567902
1078,00:00:17.950,6.094529963991769,15.86863425925926,5.0789737654320986,5.460009645061729,7.7446064814814815
1079,00:00:17.967,5.428063914609052,12.934461805555555,4.634787808641975,4.695559413580247,6.953844521604938
1080,00:00:17.983,6.614336419753087,17.663078703703704,5.932903163580247,5.767316743827161,8.142789351851851
1081,00:00:18.000,10.844011702674896,20.310966435185186,12.16534336419753,6.813169367283951,13.55352237654321
1082,00:00:18.017,5.158971836419753,13.028414351851852,4.475163966049383,4.464548611111111,6.537202932098765
1083,00:00:18.033,6.531908436213992,16.25625,6.025127314814815,5.58404899691358,7.98654899691358
1084,00:00:18.050,6.059709362139917,15.066840277777779,5.593697916666667,5.156209490740741,7.429220679012346
1085,00:00:18.067,5.9628645833333325,15.254253472222222,5.451907793209877,5.0970254629629625,7.339660493827161
1086,00:00:18.083,5.718512731481482,15.861255787037036,5.178126929012346,4.8536014660493825,7.123809799382716
1087,00:00:18.100,6.681028806584362,17.431886574074074,6.289155092592592,5.631716820987655,8.12221450617284
1088,00:00:18.117,5.931877572016461,14.78498263888889,5.448425925925926,4.9850212191358025,7.362185570987655
1089,00:00:18.133,6.3646579218107,15.979311342592593,5.954481095679013,5.290277777777778,7.849214891975309
1090,00:00:18.150,6.715624356995885,18.109230324074073,6.494461805555556,5.444733796296297,8.207677469135803
1091,00:00:18.167,6.545263631687242,16.726012731481482,6.363134645061728,5.290358796296296,7.982297453703704
1092,00:00:18.183,6.671345164609053,17.276938657407406,6.448443287037037,5.451367669753086,8.114224537037037
1093,00:00:18.200,0.07326324588477366,0.43778935185185186,0.08017361111111111,0.04358024691358025,0.09603587962962963
1094,00:00:18.217,6.925944573045268,17.580439814814813,6.737611882716049,5.6506693672839505,8.389552469135802
1095,00:00:18.233,6.422935313786009,15.774681712962963,6.179839891975309,5.215416666666667,7.87354938271605
1096,00:00:18.250,7.468132073045268,19.399479166666666,7.48395061728395,6.031390817901235,8.889054783950618
1097,00:00:18.267,7.891161265432099,19.509664351851853,8.124672067901235,6.334606481481481,9.214205246913581
1098,00:00:18.283,7.118065843621399,15.633506944444445,7.32936149691358,5.616203703703704,8.408632330246913
1099,00:00:18.300,8.074212962962962,19.534751157407406,8.833310185185185,6.192683256172839,9.196645447530864
1100,00:00:18.317,7.021652520576132,15.815017361111112,7.791751543209877,5.108952546296297,8.164253472222223
1101,00:00:18.333,5.854522890946502,11.793258101851851,6.36596836419753,4.145196759259259,7.052403549382716
1102,00:00:18.350,0.1048881172839506,0.5086226851851852,0.11859760802469135,0.05827353395061728,0.1377932098765432
1103,00:00:18.367,0.051223636831275725,0.33203125,0.0598533950617284,0.027878086419753086,0.06593942901234567
1104,00:00:18.383,11.85182227366255,29.648177083333334,14.037033179012345,8.60326388888889,12.91516975308642
1105,00:00:18.400,8.888274176954733,18.488975694444445,10.120542052469135,6.4923167438271605,10.0519637345679
1106,00:00:18.417,8.281044881687242,16.159346064814816,9.388275462962962,5.978863811728395,9.47599537037037
1107,00:00:18.433,10.27545010288066,22.319386574074073,11.769182098765432,7.643468364197531,11.413699845679012
1108,00:00:18.450,6.827411265432098,12.590133101851851,7.6249112654320985,4.95248649691358,7.904836033950617
1109,00:00:18.467,10.502423482510288,25.20240162037037,12.005476466049382,8.247997685185185,11.253796296296295
1110,00:00:18.483,9.484248971193416,22.138859953703705,10.796967592592592,7.359963348765432,10.295815972222222
1111,00:00:18.500,12.141893004115225,21.696643518518517,15.856568287037037,6.934643132716049,13.634467592592593
1112,00:00:18.517,8.470575488683128,21.949971064814815,10.063547453703704,6.4350906635802465,8.913088348765433
1113,00:00:18.533,0.07350758744855966,0.3689236111111111,0.09932098765432099,0.040262345679012344,0.08093942901234567
1114,00:00:18.550,21.62873135288066,53.095486111111114,31.00170910493827,13.277098765432099,20.607386188271605
1115,00:00:18.567,8.958628472222221,18.669502314814814,10.89033950617284,6.512758487654321,9.472787422839506
1116,00:00:18.583,11.48345357510288,25.13353587962963,14.144702932098765,8.407035108024692,11.898622685185185
1117,00:00:18.600,9.47167438271605,18.565711805555555,11.669538966049382,6.73046875,10.015015432098766
1118,00:00:18.617,11.431543209876542,24.5171875,13.859944058641975,8.50739776234568,11.927287808641974
1119,00:00:18.633,10.937378472222221,22.952951388888888,13.257268518518519,8.25292438271605,11.3019425154321
1120,00:00:18.650,11.038130787037039,21.63171296296296,13.393653549382716,8.387816358024692,11.332922453703704
1121,00:00:18.667,10.746145833333335,19.710358796296298,12.932480709876543,8.308213734567902,10.997743055555556
1122,00:00:18.683,10.847388760288064,19.755613425925926,12.979338348765433,8.489400077160493,11.073427854938272
1123,00:00:18.700,8.692029320987654,15.420515046296297,10.177324459876543,6.687582947530864,9.211180555555556
1124,00:00:18.717,11.392194573045268,22.13000578703704,13.892519290123456,9.10391975308642,11.180144675925925
1125,00:00:18.733,9.043274176954732,16.558767361111112,10.949403935185185,6.975827546296296,9.204591049382715
1126,00:00:18.750,0.09750192901234567,1.0049479166666666,0.12156635802469136,0.05179398148148148,0.1191454475308642
1127,00:00:18.767,10.634743441358024,20.51166087962963,13.072577160493827,8.397692901234567,10.433960262345678
1128,00:00:18.783,9.70501221707819,17.171672453703703,11.909876543209876,7.598263888888889,9.606896219135802
1129,00:00:18.800,8.463454218106994,14.053530092592593,10.30800925925926,6.535474537037037,8.54687885802469
1130,00:00:18.817,10.354482381687243,19.98582175925926,12.82029899691358,8.215407021604939,10.02774112654321
1131,00:00:18.833,9.043847736625514,15.274913194444444,11.24195987654321,7.025113811728395,8.864469521604939
1132,00:00:18.850,9.397790637860084,16.674855324074073,11.60691550925926,7.375372299382716,9.211084104938271
1133,00:00:18.867,9.022314171810699,15.02355324074074,11.108497299382716,7.075848765432099,8.882596450617283
1134,00:00:18.883,9.679693287037038,17.591753472222223,11.909974922839506,7.6780941358024695,9.451010802469137
1135,00:00:18.900,8.655261702674897,14.530179398148148,10.744891975308642,6.7343518518518515,8.486541280864197
1136,00:00:18.917,8.713065200617285,14.680208333333333,10.756819058641975,6.840115740740741,8.542260802469135
1137,00:00:18.933,8.474013631687242,14.082552083333333,10.362665895061728,6.606896219135803,8.452478780864197
1138,00:00:18.950,9.684251543209877,16.334953703703704,12.124866898148149,7.592386188271605,9.335501543209876
1139,00:00:18.967,9.013926826131687,14.991579861111111,11.274552469135802,6.962623456790124,8.804604552469137
1140,00:00:18.983,10.213455504115226,18.59866898148148,12.667993827160494,8.241124614197531,9.731248070987654
1141,00:00:19.000,14.905452031893006,18.949392361111112,22.364511959876545,8.655912422839506,13.695931712962963
1142,00:00:19.017,10.106384387860082,17.483043981481483,13.35686149691358,7.684778163580247,9.27751350308642
1143,00:00:19.033,7.280893132716049,11.34464699074074,9.179616126543209,5.589020061728395,7.074043209876543
1144,00:00:19.050,10.723739068930042,18.650318287037038,14.322445987654321,8.189479166666667,9.659292052469135
1145,00:00:19.067,8.143688914609054,12.910358796296297,10.506024305555556,6.220943287037037,7.704099151234568
1146,00:00:19.083,0.2540920781893004,1.4156828703703703,0.34607638888888886,0.14520061728395062,0.27099922839506174
1147,00:00:19.100,13.450049511316871,25.64019097222222,17.343858024691357,10.81714699074074,12.189143518518518
1148,00:00:19.117,0.06493055555555556,0.3374421296296296,0.08304976851851852,0.039469521604938274,0.07227237654320988
1149,00:00:19.133,10.132329603909465,17.829832175925926,13.434938271604938,7.641060956790123,9.320989583333333
1150,00:00:19.150,9.612139917695474,16.39742476851852,12.450927854938271,7.358514660493827,9.026977237654322
1151,00:00:19.167,9.210416666666667,15.162760416666666,11.762750771604939,7.154272762345679,8.714226466049382
1152,00:00:19.183,10.165797968106995,17.925752314814815,12.770802469135802,8.113163580246914,9.613427854938271
1153,00:00:19.200,8.439791666666666,13.846440972222222,10.482366898148149,6.640289351851852,8.19671875
1154,00:00:19.217,9.243689557613168,16.854890046296298,11.345690586419753,7.407739197530864,8.977638888888889
1155,00:00:19.233,6.084884259259259,10.810445601851852,7.13694637345679,4.863389274691358,6.25431712962963
1156,00:00:19.250,0.06677790637860083,0.7043981481481482,0.09064236111111111,0.0380420524691358,0.07164930555555556
1157,00:00:19.267,26.5848058127572,63.93396990740741,28.919998070987653,29.150806327160495,21.683613040123458
1158,00:00:19.283,12.095997299382717,18.863310185185185,13.806572145061729,9.448562885802469,13.03285686728395
1159,00:00:19.300,10.839179526748971,15.258680555555555,12.361344521604938,8.191431327160494,11.964762731481482
1160,00:00:19.317,10.77641975308642,15.60300925925926,12.331531635802468,8.163148148148148,11.834579475308642
1161,00:00:19.333,10.1353420781893,14.891232638888889,11.304386574074075,7.731508487654321,11.370131172839507
1162,00:00:19.350,12.861499485596708,20.271614583333335,14.721211419753086,9.93400848765432,13.929278549382715
1163,00:00:19.367,11.427615097736625,17.692592592592593,13.123952546296296,8.56602237654321,12.59287037037037
1164,00:00:19.383,12.197864583333333,20.180613425925927,13.983271604938272,9.148958333333333,13.461363811728395
1165,00:00:19.400,12.756547067901232,21.386747685185185,14.654917052469136,9.503595679012346,14.111128472222223
1166,00:00:19.417,12.855109953703703,24.161053240740742,15.189583333333333,9.60549575617284,13.770250771604939
1167,00:00:19.433,23.762547582304524,49.87945601851852,28.623528163580247,20.06115162037037,22.602962962962962
1168,00:00:19.450,0.060596707818930035,0.22037037037037038,0.07673611111111112,0.031905864197530866,0.07314814814814814
1169,00:00:19.467,27.15641718106996,51.696035879629626,32.97890239197531,22.044565972222223,26.445783179012345
1170,00:00:19.483,36.798931327160496,63.8572337962963,43.195524691358024,30.702162422839507,36.49910686728395
1171,00:00:19.500,38.24594778806584,61.72288773148148,42.260233410493825,30.71253665123457,41.76507330246913
1172,00:00:19.517,42.07856545781893,60.916666666666664,38.55144675925926,39.67226851851852,48.01198109567901
1173,00:00:19.533,29.529146733539093,55.312471064814815,26.183956404320988,26.02375385802469,36.3797299382716
1174,00:00:19.550,39.62767232510288,142.41140046296297,30.05670524691358,41.73353202160494,47.092779706790125
1175,00:00:19.567,40.87221129115226,149.42734375,34.11694830246913,39.54795910493827,48.95172646604938
1176,00:00:19.583,25.83509452160494,58.885619212962965,25.24617862654321,20.51704475308642,31.742060185185185
1177,00:00:19.600,19.993926183127574,42.17387152777778,20.47971836419753,15.1139737654321,24.388086419753087
1178,00:00:19.617,21.535354938271606,48.00975115740741,23.989809027777778,14.936388888888889,25.67986689814815
1179,00:00:19.633,23.021799125514402,47.578848379629626,25.67719328703704,16.098979552469135,27.289224537037036
1180,00:00:19.650,22.85499807098766,46.11495949074074,25.583078703703702,16.3463387345679,26.63557677469136
1181,00:00:19.667,25.69336869855967,54.21061921296296,26.55762538580247,20.49557098765432,30.02690972222222
1182,00:00:19.683,18.865129886831273,35.57259837962963,19.683724922839506,14.27346836419753,22.63819637345679
1183,00:00:19.700,0.17717013888888888,0.4609085648148148,0.23250578703703703,0.09192515432098765,0.20707947530864199
1184,00:00:19.717,25.618832947530866,51.79736689814815,26.126273148148147,21.04009452160494,29.690131172839507
1185,00:00:19.733,22.563042052469132,44.49661458333333,22.644510030864197,18.977305169753087,26.067310956790124
1186,00:00:19.750,19.51349794238683,36.51015625,19.73084297839506,15.963246527777779,22.846404320987656
1187,00:00:19.767,21.207346965020577,40.463541666666664,21.799349922839507,17.457708333333333,24.36498263888889
1188,00:00:19.783,15.623887602880657,26.961429398148148,16.249452160493828,12.161996527777777,18.46021412037037
1189,00:00:19.800,13.78089570473251,23.306626157407408,14.769552469135803,10.516113040123457,16.05702160493827
1190,00:00:19.817,11.514517746913581,17.428935185185185,12.071547067901234,8.832744984567901,13.639261188271606
1191,00:00:19.833,15.898105066872427,25.586082175925927,16.74632137345679,12.18185763888889,18.766136188271606
1192,00:00:19.850,15.920749099794238,26.083391203703705,16.90369984567901,12.137305169753086,18.721242283950616
1193,00:00:19.867,14.169495884773662,21.73648726851852,14.79710262345679,10.820119598765432,16.891265432098766
1194,00:00:19.883,16.34701067386831,26.85960648148148,17.04113811728395,12.560181327160494,19.439712577160495
1195,00:00:19.900,14.201439686213993,22.220515046296295,14.521016589506173,10.922837577160493,17.16046489197531
1196,00:00:19.917,18.5253587962963,30.870052083333334,19.532839506172838,14.133809799382716,21.909427083333334
1197,00:00:19.933,18.20625257201646,31.052546296296295,19.18394097222222,13.815854552469135,21.618962191358026
1198,00:00:19.950,0.10704089506172838,0.2857928240740741,0.11745563271604938,0.061439043209876545,0.14222800925925927
1199,00:00:19.967,19.43750771604938,34.65373263888889,20.670561342592592,14.643921682098766,22.99804012345679
1200,00:00:19.983,17.957052469135803,31.998958333333334,19.029909336419752,13.250742669753086,21.59050540123457
1201,00:00:20.000,21.292707047325106,36.61640625,23.525694444444444,14.812600308641976,25.53982638888889
1202,00:00:20.017,16.715233410493827,29.24580439814815,17.077220293209876,12.456554783950617,20.61192515432099
1203,00:00:20.033,19.564641203703705,34.47468171296296,20.382430555555555,14.395765817901234,23.91572723765432
1204,00:00:20.050,19.114495884773664,33.06736111111111,19.99905864197531,14.024238040123457,23.32019097222222
1205,00:00:20.067,19.419162808641975,33.855381944444446,19.947087191358026,14.718055555555555,23.592345679012347
1206,00:00:20.083,22.395945859053498,44.65107060185185,20.168865740740742,20.596003086419753,26.42296875
1207,00:00:20.100,23.33798804012346,49.731886574074075,21.782283950617284,20.64984375,27.581836419753085
1208,00:00:20.117,20.87161522633745,41.16695601851852,18.771028163580247,18.835150462962964,25.008667052469136
1209,00:00:20.133,21.685939429012347,41.79068287037037,20.840177469135803,17.772409336419752,26.445231481481482
1210,00:00:20.150,17.772039609053497,32.195717592592594,18.07397762345679,13.358231095679013,21.88391010802469
1211,00:00:20.167,20.073143004115227,37.19586226851852,19.640569058641976,16.25724151234568,24.321618441358023
1212,00:00:20.183,18.531642875514404,33.367910879629626,18.15642939814815,15.03241512345679,22.406084104938273
1213,00:00:20.200,20.871505915637858,39.45859375,20.74547260802469,17.14812114197531,24.72092399691358
1214,00:00:20.217,19.120747170781893,34.917881944444446,19.175802469135803,15.524801311728394,22.66163773148148
1215,00:00:20.233,22.49685570987654,48.14157986111111,22.13252314814815,19.504797453703702,25.853246527777777
1216,00:00:20.250,18.597585519547327,39.92835648148148,18.161975308641974,16.39484375,21.2359375
1217,00:00:20.267,18.135225694444443,42.01105324074074,17.563279320987654,16.29308063271605,20.549317129629628
1218,00:00:20.283,16.095264917695474,36.72757523148148,15.793707561728395,14.642283950617283,17.84980324074074
1219,00:00:20.300,0.12401941872427984,0.567650462962963,0.15439621913580248,0.07618248456790123,0.1414795524691358
1220,00:00:20.317,28.528275462962963,72.20326967592592,25.34681134259259,30.312581018518518,29.92543402777778
1221,00:00:20.333,25.254094007201644,64.759375,22.72908950617284,21.26284915123457,31.77034336419753
1222,00:00:20.350,31.086862782921813,62.68061342592593,27.483489583333334,26.74674575617284,39.03035300925926
1223,00:00:20.367,32.11553305041153,56.834895833333334,31.02375771604938,26.81072916666667,38.51211226851852
1224,00:00:20.383,38.28885673868313,62.90049189814815,39.395125385802466,33.66525077160494,41.80619405864198
1225,00:00:20.400,34.19995241769548,63.55078125,37.351539351851855,28.045983796296298,37.202334104938274
1226,00:00:20.417,36.23126221707819,67.4279224537037,40.84282214506173,29.423466435185187,38.42749807098765
1227,00:00:20.433,31.602627314814814,66.89716435185186,36.52955632716049,22.451309799382717,35.827015817901234
1228,00:00:20.450,26.396179912551442,59.89155092592593,29.015588348765434,19.331765046296297,30.841186342592593
1229,00:00:20.467,24.07647505144033,56.500405092592594,27.750663580246915,18.001778549382717,26.476983024691357
1230,00:00:20.483,27.18403420781893,66.04470486111111,29.664608410493827,20.726288580246912,31.16120563271605
1231,00:00:20.500,25.87170524691358,57.02476851851852,27.34868827160494,18.219623842592593,32.04680362654321
1232,00:00:20.517,21.032863940329218,49.37526041666667,18.986880787037038,16.836545138888887,27.27516589506173
1233,00:00:20.533,17.682407407407407,40.174305555555556,14.921508487654322,13.429737654320988,24.695976080246915
1234,00:00:20.550,23.88753986625515,54.94600694444444,22.904157021604938,18.946851851851854,29.811610725308643
1235,00:00:20.567,0.16428883744855965,0.9277199074074074,0.20942322530864196,0.12098186728395062,0.16246141975308642
1236,00:00:20.583,23.600220550411525,53.88449074074074,23.013368055555556,19.495565200617285,28.291728395061728
1237,00:00:20.600,22.785973508230455,55.48758680555556,22.259820601851853,19.760189043209877,26.33791087962963
1238,00:00:20.617,21.65582240226338,51.634056712962966,21.194320987654322,19.40606674382716,24.367079475308643
1239,00:00:20.633,22.894799382716048,54.010416666666664,22.694396219135804,21.30023726851852,24.68976466049383
1240,00:00:20.650,19.104939557613168,43.71056134259259,18.73067901234568,17.959230324074074,20.62490933641975
1241,00:00:20.667,17.19926311728395,42.64019097222222,14.759633487654321,16.03199652777778,20.806159336419753
1242,00:00:20.683,25.944520318930042,63.6958912037037,30.608765432098764,24.75934413580247,22.465451388888887
1243,00:00:20.700,28.362898019547327,67.79291087962963,36.2251099537037,27.448078703703704,21.41550540123457
1244,00:00:20.717,28.834259902263373,67.66501736111111,37.781973379629626,28.31233989197531,20.408466435185186
1245,00:00:20.733,32.113901748971195,69.80034722222223,38.13129822530864,34.92623456790123,23.284172453703704
1246,00:00:20.750,0.056706532921810694,0.14953703703703702,0.08201388888888889,0.03540123456790124,0.052704475308641974
1247,00:00:20.767,33.85253729423869,76.19453125,41.066685956790124,37.10311149691358,23.387814429012344
1248,00:00:20.783,31.687519290123458,74.2933449074074,39.878429783950615,31.915270061728396,23.268858024691358
1249,00:00:20.800,24.750119598765433,51.65373263888889,30.151400462962965,24.82116898148148,19.27778935185185
1250,00:00:20.817,21.158560313786012,46.70228587962963,24.452521219135804,20.922561728395063,18.10059799382716
1251,00:00:20.833,18.672348251028808,48.90254629629629,20.413404706790125,18.671944444444446,16.931695601851853
1252,00:00:20.850,16.82635352366255,42.554600694444446,18.470395447530866,17.237505787037037,14.771159336419753
1253,00:00:20.867,18.262948173868313,48.038773148148145,20.390262345679012,18.204614197530866,16.19396797839506
1254,00:00:20.883,17.011537422839506,41.7951099537037,19.642127700617284,16.088254243827162,15.304230324074075
1255,00:00:20.900,17.13475180041152,43.49609375,19.977424768518517,16.024376929012345,15.402453703703705
1256,00:00:20.917,13.877951388888889,34.61044560185185,15.792334104938272,12.554810956790124,13.286709104938272
1257,00:00:20.933,17.53208783436214,44.472511574074076,20.48808063271605,15.976342592592593,16.131840277777776
1258,00:00:20.950,14.93127829218107,35.18990162037037,16.967380401234568,13.186240354938272,14.64021412037037
1259,00:00:20.967,17.671869212962964,43.16750578703704,20.818022762345677,16.003823302469137,16.193761574074074
1260,00:00:20.983,0.5224395576131687,1.8849537037037036,0.6935127314814815,0.3312577160493827,0.542548225308642
1261,00:00:21.000,19.578672839506172,42.562471064814815,24.19511188271605,16.319853395061727,18.22105324074074
1262,00:00:21.017,14.559046424897119,30.936458333333334,15.807552083333333,13.137077546296297,14.732509645061729
1263,00:00:21.033,18.487270447530864,39.96967592592593,21.393042052469134,17.092872299382716,16.97589699074074
1264,00:00:21.050,17.976267361111113,39.79259259259259,20.861255787037038,16.681768904320986,16.38577739197531
1265,00:00:21.067,16.54872427983539,34.908043981481484,18.739510030864196,15.245769675925926,15.66089313271605
1266,00:00:21.083,16.459230324074074,35.280902777777776,18.65892361111111,15.330555555555556,15.388211805555555
1267,00:00:21.100,16.191280864197534,34.47861689814815,18.36151813271605,15.12641975308642,15.085904706790123
1268,00:00:21.117,17.623890817901234,38.70943287037037,20.68432484567901,16.569390432098764,15.617957175925927
1269,00:00:21.133,17.456520061728394,36.678385416666664,20.499917052469137,16.40922260802469,15.460420524691358
1270,00:00:21.150,16.376498842592593,33.24296875,19.131329089506174,15.345491898148149,14.652675540123457
1271,00:00:21.167,15.866086033950616,33.122453703703705,18.54581211419753,14.906720679012345,14.145725308641975
1272,00:00:21.183,14.731471836419752,29.82427662037037,17.108605324074073,13.858859953703703,13.226950231481482
1273,00:00:21.200,15.13981159979424,31.068778935185186,17.803829089506173,14.310854552469136,13.304751157407408
1274,00:00:21.217,19.467966177983538,42.089756944444446,23.59183834876543,18.892033179012344,15.92002700617284
1275,00:00:21.233,15.04454861111111,29.764756944444443,17.853962191358026,14.223697916666667,13.055985725308641
1276,00:00:21.250,0.13838413065843622,0.4564814814814815,0.19955632716049382,0.09092206790123457,0.12467399691358025
1277,00:00:21.267,16.758110210905347,34.09296875,20.179072145061728,16.18992862654321,13.905329861111111
1278,00:00:21.283,17.364097865226338,36.540162037037035,21.123535879629628,16.904371141975307,14.064386574074074
1279,00:00:21.300,25.0579179526749,51.47566550925926,31.175032793209876,25.679780092592594,18.318940972222222
1280,00:00:21.317,34.32479552469135,73.34496527777777,45.38152777777778,34.88778356481482,22.70507523148148
1281,00:00:21.333,42.556082818930044,77.65497685185186,60.259724151234565,42.93398919753086,24.474535108024693
1282,00:00:21.350,40.801246141975305,75.7287037037037,61.692067901234566,38.06956790123457,22.64210262345679
1283,00:00:21.367,0.06938078703703704,0.20364583333333333,0.11955632716049383,0.04189621913580247,0.046689814814814816
1284,00:00:21.383,37.92022247942386,93.05188078703704,50.07389274691358,42.75723186728395,20.929542824074073
1285,00:00:21.400,25.88758230452675,69.34091435185185,35.373142361111114,26.29880401234568,15.990800540123457
1286,00:00:21.417,36.256282150205756,83.98816550925926,43.2341936728395,42.1109375,23.423715277777777
1287,00:00:21.433,14.53423225308642,44.059317129629626,18.948445216049382,14.172770061728395,10.481481481481481
1288,00:00:21.450,12.084945344650206,38.40052083333333,14.608250385802469,12.022065972222222,9.624519675925926
1289,00:00:21.467,13.080893775720163,42.61264467592593,15.900648148148148,13.122505787037037,10.219527391975308
1290,00:00:21.483,9.932901234567902,27.48923611111111,11.548422067901235,10.10832561728395,8.141956018518519
1291,00:00:21.500,15.22524241255144,34.02902199074074,21.4116300154321,12.650748456790124,11.613348765432098
1292,00:00:21.517,13.825036008230454,41.50636574074074,16.466479552469135,14.214226466049382,10.79440200617284
1293,00:00:21.533,0.14661008230452674,0.37679398148148147,0.21961805555555555,0.09647569444444444,0.12373649691358024
1294,00:00:21.550,12.055748456790125,33.564670138888886,14.159988425925926,12.609963348765431,9.397293595679013
1295,00:00:21.567,10.876866640946503,28.35054976851852,12.656248070987655,11.439778163580247,8.534573688271605
1296,00:00:21.583,11.355079732510289,30.308796296296297,13.658913966049383,11.674124228395062,8.73220100308642
1297,00:00:21.600,9.384250257201648,24.90972222222222,11.13279513888889,9.481900077160494,7.538055555555555
1298,00:00:21.617,12.273227880658434,33.17410300925926,15.461628086419752,12.24480324074074,9.113252314814815
1299,00:00:21.633,12.01430491255144,31.857291666666665,14.89298225308642,12.295204475308642,8.85472800925926
1300,00:00:21.650,11.785524691358026,30.27337962962963,15.067768132716049,11.76543788580247,8.523368055555556
1301,00:00:21.667,9.908010545267489,23.55257523148148,12.35679012345679,9.879023919753086,7.4882175925925925
1302,00:00:21.683,11.075630144032923,26.999797453703703,13.857156635802468,11.133844521604939,8.235889274691358
1303,00:00:21.700,10.685702160493827,26.238831018518518,13.266861496913581,10.76477237654321,8.02547260802469
1304,00:00:21.717,0.09497749485596707,0.16626157407407408,0.14379629629629628,0.056809413580246916,0.08432677469135802
1305,00:00:21.733,10.696638374485596,24.87578125,13.586911651234567,10.539434799382716,7.963568672839506
1306,00:00:21.750,11.50909593621399,27.863078703703703,14.84519675925926,11.082781635802469,8.599309413580247
1307,00:00:21.767,11.880275205761317,29.746556712962963,15.745399305555555,11.173935185185185,8.72149112654321
1308,00:00:21.783,12.365277134773663,31.905989583333334,16.2111824845679,11.766765046296296,9.11788387345679
1309,00:00:21.800,11.758263245884775,31.50804398148148,16.002145061728395,10.952202932098766,8.32044174382716
1310,00:00:21.817,12.017930169753086,33.026041666666664,17.067797067901235,10.898180941358024,8.0878125
1311,00:00:21.833,11.09652327674897,28.596006944444444,16.613449074074072,9.529805169753086,7.146315586419753
1312,00:00:21.850,11.559293981481481,30.027430555555554,18.11495563271605,9.403155864197531,7.159770447530864
1313,00:00:21.867,7.260005144032921,16.25920138888889,11.449002700617283,5.6806983024691355,4.6503144290123455
1314,00:00:21.883,0.09318801440329218,0.5292824074074074,0.16141010802469136,0.04999035493827161,0.06816358024691357
1315,00:00:21.900,15.51551311728395,42.64363425925926,24.73778549382716,12.491168981481481,9.31758487654321
1316,00:00:21.917,26.05876350308642,62.553703703703704,39.34463155864198,23.371033950617285,15.460625
1317,00:00:21.933,18.766553497942386,46.98414351851852,30.272689043209876,15.180200617283951,10.846770833333334
1318,00:00:21.950,10.95014660493827,23.452228009259258,18.93867283950617,7.670223765432099,6.241543209876543
1319,00:00:21.967,7.900949074074074,15.353125,13.541415895061728,5.707789351851852,4.453641975308642
1320,00:00:21.983,7.949954346707819,14.30685763888889,13.368560956790123,6.007781635802469,4.4735204475308645
1321,00:00:22.000,10.240076517489713,7.804456018518518,22.341595293209878,2.822662037037037,5.5559722222222225
1322,00:00:22.017,9.889065715020577,21.89537037037037,16.34254050925926,7.731105324074074,5.593551311728395
1323,00:00:22.033,9.645641075102882,20.65529513888889,15.830765817901234,7.497148919753086,5.609008487654321
1324,00:00:22.050,9.202747556584361,19.319791666666667,15.041533564814815,7.193767361111111,5.372941743827161
1325,00:00:22.067,9.012109696502057,19.248466435185186,14.778202160493827,7.031873070987654,5.226253858024691
1326,00:00:22.083,9.946169624485597,22.449739583333333,15.913248456790123,8.026770833333334,5.898489583333333
1327,00:00:22.100,9.849264403292182,21.02618634259259,16.13696952160494,7.717544367283951,5.693279320987655
1328,00:00:22.117,10.048908179012345,24.06365740740741,16.325202546296296,7.929764660493827,5.8917573302469135
1329,00:00:22.133,9.246559927983538,22.35185185185185,15.151136188271606,7.249895833333333,5.338647762345679
1330,00:00:22.150,9.598529449588478,22.51467013888889,15.611761188271604,7.65897762345679,5.524849537037037
1331,00:00:22.167,9.313284465020576,23.73605324074074,14.985185185185186,7.470405092592593,5.484263117283951
1332,00:00:22.183,9.15554012345679,23.835908564814815,14.379909336419754,7.550592206790124,5.536118827160494
1333,00:00:22.200,8.915657150205762,21.61105324074074,13.889037422839506,7.43407600308642,5.423858024691358
1334,00:00:22.217,10.364183384773662,28.019010416666667,16.074050925925928,8.687773919753086,6.330725308641975
1335,00:00:22.233,9.882079475308641,25.05089699074074,15.381213348765431,8.220545910493827,6.044479166666667
1336,00:00:22.250,9.532170781893004,23.976591435185185,14.778101851851853,7.890393518518518,5.928016975308642
1337,00:00:22.267,9.091811342592592,22.685850694444444,13.970721450617283,7.592226080246913,5.712486496913581
1338,00:00:22.283,10.099566615226337,26.349016203703705,15.361113040123456,8.549976851851852,6.387609953703704
1339,00:00:22.300,0.08228780864197531,0.40335648148148145,0.12772762345679012,0.05122685185185185,0.06790895061728396
1340,00:00:22.317,9.397013245884773,22.73012152777778,14.209382716049383,7.971462191358024,6.010194830246913
1341,00:00:22.333,11.56666602366255,28.220688657407408,17.911944444444444,9.577754629629629,7.21029899691358
1342,00:00:22.350,9.838694058641975,21.429050925925925,15.05539351851852,8.14647762345679,6.314211033950618
1343,00:00:22.367,9.704618698559672,20.948466435185185,14.70238425925926,8.090513117283951,6.3209587191358025
1344,00:00:22.383,10.189221322016461,23.014438657407407,15.38149112654321,8.564907407407407,6.621265432098766
1345,00:00:22.400,9.457894161522633,19.268634259259258,13.92707561728395,8.161581790123456,6.285025077160494
1346,00:00:22.417,9.0412416409465,19.020717592592593,13.010082947530865,7.986168981481481,6.12747299382716
1347,00:00:22.433,14.689563400205762,34.608969907407406,22.487845293209876,12.28308063271605,9.297764274691358
1348,00:00:22.450,0.07964248971193415,0.2902199074074074,0.13669560185185184,0.0436766975308642,0.05855516975308642
1349,00:00:22.467,18.04053562242798,39.587471064814814,28.0000887345679,14.861103395061729,11.26041473765432
1350,00:00:22.483,13.621065457818931,28.464670138888888,21.07337962962963,11.154737654320988,8.635079089506172
1351,00:00:22.500,10.560683513374487,7.773466435185185,22.2132600308642,2.9029378858024693,6.56585262345679
1352,00:00:22.517,16.479834747942387,34.19184027777778,25.489841820987653,13.475617283950617,10.474045138888888
1353,00:00:22.533,20.967989969135804,45.486805555555556,32.44196180555556,17.311454475308643,13.15055362654321
1354,00:00:22.550,14.251984310699589,26.17144097222222,20.950420524691356,12.377484567901234,9.428047839506172
1355,00:00:22.567,15.109527391975307,30.054484953703703,21.995426311728394,13.38657600308642,9.946579861111111
1356,00:00:22.583,11.523467721193414,18.206134259259258,15.552121913580248,10.942297453703704,8.075983796296295
1357,00:00:22.600,15.048769290123458,28.236429398148147,21.106398533950617,13.854623842592593,10.18528549382716
1358,00:00:22.617,12.162817644032922,19.36947337962963,16.042797067901233,11.776560570987654,8.669095293209876
1359,00:00:22.633,13.446292438271605,22.217563657407407,18.252316743827162,12.769706790123458,9.316853780864198
1360,00:00:22.650,12.110586419753085,19.99074074074074,16.01670524691358,11.640484182098765,8.674569830246913
1361,00:00:22.667,14.497091049382718,28.625028935185185,19.228910108024692,13.78606674382716,10.476296296296296
1362,00:00:22.683,24.251563786008234,50.416608796296295,33.12059799382716,22.970993441358026,16.663099922839507
1363,00:00:22.700,31.73362525720164,60.750405092592594,41.7785474537037,32.785569058641975,20.63675925925926
1364,00:00:22.717,29.412784850823044,55.97063078703704,40.01122299382716,28.871842206790124,19.35528935185185
1365,00:00:22.733,32.121309799382715,55.320341435185185,44.12085069444444,31.40508487654321,20.837993827160492
1366,00:00:22.750,0.1369206532921811,0.38318865740740743,0.2111130401234568,0.08750578703703704,0.11214313271604938
1367,00:00:22.767,23.04129115226338,41.69033564814815,32.98899112654321,20.155721450617285,15.97916087962963
1368,00:00:22.783,11.973599537037037,21.981944444444444,13.784405864197531,12.723369984567901,9.41302276234568
1369,00:00:22.800,11.502558513374487,19.758072916666666,13.175109953703704,12.299162808641976,9.033402777777777
1370,00:00:22.817,14.207184284979425,26.926996527777778,17.78059413580247,14.193682484567901,10.6472762345679
1371,00:00:22.833,14.412493569958848,26.629398148148148,18.751851851851853,13.60362075617284,10.882008101851852
1372,00:00:22.850,13.199310699588478,24.177777777777777,16.94336226851852,12.714550540123456,9.940019290123457
1373,00:00:22.867,0.11802790637860082,0.14215856481481481,0.17467592592592593,0.07620949074074074,0.1031983024691358
1374,00:00:22.883,17.251957947530865,35.90217013888889,23.560929783950616,15.653153935185186,12.54179012345679
1375,00:00:22.900,12.278399562757201,21.282957175925926,15.186400462962963,12.289625771604939,9.359172453703703
1376,00:00:22.917,0.12337448559670783,0.2002025462962963,0.19361111111111112,0.0757349537037037,0.10077739197530865
1377,00:00:22.933,13.62153034979424,22.124103009259258,17.493314043209878,13.082119984567901,10.289157021604938
1378,00:00:22.950,10.245453960905351,14.018113425925925,11.914731867283951,10.86962577160494,7.952004243827161
1379,00:00:22.967,15.84656635802469,27.584172453703705,20.74569058641975,14.998697916666666,11.795310570987654
1380,00:00:22.983,13.886828060699587,20.231278935185184,18.030848765432097,13.48044174382716,10.149193672839505
1381,00:00:23.000,20.54425282921811,19.587876157407408,33.690048225308644,14.952692901234569,12.99001736111111
1382,00:00:23.017,6.890032793209876,6.990364583333333,7.75224537037037,7.540121527777778,5.377731481481481
1383,00:00:23.033,14.815645576131686,26.937326388888888,18.481635802469135,14.813506944444445,11.15179398148148
1384,00:00:23.050,11.36218621399177,15.083564814814816,13.518994984567902,12.099706790123458,8.46785686728395
1385,00:00:23.067,14.056854423868314,22.716840277777777,17.867262731481482,13.90129436728395,10.402006172839506
1386,00:00:23.083,12.959369212962963,17.981828703703705,16.45097415123457,12.895204475308642,9.531929012345678
1387,00:00:23.100,11.974308127572016,15.634490740740741,15.075231481481481,12.054185956790123,8.793506944444445
1388,00:00:23.117,0.09406185699588478,0.1687210648148148,0.17143132716049383,0.04743634259259259,0.0633179012345679
1389,00:00:23.133,13.310843621399178,18.289265046296297,17.195576774691357,12.889143518518518,9.847810570987654
1390,00:00:23.150,11.943457433127572,15.865682870370371,15.010576774691359,11.936954089506173,8.882841435185185
1391,00:00:23.167,14.05476851851852,23.12511574074074,17.875596064814815,13.65814236111111,10.630567129629629
1392,00:00:23.183,13.432901234567902,19.85300925925926,16.795235339506174,13.278404706790123,10.225063657407407
1393,00:00:23.200,12.90563978909465,17.699479166666666,16.28054976851852,12.764039351851851,9.67233024691358
1394,00:00:23.217,13.953789223251029,20.40196759259259,17.662762345679013,13.54773726851852,10.650868055555556
1395,00:00:23.233,14.211450617283951,19.57705439814815,17.986030092592593,13.794014274691358,10.8543074845679
1396,00:00:23.250,14.148582175925926,19.16681134259259,17.99345100308642,13.669897762345679,10.78239776234568
1397,00:00:23.267,14.622213863168724,22.252980324074073,18.89343171296296,13.825308641975308,11.147901234567902
1398,00:00:23.283,14.32318544238683,21.78862847222222,18.312818287037036,13.645864197530864,11.010873842592593
1399,00:00:23.300,14.521763760288067,21.36116898148148,18.560219907407408,13.886086033950617,11.118985339506173
1400,00:00:23.317,13.796188271604938,18.528327546296296,17.3342399691358,13.453358410493827,10.600966435185185
1401,00:00:23.333,14.051756687242799,19.62673611111111,17.258283179012345,13.934782021604939,10.962204861111111
1402,00:00:23.350,0.14223379629629632,0.24791666666666667,0.23747492283950616,0.07958526234567902,0.1096412037037037
1403,00:00:23.367,17.1608275462963,27.03767361111111,21.016905864197533,16.924760802469137,13.540815972222223
1404,00:00:23.383,0.316644804526749,0.8549189814814815,0.5514506172839506,0.16775270061728395,0.23073109567901234
1405,00:00:23.400,14.423189943415638,18.78263888888889,17.900059799382717,14.03467399691358,11.334836033950618
1406,00:00:23.417,15.56832175925926,23.91657986111111,18.774930555555557,15.316624228395062,12.61341049382716
1407,00:00:23.433,14.590607638888889,20.899768518518517,17.512885802469135,14.423476080246914,11.835461033950617
1408,00:00:23.450,13.596515560699588,19.2046875,15.834409722222222,13.707434413580247,11.247702546296296
1409,00:00:23.467,16.97988425925926,28.08738425925926,20.50633487654321,16.605640432098767,13.827677469135802
1410,00:00:23.483,14.378222736625515,22.18460648148148,16.445017361111113,14.555235339506172,12.13441550925926
1411,00:00:23.500,19.94669367283951,22.77980324074074,29.34914737654321,15.645869984567902,14.845063657407408
1412,00:00:23.517,12.511498842592593,18.162355324074074,13.259681712962964,13.36918788580247,10.905626929012346
1413,00:00:23.533,14.19671875,22.29725115740741,15.835773533950617,14.661923225308643,12.09245949074074
1414,00:00:23.550,0.07064879115226337,0.13428819444444445,0.11588734567901235,0.04441358024691358,0.0516454475308642
1415,00:00:23.567,13.864093364197531,18.91299189814815,15.872804783950617,13.970881558641976,11.74859375
1416,00:00:23.583,13.201695601851853,17.98084490740741,15.044079861111111,13.319253472222222,11.241753472222221
1417,00:00:23.600,12.214289480452676,17.425983796296297,13.407673611111111,12.625590277777778,10.609604552469136
1418,00:00:23.617,14.020100951646091,22.582552083333333,16.111006944444444,14.01848186728395,11.930814043209876
1419,00:00:23.633,32.36927662037037,62.29644097222222,37.73550540123457,32.273962191358024,27.098362268518517
1420,00:00:23.650,31.838690843621396,67.67239583333334,37.76054398148148,32.47486882716049,25.28065972222222
1421,00:00:23.667,24.87249871399177,50.778645833333336,30.040952932098765,24.459488811728395,20.11705439814815
1422,00:00:23.683,23.48304526748971,47.024479166666666,28.979047067901234,22.747698688271605,18.722390046296297
1423,00:00:23.700,17.344914480452676,24.80445601851852,22.01765625,16.23053047839506,13.786556712962962
1424,00:00:23.717,19.144778806584366,32.879947916666666,23.573327546296298,18.533653549382716,15.327355324074073
1425,00:00:23.733,0.0726877572016461,0.14560185185185184,0.10839699074074075,0.046321373456790126,0.0633449074074074
1426,00:00:23.750,12.056520704732511,17.126909722222223,13.353582175925926,12.767177854938272,10.048802083333333
1427,00:00:23.767,11.585861625514402,13.696903935185185,12.68449074074074,12.488559027777777,9.584535108024692
1428,00:00:23.783,14.605563271604938,23.804427083333334,16.784253472222222,15.215704089506174,11.81673225308642
1429,00:00:23.800,17.134996141975307,27.160648148148148,20.252872299382716,17.44293788580247,13.70917824074074
1430,00:00:23.817,16.920670010288067,27.814380787037038,20.328921682098766,17.015480324074073,13.417608024691358
1431,00:00:23.833,16.47830825617284,30.43865740740741,19.727444058641975,16.5,13.207480709876544
1432,00:00:23.850,15.879408436213993,25.73857060185185,19.280418595679013,15.697121913580247,12.660684799382716
1433,00:00:23.867,15.668778935185186,26.274739583333332,19.07733024691358,15.482449845679012,12.446556712962963
1434,00:00:23.883,18.206280864197527,31.417042824074073,22.879398148148148,17.494448302469134,14.244996141975308
1435,00:00:23.900,17.384717721193415,30.994010416666665,21.695580632716048,16.741693672839506,13.71687885802469
1436,00:00:23.917,0.08096579218106996,0.17413194444444444,0.12367091049382715,0.05056712962962963,0.06865933641975308
1437,00:00:23.933,17.78417952674897,33.09835069444444,22.44666087962963,17.075511188271605,13.830366512345678
1438,00:00:23.950,17.70169045781893,33.61238425925926,22.53263310185185,16.946086033950618,13.626352237654322
1439,00:00:23.967,15.159063143004113,24.357320601851853,19.02636959876543,14.662355324074074,11.78846450617284
1440,00:00:23.983,16.0053632973251,27.016030092592594,20.534930555555555,15.199442515432098,12.281716820987654
1441,00:00:24.000,19.816983667695474,30.373726851851853,28.452733410493828,16.067307098765433,14.930910493827161
1442,00:00:24.017,15.947872299382716,29.89855324074074,20.068101851851853,15.199546682098765,12.57596836419753
1443,00:00:24.033,15.377174639917696,29.164149305555554,19.826275077160492,14.302563657407408,12.002685185185186
1444,00:00:24.050,13.292070473251028,27.171961805555554,16.698505015432097,12.480434027777777,10.69727237654321
1445,00:00:24.067,16.25509580761317,35.26221064814815,21.500673225308642,14.506084104938271,12.758530092592592
1446,00:00:24.083,13.371278292181069,29.958564814814814,17.15131172839506,12.312341820987655,10.650181327160494
1447,00:00:24.100,11.634014917695474,25.86154513888889,14.478524305555556,11.016957947530864,9.4065625
1448,00:00:24.117,13.317563657407407,28.394328703703703,17.485491898148148,11.982002314814816,10.48519675925926
1449,00:00:24.133,0.09329732510288065,0.2552951388888889,0.14521026234567902,0.05532793209876543,0.07935378086419753
1450,00:00:24.150,11.059876543209876,23.884114583333332,14.051442901234568,10.251583719135802,8.87660300925926
1451,00:00:24.167,13.066172196502057,27.746006944444446,17.83055362654321,11.425160108024691,9.942802854938272
1452,00:00:24.183,9.91085262345679,22.906712962962963,12.577905092592593,9.288854166666667,7.865798611111111
1453,00:00:24.200,9.539848251028806,21.428559027777776,12.56875385802469,8.622164351851852,7.428626543209877
1454,00:00:24.217,12.916120113168725,31.196672453703705,17.753954475308642,11.414212962962964,9.580192901234568
1455,00:00:24.233,11.063753215020576,26.043055555555554,15.157000385802469,9.89456211419753,8.139697145061728
1456,00:00:24.250,9.271199202674897,21.158015046296295,12.38832561728395,8.548553240740741,6.87671875
1457,00:00:24.267,10.165151748971192,23.742447916666666,13.924409722222222,9.190644290123457,7.380401234567901
1458,00:00:24.283,0.10224215534979425,0.7722800925925926,0.17216435185185186,0.05664737654320988,0.07791473765432098
1459,00:00:24.300,11.4544637345679,26.775491898148147,16.17666859567901,10.072953317901234,8.113769290123457
1460,00:00:24.317,13.577055684156377,35.791493055555556,16.939621913580247,12.817972608024691,10.973572530864198
1461,00:00:24.333,23.40899884259259,55.43888888888889,28.96769675925926,23.318595679012347,17.940704089506173
1462,00:00:24.350,32.9482433127572,73.74045138888889,41.4947087191358,33.669207175925926,23.680814043209878
1463,00:00:24.367,33.67098765432099,85.75112847222222,44.57846450617284,33.03095100308642,23.403547453703705
1464,00:00:24.383,42.36542373971193,80.16070601851852,53.414091435185185,49.44517361111111,24.237006172839507
1465,00:00:24.400,47.12613747427984,87.47080439814815,59.13553433641975,57.16990547839506,25.072972608024692
1466,00:00:24.417,24.579321630658438,74.40402199074074,28.88608603395062,23.93078510802469,20.92109375
1467,00:00:24.433,23.940294495884775,61.64811921296296,29.80724151234568,20.76953125,21.24411072530864
1468,00:00:24.450,19.954252186213992,51.65078125,24.052019675925926,15.730349151234568,20.08038773148148
1469,00:00:24.467,13.697862654320987,28.721440972222222,16.749519675925924,11.588439429012345,12.755628858024691
1470,00:00:24.483,14.859411651234566,29.039699074074075,16.99045138888889,13.960960648148149,13.626822916666667
1471,00:00:24.500,15.631058384773661,30.308796296296297,20.426113040123457,11.793179012345679,14.673883101851851
1472,00:00:24.517,0.05494855967078189,0.16281828703703705,0.06089506172839506,0.04395640432098766,0.059994212962962964
1473,00:00:24.533,13.279065715020577,34.50075231481482,15.781915509259258,11.889596836419754,12.165684799382715
1474,00:00:24.550,13.19188978909465,32.48249421296296,15.19666087962963,11.800418595679012,12.578589891975309
1475,00:00:24.567,10.778759002057612,25.743489583333332,12.382891589506173,9.831766975308643,10.121618441358025
1476,00:00:24.583,12.054827031893003,30.57589699074074,13.510902777777778,11.234610339506172,11.418967978395061
1477,00:00:24.600,8.844684284979424,20.55101273148148,9.625900848765433,8.438344907407407,8.469807098765433
1478,00:00:24.617,11.451813271604939,30.265017361111113,12.238458719135803,10.858001543209877,11.258979552469135
1479,00:00:24.633,12.546089891975308,37.47181712962963,10.951873070987654,12.882739197530864,13.803657407407407
1480,00:00:24.650,9.51980066872428,34.48107638888889,9.986130401234568,8.153314043209877,10.419957561728395
1481,00:00:24.667,9.123173868312756,33.2828125,8.791547067901234,7.767951388888889,10.810023148148149
1482,00:00:24.683,17.203734567901233,67.96458333333334,15.975601851851852,14.759849537037036,20.875752314814815
1483,00:00:24.700,14.304117798353909,51.43336226851852,12.876024305555555,13.185190972222221,16.851138117283952
1484,00:00:24.717,12.398236239711935,41.84085648148148,11.978761574074074,11.15852237654321,14.05742476851852
1485,00:00:24.733,17.103527520576133,58.03857060185185,14.852480709876543,17.14434027777778,19.313761574074075
1486,00:00:24.750,22.465201260288065,75.8747974537037,20.247804783950617,23.860466820987654,23.287332175925926
1487,00:00:24.767,22.959370498971193,77.38984375,21.513510802469135,24.21304398148148,23.151556712962964
1488,00:00:24.783,17.220444958847736,51.29464699074074,16.00239390432099,19.016498842592593,16.64244212962963
1489,00:00:24.800,18.930185185185184,54.310966435185186,16.73587962962963,19.93737461419753,20.117301311728394
1490,00:00:24.817,24.22115226337449,60.74056712962963,19.451601080246913,27.049504243827162,26.162351466049383
1491,00:00:24.833,30.562851080246915,62.119849537037034,21.11961226851852,31.588915895061728,38.98002507716049
1492,00:00:24.850,13.60150848765432,39.619936342592595,12.982085262345679,12.076238425925926,15.746201774691357
1493,00:00:24.867,8.772547582304526,25.890075231481482,8.382347608024691,8.934724151234567,9.00057098765432
1494,00:00:24.883,7.567141846707819,24.483738425925925,7.177006172839506,7.717822145061729,7.806597222222222
1495,00:00:24.900,7.083327546296296,23.155121527777776,6.186186342592593,7.734639274691358,7.329157021604939
1496,00:00:24.917,6.341557998971194,19.671006944444443,6.072895447530864,6.666082175925926,6.2856963734567906
1497,00:00:24.933,21.2751266718107,66.97291666666666,21.225445601851852,21.052038966049384,21.547895447530863
1498,00:00:24.950,30.844866898148144,78.19212962962963,35.237054398148146,32.480800540123454,24.81674575617284
1499,00:00:24.967,0.15473765432098766,0.35564236111111114,0.2331346450617284,0.09692515432098765,0.13415316358024693
1500,00:00:24.983,29.339969135802466,71.58642939814816,36.60452353395062,28.668007330246912,22.747376543209878
1501,00:00:25.000,44.45396283436214,89.27508680555556,56.705488040123456,46.114203317901236,30.542197145061728
1502,00:00:25.017,42.03099151234568,87.38619791666666,58.27931712962963,40.71369405864198,27.09996334876543
1503,00:00:25.033,34.129520961934155,73.08967013888889,49.3438387345679,31.635073302469134,21.40965084876543
1504,00:00:25.050,20.964269547325102,38.29820601851852,26.248784722222222,18.97681327160494,17.66721064814815
1505,00:00:25.067,0.08887024176954733,0.1923321759259259,0.12797067901234568,0.06744598765432099,0.07119405864197531
1506,00:00:25.083,18.184369855967077,31.675289351851852,26.556738040123456,16.77930362654321,11.217067901234568
1507,00:00:25.100,15.102667824074075,29.740653935185186,20.865252700617283,14.766984953703703,9.675765817901235
1508,00:00:25.117,21.489117155349792,44.24525462962963,24.737525077160495,21.346680169753085,18.383146219135803
1509,00:00:25.133,15.396068672839506,28.417939814814815,23.171385030864197,13.626772762345679,9.390048225308641
1510,00:00:25.150,13.141655735596707,25.510821759259258,19.76840663580247,10.799292052469136,8.857268518518518
1511,00:00:25.167,12.099457947530865,23.376475694444444,15.821114969135802,10.89252700617284,9.584731867283951
1512,00:00:25.183,9.165500900205762,16.78159722222222,11.920262345679012,8.888796296296297,6.687444058641975
1513,00:00:25.200,8.611931584362141,17.368431712962963,10.666101466049383,8.521780478395062,6.647912808641975
1514,00:00:25.217,6.445724665637859,13.1484375,8.038005401234567,6.2850675154320985,5.014101080246913
1515,00:00:25.233,7.506572145061728,13.763310185185185,9.343591820987655,7.533657407407407,5.642467206790124
1516,00:00:25.250,0.687221579218107,1.603096064814815,1.1507098765432098,0.35455054012345677,0.5564043209876544
1517,00:00:25.267,6.797408693415638,16.458912037037038,7.721057098765432,8.010507330246913,4.660661651234568
1518,00:00:25.283,9.435767746913582,17.123466435185186,10.784338348765433,10.634176311728394,6.8887885802469135
1519,00:00:25.300,10.782284593621398,20.430989583333332,13.459947916666666,10.426795910493826,8.460109953703704
1520,00:00:25.317,6.941000514403292,16.76339699074074,8.921566358024691,6.81669174382716,5.084743441358024
1521,00:00:25.333,7.402531507201647,15.274913194444444,9.063416280864198,7.114490740740741,6.0296875
1522,00:00:25.350,4.85599537037037,7.638686342592592,5.962536651234568,5.203717206790124,3.40173225308642
1523,00:00:25.367,0.07692129629629631,0.17609953703703704,0.1287133487654321,0.04247685185185185,0.05957368827160494
1524,00:00:25.383,4.533791795267489,8.127141203703705,5.7240625,4.685210262345679,3.19210262345679
1525,00:00:25.400,4.276282150205762,7.47734375,5.009646990740741,4.607395833333333,3.21180362654321
1526,00:00:25.417,4.056602366255144,6.229398148148148,4.736467978395062,4.434276620370371,2.9990625
1527,00:00:25.433,4.025995370370371,7.8664351851851855,4.676282793209877,4.412391975308642,2.989311342592593
1528,00:00:25.450,4.869131944444445,6.870833333333334,7.0263329475308645,4.263532021604938,3.317530864197531
1529,00:00:25.467,2.0026003086419752,3.496412037037037,2.9768711419753084,1.603636188271605,1.4272935956790123
1530,00:00:25.483,19.189863683127573,27.050462962962964,27.875837191358023,15.87589313271605,13.817860725308641
1531,00:00:25.500,22.514200745884775,28.976736111111112,33.154573688271604,17.730742669753088,16.65728587962963
1532,00:00:25.517,21.766720679012348,29.49962384259259,31.913466435185185,18.41288387345679,14.973811728395061
1533,00:00:25.533,12.484191100823045,18.728530092592592,16.821981095679014,11.437631172839506,9.192961033950617
1534,00:00:25.550,20.930084233539095,33.60402199074074,30.19487461419753,18.191493055555554,14.403885030864197
1535,00:00:25.567,21.066333590534978,33.51006944444445,30.465677083333333,18.083782793209878,14.649540895061728
1536,00:00:25.583,10.646982381687243,15.778616898148147,15.151631944444444,9.247135416666667,7.542179783950617
1537,00:00:25.600,14.871497556584364,20.12601273148148,21.007787422839506,13.346770833333334,10.259934413580247
1538,00:00:25.617,0.03642425411522634,0.054600694444444445,0.06180555555555556,0.019762731481481482,0.027704475308641976
1539,00:00:25.633,20.978362911522634,33.393489583333334,30.55628665123457,18.369726080246913,14.00907600308642
1540,00:00:25.650,0.07810249485596708,0.567650462962963,0.12522376543209876,0.047629243827160495,0.061454475308641975
1541,00:00:25.667,22.896509773662554,39.24658564814815,33.6063387345679,19.623856095679013,15.45933449074074
1542,00:00:25.683,25.0043666409465,45.057378472222226,37.2922299382716,20.73742862654321,16.98344135802469
1543,00:00:25.700,27.79675925925926,57.93723958333333,42.63450424382716,22.18699459876543,18.568778935185186
1544,00:00:25.717,29.12123778292181,60.936342592592595,45.94286265432099,23.286809413580247,18.134041280864196
1545,00:00:25.733,31.230027649176957,67.4849826388889,48.722818287037036,25.205723379629628,19.761541280864197
1546,00:00:25.750,30.697813786008236,63.94725115740741,47.534949845679016,24.79763888888889,19.760852623456792
1547,00:00:25.767,24.278405992798355,50.81553819444444,37.96781635802469,18.887991898148147,15.979409722222222
1548,00:00:25.783,25.444194958847735,49.575954861111114,39.7753337191358,19.83713734567901,16.720113811728396
1549,00:00:25.800,25.101856995884773,48.30882523148148,39.46661265432099,19.692349537037035,16.146608796296295
1550,00:00:25.817,16.954231610082307,27.178356481481483,26.10081211419753,14.01331211419753,10.748570601851851
1551,00:00:25.833,15.379567258230452,21.52300347222222,23.69754436728395,12.448537808641975,9.992619598765431
1552,00:00:25.850,21.634810313786005,32.27294560185185,34.4181037808642,17.040287422839505,13.44603973765432
1553,00:00:25.867,21.53350244341564,30.240914351851853,34.85419367283951,16.743840663580247,13.00247299382716
1554,00:00:25.883,26.15224151234568,42.268315972222226,41.73470293209876,20.756867283950616,15.965154320987654
1555,00:00:25.900,21.759095936213992,31.057465277777776,34.640837191358024,17.31725887345679,13.31919174382716
1556,00:00:25.917,0.14528356481481483,0.43041087962962965,0.2432908950617284,0.0817824074074074,0.11077739197530864
1557,00:00:25.933,26.746505272633744,45.02294560185185,41.69784915123457,22.146413966049384,16.395252700617284
1558,00:00:25.950,24.911202417695474,39.97410300925926,38.8617862654321,20.435711805555556,15.436109182098765
1559,00:00:25.967,26.30718621399177,44.54039351851852,41.86094714506173,20.761126543209876,16.299484953703704
1560,00:00:25.983,28.96912872942387,55.185069444444444,45.850956790123455,23.0721875,17.98424189814815
1561,00:00:26.000,30.909560185185185,55.12751736111111,50.28041859567901,23.370021219135804,19.07824074074074
1562,00:00:26.017,28.972925025720162,57.859027777777776,45.34080632716049,23.46878472222222,18.10918402777778
1563,00:00:26.033,27.03368762860082,52.17957175925926,42.09804012345679,21.929826388888888,17.07319637345679
1564,00:00:26.050,26.78267489711934,50.75798611111111,42.01599922839506,21.703323688271606,16.628701774691358
1565,00:00:26.067,23.013042052469135,42.304716435185185,36.4887750771605,18.465362654320987,14.084988425925927
1566,00:00:26.083,26.28848058127572,48.20552662037037,41.527191358024695,21.124469521604937,16.21378086419753
1567,00:00:26.100,25.439845679012347,45.63388310185185,39.6477912808642,21.054982638888887,15.61676311728395
1568,00:00:26.117,22.015824974279838,36.755121527777774,34.47202546296296,18.195405092592594,13.38004436728395
1569,00:00:26.133,27.511947016460905,51.27349537037037,42.326880787037034,23.618510802469135,16.59044945987654
1570,00:00:26.150,0.11282343106995885,0.36400462962962965,0.18365354938271605,0.06745949074074074,0.08735725308641976
1571,00:00:26.167,24.148899819958846,40.49256365740741,38.21083912037037,19.805964506172838,14.429895833333333
1572,00:00:26.183,23.130236625514403,36.61050347222222,36.667372685185185,18.80950424382716,13.913832947530864
1573,00:00:26.200,26.91645769032922,50.42841435185185,41.95852816358025,22.221628086419752,16.569216820987656
1574,00:00:26.217,25.496727752057613,45.89016203703704,39.365275848765435,21.064577546296295,16.06032986111111
1575,00:00:26.233,23.855479681069955,40.798032407407405,37.07244598765432,19.29212384259259,15.201869212962963
1576,00:00:26.250,26.66715534979424,51.52682291666667,40.99218364197531,21.763655478395062,17.245626929012346
1577,00:00:26.267,26.659282407407403,50.97737268518519,40.954234182098766,21.60891975308642,17.414693287037036
1578,00:00:26.283,23.495365869341565,39.47138310185185,36.36364969135803,18.771383101851853,15.351064814814816
1579,00:00:26.300,26.11579025205761,49.6595775462963,39.84053047839506,21.356205632716048,17.15063464506173
1580,00:00:26.317,21.87140882201646,33.271006944444444,33.91058449074074,17.4825212191358,14.221120756172839
1581,00:00:26.333,24.174229038065846,39.96032986111111,37.11893904320988,19.670443672839507,15.733304398148148
1582,00:00:26.350,22.191376671810698,34.67242476851852,33.275920138888885,18.73422260802469,14.563987268518519
1583,00:00:26.367,0.13212448559670784,0.3182581018518518,0.21206597222222223,0.07373842592592593,0.1105690586419753
1584,00:00:26.383,22.406512345679015,35.24548611111111,34.272710262345676,18.174851466049383,14.771975308641975
1585,00:00:26.400,21.674671424897117,33.41316550925926,32.74036458333333,17.644282407407406,14.639367283950618
1586,00:00:26.417,20.601786265432096,31.77416087962963,30.950246913580248,17.092908950617282,13.762202932098765
1587,00:00:26.433,18.90461226851852,29.94429976851852,28.72556712962963,15.51737075617284,12.470898919753086
1588,00:00:26.450,0.136983024691358,0.4067997685185185,0.22558256172839505,0.07126736111111111,0.1140991512345679
1589,00:00:26.467,13.732498070987655,19.845630787037038,20.560555555555556,11.3484375,9.288501157407408
1590,00:00:26.483,26.78219264403292,48.838107638888886,39.26077160493827,22.229982638888888,18.855823688271606
1591,00:00:26.500,35.08865483539095,74.2146412037037,51.82449074074074,27.59695601851852,25.84451774691358
1592,00:00:26.517,32.65944701646091,71.37884837962963,46.29077160493827,26.45535686728395,25.232212577160492
1593,00:00:26.533,31.624895190329216,69.74968171296297,43.59554012345679,26.896064814814814,24.383080632716048
1594,00:00:26.550,30.45731288580247,64.83070023148149,41.875279706790124,27.207137345679012,22.289521604938273
1595,00:00:26.567,23.116237139917697,42.59985532407408,30.469645061728396,21.772000385802468,17.107065972222223
1596,00:00:26.583,11.67754565329218,18.45060763888889,15.931967592592592,10.683505015432099,8.417164351851852
1597,00:00:26.600,0.1573366769547325,0.32858796296296294,0.28174961419753086,0.07139853395061728,0.11886188271604939
1598,00:00:26.617,13.124832175925926,21.77337962962963,18.280939429012346,11.24191936728395,9.851637731481482
1599,00:00:26.633,0.12138438786008232,0.5430555555555555,0.18356288580246913,0.0731983024691358,0.10739197530864197
1600,00:00:26.650,11.988087062757202,19.22337962962963,16.647106481481483,10.22670524691358,9.090449459876544
1601,00:00:26.667,0.40682806069958843,1.1107060185185185,0.6586226851851852,0.20548804012345678,0.35637345679012344
1602,00:00:26.683,7.414355709876543,12.215798611111111,10.389793595679013,6.00399112654321,5.849282407407407
1603,00:00:26.700,22.263594393004116,39.13590856481481,32.35259837962963,18.21054012345679,16.227644675925927
1604,00:00:26.717,23.583515303497943,42.68052662037037,33.24941936728395,19.530760030864197,17.970366512345677
1605,00:00:26.733,21.289444444444445,34.872135416666666,29.55153549382716,17.98206790123457,16.334729938271604
1606,00:00:26.750,22.43000128600823,39.29429976851852,31.238497299382715,18.980291280864197,17.071215277777778
1607,00:00:26.767,21.909418724279835,34.78113425925926,30.815102237654322,18.687970679012345,16.22518325617284
1608,00:00:26.783,19.93585776748971,30.03431712962963,28.239112654320987,16.86137924382716,14.707081404320988
1609,00:00:26.800,0.05654578189300411,0.05115740740740741,0.08191743827160494,0.03349537037037037,0.054224537037037036
1610,00:00:26.817,22.647492283950616,40.708015046296296,31.77955825617284,19.180534336419754,16.98238425925926
1611,00:00:26.833,23.786678883744855,46.06281828703704,33.511003086419755,20.046502700617285,17.802530864197532
1612,00:00:26.850,22.418050411522632,43.33425925925926,31.58150848765432,18.89269675925926,16.779945987654322
1613,00:00:26.867,19.27281378600823,33.24444444444445,27.310800540123456,15.952498070987655,14.55514274691358
1614,00:00:26.883,25.44512795781893,49.70089699074074,34.73683063271605,22.034872685185185,19.563680555555557
1615,00:00:26.900,28.33176633230453,58.81478587962963,38.411190200617284,24.220650077160492,22.363458719135803
1616,00:00:26.917,34.664825102880656,77.56299189814816,46.65150655864198,30.161711033950617,27.181257716049384
1617,00:00:26.933,36.910875771604935,80.68310185185184,47.789903549382714,31.852555941358023,31.090167824074076
1618,00:00:26.950,0.10713734567901236,0.3005497685185185,0.15409336419753086,0.057866512345679015,0.10945216049382717
1619,00:00:26.967,34.036506558641975,75.29140625,41.80612847222222,29.53953510802469,30.763856095679014
1620,00:00:26.983,32.1253632973251,65.3958912037037,37.79135609567901,27.513589891975307,31.071143904320987
1621,00:00:27.000,23.548029835390945,40.14921875,29.948096064814816,18.07257523148148,22.623418209876544
1622,00:00:27.017,12.89110982510288,19.511631944444446,16.085794753086418,11.30167824074074,11.285856481481481
1623,00:00:27.033,11.551941229423868,20.475752314814816,14.08002700617284,10.533069058641976,10.04272762345679
1624,00:00:27.050,12.396126543209876,20.18012152777778,15.37201774691358,11.317901234567902,10.498460648148148
1625,00:00:27.067,16.527380401234566,26.569386574074073,20.52055362654321,15.253713348765432,13.807874228395061
1626,00:00:27.083,17.726978523662552,27.884722222222223,22.443809799382716,15.952625385802468,14.784500385802469
1627,00:00:27.100,18.888297968106997,29.392390046296295,24.34962962962963,16.68324652777778,15.632017746913581
1628,00:00:27.117,20.47948688271605,35.559809027777774,26.50655671296296,17.932226080246913,16.999677854938273
1629,00:00:27.133,21.011121399176954,35.58342013888889,27.549515817901234,18.11863811728395,17.36521026234568
1630,00:00:27.150,20.45467271090535,32.19620949074074,26.985679012345678,17.609608410493827,16.768730709876543
1631,00:00:27.167,0.11740290637860083,0.3005497685185185,0.15879243827160494,0.06325617283950617,0.13016010802469136
1632,00:00:27.183,30.790175540123457,56.29429976851852,38.505817901234565,28.227899305555557,25.63680941358025
1633,00:00:27.200,15.837098122427983,19.183043981481482,20.911543209876545,14.35023726851852,12.249513888888888
1634,00:00:27.217,0.11082626028806584,0.37679398148148147,0.1495042438271605,0.06280671296296296,0.12016782407407407
1635,00:00:27.233,24.372028677983536,41.924479166666664,28.8379899691358,21.82984375,22.448252314814816
1636,00:00:27.250,34.86570730452675,65.80219907407407,40.44771797839506,33.02720100308642,31.122202932098766
1637,00:00:27.267,37.326965663580246,76.22699652777777,45.463103780864195,35.957621527777775,30.560171682098765
1638,00:00:27.283,34.51588155864198,76.28700810185185,45.53101851851852,31.325065586419754,26.691560570987654
1639,00:00:27.300,38.891950874485595,80.42485532407407,53.454411651234565,35.247189429012344,27.974251543209878
1640,00:00:27.317,31.337391975308638,66.73877314814816,45.81540895061728,27.097091049382716,21.099675925925926
1641,00:00:27.333,17.318746784979425,25.548206018518517,25.325719521604938,14.79356288580247,11.836957947530864
1642,00:00:27.350,22.918083847736625,37.483130787037034,35.30450038580247,18.727457561728396,14.722293595679012
1643,00:00:27.367,14.70325552983539,21.10980902777778,21.854234182098764,12.393726851851852,9.861805555555556
1644,00:00:27.383,0.1585860339506173,0.35810185185185184,0.28553240740740743,0.07626929012345679,0.11395640432098765
1645,00:00:27.400,15.067783564814816,22.407436342592593,22.743780864197532,12.239072145061728,10.220497685185185
1646,00:00:27.417,21.257190072016463,34.49976851851852,32.66905864197531,17.226788194444445,13.87572337962963
1647,00:00:27.433,20.017079475308645,30.365364583333335,31.17801311728395,16.262976466049384,12.610248842592593
1648,00:00:27.450,18.983486368312757,26.082899305555557,29.560368441358026,15.548618827160494,11.841471836419753
1649,00:00:27.467,13.694990354938271,16.541059027777777,20.999930555555554,11.676875,8.408165509259259
1650,00:00:27.483,17.58286908436214,21.75222800925926,26.846224922839507,14.90201774691358,11.000364583333333
1651,00:00:27.500,15.40099794238683,16.170659722222222,25.393207947530865,9.874627700617284,10.935158179012346
1652,00:00:27.517,11.93957047325103,15.123408564814815,17.717445987654322,9.739782021604938,8.361483410493827
1653,00:00:27.533,12.701965663580246,15.250810185185186,18.62373649691358,10.77603587962963,8.706124614197531
1654,00:00:27.550,12.484422582304527,15.13275462962963,18.204143518518517,10.930979938271605,8.318144290123456
1655,00:00:27.567,12.61298868312757,13.691001157407408,18.476672453703703,11.184685570987654,8.177608024691358
1656,00:00:27.583,6.5823379629629635,8.224537037037036,9.17466049382716,5.682266589506173,4.890086805555556
1657,00:00:27.600,8.330345293209877,10.004716435185186,11.916147762345679,6.86079475308642,6.214093364197531
1658,00:00:27.617,7.823115997942387,9.210792824074074,11.209614197530865,6.492131558641975,5.767602237654321
1659,00:00:27.633,8.79679398148148,9.983072916666666,12.758846450617284,7.4829282407407405,6.1486072530864195
1660,00:00:27.650,5.916111754115225,7.659346064814815,8.49504050925926,5.12255787037037,4.130736882716049
1661,00:00:27.667,7.5015682870370375,9.539872685185186,10.506188271604938,6.410462962962963,5.58805362654321
1662,00:00:27.683,3.7969978137860085,5.362673611111111,5.1408352623456794,3.3042573302469136,2.945900848765432
1663,00:00:27.700,0.14601080246913578,0.29169560185185184,0.2565991512345679,0.07445987654320987,0.10697337962962963
1664,00:00:27.717,7.7722119341563785,8.726765046296297,11.109475308641976,6.4576215277777775,5.749538966049383
1665,00:00:27.733,6.774807741769547,7.800520833333334,9.737430555555555,5.6852025462962965,4.90179012345679
1666,00:00:27.750,7.350199974279835,9.259490740740741,10.565233410493827,6.389540895061728,5.095825617283951
1667,00:00:27.767,5.497139917695473,7.2407407407407405,7.965165895061729,4.802814429012345,3.7234394290123456
1668,00:00:27.783,3.9922074331275716,5.561892361111111,5.6910185185185185,3.4355902777777776,2.8500135030864198
1669,00:00:27.800,4.26732896090535,6.937731481481482,5.853146219135803,3.8050636574074073,3.1437770061728396
1670,00:00:27.817,3.2293229166666664,4.987847222222222,4.388273533950617,2.869716435185185,2.4299787808641975
1671,00:00:27.833,4.495588991769547,7.701157407407408,6.003472222222222,4.138063271604938,3.3452314814814814
1672,00:00:27.850,4.672958461934157,8.26880787037037,6.082872299382716,4.314047067901234,3.6219560185185187
1673,00:00:27.867,3.907239583333333,6.333188657407407,4.84527199074074,3.701911651234568,3.1745351080246915
1674,00:00:27.883,2.623659979423868,4.168344907407407,2.80295524691358,2.7392515432098765,2.328773148148148
1675,00:00:27.900,3.6302758487654323,5.771440972222222,3.948744212962963,3.744735725308642,3.197347608024691
1676,00:00:27.917,7.8124800668724275,10.658940972222222,9.864097222222222,6.873086419753086,6.700256558641975
1677,00:00:27.933,32.26947723765432,60.1640625,46.16905864197531,27.193470293209877,23.44590277777778
1678,00:00:27.950,40.07066036522634,82.95862268518519,53.85651813271605,35.99935763888889,30.356105324074075
1679,00:00:27.967,0.028586033950617287,0.053125,0.0384008487654321,0.017118055555555556,0.0302391975308642
1680,00:00:27.983,46.051840277777785,81.15237268518518,53.17320216049383,43.831363811728394,41.15095486111111
1681,00:00:28.000,8.825800540123458,9.351475694444444,14.805113811728395,2.908775077160494,8.763512731481482
1682,00:00:28.017,52.696656378600814,76.3519386574074,59.6906925154321,55.923850308641974,42.4754263117284
1683,00:00:28.033,61.71217142489712,87.53573495370371,71.42059220679012,73.88707561728395,39.828846450617284
1684,00:00:28.050,42.79652520576132,76.87581018518519,54.76689814814815,43.24983024691358,30.372847222222223
1685,00:00:28.067,32.63871656378601,63.50749421296296,42.1543074845679,29.592091049382717,26.169751157407408
1686,00:00:28.083,8.748234953703703,19.055150462962963,9.973389274691359,8.07566550925926,8.195650077160494
1687,00:00:28.100,8.177522505144033,16.400868055555556,9.44156635802469,7.583078703703704,7.507922453703704
1688,00:00:28.117,8.135581275720165,16.305931712962963,10.153979552469135,7.3524672067901236,6.900297067901235
1689,00:00:28.133,8.384621270576131,17.33498263888889,10.904398148148148,7.557482638888889,6.691983024691358
1690,00:00:28.150,8.799423225308642,16.384143518518517,11.876813271604938,7.8136979166666665,6.707758487654321
1691,00:00:28.167,11.978979552469136,21.71976273148148,16.427590663580247,10.727015817901234,8.782332175925927
1692,00:00:28.183,3.1258757716049383,7.111371527777778,4.341930941358025,2.718883101851852,2.3168132716049383
1693,00:00:28.200,0.10241833847736626,0.6665219907407407,0.16370177469135802,0.060578703703703704,0.08297453703703704
1694,00:00:28.217,14.302244084362139,27.852256944444445,20.321738040123456,12.385954861111111,10.199039351851852
1695,00:00:28.233,18.68109375,38.626302083333336,21.125644290123457,17.132125771604937,17.785511188271606
1696,00:00:28.250,8.958740997942387,18.180555555555557,13.719683641975308,6.892307098765432,6.26423225308642
1697,00:00:28.267,14.76529513888889,26.603327546296295,22.636255787037037,11.295925925925927,10.363703703703704
1698,00:00:28.283,11.224056069958849,24.524565972222224,16.425040509259258,9.101070601851852,8.146057098765432
1699,00:00:28.300,15.671996527777779,31.703327546296297,21.826601080246913,12.911662808641974,12.277725694444445
1700,00:00:28.317,12.769805169753086,24.308622685185185,17.000298996913582,10.80136188271605,10.50775462962963
1701,00:00:28.333,14.46910558127572,27.57974537037037,19.306309799382717,12.634427083333334,11.46657986111111
1702,00:00:28.350,20.867112911522636,52.44814814814815,27.451876929012347,18.333429783950617,16.81603202160494
1703,00:00:28.367,29.864385288065847,72.27508680555556,39.18731674382716,29.01096064814815,21.39487847222222
1704,00:00:28.383,0.06556455761316872,0.2002025462962963,0.07792824074074074,0.0534375,0.06532793209876543
1705,00:00:28.400,29.720769675925926,68.45598958333333,39.41495756172839,29.725435956790122,20.02191550925926
1706,00:00:28.417,35.30094714506173,78.62991898148148,44.290094521604935,37.09080632716049,24.521940586419753
1707,00:00:28.433,41.85798418209877,83.58234953703703,48.37996913580247,47.12284722222222,30.071136188271606
1708,00:00:28.450,28.399075360082307,65.48541666666667,32.68403742283951,31.197474922839508,21.3157137345679
1709,00:00:28.467,21.860406378600818,45.930989583333336,25.708065200617284,23.031261574074072,16.84189236111111
1710,00:00:28.483,15.362269161522633,27.786342592592593,17.97615547839506,16.36782214506173,11.742829861111112
1711,00:00:28.500,18.137092335390946,27.00028935185185,24.27396990740741,16.068962191358025,14.068344907407408
1712,00:00:28.517,11.391527777777776,22.33709490740741,12.774791666666667,11.979241898148148,9.42054976851852
1713,00:00:28.533,0.16999228395061727,0.7880208333333333,0.22636574074074073,0.1320119598765432,0.1515991512345679
1714,00:00:28.550,15.991680169753087,28.417939814814815,18.542297453703704,17.770119598765433,11.662623456790124
1715,00:00:28.567,15.36567322530864,24.729195601851853,17.335864197530864,17.00963348765432,11.751521990740741
1716,00:00:28.583,13.777413837448558,20.63315972222222,16.001057098765433,14.738813657407407,10.592370756172839
1717,00:00:28.600,17.13273405349794,30.110561342592593,19.934533179012345,17.23608024691358,14.2275887345679
1718,00:00:28.617,20.263104423868313,38.96030092592593,23.617310956790124,20.41524112654321,16.756761188271604
1719,00:00:28.633,18.15380658436214,35.73197337962963,21.222229938271607,18.174778163580246,15.064411651234568
1720,00:00:28.650,17.10525913065844,28.99296875,20.536240354938272,16.82501350308642,13.954523533950617
1721,00:00:28.667,16.826187628600824,27.749450231481482,19.864185956790124,16.652930169753088,13.961446759259259
1722,00:00:28.683,20.415898276748973,34.690625,23.749893904320988,20.789807098765433,16.707993827160493
1723,00:00:28.700,20.154499742798354,34.2912037037037,23.632926311728394,20.7771875,16.053385416666668
1724,00:00:28.717,25.370552983539095,47.224189814814814,30.495059799382716,25.981213348765433,19.635385802469134
1725,00:00:28.733,25.049907407407407,46.85182291666667,30.212976466049383,25.437087191358025,19.499658564814816
1726,00:00:28.750,0.1404391718106996,0.38859953703703703,0.197710262345679,0.09676890432098766,0.1268383487654321
1727,00:00:28.767,27.529052211934157,54.93370949074074,33.54989390432099,27.885007716049383,21.1522550154321
1728,00:00:28.783,30.310500900205763,60.576765046296295,36.015210262345676,32.06807098765432,22.848221450617284
1729,00:00:28.800,26.76713348765432,54.39212962962963,32.15083719135802,27.195979938271606,20.954583333333332
1730,00:00:28.817,46.03023533950617,75.80543981481482,58.552256944444444,47.53872299382716,31.999726080246912
1731,00:00:28.833,38.48890882201646,68.15543981481481,47.64175925925926,38.4881462191358,29.33682098765432
1732,00:00:28.850,32.67041345164609,60.229484953703704,39.56015817901235,30.668190586419755,27.78289158950617
1733,00:00:28.867,22.92585969650206,37.574131944444446,29.69656828703704,20.92448688271605,18.156523919753088
1734,00:00:28.883,25.533865097736626,45.574363425925924,33.85359375,22.97189429012346,19.77610725308642
1735,00:00:28.900,23.026565072016464,36.93564814814815,31.30967399691358,20.109251543209876,17.660769675925927
1736,00:00:28.917,24.48581340020576,46.57390046296296,31.942640817901236,22.4671662808642,19.04763310185185
1737,00:00:28.933,22.629678497942383,44.35986689814815,30.574081790123458,20.188831018518517,17.126122685185184
1738,00:00:28.950,25.56731674382716,51.703414351851855,33.603425925925926,22.83122299382716,20.267301311728396
1739,00:00:28.967,25.763337834362137,54.02861689814815,33.84593364197531,22.986685956790122,20.457393904320988
1740,00:00:28.983,23.31983153292181,47.85824652777778,30.161770833333332,21.078420138888887,18.71930362654321
1741,00:00:29.000,28.701055169753086,58.936284722222226,37.9796624228395,24.777872299382715,23.345630787037038
1742,00:00:29.017,31.070765817901233,63.373206018518516,36.98481288580247,29.325038580246915,26.90244598765432
1743,00:00:29.033,0.11173932613168724,0.1869212962962963,0.14690586419753088,0.07406828703703704,0.11424382716049383
1744,00:00:29.050,34.833183513374486,68.74916087962963,43.72959104938272,32.7966975308642,27.97326195987654
1745,00:00:29.067,35.4930279063786,69.88839699074074,45.385291280864195,33.518489583333334,27.575302854938272
1746,00:00:29.083,33.70276234567901,66.69302662037038,44.77984953703704,30.084766589506174,26.243670910493826
1747,00:00:29.100,36.077403549382716,63.55127314814815,44.27147955246914,31.501373456790123,32.45935763888889
1748,00:00:29.117,30.195932355967077,54.485590277777774,38.05646219135802,25.922332175925927,26.609002700617285
1749,00:00:29.133,27.84113297325103,59.42523148148148,35.397015817901234,22.78191550925926,25.344467592592594
1750,00:00:29.150,19.42641139403292,38.49693287037037,26.102654320987654,14.983387345679013,17.1931925154321
1751,00:00:29.167,18.61150977366255,37.36015625,26.082079475308642,13.921680169753087,15.830769675925925
1752,00:00:29.183,18.418745498971195,38.80732060185185,25.999949845679012,14.006051311728395,15.250235339506172
1753,00:00:29.200,21.131715534979424,39.90179398148148,30.282276234567902,15.785817901234568,17.327052469135804
1754,00:00:29.217,20.68853330761317,39.11918402777778,29.93677276234568,16.27030864197531,15.858518518518519
1755,00:00:29.233,17.036316872427985,29.826244212962962,25.18346836419753,13.235368441358025,12.690113811728395
1756,00:00:29.250,18.916261574074074,33.07572337962963,26.91568287037037,15.517104552469135,14.315997299382715
1757,00:00:29.267,9.259057355967078,14.284722222222221,13.492096836419753,6.966851851851852,7.31822337962963
1758,00:00:29.283,0.1609252829218107,0.4486111111111111,0.2746199845679012,0.08446952160493827,0.12368634259259259
1759,00:00:29.300,13.512046039094649,20.283912037037037,19.406489197530863,10.583701774691358,10.545947145061728
1760,00:00:29.317,7.717379115226337,12.201041666666667,11.108603395061728,5.701570216049383,6.341963734567901
1761,00:00:29.333,15.780485468106995,24.88119212962963,22.613626543209875,12.493206018518519,12.234623842592592
1762,00:00:29.350,13.074782664609053,19.477199074074075,19.061055169753086,9.915927854938271,10.247364969135802
1763,00:00:29.367,12.041160622427983,19.22092013888889,17.493346836419754,9.264909336419754,9.365225694444444
1764,00:00:29.383,15.97881044238683,26.056828703703705,23.06865162037037,12.635792824074073,12.231986882716049
1765,00:00:29.400,16.734948559670784,27.10653935185185,23.83178433641975,13.525094521604938,12.847966820987654
1766,00:00:29.417,14.990415380658435,23.80787037037037,21.27163387345679,12.153128858024692,11.546483410493828
1767,00:00:29.433,17.092597736625514,25.445399305555554,26.086979166666666,14.053800154320987,11.13701388888889
1768,00:00:29.450,8.038930041152264,11.595023148148147,11.838514660493827,6.438292824074074,5.8399826388888885
1769,00:00:29.467,24.21100887345679,41.59835069444444,36.2134587191358,20.04419174382716,16.37537615740741
1770,00:00:29.483,25.885992155349793,49.23211805555555,37.65548804012346,22.143726851851852,17.858761574074073
1771,00:00:29.500,23.158987911522633,39.290364583333336,35.83102044753086,17.409658564814816,16.236284722222223
1772,00:00:29.517,18.77254951131687,32.06634837962963,28.49701774691358,15.454386574074075,12.366244212962963
1773,00:00:29.533,20.996735468106994,37.245052083333334,31.51279513888889,17.58139274691358,13.896018518518519
1774,00:00:29.550,0.10233731995884775,0.2267650462962963,0.17215277777777777,0.05314621913580247,0.08171296296296296
1775,00:00:29.567,17.338006044238682,27.418894675925927,26.340194830246915,14.2860262345679,11.387797067901234
1776,00:00:29.583,28.726249999999997,47.27682291666667,41.0774324845679,25.884839891975307,19.21647762345679
1777,00:00:29.600,20.907807998971194,31.291608796296295,30.704448302469135,17.83247685185185,14.186498842592593
1778,00:00:29.617,23.180217335390946,33.85931712962963,33.361288580246914,20.178379629629628,16.000983796296296
1779,00:00:29.633,20.623562242798354,27.648119212962964,29.67241512345679,17.725725308641977,14.472546296296295
1780,00:00:29.650,19.54912615740741,25.639699074074073,28.57630401234568,16.80762345679012,13.26345100308642
1781,00:00:29.667,17.604936342592595,22.827517361111113,25.096512345679013,15.18708912037037,12.531207561728396
1782,00:00:29.683,21.98365033436214,37.94305555555555,28.984747299382715,19.642814429012347,17.32338927469136
1783,00:00:29.700,21.08408436213992,39.686342592592595,27.10013888888889,18.44067901234568,17.711435185185184
1784,00:00:29.717,21.47246913580247,39.31938657407407,28.009305555555557,18.42449459876543,17.98360725308642
1785,00:00:29.733,25.593768647119344,43.811400462962965,34.33815200617284,22.146761188271604,20.29639274691358
1786,00:00:29.750,23.99862975823045,41.803964120370374,33.07728973765432,20.482413194444444,18.436186342592592
1787,00:00:29.767,23.97387924382716,41.94120370370371,33.509375,20.21697723765432,18.19528549382716
1788,00:00:29.783,26.89549575617284,48.24241898148148,37.774375,22.981913580246914,19.930198688271606
1789,00:00:29.800,0.13848251028806582,0.1697048611111111,0.22848186728395062,0.08026813271604938,0.10669753086419753
1790,00:00:29.817,26.945171682098763,47.588686342592595,37.98191165123457,23.07890625,19.77469714506173
1791,00:00:29.833,18.081156764403293,24.706568287037037,25.050501543209876,15.48871913580247,13.704249614197531
1792,00:00:29.850,26.21721836419753,44.31657986111111,35.78638888888889,23.201819058641977,19.663447145061728
1793,00:00:29.867,26.26424447016461,44.59155092592592,35.60723572530864,23.721383101851853,19.464114583333334
1794,00:00:29.883,23.964551826131686,38.78961226851852,32.69385802469136,21.326950231481483,17.872847222222223
1795,00:00:29.900,23.006249356995884,36.03104745370371,31.686666666666667,20.302926311728395,17.029155092592593
1796,00:00:29.917,20.548222736625515,30.746585648148148,28.55287037037037,18.07103202160494,15.020765817901234
1797,00:00:29.933,17.27903034979424,25.442447916666666,24.12607638888889,15.184292052469136,12.526722608024691
1798,00:00:29.950,22.41993569958848,36.105324074074076,31.734293981481482,19.577264660493828,15.948248456790123
1799,00:00:29.967,19.068061342592593,30.08449074074074,27.54193287037037,16.30708140432099,13.35516975308642
1800,00:00:29.983,17.223047196502055,25.27667824074074,25.530407021604937,14.698962191358024,11.43977237654321
1801,00:00:30.000,10.959398148148146,8.570833333333333,19.977299382716048,4.045414737654321,8.855480324074074
1802,00:00:30.017,18.169933770576133,27.312644675925927,27.39283950617284,15.22552276234568,11.891439043209877
1803,00:00:30.033,19.788780221193417,28.708159722222224,29.57774884259259,16.23954861111111,13.549043209876544
1804,00:00:30.050,20.883921682098762,30.06530671296296,31.103586033950616,17.109577546296297,14.438601466049382
1805,00:00:30.067,33.18127636316873,64.07268518518518,52.5216512345679,28.549753086419752,18.47242476851852
1806,00:00:30.083,28.152405478395064,35.78854166666667,48.82774691358025,23.149268904320987,12.48020061728395
1807,00:00:30.100,15.708079989711933,23.066087962962964,24.59715663580247,12.020952932098766,10.506130401234568
1808,00:00:30.117,18.012522505144034,28.37957175925926,26.269023919753085,13.511948302469136,14.256595293209877
1809,00:00:30.133,21.680914351851854,34.325636574074075,32.370621141975306,14.644047067901235,18.02807484567901
1810,00:00:30.150,24.830480967078188,42.61461226851852,38.05769868827161,16.64378472222222,19.789959490740742
1811,00:00:30.167,24.97875257201646,47.118431712962966,37.26820601851852,18.37207947530864,19.295972222222222
1812,00:00:30.183,19.43908822016461,36.50572916666667,29.332650462962963,14.670192901234568,14.314421296296297
1813,00:00:30.200,0.07580504115226337,0.3074363425925926,0.12906635802469135,0.03903549382716049,0.059313271604938274
1814,00:00:30.217,25.520099022633744,44.61712962962963,39.25189043209877,19.019099151234567,18.2893074845679
1815,00:00:30.233,25.865834619341566,37.25095486111111,41.69593942901235,19.22454089506173,16.677023533950617
1816,00:00:30.250,21.508973122427985,33.30052083333333,35.17041280864198,15.31356674382716,14.042939814814815
1817,00:00:30.267,17.391264789094652,23.532899305555556,29.26761574074074,12.372432484567902,10.533746141975309
1818,00:00:30.283,15.694110725308642,20.661689814814814,26.894675925925927,11.080461033950618,9.107195216049382
1819,00:00:30.300,12.42116898148148,14.873524305555556,21.215889274691357,8.69744212962963,7.350175540123457
1820,00:00:30.317,15.304697145061729,20.248003472222223,26.150275848765432,10.539654706790124,9.224160879629629
1821,00:00:30.333,11.311091820987656,15.596614583333333,19.450528549382717,7.680964506172839,6.801782407407408
1822,00:00:30.350,11.494971707818932,15.899623842592593,19.44330825617284,7.953348765432099,7.088258101851852
1823,00:00:30.367,9.271951517489713,14.859751157407407,15.289592978395062,6.20434413580247,6.321917438271605
1824,00:00:30.383,11.97866255144033,20.77482638888889,18.5127237654321,9.30363811728395,8.11962577160494
1825,00:00:30.400,11.804908693415639,20.616435185185185,18.307376543209877,9.03356288580247,8.073786651234569
1826,00:00:30.417,10.207566872427982,18.401417824074073,16.137403549382714,7.661373456790123,6.823923611111111
1827,00:00:30.433,10.727227366255145,19.595746527777777,16.802287808641974,8.02011188271605,7.359282407407408
1828,00:00:30.450,0.15607896090534978,0.8445891203703704,0.2545582561728395,0.08858603395061729,0.1250925925925926
1829,00:00:30.467,7.695015432098766,14.495746527777778,12.170841049382716,5.59695987654321,5.317245370370371
1830,00:00:30.483,12.122739840534981,22.122135416666666,17.873248456790122,9.5584375,8.936533564814814
1831,00:00:30.500,16.95482188786008,25.254542824074075,24.4550212191358,12.199197530864197,14.210246913580248
1832,00:00:30.517,8.543040766460905,17.593721064814815,12.874465663580247,7.027592592592592,5.727064043209877
1833,00:00:30.533,12.271677597736627,26.016493055555557,18.508614969135802,10.156244212962964,8.15017361111111
1834,00:00:30.550,9.925304783950617,20.375896990740742,15.065819830246914,8.02923611111111,6.680858410493827
1835,00:00:30.567,11.888709490740743,25.77103587962963,17.926163194444445,9.80234375,7.937621527777778
1836,00:00:30.583,11.204850180041154,23.85902777777778,16.752212577160495,9.295347222222222,7.56699074074074
1837,00:00:30.600,12.993030478395061,29.4578125,19.277721836419754,10.79719135802469,8.904178240740741
1838,00:00:30.617,0.1023533950617284,0.38761574074074073,0.1517380401234568,0.059967206790123455,0.09535493827160493
1839,00:00:30.633,12.428104423868312,25.631336805555556,18.621114969135803,10.195270061728396,8.46792824074074
1840,00:00:30.650,12.369535108024692,25.05434027777778,18.50744212962963,10.141113040123457,8.460050154320987
1841,00:00:30.667,12.497703832304529,24.93382523148148,18.555630787037035,10.227181712962963,8.710298996913581
1842,00:00:30.683,12.212690329218105,23.833940972222223,18.66403549382716,9.511670524691358,8.462364969135802
1843,00:00:30.700,11.339356352880658,21.646961805555556,16.817314814814814,9.140970293209877,8.059783950617284
1844,00:00:30.717,11.45104938271605,21.083738425925926,16.806421682098765,9.259226466049382,8.2875
1845,00:00:30.733,11.695632716049383,20.730063657407406,17.136631944444446,9.386037808641975,8.564228395061729
1846,00:00:30.750,11.020963863168724,20.129947916666666,16.07172839506173,8.83145061728395,8.159712577160494
1847,00:00:30.767,11.058925540123456,18.19285300925926,16.110021219135803,8.83146412037037,8.235291280864198
1848,00:00:30.783,8.157930169753087,14.59068287037037,11.708350694444444,6.5267843364197535,6.238655478395062
1849,00:00:30.800,12.510659722222222,22.61993634259259,18.41950038580247,9.735601851851852,9.376876929012345
1850,00:00:30.817,9.413590534979424,18.50324074074074,13.421838348765432,7.446194058641975,7.372739197530864
1851,00:00:30.833,11.664899691358025,21.56530671296296,16.86712962962963,9.144313271604938,8.983256172839507
1852,00:00:30.850,9.411046167695472,17.773263888888888,13.248726851851853,7.545814043209877,7.438597608024692
1853,00:00:30.867,9.105614711934157,17.2390625,13.134722222222223,7.145817901234568,7.036304012345679
1854,00:00:30.883,0.12947402263374488,0.6360243055555556,0.22972800925925926,0.059834104938271605,0.0988599537037037
1855,00:00:30.900,9.142429269547327,17.68275462962963,13.028993055555556,7.169506172839506,7.228788580246913
1856,00:00:30.917,9.20919174382716,19.625752314814815,13.0261612654321,7.279158950617284,7.3222550154320984
1857,00:00:30.933,9.07703253600823,16.592216435185186,12.95977237654321,7.073672839506173,7.197652391975309
1858,00:00:30.950,11.148174511316872,19.77233796296296,16.023524305555554,8.706024305555555,8.714974922839506
1859,00:00:30.967,10.651976594650206,18.499305555555555,15.219845679012346,8.340810185185186,8.395273919753086
1860,00:00:30.983,19.79558191872428,42.976649305555554,28.04929591049383,15.475117669753086,15.862332175925927
1861,00:00:31.000,27.904494598765435,60.543315972222224,40.239390432098766,21.607716049382717,21.866377314814816
1862,00:00:31.017,28.353604681069957,64.00480324074074,40.15687114197531,23.482444058641974,21.42149884259259
1863,00:00:31.033,25.152627957818932,54.84418402777778,36.82501929012346,20.47388888888889,18.158975694444443
1864,00:00:31.050,30.860064943415637,66.40920138888889,44.651113040123455,26.297771990740742,21.631309799382716
1865,00:00:31.067,23.05132265946502,47.879890046296296,34.200570987654324,18.98929012345679,15.96410686728395
1866,00:00:31.083,21.037703832304526,41.66524884259259,31.411385030864196,17.350719521604937,14.351006944444444
1867,00:00:31.100,15.421665380658437,25.33029513888889,22.88631558641975,12.507459490740741,10.871221064814815
1868,00:00:31.117,14.131623585390948,23.365162037037038,20.709224537037038,11.59545524691358,10.090190972222222
1869,00:00:31.133,13.471211419753084,21.588917824074073,19.877339891975307,11.023520447530863,9.512773919753087
1870,00:00:31.150,0.16866576646090536,0.6758680555555555,0.29583912037037036,0.08684220679012346,0.12331597222222222
1871,00:00:31.167,14.586288580246915,22.525983796296295,21.405478395061728,11.872546296296296,10.480841049382716
1872,00:00:31.183,9.871554140946502,14.213888888888889,14.903719135802469,7.786444830246913,6.924498456790124
1873,00:00:31.200,12.730082304526748,18.393055555555556,19.008711419753087,10.222723765432098,8.958811728395062
1874,00:00:31.217,14.840170396090533,22.2328125,22.098591820987654,11.943360339506173,10.478559027777777
1875,00:00:31.233,9.091710390946503,14.17404513888889,13.558937114197532,7.1345679012345675,6.581626157407407
1876,00:00:31.250,14.833844521604938,22.76160300925926,21.530603780864197,12.301057098765432,10.669872685185185
1877,00:00:31.267,11.66835390946502,17.511082175925925,17.144648919753088,9.36319637345679,8.497216435185186
1878,00:00:31.283,12.57598315329218,19.073350694444443,18.361761188271604,10.157364969135802,9.208823302469137
1879,00:00:31.300,0.13615354938271604,0.41712962962962963,0.2307368827160494,0.07104938271604938,0.10667438271604938
1880,00:00:31.317,15.315885416666667,23.708998842592592,22.2800887345679,12.704417438271605,10.963150077160494
1881,00:00:31.333,11.517262088477366,18.373871527777776,16.772064043209877,9.450428240740742,8.32929398148148
1882,00:00:31.350,16.75845807613169,25.32783564814815,24.553663194444443,13.886099537037037,11.83561149691358
1883,00:00:31.367,12.962755272633744,20.748755787037037,19.15921875,10.35542438271605,9.373622685185186
1884,00:00:31.383,13.328892746913581,20.82254050925926,19.01455439814815,11.187581018518518,9.784542824074075
1885,00:00:31.400,13.434661136831275,20.804832175925927,19.85085262345679,10.888163580246914,9.564967206790124
1886,00:00:31.417,15.648629115226337,23.80295138888889,23.35247299382716,12.59287037037037,11.000543981481481
1887,00:00:31.433,9.410821116255145,16.525318287037038,14.291770833333333,7.078128858024692,6.862563657407407
1888,00:00:31.450,0.1408082561728395,0.4574652777777778,0.2341550925925926,0.07919560185185186,0.10907407407407407
1889,00:00:31.467,14.005204475308643,21.460040509259258,21.149087577160493,10.907847222222221,9.95867862654321
1890,00:00:31.483,10.104281121399177,20.77777777777778,14.578022762345679,8.041954089506174,7.692866512345679
1891,00:00:31.500,18.095749742798354,33.52138310185185,28.79532600308642,11.384087577160495,14.107835648148148
1892,00:00:31.517,14.317546296296294,32.01076388888889,21.385250771604937,11.027577160493827,10.539810956790124
1893,00:00:31.533,11.017821502057615,24.518663194444443,17.01080054012346,8.07412037037037,7.968543595679012
1894,00:00:31.550,11.03620563271605,25.45031828703704,16.995783179012346,8.349702932098765,7.763130787037037
1895,00:00:31.567,28.471160622427984,65.76333912037038,42.33283564814815,23.271770833333335,19.80887538580247
1896,00:00:31.583,0.08420267489711934,0.30202546296296295,0.13874807098765432,0.04945601851851852,0.06440393518518518
1897,00:00:31.600,37.79030349794238,80.49175347222223,53.977986111111115,31.728935185185186,27.663989197530864
1898,00:00:31.617,42.03930041152264,89.5953125,57.765462962962964,37.88021026234568,30.472228009259258
1899,00:00:31.633,43.22345100308642,76.49557291666666,58.14332947530864,38.98401234567901,32.543011188271606
1900,00:00:31.650,31.81641975308642,59.70266203703704,39.64387924382716,29.196645447530866,26.608734567901234
1901,00:00:31.667,34.74403549382716,62.43663194444444,41.88785300925926,32.15680941358025,30.187444058641976
1902,00:00:31.683,26.180250771604936,53.15353009259259,30.658003472222223,22.53185185185185,25.35089699074074
1903,00:00:31.700,29.994518389917697,60.46067708333333,32.55035686728395,26.653925540123456,30.77927276234568
1904,00:00:31.717,19.030558127572018,38.17375578703704,19.61999421296296,16.474502314814814,20.997177854938272
1905,00:00:31.733,14.463314043209877,26.16701388888889,16.542118055555555,12.056795910493827,14.791028163580247
1906,00:00:31.750,8.27966049382716,11.631423611111112,11.186927083333334,6.760526620370371,6.891527777777778
1907,00:00:31.767,12.680996656378602,18.19777199074074,16.935574845679014,10.38211612654321,10.72529899691358
1908,00:00:31.783,0.14730838477366257,0.2818576388888889,0.20821373456790124,0.08869212962962963,0.1450192901234568
1909,00:00:31.800,15.072763631687243,22.254456018518518,20.036471836419754,12.28222800925926,12.899591049382716
1910,00:00:31.817,0.17297710905349795,0.35564236111111114,0.2347434413580247,0.10571952160493828,0.17846836419753087
1911,00:00:31.833,11.028503729423868,15.020601851851852,14.54396026234568,9.328269675925926,9.21328125
1912,00:00:31.850,9.72068672839506,13.087442129629629,13.03100887345679,7.938925540123456,8.192125771604939
1913,00:00:31.867,12.529565329218109,17.437297453703703,16.32863425925926,10.463636188271606,10.796425540123456
1914,00:00:31.883,10.975932998971194,15.18046875,14.440632716049382,9.231560570987654,9.255605709876543
1915,00:00:31.900,8.421129758230453,11.001302083333334,11.094481095679013,7.044311342592593,7.124596836419753
1916,00:00:31.917,10.680348508230452,15.070283564814815,13.73447337962963,8.937744984567901,9.368827160493828
1917,00:00:31.933,8.305891203703704,10.360358796296296,10.780354938271605,7.088630401234568,7.048688271604938
1918,00:00:31.950,10.562780992798354,12.353038194444444,13.740951003086419,8.92363811728395,9.02375385802469
1919,00:00:31.967,8.107006172839506,10.821267361111111,10.588757716049383,7.022501929012345,6.70975887345679
1920,00:00:31.983,12.64363811728395,16.425462962962964,16.78847222222222,10.677964891975309,10.464477237654322
1921,00:00:32.000,16.576198559670782,18.07774884259259,23.20007523148148,11.022918595679013,15.505601851851852
1922,00:00:32.017,7.883324331275721,9.489207175925927,10.210935570987655,7.267503858024692,6.171533564814815
1923,00:00:32.033,11.291023019547325,14.478530092592592,14.910370370370371,9.948132716049383,9.014565972222222
1924,00:00:32.050,10.944213605967079,14.114033564814815,14.331358024691358,9.623800154320987,8.877482638888889
1925,00:00:32.067,0.09264403292181071,0.16183449074074074,0.12262924382716049,0.05795331790123457,0.09734953703703704
1926,00:00:32.083,11.047773919753086,14.264554398148148,14.465283564814815,9.565702160493828,9.112336033950617
1927,00:00:32.100,9.479802597736626,12.740653935185184,12.585129243827161,8.115511188271604,7.738767361111111
1928,00:00:32.117,14.148183513374486,17.79146412037037,18.465374228395063,12.150522762345679,11.828653549382716
1929,00:00:32.133,12.343749356995886,15.072251157407408,16.305542052469136,10.582702546296296,10.143003472222222
1930,00:00:32.150,11.192807355967078,13.702806712962962,14.72078125,9.650206404320988,9.207434413580247
1931,00:00:32.167,14.470252700617282,17.64881365740741,18.565970293209876,12.814066358024691,12.030721450617284
1932,00:00:32.183,12.754176311728395,15.720572916666667,16.449484953703703,11.337864583333333,10.475179398148148
1933,00:00:32.200,11.18595357510288,14.007783564814815,14.319832175925926,9.959556327160493,9.278472222222222
1934,00:00:32.217,14.242748842592592,19.477199074074075,17.575929783950617,12.271043595679012,12.881273148148148
1935,00:00:32.233,13.09221193415638,17.792447916666667,16.36177276234568,10.773560956790124,12.141302083333333
1936,00:00:32.250,12.767002314814816,18.84019097222222,16.40893711419753,10.993267746913581,10.898802083333333
1937,00:00:32.267,9.644038708847736,14.614293981481481,12.824510030864198,8.02791087962963,8.079695216049382
1938,00:00:32.283,0.09130851337448559,0.18347800925925925,0.12358217592592592,0.05944251543209877,0.0909008487654321
1939,00:00:32.300,15.507542438271605,22.446788194444444,20.06051697530864,13.199483024691357,13.262627314814814
1940,00:00:32.317,0.12413001543209874,0.5888020833333333,0.1864525462962963,0.06242091049382716,0.12351658950617284
1941,00:00:32.333,11.996066743827162,16.349710648148147,16.141961805555557,10.355636574074074,9.490601851851851
1942,00:00:32.350,10.723634259259262,14.541493055555556,14.543829089506174,9.119444444444444,8.50762924382716
1943,00:00:32.367,9.520363297325103,12.455353009259259,12.983231095679013,8.109793595679012,7.468065200617284
1944,00:00:32.383,12.651889789094648,18.530787037037037,16.791047453703705,10.920225694444444,10.244396219135803
1945,00:00:32.400,11.130539480452674,16.206568287037037,14.733300540123457,9.604533179012346,9.053784722222222
1946,00:00:32.417,9.655488040123457,13.95859375,12.816604938271604,8.180559413580246,7.9692997685185185
1947,00:00:32.433,13.5662204218107,19.5234375,17.64244212962963,11.75304012345679,11.303179012345678
1948,00:00:32.450,0.11919110082304528,0.33153935185185185,0.18080439814814814,0.06020447530864197,0.11656442901234568
1949,00:00:32.467,10.028654192386831,14.501157407407407,13.745673225308641,8.484029706790123,7.856259645061728
1950,00:00:32.483,11.6610345936214,16.486458333333335,15.99132137345679,9.835046296296296,9.156736111111112
1951,00:00:32.500,16.237887088477365,19.861371527777777,22.919720293209878,11.625453317901234,14.168487654320987
1952,00:00:32.517,8.70107767489712,12.040190972222222,11.967268518518518,7.459932484567902,6.6760320216049385
1953,00:00:32.533,13.955591563786008,19.18599537037037,18.286965663580247,12.090931712962963,11.488877314814815
1954,00:00:32.550,28.979558256172837,60.12028356481481,33.90000385802469,27.05707947530864,25.981591435185184
1955,00:00:32.567,30.070490612139917,68.14756944444444,35.18679205246914,28.495756172839506,26.52892361111111
1956,00:00:32.583,29.320918852880656,66.65711805555556,36.03048225308642,27.73081597222222,24.201458333333335
1957,00:00:32.600,27.7169849537037,60.33179976851852,34.49104938271605,25.577164351851852,23.08274112654321
1958,00:00:32.617,30.819936342592595,61.07653356481482,37.71596643518519,29.261388888888888,25.482453703703705
1959,00:00:32.633,25.967753343621396,51.31727430555556,33.24570023148148,23.875038580246912,20.782521219135802
1960,00:00:32.650,23.477278806584362,47.78888888888889,31.178782793209876,20.704876543209878,18.548177083333332
1961,00:00:32.667,16.68149112654321,32.37476851851852,21.503130787037037,14.510306712962963,14.031035879629629
1962,00:00:32.683,13.59312628600823,23.490104166666665,18.033256172839508,11.853512731481482,10.892609953703703
1963,00:00:32.700,0.12919495884773666,0.33645833333333336,0.18586226851851853,0.07231481481481482,0.12940779320987655
1964,00:00:32.717,14.801784336419752,23.965769675925927,21.680742669753087,12.584567901234568,10.140042438271605
1965,00:00:32.733,11.634017489711935,17.678327546296295,16.875229552469136,9.869180169753086,8.15764274691358
1966,00:00:32.750,15.388203446502056,26.241290509259258,21.947779706790122,13.107602237654321,11.109228395061729
1967,00:00:32.767,14.246132973251028,24.81724537037037,20.44490933641975,12.199452160493827,10.094037422839506
1968,00:00:32.783,13.632393261316873,23.42861689814815,18.07367476851852,11.798636188271605,11.024868827160494
1969,00:00:32.800,17.968135288065845,35.01331018518518,23.544405864197532,15.314409722222223,15.045590277777778
1970,00:00:32.817,17.146249356995884,32.38903356481482,22.70321566358025,14.573410493827161,14.162121913580247
1971,00:00:32.833,17.69094007201646,35.13480902777778,22.7718074845679,15.073412422839507,15.227600308641975
1972,00:00:32.850,15.507658179012344,28.26791087962963,19.667617669753085,13.047677469135802,13.807679398148148
1973,00:00:32.867,15.18300797325103,28.651099537037037,18.900997299382716,12.826587577160494,13.821439043209876
1974,00:00:32.883,16.970357510288064,32.386574074074076,21.25796489197531,14.529349922839506,15.123757716049383
1975,00:00:32.900,17.206588863168722,33.3890625,21.3672762345679,14.646489197530864,15.606001157407407
1976,00:00:32.917,0.09911908436213991,0.7511284722222222,0.15107060185185187,0.05690393518518518,0.08938271604938272
1977,00:00:32.933,21.837343750000002,47.635416666666664,28.00673225308642,18.503447145061727,19.001851851851853
1978,00:00:32.950,23.809681069958845,48.61527777777778,31.53919560185185,20.083589891975308,19.806257716049384
1979,00:00:32.967,24.0052829218107,47.70821759259259,32.45873263888889,20.01779513888889,19.53932098765432
1980,00:00:32.983,22.52056905864198,42.897453703703704,30.651485339506173,18.526159336419752,18.3840625
1981,00:00:33.000,25.540610853909467,42.99337384259259,35.43453703703704,19.908688271604937,21.27860725308642
1982,00:00:33.017,18.85773469650206,33.13967013888889,25.58501350308642,15.399168595679013,15.58902199074074
1983,00:00:33.033,22.533985339506174,42.641666666666666,31.24668402777778,18.347735339506173,18.007536651234567
1984,00:00:33.050,25.01521797839506,50.15787037037037,34.47757523148148,20.820040509259258,19.748038194444444
1985,00:00:33.067,18.58619341563786,36.31142939814815,24.890073302469137,15.799874614197531,15.068632330246913
1986,00:00:33.083,0.19456661522633745,0.6994791666666667,0.30757716049382716,0.11382523148148148,0.16229745370370371
1987,00:00:33.100,23.612383616255144,48.12387152777778,31.33978973765432,20.705457175925925,18.791903935185186
1988,00:00:33.117,27.06848186728395,57.66128472222222,36.436875,24.239170524691357,20.529400077160492
1989,00:00:33.133,24.043913966049384,49.79140625,32.190609567901234,21.843125,18.098007330246915
1990,00:00:33.150,17.780005144032923,37.02960069444445,24.07646026234568,16.036612654320987,13.226942515432098
1991,00:00:33.167,18.162357896090537,36.53868634259259,24.470297067901235,16.53125,13.48552662037037
1992,00:00:33.183,7.9904983281893,13.798234953703703,10.806923225308642,6.987125771604938,6.177445987654321
1993,00:00:33.200,10.897209362139918,18.671469907407406,14.738099922839506,9.82325424382716,8.130273919753087
1994,00:00:33.217,10.53177276234568,17.901157407407407,14.114207175925927,9.32609375,8.155017361111112
1995,00:00:33.233,12.946837705761316,23.282523148148147,17.156074459876542,11.617905092592592,10.066533564814815
1996,00:00:33.250,0.18063786008230454,0.912962962962963,0.2699922839506173,0.10809413580246914,0.16382716049382717
1997,00:00:33.267,0.09023276748971193,0.18839699074074073,0.13509645061728395,0.05489776234567901,0.08070408950617285
1998,00:00:33.283,13.989434799382716,26.536429398148147,18.604739583333334,12.615370370370371,10.748194444444444
1999,00:00:33.300,11.454313271604937,20.211111111111112,15.36992862654321,10.245891203703703,8.7471199845679
2000,00:00:33.317,12.037205504115226,20.767447916666665,15.986996527777778,10.804347993827161,9.320271990740741
2001,00:00:33.333,13.932474922839505,24.975636574074073,18.53670910493827,12.384650848765432,10.876064814814814
2002,00:00:33.350,22.22580375514403,48.63790509259259,29.859494598765433,20.096658950617282,16.721257716049383
2003,00:00:33.367,24.304779449588477,51.93263888888889,32.91198881172839,21.785827546296296,18.21652199074074
2004,00:00:33.383,0.13956532921810696,0.5681423611111112,0.21066550925925925,0.08428047839506173,0.12375
2005,00:00:33.400,22.66292052469136,48.47065972222222,30.665434027777778,20.108560956790125,17.214766589506173
2006,00:00:33.417,27.446927726337446,60.90043402777778,36.91306134259259,24.626597222222223,20.80112461419753
2007,00:00:33.433,30.29343492798354,67.64386574074074,40.70212191358025,27.49914737654321,22.67903549382716
2008,00:00:33.450,25.780560699588477,55.53087384259259,34.37537808641975,23.45929591049383,19.507008101851852
2009,00:00:33.467,17.905904063786007,35.21252893518518,24.351423611111112,15.9603125,13.405976080246914
2010,00:00:33.483,16.753899176954732,30.792824074074073,22.481651234567902,15.09417824074074,12.685868055555556
2011,00:00:33.500,17.35576388888889,24.48865740740741,23.71757716049383,14.337150848765432,14.012563657407407
2012,00:00:33.517,6.150175540123457,10.30379050925926,7.278724922839507,6.089166666666666,5.082635030864197
2013,00:00:33.533,0.09678112139917695,0.5189525462962963,0.16000192901234567,0.05986496913580247,0.07047646604938272
2014,00:00:33.550,12.718621399176953,21.684837962962963,15.765250771604938,12.071084104938272,10.319529320987654
2015,00:00:33.567,9.483944187242798,15.204079861111111,11.634587191358024,8.952472993827161,7.86477237654321
2016,00:00:33.583,9.144212319958848,14.584780092592593,11.278506944444445,8.57592399691358,7.578206018518519
2017,00:00:33.600,12.50739647633745,19.85842013888889,15.603979552469136,11.658248456790124,10.259961419753086
2018,00:00:33.617,10.482686471193416,15.827806712962962,12.953221450617283,9.509351851851852,8.985486111111111
2019,00:00:33.633,8.378580889917695,12.540943287037036,10.53141010802469,7.6700231481481485,6.934309413580247
2020,00:00:33.650,11.38488683127572,17.590769675925927,14.448072916666666,10.402775848765431,9.303811728395061
2021,00:00:33.667,7.913868955761316,12.9625,9.931051311728394,7.3721604938271605,6.438395061728395
2022,00:00:33.683,11.40803883744856,17.65668402777778,14.500908564814814,10.47175925925926,9.251448688271605
2023,00:00:33.700,9.080731095679011,14.050578703703703,11.639203317901234,8.230570987654321,7.372418981481482
2024,00:00:33.717,12.229257973251029,21.337065972222224,15.501535493827161,11.041541280864198,10.144697145061729
2025,00:00:33.733,0.13857767489711934,0.5853587962962963,0.20871913580246915,0.09137924382716049,0.1156346450617284
2026,00:00:33.750,12.675954218106995,22.223466435185184,16.544311342592593,11.3015625,10.181988811728395
2027,00:00:33.767,10.936602366255144,18.066927083333333,14.67602237654321,9.596176697530865,8.537608024691359
2028,00:00:33.783,9.592830504115227,16.32855902777778,12.80047839506173,8.504874614197531,7.47313850308642
2029,00:00:33.800,14.198097993827162,24.94169560185185,19.100690586419752,12.67663387345679,10.816969521604939
2030,00:00:33.817,9.505392232510289,14.969444444444445,12.918441358024692,8.270395447530865,7.327339891975309
2031,00:00:33.833,12.644919624485597,21.42462384259259,17.22321566358025,10.973728780864198,9.737814429012346
2032,00:00:33.850,9.592874228395061,16.860792824074075,13.166429398148148,8.276141975308642,7.336051311728395
2033,00:00:33.867,10.602387474279835,18.456510416666667,14.679211033950617,8.986799768518518,8.14115162037037
2034,00:00:33.883,12.758770576131687,23.24956597222222,17.750760030864196,10.862079475308642,9.663472222222222
2035,00:00:33.900,12.899308127572015,21.111284722222223,17.770028935185184,10.709540895061728,10.218354552469135
2036,00:00:33.917,0.12034786522633745,0.5361689814814815,0.20385223765432098,0.0682253086419753,0.08896604938271604
2037,00:00:33.933,17.755151105967077,32.54594907407407,24.843761574074072,15.383306327160494,13.038385416666667
2038,00:00:33.950,17.08675797325103,29.844444444444445,24.017862654320986,14.461832561728395,12.780578703703704
2039,00:00:33.967,20.617202932098763,35.15153356481481,29.22345100308642,17.295943287037037,15.33221450617284
2040,00:00:33.983,20.190488683127573,35.30402199074074,28.360761959876545,17.33592399691358,14.874780092592593
2041,00:00:34.000,20.09889531893004,30.186805555555555,29.384427083333332,15.405819830246914,15.506439043209877
2042,00:00:34.017,17.52499356995885,28.791782407407407,24.336176697530863,14.895385802469136,13.343418209876543
2043,00:00:34.033,22.75167566872428,38.07439236111111,32.76103009259259,19.089515817901233,16.404481095679014
2044,00:00:34.050,22.370371656378598,38.11128472222222,32.44147569444444,18.672690972222224,15.996948302469136
2045,00:00:34.067,0.11184349279835391,0.32120949074074073,0.1817091049382716,0.05983024691358025,0.09399112654320987
2046,00:00:34.083,22.887829218106997,42.72971643518518,32.451828703703704,19.174743441358025,17.03691550925926
2047,00:00:34.100,45.73836162551441,77.18423032407408,65.18917052469136,40.8238387345679,31.20207561728395
2048,00:00:34.117,41.674758230452674,73.71880787037037,62.95758680555556,35.10255015432099,26.964137731481483
2049,00:00:34.133,49.09162229938272,92.82757523148148,68.87595100308641,44.44129822530864,33.957617669753084
2050,00:00:34.150,37.737755915637855,74.79360532407408,52.185459104938275,32.059947916666665,28.967860725308643
2051,00:00:34.167,0.1553658693415638,0.3374421296296296,0.24876350308641976,0.08230131172839507,0.13503279320987654
2052,00:00:34.183,22.115093235596706,39.87129629629629,29.07304976851852,17.37281828703704,19.89941165123457
2053,00:00:34.200,21.5853504372428,37.30506365740741,29.16201388888889,17.687490354938273,17.906547067901233
2054,00:00:34.217,17.8136529063786,29.70277777777778,23.24565586419753,14.856979166666667,15.338323688271604
2055,00:00:34.233,17.348272247942386,29.00920138888889,23.296450617283952,14.51560763888889,14.232758487654321
2056,00:00:34.250,23.631344521604934,42.745949074074076,33.21181520061728,19.596730324074073,18.085488040123458
2057,00:00:34.267,23.146659593621397,40.506336805555556,32.75489776234568,19.165507330246914,17.519573688271606
2058,00:00:34.283,20.13517168209877,31.885821759259258,29.046998456790124,16.218238811728394,15.140277777777778
2059,00:00:34.300,17.64714699074074,26.16898148148148,26.059951774691356,13.834797453703704,13.04669174382716
2060,00:00:34.317,15.801572788065846,22.916550925925925,23.22551311728395,12.674278549382716,11.504926697530864
2061,00:00:34.333,0.07703317901234567,0.09887152777777777,0.11336805555555556,0.04565779320987654,0.07207368827160494
2062,00:00:34.350,19.149097222222224,27.225578703703704,28.026529706790125,15.50562114197531,13.915140817901234
2063,00:00:34.367,21.67554783950617,32.05109953703704,32.02960262345679,17.55752314814815,15.43951774691358
2064,00:00:34.383,19.38957047325103,28.615190972222223,29.08593364197531,15.539234182098765,13.543543595679012
2065,00:00:34.400,15.897857510288068,21.963252314814813,23.766045524691357,12.793854166666666,11.133672839506174
2066,00:00:34.417,16.118318544238683,20.961747685185184,23.91164737654321,12.721344521604939,11.7219637345679
2067,00:00:34.433,23.671023662551445,38.016348379629626,35.55526041666667,19.043863811728396,16.41394675925926
2068,00:00:34.450,0.5133796296296296,1.4619212962962962,0.8527584876543209,0.2528105709876543,0.4345698302469136
2069,00:00:34.467,42.328494727366255,68.89230324074074,60.09898533950617,37.79825810185185,29.08824074074074
2070,00:00:34.483,0.02141653806584362,0.004427083333333333,0.036898148148148145,0.011608796296296296,0.01574266975308642
2071,00:00:34.500,41.567562371399184,69.92233796296296,55.61826774691358,38.55889853395062,30.525520833333335
2072,00:00:34.517,35.95362461419753,70.15303819444445,43.88924575617284,35.68816936728395,28.2834587191358
2073,00:00:34.533,36.842199074074074,70.57754629629629,44.23852044753087,37.03516975308642,29.252907021604937
2074,00:00:34.550,32.55118891460905,67.45792824074074,39.15235725308642,32.608975694444446,25.892233796296296
2075,00:00:34.567,28.91411908436214,64.91038773148148,34.71957947530864,29.780216049382716,22.24256172839506
2076,00:00:34.583,21.037561728395062,48.86024305555556,26.784675925925924,19.697274305555556,16.630734953703705
2077,00:00:34.600,25.0772382973251,54.53035300925926,31.626404320987653,23.830094521604938,19.775216049382717
2078,00:00:34.617,14.367292952674896,32.88683449074074,19.599980709876544,12.096967592592593,11.404930555555556
2079,00:00:34.633,11.645412808641977,21.60072337962963,15.709571759259259,9.555326003086419,9.671340663580247
2080,00:00:34.650,13.93335262345679,25.587065972222224,19.219170524691357,11.366917438271605,11.213969907407407
2081,00:00:34.667,9.44992862654321,13.84447337962963,13.161552854938272,7.853364197530865,7.334868827160494
2082,00:00:34.683,10.285435313786008,15.64826388888889,14.775657793209877,8.626639660493828,7.454008487654321
2083,00:00:34.700,11.311393389917695,18.820515046296297,16.065572916666667,9.638618827160494,8.229988425925926
2084,00:00:34.717,12.142991898148148,20.26423611111111,17.425117669753085,10.416724537037037,8.58713348765432
2085,00:00:34.733,12.030895061728394,19.854976851851852,17.094014274691357,10.283049768518518,8.715621141975308
2086,00:00:34.750,0.17573302469135801,0.7068576388888889,0.2852469135802469,0.10316743827160493,0.1387847222222222
2087,00:00:34.767,9.458305684156379,15.68761574074074,13.63474537037037,7.979266975308642,6.760904706790123
2088,00:00:34.783,12.626025591563787,21.727141203703702,17.558865740740742,10.984891975308642,9.334319058641976
2089,00:00:34.800,10.221487911522633,16.34626736111111,14.337810570987655,8.878883101851851,7.447770061728395
2090,00:00:34.817,11.064137088477366,17.313831018518517,15.668875385802469,9.359990354938272,8.163545524691358
2091,00:00:34.833,10.206496270576132,15.57349537037037,14.31076774691358,8.942067901234568,7.366653163580247
2092,00:00:34.850,8.729322273662552,14.164207175925926,12.249926697530864,7.5873842592592595,6.350655864197531
2093,00:00:34.867,10.87279642489712,16.434809027777778,14.48451774691358,9.611109182098765,8.522762345679013
2094,00:00:34.883,6.420481610082304,9.714496527777778,8.269639274691357,5.529093364197531,5.462712191358024
2095,00:00:34.900,10.363799511316872,14.830729166666666,13.13583912037037,8.978682484567901,8.976876929012345
2096,00:00:34.917,7.979596193415637,11.592563657407407,10.340092592592592,6.929560185185185,6.669135802469135
2097,00:00:34.933,7.248639403292181,10.281163194444444,9.33522762345679,6.5029918981481485,5.907698688271605
2098,00:00:34.950,5.6039004629629625,8.378501157407408,7.043429783950617,5.128996913580247,4.6392746913580245
2099,00:00:34.967,5.5105086162551435,8.370630787037037,6.999122299382716,4.944490740740741,4.587912808641975
2100,00:00:34.983,4.263085133744856,7.808391203703704,5.334274691358025,3.9029128086419753,3.552067901234568
2101,00:00:35.000,13.06408950617284,12.672280092592592,22.26339313271605,6.940133101851852,9.988742283950618
2102,00:00:35.017,4.962114197530864,8.09910300925926,5.851903935185185,4.770102237654321,4.264336419753087
2103,00:00:35.033,12.690019290123457,26.79664351851852,14.999899691358024,11.634122299382716,11.43603587962963
2104,00:00:35.050,0.07903163580246914,0.26611689814814815,0.10722800925925927,0.05164930555555555,0.07821759259259259
2105,00:00:35.067,49.303728137860084,75.37502893518518,62.265038580246916,54.61792052469136,31.028225308641975
2106,00:00:35.083,0.0666235853909465,0.3044849537037037,0.10121720679012346,0.04029899691358025,0.058354552469135804
2107,00:00:35.100,36.13434735082305,67.76044560185186,48.124714506172836,34.167999614197534,26.110327932098766
2108,00:00:35.117,48.33638245884774,81.67132523148148,66.25575810185185,46.246938657407405,32.50645061728395
2109,00:00:35.133,46.04461291152264,77.9456886574074,61.13150077160494,45.03861689814815,31.963721064814816
2110,00:00:35.150,39.46189943415637,77.52314814814815,57.91902584876543,32.97836612654321,27.488306327160494
2111,00:00:35.167,32.11838927469136,62.35005787037037,48.415094521604935,26.074926697530863,21.86514660493827
2112,00:00:35.183,18.991504629629627,34.371875,28.019193672839506,15.699610339506172,13.255709876543209
2113,00:00:35.200,6.791887217078188,13.596556712962963,9.659149305555555,5.773902391975309,4.942609953703704
2114,00:00:35.217,8.334387860082304,14.895659722222222,12.154832175925925,6.816826774691358,6.031504629629629
2115,00:00:35.233,0.377275591563786,1.2572916666666667,0.6475501543209876,0.21021797839506173,0.27405864197530866
2116,00:00:35.250,8.669789094650206,14.809085648148148,12.650069444444444,7.051653163580247,6.307644675925926
2117,00:00:35.267,9.178007330246913,14.448032407407407,13.429083719135802,7.509560185185185,6.595378086419753
2118,00:00:35.283,7.209295267489712,11.715538194444445,10.520096450617284,5.882185570987654,5.225603780864198
2119,00:00:35.300,8.551177340534979,12.91232638888889,12.582376543209877,6.884224537037037,6.186930941358025
2120,00:00:35.317,8.069776234567902,12.475520833333333,12.12168788580247,6.241971450617284,5.845669367283951
2121,00:00:35.333,9.79130787037037,14.889756944444445,14.4657137345679,7.800690586419753,7.107519290123457
2122,00:00:35.350,9.952793209876543,13.971875,14.791884645061728,7.9510860339506175,7.115408950617284
2123,00:00:35.367,8.809565329218108,12.153819444444444,13.255987654320988,6.970771604938272,6.2019367283950615
2124,00:00:35.383,11.144122299382715,14.021556712962964,16.66633487654321,8.974519675925926,7.7915123456790125
2125,00:00:35.400,9.164128729423867,11.183304398148149,13.599346064814815,7.471550925925926,6.421489197530864
2126,00:00:35.417,0.14975823045267492,0.30842013888888886,0.279741512345679,0.07066936728395062,0.09886381172839506
2127,00:00:35.433,12.279502957818929,15.58431712962963,18.75139274691358,9.822496141975309,8.2646199845679
2128,00:00:35.450,9.655700231481482,12.60390625,14.575648148148149,7.762800925925926,6.628651620370371
2129,00:00:35.467,11.93128729423868,15.173582175925926,18.154783950617283,9.523798225308642,8.115279706790124
2130,00:00:35.483,9.97586484053498,12.749016203703704,15.200293209876543,7.953460648148148,6.773840663580247
2131,00:00:35.500,17.595531121399176,16.65124421296296,29.90222222222222,10.619639274691359,12.26473186728395
2132,00:00:35.517,11.710338863168724,15.079629629629629,17.737283950617282,9.558130787037037,7.835601851851852
2133,00:00:35.533,9.63508616255144,13.13269675925926,14.519330632716049,7.819839891975309,6.566087962962963
2134,00:00:35.550,12.168502443415639,15.36345486111111,18.891581790123457,9.555412808641975,8.058512731481482
2135,00:00:35.567,9.668082561728395,12.579311342592593,14.92357638888889,7.595883487654321,6.4847878086419755
2136,00:00:35.583,13.211184413580247,17.748668981481483,20.575507330246914,10.31059799382716,8.747447916666667
2137,00:00:35.600,10.530913065843622,14.808101851851852,16.068886959876544,8.344639274691358,7.179212962962963
2138,00:00:35.617,11.614162808641973,14.867621527777779,17.966911651234568,9.041128472222223,7.834448302469136
2139,00:00:35.633,13.317047325102882,18.483564814814816,20.904936342592592,10.231545138888889,8.81466049382716
2140,00:00:35.650,0.047265946502057614,0.13428819444444445,0.08343171296296296,0.024446373456790123,0.03391975308641975
2141,00:00:35.667,10.886831918724278,14.598061342592592,16.980779320987654,8.3289737654321,7.350742669753086
2142,00:00:35.683,13.700677083333332,18.009866898148147,21.40095486111111,10.47839313271605,9.22268325617284
2143,00:00:35.700,11.695094521604938,14.747106481481481,18.116469907407406,8.986369598765432,7.982444058641975
2144,00:00:35.717,11.434154449588478,13.611805555555556,17.777930169753088,8.70963348765432,7.814899691358025
2145,00:00:35.733,11.741965663580245,15.957667824074074,18.07492862654321,9.10016975308642,8.05079861111111
2146,00:00:35.750,12.453258744855967,16.03342013888889,18.48805362654321,10.022291666666666,8.849430941358024
2147,00:00:35.767,12.026215920781894,16.241493055555555,17.73369212962963,9.707449845679012,8.637505787037037
2148,00:00:35.783,13.210774819958848,17.26267361111111,19.60117862654321,10.586766975308642,9.444378858024692
2149,00:00:35.800,11.772774562757201,15.682204861111112,17.365565200617283,9.374984567901235,8.577773919753087
2150,00:00:35.817,0.05049704218106996,0.16773726851851853,0.08888310185185185,0.025048225308641977,0.03755979938271605
2151,00:00:35.833,14.393613040123457,19.51064814814815,21.371431327160494,11.437363040123456,10.37204475308642
2152,00:00:35.850,12.87634130658436,17.928703703703704,18.83962962962963,10.353069058641974,9.436325231481481
2153,00:00:35.867,12.765070087448558,16.697974537037037,18.696595293209878,10.342293595679012,9.25632137345679
2154,00:00:35.883,13.690124742798353,17.07132523148148,20.267565586419753,11.03155285493827,9.771255787037036
2155,00:00:35.900,12.461127829218107,15.504137731481482,18.191481481481482,10.191547067901235,9.000354938271604
2156,00:00:35.917,12.71120820473251,16.593200231481482,18.713717206790122,10.166103395061729,9.253804012345679
2157,00:00:35.933,13.532559156378602,17.73833912037037,20.102081404320987,10.776095679012347,9.719500385802469
2158,00:00:35.950,0.10938335905349793,0.40089699074074076,0.17877893518518517,0.0625829475308642,0.08678819444444444
2159,00:00:35.967,13.477066615226336,17.10379050925926,19.754978780864196,10.813694058641975,9.86252700617284
2160,00:00:35.983,14.954823816872429,20.37638888888889,21.883952546296296,12.221099537037038,10.75941936728395
2161,00:00:36.000,17.27961484053498,18.244502314814813,27.45025077160494,11.22046875,13.168125
2162,00:00:36.017,12.53801440329218,17.463368055555556,18.006273148148146,10.311082175925925,9.29668788580247
2163,00:00:36.033,10.751064171810699,14.050578703703703,15.348971836419754,8.858456790123457,8.045763888888889
2164,00:00:36.050,12.735430169753087,17.397945601851852,18.48304591049383,10.416113040123458,9.307131558641975
2165,00:00:36.067,11.273104423868311,15.73582175925926,16.50225887345679,9.119575617283951,8.197478780864197
2166,00:00:36.083,14.366296296296298,20.62037037037037,21.04892361111111,11.853757716049383,10.196207561728395
2167,00:00:36.100,11.853164866255144,15.852893518518519,17.440503472222222,9.657771990740741,8.46121913580247
2168,00:00:36.117,11.448359053497944,15.572511574074074,16.93291087962963,9.161157407407407,8.25100887345679
2169,00:00:36.133,10.788605324074075,14.93058449074074,15.804778163580247,8.791456404320988,7.769581404320988
2170,00:00:36.150,8.626670524691358,12.034780092592593,12.774153163580246,6.846072530864197,6.2597858796296295
2171,00:00:36.167,10.301665380658436,15.33738425925926,14.955414737654321,8.461358024691359,7.48822337962963
2172,00:00:36.183,8.050650077160494,11.051967592592593,11.659182098765433,6.555842978395062,5.9369251543209876
2173,00:00:36.200,0.12037744341563787,0.7791666666666667,0.19419367283950617,0.07046682098765432,0.09647183641975308
2174,00:00:36.217,10.231650591563785,14.762847222222222,14.572415123456791,8.569710648148147,7.55282600308642
2175,00:00:36.233,7.4157118055555555,11.413020833333333,10.547511574074074,6.051564429012346,5.648059413580247
2176,00:00:36.250,9.648958976337449,13.501128472222222,13.369702932098765,8.088501157407407,7.488672839506173
2177,00:00:36.267,9.040271347736626,12.996440972222222,12.444081790123457,7.632988040123457,7.043744212962963
2178,00:00:36.283,10.237678755144033,13.795283564814815,13.998400848765431,8.664039351851851,8.050596064814815
2179,00:00:36.300,7.032879372427984,9.908796296296297,9.779284336419753,5.836545138888889,5.482808641975309
2180,00:00:36.317,9.443455504115226,12.699826388888889,13.22109375,7.828582175925926,7.2806905864197535
2181,00:00:36.333,8.55305491255144,12.078559027777779,11.650032793209876,7.104014274691358,6.9051176697530865
2182,00:00:36.350,14.953355838477364,20.101417824074073,21.29063850308642,12.469039351851851,11.100389660493827
2183,00:00:36.367,0.4042650462962963,0.9301793981481481,0.6739255401234568,0.21740547839506172,0.32146412037037037
2184,00:00:36.383,14.522325745884773,19.24453125,20.805493827160493,12.006323302469136,10.755160108024691
2185,00:00:36.400,17.324216820987655,25.137962962962963,25.31784915123457,14.089214891975308,12.565586419753087
2186,00:00:36.417,17.5137712191358,25.48425925925926,25.62525077160494,14.33677276234568,12.57929012345679
2187,00:00:36.433,15.207631172839507,20.674479166666668,21.974648919753086,12.526795910493828,11.121448688271604
2188,00:00:36.450,12.080194830246915,14.426388888888889,17.482152777777777,9.784023919753086,8.974407793209876
2189,00:00:36.467,14.449098508230454,18.50865162037037,21.03257137345679,11.822199074074074,10.492525077160494
2190,00:00:36.483,11.651451903292182,13.300434027777778,16.902764274691357,9.376826774691358,8.674764660493826
2191,00:00:36.500,20.334365997942385,25.241261574074073,30.884882330246914,15.189936342592592,14.928279320987654
2192,00:00:36.517,18.786388245884773,26.977170138888887,27.36984375,15.360736882716049,13.628584104938271
2193,00:00:36.533,14.506250643004115,19.343894675925927,20.852843364197533,11.874153163580248,10.791755401234568
2194,00:00:36.550,0.0818653549382716,0.15248842592592593,0.1218557098765432,0.052513503086419756,0.07122685185185185
2195,00:00:36.567,11.546190200617284,15.914872685185186,16.461739969135802,9.50579475308642,8.67103587962963
2196,00:00:36.583,14.27980324074074,20.30998263888889,20.720910493827162,11.77417824074074,10.34432098765432
2197,00:00:36.600,12.651761188271605,18.246961805555557,18.129074074074072,10.492853009259258,9.33335648148148
2198,00:00:36.617,11.845121527777778,17.729976851851852,17.166693672839507,9.619172453703703,8.749498456790123
2199,00:00:36.633,13.278159722222222,19.631163194444444,19.74860725308642,10.404957561728395,9.680914351851852
2200,00:00:36.650,11.913234953703702,17.893778935185185,17.984797453703703,9.138090277777778,8.616817129629629
2201,00:00:36.667,19.27038194444444,32.08504050925926,28.328802083333333,15.506184413580247,13.976159336419753
2202,00:00:36.683,19.393673482510287,29.81640625,28.397064043209877,16.174417438271604,13.609538966049383
2203,00:00:36.700,16.101729038065844,24.032175925925927,23.30729552469136,13.09691550925926,11.900976080246913
2204,00:00:36.717,0.12593428497942386,0.37335069444444446,0.2089795524691358,0.07197916666666666,0.09684413580246913
2205,00:00:36.733,26.178051697530865,42.05040509259259,38.41927469135803,22.577498070987655,17.537382330246913
2206,00:00:36.750,18.631952160493828,28.321527777777778,27.885690586419752,15.257895447530863,12.752270447530865
2207,00:00:36.767,15.009310056584361,22.41333912037037,22.164369212962963,12.222534722222223,10.641026234567901
2208,00:00:36.783,19.875700231481485,29.735734953703705,30.27775848765432,15.931057098765432,13.41828510802469
2209,00:00:36.800,19.60293274176955,27.39134837962963,30.334971064814816,15.351323302469137,13.122503858024691
2210,00:00:36.817,23.292247299382712,33.947858796296295,35.965050154320984,18.635488040123455,15.276203703703704
2211,00:00:36.833,20.00440843621399,28.65060763888889,30.798001543209878,15.667930169753086,13.547293595679012
2212,00:00:36.850,17.250411522633744,24.74542824074074,25.12153163580247,14.12707561728395,12.502627314814815
2213,00:00:36.867,13.027578446502057,18.515046296296298,19.589091435185185,10.224473379629629,9.269170524691358
2214,00:00:36.883,40.1371116255144,64.11154513888889,62.83822145061728,30.836635802469136,26.73647762345679
2215,00:00:36.900,46.481487911522635,76.98156828703704,68.38313271604939,38.383786651234566,32.67754436728395
2216,00:00:36.917,44.784612268518515,76.32783564814815,66.96839891975308,36.49934799382716,30.88608989197531
2217,00:00:36.933,37.61666923868313,67.39250578703704,52.99845100308642,31.775289351851853,28.07626736111111
2218,00:00:36.950,31.480378729423872,59.00760995370371,43.28870949074074,26.469791666666666,24.682635030864198
2219,00:00:36.967,19.068840663580247,31.04861111111111,27.115574845679014,14.914465663580247,15.176481481481481
2220,00:00:36.983,12.87455954218107,20.80089699074074,17.701097608024693,10.380140817901234,10.542440200617284
2221,00:00:37.000,23.878897247942387,29.323032407407407,32.838742283950616,15.334627700617284,23.46332175925926
2222,00:00:37.017,18.768553883744858,28.932465277777776,27.1812712191358,15.193055555555556,13.93133487654321
2223,00:00:37.033,20.95040830761317,31.188310185185184,31.07432098765432,16.102100694444445,15.67480324074074
2224,00:00:37.050,19.931038451646092,27.587123842592593,29.90945987654321,15.142567515432098,14.741087962962963
2225,00:00:37.067,0.1789840534979424,0.5125578703703704,0.29429591049382714,0.08623456790123457,0.15642168209876542
2226,00:00:37.083,18.60304012345679,26.74253472222222,28.442471064814814,13.779178240740741,13.587471064814816
2227,00:00:37.100,15.371967592592595,21.27459490740741,23.42203125,11.988341049382717,10.705530478395062
2228,00:00:37.117,18.926764403292182,27.303790509259258,29.051720679012345,14.428910108024692,13.299662422839507
2229,00:00:37.133,19.18618119855967,27.956047453703704,28.423126929012344,15.7644425154321,13.370974151234568
2230,00:00:37.150,15.543768647119343,22.515653935185185,22.97083526234568,13.00735725308642,10.653113425925927
2231,00:00:37.167,15.419560185185185,21.646961805555556,22.727235725308642,12.709184027777777,10.822260802469136
2232,00:00:37.183,13.307975823045268,18.388628472222223,19.124770447530864,11.204085648148148,9.59507137345679
2233,00:00:37.200,17.991102752057614,25.72381365740741,26.774108796296296,14.150721450617285,13.04847800925926
2234,00:00:37.217,16.065036651234568,23.982494212962962,23.471587577160495,13.109598765432098,11.613923611111112
2235,00:00:37.233,13.146014017489712,17.694068287037037,18.824556327160494,10.861944444444445,9.751541280864197
2236,00:00:37.250,13.737905735596707,19.394068287037037,19.57671296296296,11.55820987654321,10.078794367283951
2237,00:00:37.267,11.71228716563786,15.351157407407408,16.293647762345678,9.942309027777778,8.900904706790124
2238,00:00:37.283,0.5229558899176955,1.18203125,0.916977237654321,0.257085262345679,0.39480516975308644
2239,00:00:37.300,13.040960648148149,16.796354166666667,18.706188271604937,10.849641203703703,9.567052469135803
2240,00:00:37.317,11.761986239711932,15.26556712962963,16.843371913580246,9.81768711419753,8.624899691358024
2241,00:00:37.333,16.26973443930041,21.192447916666666,24.293645833333333,13.003096064814814,11.512461419753086
2242,00:00:37.350,23.616493055555555,40.274160879629626,36.13545717592593,18.714050925925925,15.999971064814815
2243,00:00:37.367,29.81679976851852,53.41866319444444,44.740707947530865,25.76861689814815,18.941074459876543
2244,00:00:37.383,34.06603202160494,63.44600694444444,51.447172067901235,29.318474151234568,21.432449845679013
2245,00:00:37.400,28.252651748971193,58.0125,42.15524112654321,23.839594907407406,18.763119212962962
2246,00:00:37.417,28.23345614711934,56.92491319444444,42.17231481481482,23.393759645061728,19.13429398148148
2247,00:00:37.433,23.206408179012346,44.37560763888889,34.99625964506173,18.91327739197531,15.7096875
2248,00:00:37.450,0.12338091563786008,0.421556712962963,0.21417631172839507,0.06238811728395062,0.09357831790123457
2249,00:00:37.467,22.452566229423866,44.113425925925924,33.14819058641975,18.912534722222222,15.29697337962963
2250,00:00:37.483,17.926653163580244,30.72494212962963,26.36041087962963,15.01403163580247,12.405516975308641
2251,00:00:37.500,24.496168981481485,36.47769097222222,38.42076195987654,18.71887538580247,16.348869598765432
2252,00:00:37.517,13.292891589506175,21.578096064814815,18.41657600308642,12.038917824074074,9.423180941358025
2253,00:00:37.533,13.64021669238683,21.33509837962963,19.59474537037037,11.824184027777777,9.501720679012346
2254,00:00:37.550,25.703404706790124,58.20286458333333,36.31948302469136,22.92424961419753,17.866481481481483
2255,00:00:37.567,23.99798482510288,56.40399305555555,34.79636574074074,20.8446875,16.352901234567902
2256,00:00:37.583,30.416067386831276,69.94398148148149,43.77859567901235,27.214890046296297,20.254716435185184
2257,00:00:37.600,25.590102880658435,59.66429398148148,36.604241898148146,22.849081790123456,17.316984953703702
2258,00:00:37.617,0.2643074845679012,0.6463541666666667,0.4419521604938272,0.14341435185185186,0.2075559413580247
2259,00:00:37.633,28.548624614197532,71.8677951388889,41.31934799382716,25.536824845679014,18.78970100308642
2260,00:00:37.650,25.773330761316874,64.9974537037037,38.04226080246914,22.12841049382716,17.14932098765432
2261,00:00:37.667,23.669558899176952,57.50584490740741,36.074760802469136,19.36050540123457,15.573410493827161
2262,00:00:37.683,21.6108404063786,48.055989583333336,33.84203703703704,16.815387731481483,14.175096450617284
2263,00:00:37.700,12.751631944444446,25.665769675925926,19.43385223765432,10.176880787037037,8.644162808641976
2264,00:00:37.717,13.502127700617285,24.40552662037037,19.962534722222223,11.701765046296297,8.842083333333333
2265,00:00:37.733,0.14011831275720163,0.425,0.23533564814814814,0.07751736111111111,0.10750192901234568
2266,00:00:37.750,9.349217463991769,15.115538194444444,13.788782793209876,8.152712191358024,6.106157407407407
2267,00:00:37.767,8.899068930041153,13.181886574074074,13.021626157407407,7.788560956790123,5.887019675925926
2268,00:00:37.783,10.132647247942385,15.218836805555556,15.197918595679011,8.452768132716049,6.747255015432099
2269,00:00:37.800,11.618834233539095,16.480555555555554,17.60463927469136,9.533516589506172,7.718346836419753
2270,00:00:37.817,12.053044624485596,18.186950231481482,18.2189949845679,10.02588348765432,7.914255401234568
2271,00:00:37.833,11.798993055555556,18.606047453703702,17.698962191358024,9.765715663580247,7.932301311728395
2272,00:00:37.850,13.238859310699588,19.230266203703703,20.302831790123456,10.659639274691358,8.754106867283951
2273,00:00:37.867,9.243748713991769,13.920225694444444,14.063616898148148,7.532094907407408,6.135534336419753
2274,00:00:37.883,0.1443653549382716,0.3044849537037037,0.270258487654321,0.06898533950617285,0.09385223765432099
2275,00:00:37.900,12.015217335390945,16.919820601851853,18.675829475308642,9.512943672839507,7.856878858024691
2276,00:00:37.917,12.53940329218107,19.028096064814815,19.658881172839507,9.887934027777778,8.071394675925927
2277,00:00:37.933,11.031432613168723,17.444675925925925,17.245082947530864,8.76940200617284,7.079812885802469
2278,00:00:37.950,35.13832240226338,50.661574074074075,43.527507716049385,32.22825231481482,29.659207175925925
2279,00:00:37.967,31.359603909465022,47.87841435185185,38.230435956790124,29.866390817901234,25.981984953703705
2280,00:00:37.983,11.091339377572018,17.766377314814815,16.365856481481483,9.485717592592593,7.422444058641975
2281,00:00:38.000,16.435617283950616,14.355063657407408,28.408993055555555,8.489461805555555,12.40839699074074
2282,00:00:38.017,10.620250128600823,17.623234953703705,15.422991898148148,9.257658179012346,7.1801003086419755
2283,00:00:38.033,14.350212191358025,24.77494212962963,21.20837577160494,12.033667052469136,9.80859375
2284,00:00:38.050,10.494568544238684,17.76539351851852,15.72191936728395,8.739457947530864,7.022328317901234
2285,00:00:38.067,14.188184799382716,24.393229166666668,21.549538966049383,11.575592206790123,9.439423225308643
2286,00:00:38.083,20.8982220936214,51.086082175925924,30.45809413580247,16.62927662037037,15.607295524691358
2287,00:00:38.100,20.4375591563786,51.09444444444444,29.090515046296296,16.745231481481483,15.476930941358024
2288,00:00:38.117,19.94396797839506,52.29024884259259,28.049457947530865,16.80969328703704,14.972752700617283
2289,00:00:38.133,0.034648276748971196,0.08313078703703704,0.06037229938271605,0.01846064814814815,0.02511188271604938
2290,00:00:38.150,16.318921682098765,43.080931712962965,22.51823688271605,14.126502700617284,12.312025462962962
2291,00:00:38.167,21.308098636831275,56.880642361111114,28.197770061728395,19.36661265432099,16.359913194444445
2292,00:00:38.183,19.518423353909466,46.61226851851852,25.294980709876544,18.242756558641975,15.017532793209876
2293,00:00:38.200,21.278672196502058,49.05798611111111,27.749702932098767,19.604234182098764,16.48207947530864
2294,00:00:38.217,23.811114969135804,53.62870370370371,30.894106867283952,22.111878858024692,18.427359182098765
2295,00:00:38.233,25.920869341563787,60.79713541666667,34.49950231481481,24.49099151234568,18.772114197530865
2296,00:00:38.250,27.192640817901236,60.032233796296296,37.31709104938272,25.862195216049383,18.398636188271606
2297,00:00:38.267,26.094895190329215,56.05769675925926,37.519876543209875,24.038402777777776,16.72640625
2298,00:00:38.283,27.433348122427986,61.83700810185185,41.085659722222225,24.42557098765432,16.788813657407406
2299,00:00:38.300,25.159931198559672,55.30902777777778,37.99412229938272,21.897100694444443,15.588570601851853
2300,00:00:38.317,21.853599537037038,46.352546296296296,33.88345486111111,18.05695023148148,13.620393518518519
2301,00:00:38.333,0.2184754372427983,0.5937210648148148,0.3916994598765432,0.11332368827160494,0.1504031635802469
2302,00:00:38.350,21.784923482510283,45.56846064814815,33.044890046296295,18.27697337962963,14.032907021604938
2303,00:00:38.367,15.925543338477366,26.504947916666666,24.017023533950617,13.360478395061728,10.399128086419752
2304,00:00:38.383,0.18608796296296296,0.4859953703703704,0.31092013888888886,0.11218171296296296,0.13516203703703702
2305,00:00:38.400,10.281467335390948,17.497309027777778,15.399880401234569,8.366583719135802,7.077937885802469
2306,00:00:38.417,13.46054269547325,23.63275462962963,20.112654320987655,11.163616898148149,9.10535686728395
2307,00:00:38.433,16.48602880658436,30.110069444444445,24.333564814814814,13.995069444444445,11.129452160493827
2308,00:00:38.450,16.698004758230454,30.940885416666667,24.628225308641976,14.215229552469136,11.250559413580246
2309,00:00:38.467,17.796615226337448,31.486400462962962,26.81644097222222,14.859635416666666,11.713769290123457
2310,00:00:38.483,24.808733924897115,49.33492476851852,36.80292438271605,21.507540509259258,16.11573688271605
2311,00:00:38.500,34.235614711934154,63.58668981481482,52.112687114197534,28.470082947530866,22.124074074074073
2312,00:00:38.517,27.433884387860086,54.49444444444445,40.442445987654324,24.01569637345679,17.843510802469137
2313,00:00:38.533,0.14031314300411524,0.36843171296296295,0.2389988425925926,0.0749729938271605,0.10696759259259259
2314,00:00:38.550,30.818397633744855,63.4720775462963,45.19526813271605,27.77283564814815,19.48708912037037
2315,00:00:38.567,28.051327160493827,57.06362847222222,42.45367476851852,24.378618827160494,17.32168788580247
2316,00:00:38.583,29.5632516718107,57.49502314814815,45.302692901234565,25.15184799382716,18.23521412037037
2317,00:00:38.600,25.941657664609057,50.68075810185185,39.44567708333334,22.104423225308643,16.274872685185183
2318,00:00:38.617,20.731496913580248,35.393547453703704,31.411051311728396,17.243935185185187,13.53950424382716
2319,00:00:38.633,18.451125900205763,28.687991898148148,27.76947337962963,15.454162808641975,12.12974151234568
2320,00:00:38.650,11.935873199588478,15.97734375,17.40078125,10.221431327160493,8.185407021604938
2321,00:00:38.667,10.220374871399176,13.440133101851853,15.228728780864197,8.58921875,6.843177083333333
2322,00:00:38.683,9.93127829218107,14.185850694444444,15.048510802469135,8.148335262345679,6.596988811728395
2323,00:00:38.700,0.10865805041152264,0.20266203703703703,0.1979610339506173,0.055831404320987654,0.07218171296296297
2324,00:00:38.717,12.569428369341566,18.848061342592594,18.83070216049383,10.672075617283951,8.205507330246913
2325,00:00:38.733,12.053858024691358,17.213483796296295,18.32368634259259,10.011657021604938,7.826230709876543
2326,00:00:38.750,11.721750257201647,17.04968171296296,18.044284336419754,9.486684027777779,7.634282407407407
2327,00:00:38.767,9.847709619341563,13.815943287037037,15.232285879629629,7.9428530092592595,6.367989969135802
2328,00:00:38.783,11.228683770576133,17.61634837962963,17.054162808641976,9.302914737654321,7.3289737654320986
2329,00:00:38.800,10.910747170781894,15.474131944444444,16.715626929012345,8.994658564814815,7.021956018518519
2330,00:00:38.817,10.875289351851853,15.337876157407408,16.648373842592594,8.98827739197531,6.989216820987655
2331,00:00:38.833,14.175383230452676,21.40445601851852,21.45647762345679,11.967388117283951,9.102283950617284
2332,00:00:38.850,12.412719907407407,18.053153935185186,18.695208333333333,10.522494212962963,8.020457175925927
2333,00:00:38.867,7.958457433127571,11.425810185185185,11.827449845679013,6.6965104166666665,5.351412037037037
2334,00:00:38.883,15.368553883744857,22.233796296296298,22.875773533950618,12.905034722222222,10.324853395061728
2335,00:00:38.900,0.12226144547325103,0.30940393518518516,0.229375,0.05623842592592593,0.08117091049382716
2336,00:00:38.917,12.293987268518519,17.074768518518518,18.29363425925926,10.299699074074073,8.288628472222221
2337,00:00:38.933,23.394767875514404,26.903385416666666,33.18133294753086,16.88498263888889,20.117988040123457
2338,00:00:38.950,10.179762088477366,20.093055555555555,13.344305555555556,9.130898919753086,8.064081790123456
2339,00:00:38.967,10.112212577160493,18.063483796296296,13.72380787037037,8.784672067901235,7.8281577932098765
2340,00:00:38.983,8.831599794238683,15.128327546296296,11.901842206790123,7.71173225308642,6.881224922839507
2341,00:00:39.000,15.728220807613168,18.567679398148147,22.739371141975308,10.728734567901235,13.716556712962962
2342,00:00:39.017,7.562437628600823,12.588657407407407,9.253285108024691,7.566556712962963,5.867471064814815
2343,00:00:39.033,8.359296553497941,16.38955439814815,10.60695987654321,7.847818287037037,6.62311149691358
2344,00:00:39.050,8.563631044238683,17.587818287037038,10.870740740740741,7.836703317901234,6.983449074074074
2345,00:00:39.067,9.821757973251028,17.118547453703705,13.109481095679012,8.60461612654321,7.751176697530864
2346,00:00:39.083,7.892136059670782,12.745572916666667,10.959751157407407,6.9325270061728395,5.7841300154320985
2347,00:00:39.100,10.860421167695472,17.23857060185185,15.727768132716049,9.261086033950617,7.592409336419753
2348,00:00:39.117,9.78809670781893,15.969965277777778,14.303354552469136,8.369527391975309,6.691408179012345
2349,00:00:39.133,10.338199588477366,15.206539351851852,15.664429012345678,8.479600694444445,6.870569058641975
2350,00:00:39.150,7.280915637860083,11.59157986111111,10.956236496913581,5.95679012345679,4.9297202932098765
2351,00:00:39.167,0.1042354681069959,0.5745370370370371,0.1930343364197531,0.05275462962962963,0.06691743827160494
2352,00:00:39.183,14.485917566872429,22.884085648148147,22.258587962962963,11.722505787037036,9.476658950617283
2353,00:00:39.200,13.188616255144034,19.904658564814813,20.420061728395062,10.630814043209876,8.514972993827161
2354,00:00:39.217,12.386451260288064,17.02164351851852,19.274326774691357,9.704243827160493,8.180783179012346
2355,00:00:39.233,11.61265110596708,15.897164351851853,17.92693865740741,9.33002700617284,7.580987654320988
2356,00:00:39.250,14.155320859053498,18.717216435185186,21.864974922839505,11.321448688271605,9.279538966049383
2357,00:00:39.267,12.287577160493827,15.94537037037037,18.82643711419753,9.803730709876543,8.232563657407407
2358,00:00:39.283,13.935739454732508,20.50674189814815,21.15630787037037,11.353682484567901,9.297228009259259
2359,00:00:39.300,10.50874742798354,16.88243634259259,16.251595293209878,8.434241898148148,6.840405092592593
2360,00:00:39.317,12.095832047325104,19.39603587962963,18.82214699074074,9.49387924382716,7.971469907407408
2361,00:00:39.333,12.772620884773664,20.63660300925926,20.075507330246914,10.11751350308642,8.124841820987655
2362,00:00:39.350,11.416793338477367,17.744733796296295,17.64191550925926,9.132282021604938,7.476182484567901
2363,00:00:39.367,11.802991898148148,17.30054976851852,18.55128086419753,9.297525077160493,7.56016975308642
2364,00:00:39.383,0.11517939814814815,0.3359664351851852,0.20331211419753087,0.05934606481481482,0.08288001543209876
2365,00:00:39.400,13.209139017489711,19.97549189814815,20.243090277777778,10.795962577160493,8.588364197530865
2366,00:00:39.417,17.701618441358026,29.924131944444444,26.542970679012345,14.970908564814815,11.590976080246914
2367,00:00:39.433,25.960926568930045,57.746875,39.36528935185185,22.002934027777776,16.514556327160495
2368,00:00:39.450,0.08251671810699589,0.20069444444444445,0.14190586419753087,0.04453125,0.06111304012345679
2369,00:00:39.467,27.26416988168724,60.55413773148148,41.77835069444444,22.975354938271604,17.03880401234568
2370,00:00:39.483,16.96580568415638,29.55815972222222,25.404216820987653,14.09056712962963,11.402633101851851
2371,00:00:39.500,18.865432741769546,21.523987268518518,32.217831790123455,11.08585262345679,13.292613811728396
2372,00:00:39.517,9.593476080246914,16.75552662037037,13.08992862654321,8.45785300925926,7.232646604938272
2373,00:00:39.533,10.304023919753087,18.659664351851852,14.119664351851851,8.602880015432099,8.189527391975309
2374,00:00:39.550,9.31751093106996,17.337934027777777,12.827064043209877,8.079216820987654,7.046251929012346
2375,00:00:39.567,8.275841049382718,14.584780092592593,11.346670524691358,7.5508699845679015,5.929982638888889
2376,00:00:39.583,8.425236625514403,15.354600694444445,11.419940200617283,7.7748533950617285,6.080916280864198
2377,00:00:39.600,10.020713091563785,17.509114583333332,13.858057484567901,9.123902391975308,7.0801793981481485
2378,00:00:39.617,8.265179398148149,13.870052083333333,11.183369984567902,7.587509645061728,6.024658564814815
2379,00:00:39.633,10.362808641975308,18.397974537037037,14.421863425925926,9.256788194444445,7.409774305555556
2380,00:00:39.650,0.11782664609053499,0.34383680555555557,0.20524498456790125,0.06165895061728395,0.08657600308641976
2381,00:00:39.667,9.42830697016461,16.577951388888888,13.032712191358025,8.414938271604939,6.837270447530864
2382,00:00:39.683,8.769030992798355,15.377719907407407,12.304382716049382,7.604255401234568,6.398454861111111
2383,00:00:39.700,8.871376028806585,14.333912037037036,12.352964891975308,7.8560590277777775,6.405104166666667
2384,00:00:39.717,11.02626221707819,18.41027199074074,15.843487654320988,9.366001157407407,7.869297839506173
2385,00:00:39.733,6.166858281893004,10.988020833333334,8.609307484567902,5.414820601851852,4.476446759259259
2386,00:00:39.750,12.21102880658436,21.20474537037037,17.52592399691358,10.601925154320988,8.505237268518519
2387,00:00:39.767,13.651311728395063,24.928414351851853,20.879791666666666,10.965044367283951,9.109099151234568
2388,00:00:39.783,0.1683854166666667,0.35908564814814814,0.32862847222222225,0.07370756172839506,0.10282021604938271
2389,00:00:39.800,9.517690972222223,17.442708333333332,14.62936149691358,7.440449459876543,6.483261959876543
2390,00:00:39.817,22.6653125,47.52670717592593,34.58591049382716,18.82944637345679,14.58058063271605
2391,00:00:39.833,11.179449588477366,19.489496527777778,16.79417438271605,9.177216435185185,7.566957947530864
2392,00:00:39.850,12.276177340534979,21.238194444444446,18.569837962962964,9.899795524691358,8.358898533950617
2393,00:00:39.867,8.291837062757201,14.352604166666667,12.144099151234569,7.141977237654321,5.589434799382716
2394,00:00:39.883,8.184270833333333,14.013686342592592,12.077044753086419,6.889641203703704,5.586126543209876
2395,00:00:39.900,10.605599922839508,18.464380787037037,15.822862654320987,8.89819637345679,7.095740740740741
2396,00:00:39.917,7.934807741769549,13.076620370370371,11.749519675925926,6.728410493827161,5.326493055555556
2397,00:00:39.933,8.529640560699589,14.773668981481482,12.57987461419753,7.192876157407407,5.8161709104938275
2398,00:00:39.950,7.948015689300412,15.142592592592592,12.102604166666667,6.560378086419753,5.181064814814815
2399,00:00:39.967,7.97022890946502,14.674305555555556,12.08733024691358,6.506626157407408,5.316730324074074
2400,00:00:39.983,7.84657728909465,13.6,12.258809799382716,6.217930169753086,5.062991898148148
2401,00:00:40.000,14.110329218106997,10.106539351851852,29.974621913580247,3.5435165895061727,8.812849151234568
2402,00:00:40.017,9.188405992798353,17.407783564814814,13.674903549382716,7.7984182098765435,6.091896219135802
2403,00:00:40.033,9.722461419753087,18.31140046296296,14.714712577160494,8.112359182098766,6.3403125
2404,00:00:40.050,8.062181069958848,16.096875,12.34796875,6.549313271604938,5.289261188271605
2405,00:00:40.067,8.98882265946502,17.431886574074074,14.016010802469136,7.27681712962963,5.673640046296296
2406,00:00:40.083,7.576401748971193,15.244907407407407,11.967247299382716,6.060474537037037,4.701483410493827
2407,00:00:40.100,8.154556327160494,15.029947916666666,13.018900462962963,6.380347222222222,5.064421296296296
2408,00:00:40.117,6.582277520576132,13.703790509259258,10.534550540123456,5.0807773919753085,4.13150462962963
2409,00:00:40.133,9.535947788065844,17.505179398148147,15.572266589506173,7.327264660493827,5.708312114197531
2410,00:00:40.150,7.628799511316873,14.331944444444444,12.477685185185186,5.891207561728395,4.517505787037037
2411,00:00:40.167,8.844114583333333,17.019675925925927,14.632337962962962,6.730524691358025,5.1694810956790125
2412,00:00:40.183,7.71904771090535,15.008304398148148,12.753815586419753,5.923663194444444,4.479664351851852
2413,00:00:40.200,8.384523533950617,15.035850694444445,14.069295910493826,6.336950231481482,4.747324459876543
2414,00:00:40.217,9.05773148148148,16.89916087962963,15.174608410493827,6.865507330246913,5.133078703703704
2415,00:00:40.233,9.998650977366255,18.82002314814815,16.423676697530865,7.883051697530864,5.689224537037037
2416,00:00:40.250,10.488213734567902,20.47427662037037,17.099905478395062,8.254326774691359,6.110408950617284
2417,00:00:40.267,7.314348636831276,17.149045138888887,11.91333912037037,5.665569058641975,4.364137731481481
2418,00:00:40.283,0.0975829475308642,0.27743055555555557,0.19864969135802468,0.040929783950617284,0.053169367283950615
2419,00:00:40.300,10.880280349794239,25.27962962962963,17.72807098765432,8.25537037037037,6.657399691358025
2420,00:00:40.317,12.378139146090534,25.312586805555554,20.352474922839505,9.192197145061728,7.589745370370371
2421,00:00:40.333,14.105485468106997,28.334809027777776,23.17782214506173,10.467725694444445,8.670908564814814
2422,00:00:40.350,10.881816486625516,22.292332175925925,18.20098572530864,7.912822145061728,6.531641589506173
2423,00:00:40.367,11.158216306584363,24.18761574074074,18.63771990740741,8.266419753086419,6.570509259259259
2424,00:00:40.383,13.868613683127572,27.009635416666665,24.05286651234568,9.933088348765432,7.619886188271605
2425,00:00:40.400,11.454573688271603,22.645023148148148,19.44217399691358,8.527858796296297,6.393688271604939
2426,00:00:40.417,12.892774562757202,23.357291666666665,22.36630401234568,9.088667052469136,7.22335262345679
2427,00:00:40.433,10.371156764403294,18.77722800925926,18.259818672839508,7.1154726080246915,5.738179012345679
2428,00:00:40.450,0.08398341049382717,0.4205729166666667,0.16289930555555557,0.037411265432098766,0.051639660493827164
2429,00:00:40.467,16.161936728395062,30.459809027777776,27.12974537037037,11.86455825617284,9.491506558641975
2430,00:00:40.483,6.529747942386831,14.40769675925926,10.787131558641976,4.899967206790124,3.9021450617283953
2431,00:00:40.500,21.240608924897117,31.609866898148148,37.215997299382714,13.930252700617284,12.575576774691358
2432,00:00:40.517,8.971540637860082,17.3984375,13.282559799382716,7.825198688271605,5.8068634259259255
2433,00:00:40.533,10.364112654320987,18.069386574074073,16.326531635802468,8.27570987654321,6.490096450617284
2434,00:00:40.550,9.992752057613169,19.30306712962963,15.101720679012345,8.308794367283951,6.5677411265432095
2435,00:00:40.567,7.9843049125514405,15.861255787037036,12.159666280864197,6.5285165895061725,5.264731867283951
2436,00:00:40.583,7.7176549639917695,15.027488425925926,11.839998070987654,6.28466049382716,5.028306327160494
2437,00:00:40.600,7.158389917695473,14.786950231481482,10.905858410493828,5.813940972222222,4.75537037037037
2438,00:00:40.617,6.895737525720165,13.729861111111111,10.351942515432098,5.6990489969135805,4.636221064814815
2439,00:00:40.633,0.10135802469135803,0.20462962962962963,0.18422067901234568,0.050833333333333335,0.06902006172839506
2440,00:00:40.650,6.452860725308642,13.932523148148148,9.475057870370371,5.32376350308642,4.559760802469135
2441,00:00:40.667,8.294407793209876,17.453530092592594,12.14976273148148,6.998591820987654,5.7348688271604935
2442,00:00:40.683,7.793618184156379,17.046238425925925,11.3877237654321,6.574367283950617,5.41876350308642
2443,00:00:40.700,7.595396733539094,15.47511574074074,11.362887731481482,6.283707561728395,5.139594907407408
2444,00:00:40.717,10.215482896090535,20.825983796296295,15.492962962962963,8.270063657407407,6.883422067901234
2445,00:00:40.733,9.25607638888889,17.637991898148147,14.23688850308642,7.469753086419753,6.061587577160494
2446,00:00:40.750,7.123480581275719,13.812008101851852,10.767662037037036,5.892548225308642,4.710231481481482
2447,00:00:40.767,11.123820087448559,22.701099537037038,17.344868827160493,8.946631944444444,7.079959490740741
2448,00:00:40.783,9.88028163580247,20.621846064814815,15.412959104938272,7.784228395061729,6.443657407407407
2449,00:00:40.800,9.438429140946502,18.189409722222223,14.950576774691358,7.410987654320988,5.95372299382716
2450,00:00:40.817,10.523272890946503,19.77037037037037,17.130810185185187,7.942746913580247,6.496261574074074
2451,00:00:40.833,11.006199202674898,20.75023148148148,18.062901234567903,8.143877314814814,6.811819058641976
2452,00:00:40.850,9.852511574074073,18.56423611111111,16.299859182098764,7.305331790123457,5.95234375
2453,00:00:40.867,11.27962577160494,21.16244212962963,18.676855709876545,8.251327160493828,6.910694444444444
2454,00:00:40.883,0.09950745884773661,0.5174768518518519,0.1889139660493827,0.04552854938271605,0.06407986111111111
2455,00:00:40.900,9.823960905349793,17.19429976851852,16.43544174382716,7.085198688271605,5.951242283950617
2456,00:00:40.917,14.078921682098766,25.729716435185185,23.43358024691358,10.085430169753087,8.71775462962963
2457,00:00:40.933,11.129708719135804,18.91840277777778,18.62146026234568,7.889729938271605,6.8779359567901235
2458,00:00:40.950,11.042012602880659,19.908101851851853,18.42158950617284,7.830601851851852,6.873846450617284
2459,00:00:40.967,12.197649819958848,22.624363425925925,19.87505401234568,8.95252700617284,7.765368441358024
2460,00:00:40.983,9.602985468106995,19.561313657407407,15.919645061728396,6.793975694444445,6.095335648148148
2461,00:00:41.000,19.76927211934156,31.634461805555556,35.358510802469134,11.123076774691357,12.826228780864197
2462,00:00:41.017,15.446454475308641,35.17809606481482,24.755497685185187,11.736500771604938,9.847364969135802
2463,00:00:41.033,20.134169881687242,41.77789351851852,33.01191936728395,14.886005015432099,12.504585262345678
2464,00:00:41.050,11.80113811728395,23.003125,19.33704861111111,8.691614583333333,7.374751157407408
2465,00:00:41.067,7.428546810699589,15.093402777777778,12.172974537037037,5.464014274691358,4.64865162037037
2466,00:00:41.083,8.622948173868311,16.097858796296297,14.147521219135802,6.345549768518518,5.375773533950618
2467,00:00:41.100,6.224708076131687,11.766203703703704,10.252145061728395,4.565717592592593,3.856261574074074
2468,00:00:41.117,10.634039994855968,20.79007523148148,18.221458333333334,7.462220293209876,6.218441358024691
2469,00:00:41.133,7.556985596707818,16.271498842592592,12.842976466049382,5.403871527777778,4.424108796296296
2470,00:00:41.150,7.845034722222223,15.694502314814814,13.531024305555556,5.449463734567901,4.55461612654321
2471,00:00:41.167,0.1189866255144033,0.4343460648148148,0.23424189814814814,0.055065586419753086,0.06765239197530865
2472,00:00:41.183,7.685363940329218,14.602488425925927,13.532222222222222,5.25164737654321,4.272222222222222
2473,00:00:41.200,9.454865612139917,17.71374421296296,17.17159336419753,6.19792824074074,4.995075231481482
2474,00:00:41.217,8.533056841563786,14.254716435185186,15.841890432098765,5.3132523148148145,4.4440277777777775
2475,00:00:41.233,13.817308384773662,18.425520833333334,26.010962577160495,8.749270833333334,6.69169174382716
2476,00:00:41.250,8.695887345679013,18.184490740740742,14.92766975308642,6.35828125,4.8017110339506175
2477,00:00:41.267,7.2539885545267495,14.634461805555556,12.468142361111111,5.308746141975309,3.985077160493827
2478,00:00:41.283,7.67970228909465,15.189814814814815,13.340096450617285,5.547374614197531,4.151635802469136
2479,00:00:41.300,8.977890946502058,17.239554398148147,15.787779706790124,6.363908179012346,4.781984953703704
2480,00:00:41.317,7.881759259259259,15.676793981481481,13.780420524691358,5.616568287037037,4.248288966049382
2481,00:00:41.333,8.07580825617284,17.65619212962963,14.053032407407407,5.770667438271605,4.403724922839507
2482,00:00:41.350,8.288708847736627,18.74230324074074,14.573234953703704,5.867901234567901,4.424990354938272
2483,00:00:41.367,8.372971322016461,18.855931712962963,15.07013888888889,5.710653935185185,4.338121141975309
2484,00:00:41.383,6.693060699588476,15.405758101851852,11.912037037037036,4.632361111111111,3.534783950617284
2485,00:00:41.400,11.541369598765433,24.29681712962963,20.869122299382717,7.708441358024691,6.046545138888889
2486,00:00:41.417,8.059133873456789,18.76099537037037,14.593971836419753,5.361087962962963,4.222341820987654
2487,00:00:41.433,8.736180555555556,19.802835648148147,15.862339891975308,5.708051697530864,4.6381500771604935
2488,00:00:41.450,0.5150315072016461,1.211545138888889,1.0758641975308643,0.1835918209876543,0.28563850308641975
2489,00:00:41.467,11.286933513374485,23.807378472222222,20.4424112654321,7.489255401234568,5.92913387345679
2490,00:00:41.483,10.021663451646091,18.993171296296296,18.75095486111111,6.100800540123457,5.2132349537037035
2491,00:00:41.500,18.49610596707819,21.455121527777777,38.77136766975308,7.461113040123457,9.255837191358024
2492,00:00:41.517,13.697997685185186,31.98370949074074,21.50701388888889,11.543904320987654,8.043074845679012
2493,00:00:41.533,12.356684670781894,26.216203703703705,19.729118441358025,10.106543209876543,7.234392361111111
2494,00:00:41.550,34.707805426954735,57.94461805555556,52.486163194444444,32.75402584876543,18.88322723765432
2495,00:00:41.567,35.94543659979424,65.31571180555555,52.99742091049383,35.75369598765432,19.085192901234567
2496,00:00:41.583,0.04281121399176955,0.15888310185185187,0.07153742283950618,0.02462962962962963,0.03226658950617284
2497,00:00:41.600,31.343233024691358,75.19892939814815,45.2343537808642,29.74792824074074,19.047417052469136
2498,00:00:41.617,27.503591177983537,66.93405671296296,40.670192901234564,23.852663966049384,17.987916666666667
2499,00:00:41.633,14.214753086419753,28.59403935185185,21.29299189814815,11.597091049382716,9.754176311728395
2500,00:00:41.650,11.461831275720165,21.226880787037036,17.29470486111111,9.396741898148148,7.694047067901234
2501,00:00:41.667,9.67740033436214,17.794907407407408,14.61331211419753,8.080621141975309,6.33826774691358
2502,00:00:41.683,11.83474537037037,19.90515046296296,17.123261959876544,9.755163966049382,8.625810185185186
2503,00:00:41.700,13.628200874485595,23.322366898148147,19.821907793209878,11.255434027777778,9.807260802469136
2504,00:00:41.717,11.362015174897119,20.175694444444446,16.739299768518517,9.230536265432098,8.11620949074074
2505,00:00:41.733,0.17591177983539094,0.5533854166666666,0.3165277777777778,0.07615354938271605,0.13505401234567901
2506,00:00:41.750,0.06470293209876543,0.08903356481481481,0.12068479938271605,0.026043595679012346,0.0473804012345679
2507,00:00:41.767,19.205194830246914,36.338483796296295,27.931676311728395,17.01305362654321,12.670854552469136
2508,00:00:41.783,11.372449202674895,26.439033564814814,16.030250771604937,10.145719521604939,7.941377314814815
2509,00:00:41.800,8.572929526748972,18.220891203703705,11.688568672839507,7.504008487654321,6.5262114197530865
2510,00:00:41.817,9.67805491255144,19.206163194444443,13.758028549382717,8.340545910493827,6.935590277777778
2511,00:00:41.833,9.048932613168725,17.856394675925927,12.881857638888889,7.872183641975309,6.392756558641976
2512,00:00:41.850,8.327080761316871,15.056510416666667,11.574203317901235,7.670235339506172,5.73680362654321
2513,00:00:41.867,7.438123070987655,14.146006944444444,10.052121913580248,6.752579089506173,5.509668209876543
2514,00:00:41.883,18.690443672839507,52.538657407407406,22.60510223765432,19.3985262345679,14.067702546296296
2515,00:00:41.900,7.7346129115226345,15.639409722222222,13.815702160493828,5.0756346450617285,4.312501929012345
2516,00:00:41.917,0.06610725308641975,0.1328125,0.12183063271604938,0.03155671296296296,0.04493441358024691
2517,00:00:41.933,5.8065612139917695,13.110069444444445,10.08233024691358,3.8032716049382715,3.534081790123457
2518,00:00:41.950,9.095522762345679,21.612037037037037,14.106967592592593,6.483285108024691,6.696315586419753
2519,00:00:41.967,7.064093364197531,20.58052662037037,10.202847222222223,5.660412808641976,5.329020061728395
2520,00:00:41.983,7.50938593106996,19.222395833333334,10.620532407407408,6.218844521604939,5.688780864197531
2521,00:00:42.000,15.01373263888889,23.24513888888889,25.61899112654321,8.142166280864197,11.280040509259258
2522,00:00:42.017,6.8659837962962955,19.962210648148147,8.597046682098766,6.82068287037037,5.180221836419753
2523,00:00:42.033,6.290822402263374,18.03052662037037,8.14514274691358,5.921570216049383,4.8057542438271605
2524,00:00:42.050,7.701237139917695,18.158912037037037,10.621215277777777,6.856313657407408,5.626182484567901
2525,00:00:42.067,17.98401234567901,42.35931712962963,24.918028549382715,16.121132330246912,12.912876157407407
2526,00:00:42.083,29.546190200617286,80.11446759259259,42.30864390432099,25.78725887345679,20.542667824074073
2527,00:00:42.100,35.39775655864198,81.82578125,49.707708333333336,31.390985725308642,25.09457561728395
2528,00:00:42.117,53.68788001543209,117.25228587962962,74.92262345679012,50.3714949845679,35.76952160493827
2529,00:00:42.133,0.10943479938271605,1.036429398148148,0.14976851851851852,0.07747685185185185,0.10105902777777778
2530,00:00:42.150,53.936085390946495,94.36180555555555,72.00687114197531,56.587029320987654,33.21435570987654
2531,00:00:42.167,51.07270897633745,83.74516782407407,76.22713348765433,50.00726273148148,26.983730709876543
2532,00:00:42.183,6.5785815329218105,14.66004050925926,9.568190586419753,6.018206018518518,4.149347993827161
2533,00:00:42.200,5.161523919753087,9.76171875,8.4740625,4.194801311728395,2.815707947530864
2534,00:00:42.217,4.086794624485597,9.563975694444444,7.007417052469136,3.2340123456790124,2.018954475308642
2535,00:00:42.233,5.052044753086419,10.55859375,8.278198302469136,3.9894849537037036,2.88845100308642
2536,00:00:42.250,8.115598636831274,14.297511574074074,12.7824324845679,6.806902006172839,4.757461419753087
2537,00:00:42.267,11.898588605967078,18.92824074074074,18.437905092592594,10.06089313271605,7.196967592592593
2538,00:00:42.283,15.723590534979422,27.94129050925926,24.55376736111111,12.441030092592593,10.175974151234568
2539,00:00:42.300,0.5820743312757202,0.8509837962962963,1.0518499228395062,0.23652391975308643,0.4578491512345679
2540,00:00:42.317,17.504045781893005,30.04464699074074,27.798707561728396,13.437287808641976,11.276141975308642
2541,00:00:42.333,21.91106931584362,38.43938078703704,34.548547453703705,17.19117862654321,13.99348186728395
2542,00:00:42.350,21.53845679012346,38.60515046296296,35.24559606481481,16.31410686728395,13.055667438271605
2543,00:00:42.367,25.262451131687243,50.117042824074076,40.99787422839506,19.551458333333333,15.238020833333334
2544,00:00:42.383,23.596864711934156,49.90700231481482,35.94805362654321,19.544280478395063,15.298260030864197
2545,00:00:42.400,27.16477109053498,54.896325231481484,37.991788194444446,23.528724922839505,19.973800154320987
2546,00:00:42.417,17.378862525720166,30.292071759259258,23.2053337191358,15.920717592592593,13.0105362654321
2547,00:00:42.433,0.08001350308641976,0.23020833333333332,0.11617091049382716,0.04505787037037037,0.07881172839506173
2548,00:00:42.450,0.006851208847736626,0.01328125,0.01373263888888889,0.001732253086419753,0.005088734567901235
2549,00:00:42.467,0.005824974279835391,0.0,0.011440972222222222,0.0017341820987654322,0.004299768518518519
2550,00:00:42.483,16.711676311728397,28.40515046296296,21.55478202160494,15.744735725308642,12.835511188271605
2551,00:00:42.500,35.971259002057614,73.96426504629629,44.43684992283951,31.510152391975307,31.966774691358026
2552,00:00:42.517,21.422788065843623,51.083130787037035,21.286026234567903,21.232663966049383,21.74967399691358
2553,00:00:42.533,17.670158179012343,35.33845486111111,17.868269675925927,16.666743827160495,18.475461033950616
2554,00:00:42.550,0.05659465020576132,0.41811342592592593,0.07441358024691358,0.033101851851851855,0.06226851851851852
2555,00:00:42.567,29.59235725308642,63.424363425925925,38.71361111111111,27.274479166666666,22.788981481481482
2556,00:00:42.583,35.6811908436214,79.24577546296297,48.11086805555556,33.120364583333334,25.81233989197531
2557,00:00:42.600,53.968212448559676,96.83605324074074,62.16,64.44215856481482,35.3024787808642
2558,00:00:42.617,45.722983539094656,101.0181712962963,50.74632716049383,53.45916666666667,32.96345679012346
2559,00:00:42.633,54.61410108024691,120.59178240740741,71.17937114197531,59.274230324074075,33.388701774691356
2560,00:00:42.650,0.10052211934156378,0.4486111111111111,0.1280401234567901,0.08005401234567901,0.09347222222222222
2561,00:00:42.667,40.08239647633744,87.28043981481481,58.855804398148145,36.698925540123454,24.69245949074074
2562,00:00:42.683,41.06135802469136,80.01461226851852,62.73569444444445,34.23476851851852,26.21361111111111
2563,00:00:42.700,23.875459747942386,51.11215277777778,36.053462577160495,18.897515432098764,16.6754012345679
2564,00:00:42.717,0.12189750514403293,0.25972222222222224,0.2120949074074074,0.0660300925925926,0.08756751543209877
2565,00:00:42.733,12.384558256172838,28.930497685185184,18.320814043209875,9.487050540123457,9.345810185185185
2566,00:00:42.750,15.738514660493827,36.45211226851852,23.77818287037037,11.492127700617283,11.945233410493827
2567,00:00:42.767,16.984184027777776,27.762239583333333,26.2708487654321,12.59561149691358,12.086091820987654
2568,00:00:42.783,25.54161651234568,33.38611111111111,41.009868827160496,19.042824074074073,16.572156635802468
2569,00:00:42.800,22.06511574074074,34.57453703703704,31.57472415123457,19.851676311728394,14.76894675925926
2570,00:00:42.817,30.313713991769546,72.35379050925926,47.121057098765434,22.79810185185185,21.02198302469136
2571,00:00:42.833,21.59798096707819,45.33972800925926,32.028117283950614,17.11542438271605,15.650401234567902
2572,00:00:42.850,23.623927469135804,44.44693287037037,32.645260416666666,17.09742476851852,21.12909722222222
2573,00:00:42.867,0.1672363683127572,0.6561921296296296,0.2727391975308642,0.08880401234567901,0.14016589506172838
2574,00:00:42.883,23.52652070473251,44.88324652777778,36.88991898148148,14.500914351851852,19.188728780864196
2575,00:00:42.900,14.7787120627572,27.464641203703703,22.10761574074074,9.083273533950617,13.145246913580246
2576,00:00:42.917,18.021150977366254,35.81362847222222,26.656658950617285,12.695098379629629,14.711695601851853
2577,00:00:42.933,20.136415895061727,40.28006365740741,29.158072916666665,14.564828317901235,16.686346450617282
2578,00:00:42.950,11.61933191872428,24.835445601851852,16.689324845679014,8.228395061728396,9.940275848765433
2579,00:00:42.967,13.012501929012345,26.542332175925925,19.350657793209876,8.991016589506172,10.695831404320987
2580,00:00:42.983,17.27141589506173,36.668055555555554,26.940246913580246,11.738694058641975,13.135306712962963
2581,00:00:43.000,22.620048868312754,37.84959490740741,36.73574459876543,13.260206404320988,17.86419560185185
2582,00:00:43.017,15.981379886831277,34.06197916666667,23.642905092592592,11.923198302469135,12.3780362654321
2583,00:00:43.033,15.247008101851852,34.55633680555555,22.4244637345679,11.495389660493828,11.821170910493827
2584,00:00:43.050,18.636603652263375,37.59921875,27.6511824845679,13.833614969135802,14.42501350308642
2585,00:00:43.067,17.943755144032924,39.39907407407407,26.84120949074074,13.380395447530864,13.60966049382716
2586,00:00:43.083,20.738498585390946,42.90335648148148,29.604114583333335,14.846523919753086,17.76485725308642
2587,00:00:43.100,18.403605324074075,40.12954282407407,27.87108024691358,13.109047067901235,14.230688657407407
2588,00:00:43.117,17.591977880658437,39.11770833333333,26.09882137345679,12.576880787037037,14.100231481481481
2589,00:00:43.133,17.560089377572016,34.84704861111111,27.397156635802467,12.078126929012345,13.204984567901235
2590,00:00:43.150,15.156159979423867,32.57398726851852,22.316095679012346,10.691809413580247,12.460574845679012
2591,00:00:43.167,14.586943158436213,31.672337962962963,20.54515046296296,10.643773148148147,12.57190586419753
2592,00:00:43.183,13.36011188271605,28.69537037037037,18.86628086419753,9.594853395061728,11.61920138888889
2593,00:00:43.200,11.817764917695472,24.948090277777776,16.43809413580247,8.418985339506174,10.596215277777778
2594,00:00:43.217,10.056658950617283,20.69759837962963,13.77738811728395,7.146878858024691,9.24570987654321
2595,00:00:43.233,18.004429655349792,40.194965277777776,25.577388117283952,12.707484567901234,15.728416280864197
2596,00:00:43.250,0.057563657407407404,0.23119212962962962,0.08879243827160493,0.02589506172839506,0.05800347222222222
2597,00:00:43.267,36.52726466049383,92.64311342592593,46.30865933641975,31.015773533950618,32.25736111111111
2598,00:00:43.283,34.380367155349795,93.91319444444444,41.19883487654321,30.500607638888887,31.441658950617285
2599,00:00:43.300,38.30397055041152,97.07954282407407,45.012880015432096,36.07101273148148,33.828018904320984
2600,00:00:43.317,40.05152199074073,89.49299768518519,47.58554012345679,40.070144675925924,32.4988811728395
2601,00:00:43.333,37.94545653292181,87.55737847222223,42.247314814814814,41.19605516975309,30.39299961419753
2602,00:00:43.350,24.691023019547327,56.28347800925926,25.60971450617284,26.957390046296297,21.50596450617284
2603,00:00:43.367,6.241584362139918,13.51244212962963,7.099340277777777,5.885877700617284,5.7395351080246915
2604,00:00:43.383,18.77506301440329,48.91828703703704,19.10271990740741,19.640453317901233,17.582015817901233
2605,00:00:43.400,0.11007330246913581,0.3207175925925926,0.12300154320987654,0.08643132716049383,0.12078703703703704
2606,00:00:43.417,20.99149369855967,56.57763310185185,20.23880401234568,22.433300540123458,20.302376543209878
2607,00:00:43.433,19.80244598765432,54.78564814814815,19.162000385802468,21.01610146604938,19.22923611111111
2608,00:00:43.450,11.653196373456792,25.92795138888889,11.428325617283951,11.221639660493826,12.309623842592593
2609,00:00:43.467,13.656530349794238,31.064351851851853,13.615501543209877,13.833094135802469,13.52099537037037
2610,00:00:43.483,11.230537551440328,21.997685185185187,11.089253472222222,11.739124228395061,10.863234953703703
2611,00:00:43.500,10.106603652263376,9.669241898148147,16.26613425925926,3.7884413580246914,10.265235339506173
2612,00:00:43.517,10.494503600823045,21.822569444444444,9.5765625,10.89558063271605,11.011367669753087
2613,00:00:43.533,15.731457690329217,33.73880208333333,14.32828510802469,16.95662808641975,15.90945987654321
2614,00:00:43.550,16.83731995884774,36.20222800925926,15.50576388888889,17.924012345679014,17.08218364197531
2615,00:00:43.567,19.6830066872428,47.553269675925925,17.917471064814816,22.27904513888889,18.85250385802469
2616,00:00:43.583,20.445149176954732,49.45248842592593,19.593431712962964,23.031232638888888,18.710783179012346
2617,00:00:43.600,17.88017811213992,44.16753472222222,17.3625,19.795385802469134,16.482648533950616
2618,00:00:43.617,16.222478137860083,43.23637152777778,16.15121913580247,17.898204089506173,14.618011188271606
2619,00:00:43.633,17.840878343621398,49.88142361111111,18.17814236111111,19.182133487654323,16.162359182098765
2620,00:00:43.650,15.116085390946502,43.39377893518518,14.734658564814815,16.84124035493827,13.772357253086419
2621,00:00:43.667,15.344230324074076,45.97329282407407,14.924185956790124,17.123836805555555,13.984668209876544
2622,00:00:43.683,17.83327031893004,48.82482638888889,17.72120177469136,19.80342785493827,15.975181327160493
2623,00:00:43.700,0.10968492798353911,0.19380787037037037,0.16462770061728396,0.06764467592592592,0.09678240740740741
2624,00:00:43.717,25.92471836419753,70.07974537037038,27.874184027777776,28.443042052469135,21.45692901234568
2625,00:00:43.733,28.225996013374484,71.08321759259259,29.966961805555556,32.596292438271604,22.114733796296296
2626,00:00:43.750,41.893104423868316,80.43174189814815,44.649606481481484,52.3238850308642,28.70582175925926
2627,00:00:43.767,36.606566358024686,82.8607349537037,42.84172453703704,42.60427854938271,24.373695987654322
2628,00:00:43.783,32.23034465020576,75.25894097222222,38.319841820987655,36.13467399691358,22.23651813271605
2629,00:00:43.800,28.346604295267486,67.23854166666666,34.45299961419753,30.911452546296296,19.675360725308643
2630,00:00:43.817,20.756424254115228,47.313223379629626,25.67456211419753,22.661689814814814,13.933020833333334
2631,00:00:43.833,20.3830658436214,46.06872106481482,26.626350308641975,21.675885416666667,12.846961805555555
2632,00:00:43.850,17.558207304526746,39.89293981481482,24.75662422839506,17.514693287037037,10.403304398148148
2633,00:00:43.867,19.903820730452676,48.29111689814815,28.310605709876544,19.380316358024693,12.02054012345679
2634,00:00:43.883,20.43583333333333,50.85636574074074,29.04990547839506,20.158275462962962,12.099319058641976
2635,00:00:43.900,16.80288966049383,44.69189814814815,23.61425540123457,16.856091820987654,9.93832175925926
2636,00:00:43.917,0.35286522633744855,1.1913773148148148,0.5830922067901234,0.2167939814814815,0.25870949074074073
2637,00:00:43.933,17.38637152777778,47.25616319444445,23.941765046296297,17.532467206790123,10.684882330246914
2638,00:00:43.950,18.364689429012344,46.01756365740741,24.239832175925926,18.884974922839508,11.969261188271606
2639,00:00:43.967,15.593123070987653,38.78715277777778,20.71557098765432,16.206265432098764,9.857532793209877
2640,00:00:43.983,18.11960648148148,41.81872106481482,24.865283564814813,18.20577160493827,11.287764274691359
2641,00:00:44.000,20.463778292181072,39.84965277777778,31.102623456790123,16.55359375,13.735117669753086
2642,00:00:44.017,19.0746283436214,48.80416666666667,25.801855709876545,19.358188657407407,12.063840663580248
2643,00:00:44.033,23.081384387860084,58.05381944444444,30.88925925925926,23.396261574074074,14.958632330246914
2644,00:00:44.050,23.72456983024691,58.20286458333333,31.772189429012347,23.867922453703702,15.53359760802469
2645,00:00:44.067,21.396975308641974,48.97288773148148,29.311884645061728,20.831325231481483,14.047716049382716
2646,00:00:44.083,19.20851466049383,37.47673611111111,25.948587962962964,18.801444830246915,12.875511188271606
2647,00:00:44.100,18.653855452674897,33.707320601851855,25.99190200617284,17.810590277777777,12.159074074074073
2648,00:00:44.117,17.469393004115226,31.557233796296295,23.851456404320988,16.988188657407406,11.568533950617283
2649,00:00:44.133,20.621876929012345,41.3046875,29.101078317901234,19.63876350308642,13.125788966049383
2650,00:00:44.150,19.51820151748971,42.86548032407408,27.164643132716048,19.063975694444444,12.325985725308643
2651,00:00:44.167,18.21550797325103,40.18414351851852,25.427808641975307,17.32742862654321,11.891286651234568
2652,00:00:44.183,14.89707304526749,28.506481481481483,20.63182677469136,14.335466820987655,9.723925540123457
2653,00:00:44.200,0.16040187757201646,0.3330150462962963,0.2919483024691358,0.07655864197530864,0.11269868827160494
2654,00:00:44.217,17.15892554012346,33.63501157407408,24.295511188271604,15.840040509259259,11.341224922839507
2655,00:00:44.233,18.73577031893004,36.12696759259259,26.84879822530864,17.238568672839506,12.119944058641975
2656,00:00:44.250,16.25416538065844,30.26009837962963,23.084278549382717,14.934124228395062,10.74409336419753
2657,00:00:44.267,19.132694830246916,31.690538194444443,27.478167438271605,16.87988040123457,13.040036651234567
2658,00:00:44.283,16.72068994341564,28.07951388888889,22.466234567901235,16.25873649691358,11.437098765432099
2659,00:00:44.300,25.42171296296296,49.33197337962963,35.06585262345679,24.66060185185185,16.538684413580246
2660,00:00:44.317,23.300696373456788,43.15570023148148,31.945773533950618,22.647654320987655,15.308661265432098
2661,00:00:44.333,20.775464248971193,37.804340277777776,28.058047839506173,20.403260030864196,13.865084876543209
2662,00:00:44.350,13.880805684156378,21.283940972222222,18.659832175925924,13.47109760802469,9.511487268518518
2663,00:00:44.367,16.38332626028807,25.153703703703705,22.94048225308642,15.177359182098765,11.032137345679013
2664,00:00:44.383,13.609598765432098,20.79302662037037,18.461278935185184,13.169326774691358,9.198190586419754
2665,00:00:44.400,17.665901491769546,27.501041666666666,24.85981288580247,16.158319830246914,11.97957175925926
2666,00:00:44.417,0.04595550411522634,0.10379050925925926,0.08855324074074074,0.021030092592592593,0.02828317901234568
2667,00:00:44.433,14.843641975308643,24.314525462962962,20.855333719135803,13.776332947530864,9.89925925925926
2668,00:00:44.450,16.083522376543208,27.07259837962963,22.970279706790123,14.351840277777777,10.928447145061728
2669,00:00:44.467,16.70408243312757,28.695862268518518,24.198153935185186,14.673258101851852,11.240835262345678
2670,00:00:44.483,15.50022183641975,28.240364583333335,22.426595293209875,13.694797453703703,10.379272762345678
2671,00:00:44.500,20.39137152777778,25.84777199074074,34.8211188271605,13.20282986111111,13.150165895061729
2672,00:00:44.517,15.438290895061728,31.76629050925926,22.103342978395062,14.002534722222222,10.208994984567902
2673,00:00:44.533,13.727674897119343,29.103153935185187,19.78519675925926,12.459996141975308,8.937831790123457
2674,00:00:44.550,15.181002443415638,33.422019675925924,22.177314814814814,13.601784336419753,9.763908179012345
2675,00:00:44.567,14.756170910493827,34.35810185185185,21.898578317901233,13.139720293209876,9.23021412037037
2676,00:00:44.583,14.1990920781893,34.69259259259259,21.560864197530865,12.393805941358025,8.642606095679012
2677,00:00:44.600,10.701246141975309,25.397685185185185,16.109193672839506,9.442937885802468,6.551606867283951
2678,00:00:44.617,19.33744341563786,33.7884837962963,33.1152449845679,14.672253086419753,10.224832175925926
2679,00:00:44.633,14.448219521604939,32.195717592592594,21.26672839506173,13.370150462962963,8.707779706790124
2680,00:00:44.650,12.971729038065845,28.762760416666666,19.756145833333335,11.383923611111111,7.775117669753087
2681,00:00:44.667,0.07203832304526749,0.308912037037037,0.12486496913580247,0.03673996913580247,0.054510030864197534
2682,00:00:44.683,14.047426697530865,30.47259837962963,21.512328317901236,12.053624614197531,8.576327160493827
2683,00:00:44.700,13.598856095679013,28.011140046296298,20.74328510802469,11.632922453703705,8.420360725308642
2684,00:00:44.717,14.280496399176954,25.565914351851852,21.83023341049383,12.315372299382716,8.69588348765432
2685,00:00:44.733,12.285873842592594,22.688310185185184,18.22948688271605,10.852312885802469,7.77582175925926
2686,00:00:44.750,13.739868184156379,21.41478587962963,20.634427083333332,12.123919753086419,8.461257716049383
2687,00:00:44.767,12.796909722222223,19.166319444444444,19.140908564814815,11.208261959876543,8.041558641975309
2688,00:00:44.783,33.89609760802469,55.02962962962963,49.43521026234568,33.78869020061728,18.464392361111113
2689,00:00:44.800,33.88408564814815,69.85298032407407,46.076217206790126,33.66065779320988,21.915381944444444
2690,00:00:44.817,30.375347222222228,69.04429976851851,38.62979166666667,33.86401813271605,18.632231867283952
2691,00:00:44.833,0.06684992283950618,0.08509837962962963,0.10176311728395061,0.040283564814814814,0.05850308641975309
2692,00:00:44.850,44.94257265946502,85.28382523148149,62.86542052469136,52.249851466049385,19.71244598765432
2693,00:00:44.867,39.67361239711934,81.36438078703704,51.0620061728395,48.482962962962965,19.475868055555555
2694,00:00:44.883,32.15863618827161,84.32855902777777,42.62477237654321,34.41867669753086,19.43245949074074
2695,00:00:44.900,26.595149176954735,70.55688657407407,35.4210050154321,26.290785108024693,18.073657407407406
2696,00:00:44.917,33.918701774691364,72.53136574074074,46.643557098765434,34.666610725308644,20.4459375
2697,00:00:44.933,21.600842335390947,45.34858217592593,31.91772183641975,18.48667052469136,14.39813464506173
2698,00:00:44.950,12.203271604938271,19.430960648148147,17.066201774691358,11.15654513888889,8.387067901234568
2699,00:00:44.967,13.8115920781893,22.279050925925926,19.8264274691358,12.269753086419753,9.338595679012347
2700,00:00:44.983,10.91958397633745,14.963541666666666,15.629498456790124,9.486489197530863,7.642764274691358
2701,00:00:45.000,13.285528549382716,11.298408564814816,25.97563850308642,3.8082735339506173,10.072673611111112
2702,00:00:45.017,26.50393325617284,36.51753472222222,35.7127662037037,22.785516975308642,21.01351658950617
2703,00:00:45.033,0.12773083847736624,0.19675925925925927,0.20686342592592594,0.08033757716049383,0.09599151234567901
2704,00:00:45.050,11.830179398148147,18.541608796296295,17.15524884259259,10.340273919753086,7.995015432098765
2705,00:00:45.067,16.350329218106996,34.90951967592593,23.00886574074074,13.805719521604939,12.236402391975309
2706,00:00:45.083,14.671390174897118,26.21521990740741,21.694899691358025,12.118819444444444,10.200451388888888
2707,00:00:45.100,13.150626929012345,21.516116898148148,19.369596836419753,11.108304398148148,8.973979552469135
2708,00:00:45.117,11.261793338477366,18.29369212962963,16.5889949845679,9.420028935185185,7.776356095679012
2709,00:00:45.133,13.781348379629629,23.366145833333334,19.999762731481482,11.723099922839506,9.621182484567901
2710,00:00:45.150,10.313342978395061,18.890364583333334,15.083225308641975,8.742748842592592,7.114054783950618
2711,00:00:45.167,0.1765817901234568,0.7811342592592593,0.28491126543209877,0.0885204475308642,0.1563136574074074
2712,00:00:45.183,16.737644675925925,31.32259837962963,25.251174768518517,13.822808641975309,11.138950617283951
2713,00:00:45.200,0.18237011316872428,0.7594907407407407,0.30182484567901235,0.0884104938271605,0.156875
2714,00:00:45.217,13.371543209876544,23.24956597222222,20.215503472222224,11.381064814814815,8.518061342592592
2715,00:00:45.233,11.118087062757203,18.74771412037037,16.616853780864197,9.544648919753087,7.192758487654321
2716,00:00:45.250,13.378197016460907,23.809837962962963,20.324913194444445,11.383096064814815,8.426581790123457
2717,00:00:45.267,11.653333333333334,20.184056712962963,17.854087577160495,9.853018904320988,7.252893518518518
2718,00:00:45.283,12.256440972222222,21.673524305555556,18.62217013888889,10.452517361111111,7.694635416666666
2719,00:00:45.300,13.264650848765433,23.501909722222223,20.156658950617285,11.340650077160493,8.296643518518518
2720,00:00:45.317,10.64872170781893,19.399971064814814,16.074224537037036,9.178117283950618,6.693823302469136
2721,00:00:45.333,12.435486754115226,23.93035300925926,18.949376929012345,10.625451388888889,7.731631944444445
2722,00:00:45.350,10.344684927983538,18.52734375,16.052185570987653,8.801134259259259,6.180734953703704
2723,00:00:45.367,13.012786136831275,23.629311342592594,20.14994984567901,11.153643904320989,7.734764660493827
2724,00:00:45.383,11.175778034979423,19.219444444444445,17.185827546296295,9.639527391975308,6.701979166666667
2725,00:00:45.400,10.945941358024692,19.08564814814815,16.920586419753086,9.51847800925926,6.398759645061729
2726,00:00:45.417,11.074541538065844,18.64736689814815,16.941327160493827,9.626996527777777,6.655300925925926
2727,00:00:45.433,12.591392746913579,21.556944444444444,19.482561728395062,10.973169367283951,7.318447145061729
2728,00:00:45.450,10.363790509259259,17.896238425925926,16.075524691358023,8.961755401234567,6.054091435185185
2729,00:00:45.467,0.09433513374485597,0.13576388888888888,0.16838927469135803,0.049052854938271606,0.06556327160493827
2730,00:00:45.483,13.368219521604937,25.447366898148147,20.3060725308642,11.726228780864197,8.07235725308642
2731,00:00:45.500,19.487150848765435,26.11880787037037,33.17149305555556,12.188204089506172,13.101755401234568
2732,00:00:45.517,22.445471322016463,39.77537615740741,34.40113618827161,19.269407793209876,13.665869984567902
2733,00:00:45.533,14.851014017489712,24.46947337962963,22.57620177469136,12.303632330246913,9.673207947530864
2734,00:00:45.550,17.077033179012346,32.03093171296296,26.540640432098765,13.610135030864198,11.080324074074074
2735,00:00:45.567,9.729897119341564,19.310445601851853,14.927997685185185,7.317858796296297,6.94383487654321
2736,00:00:45.583,19.26683963477366,39.44728009259259,30.11510223765432,15.386934799382717,12.29848186728395
2737,00:00:45.600,18.3941004372428,37.1997974537037,28.1718074845679,14.730586419753086,12.279907407407407
2738,00:00:45.617,6.055462962962963,11.351533564814815,7.849899691358025,5.155625,5.160864197530864
2739,00:00:45.633,8.786311728395061,16.13376736111111,11.71052662037037,7.55808063271605,7.0903279320987656
2740,00:00:45.650,25.12293467078189,56.89293981481482,39.38501736111111,20.62688464506173,15.35690200617284
2741,00:00:45.667,29.631366383744858,67.9345775462963,45.2295775462963,25.468296682098764,18.196224922839505
2742,00:00:45.683,33.08293209876543,70.96565393518519,50.30284143518519,28.047264660493827,20.898690200617285
2743,00:00:45.700,28.195787680041153,62.563541666666666,42.43897762345679,23.148985339506172,18.999400077160495
2744,00:00:45.717,37.15353202160494,82.53165509259259,51.14673418209877,32.50058063271605,27.81328125
2745,00:00:45.733,31.71105195473251,71.88304398148148,44.968836805555554,28.032725694444444,22.13159336419753
2746,00:00:45.750,0.09348251028806583,0.21889467592592593,0.14961805555555555,0.054272762345679015,0.07655671296296296
2747,00:00:45.767,24.88372299382716,52.13382523148148,35.63130594135802,21.120954861111112,17.898908179012345
2748,00:00:45.783,9.484443158436214,13.919733796296295,12.037270447530863,8.05319637345679,8.362862654320988
2749,00:00:45.800,7.458085133744856,10.607783564814815,8.845459104938271,7.305563271604938,6.223233024691358
2750,00:00:45.817,7.462834362139918,10.905873842592593,9.53097800925926,7.2989699074074075,5.558555169753086
2751,00:00:45.833,9.509820601851851,13.187297453703703,12.274483024691358,8.760796682098766,7.494182098765432
2752,00:00:45.850,9.802923739711934,13.636400462962962,12.662617669753086,9.006863425925927,7.73929012345679
2753,00:00:45.867,9.44898984053498,14.458854166666667,12.438269675925927,8.50480324074074,7.4038966049382715
2754,00:00:45.883,9.340036008230452,18.148582175925927,12.47363811728395,8.50453125,7.041938657407408
2755,00:00:45.900,7.961097608024691,15.141116898148148,11.369733796296297,6.715420524691358,5.798138503086419
2756,00:00:45.917,8.687903163580247,14.576909722222222,12.413537808641975,7.273111496913581,6.377060185185186
2757,00:00:45.933,21.16798611111111,45.494675925925925,31.027685185185184,17.85149112654321,14.624782021604938
2758,00:00:45.950,25.831113040123455,62.57239583333333,37.03242862654321,22.896520061728395,17.564390432098765
2759,00:00:45.967,24.841417824074075,58.06267361111111,36.15490162037037,21.574581404320988,16.794770447530865
2760,00:00:45.983,9.790662294238684,16.575491898148147,13.713641975308642,8.579104938271605,7.079239969135802
2761,00:00:46.000,16.218935185185185,18.70541087962963,26.440875771604937,10.198015046296296,12.017914737654321
2762,00:00:46.017,13.109744727366255,21.973582175925927,18.50646412037037,11.723543595679013,9.099226466049382
2763,00:00:46.033,0.07274048353909465,0.1451099537037037,0.11900077160493827,0.04374035493827161,0.05548032407407407
2764,00:00:46.050,21.624999356995886,45.0111400462963,31.367748842592594,18.69548225308642,14.811766975308641
2765,00:00:46.067,27.496370241769544,62.405150462962965,39.49679783950617,24.108375771604937,18.88393711419753
2766,00:00:46.083,31.06605452674897,68.17708333333333,43.72289544753087,28.087336033950617,21.387932098765432
2767,00:00:46.100,34.201227494855964,74.08576388888889,48.934390432098766,31.367322530864197,22.30196952160494
2768,00:00:46.117,36.72097350823045,80.66588541666667,52.708649691358026,33.797033179012345,23.657237654320987
2769,00:00:46.133,36.1804140946502,78.69927662037037,50.888568672839504,33.49598572530864,24.15668788580247
2770,00:00:46.150,39.18929140946502,80.64768518518518,55.455432098765435,35.71270833333333,26.399733796296296
2771,00:00:46.167,31.224470164609055,68.76293402777777,43.849199459876544,27.453028549382715,22.3711824845679
2772,00:00:46.183,29.35737204218107,63.50700231481481,40.33984375,25.61140625,22.12086612654321
2773,00:00:46.200,12.465592206790122,22.22149884259259,17.520983796296296,10.056741898148148,9.819050925925925
2774,00:00:46.217,15.606132973251029,27.563020833333333,21.73956790123457,13.666894290123457,11.411936728395062
2775,00:00:46.233,15.802273019547327,27.16507523148148,22.343323688271607,13.639515817901234,11.423979552469136
2776,00:00:46.250,17.0075212191358,29.595052083333332,24.306604938271605,14.545561342592592,12.17039737654321
2777,00:00:46.267,19.272962962962964,36.064988425925925,27.896672453703705,16.203865740740742,13.718350694444444
2778,00:00:46.283,19.98022055041152,37.56232638888889,28.267189429012344,16.957073688271606,14.716398533950617
2779,00:00:46.300,0.13596000514403292,0.27890625,0.21304591049382715,0.07739776234567901,0.1174363425925926
2780,00:00:46.317,17.85969393004115,37.0423900462963,26.041489197530865,14.158344907407407,13.379247685185184
2781,00:00:46.333,40.488766718106994,90.57271412037036,54.506336805555556,36.506207561728395,30.453755787037036
2782,00:00:46.350,36.64125707304527,88.94994212962963,45.749961419753085,33.9472087191358,30.226601080246912
2783,00:00:46.367,35.018955761316874,83.59169560185185,44.06601080246914,31.895324074074075,29.095532407407408
2784,00:00:46.383,31.627064686213995,78.47841435185185,42.58506558641975,27.863732638888887,24.432395833333334
2785,00:00:46.400,30.695739454732507,73.99968171296297,42.76456983024691,26.37870563271605,22.943942901234568
2786,00:00:46.417,30.188171939300407,70.04383680555556,41.48329475308642,25.57235339506173,23.508867669753087
2787,00:00:46.433,29.04755787037037,69.81903935185186,40.726778549382715,24.336211419753088,22.079683641975308
2788,00:00:46.450,22.18044431584362,56.07737268518518,31.56025848765432,17.34437885802469,17.63669560185185
2789,00:00:46.467,28.395358153292182,67.65763888888888,38.96316358024691,23.887226080246915,22.335684799382715
2790,00:00:46.483,18.65686471193416,48.12977430555556,25.64220100308642,14.88380401234568,15.44458912037037
2791,00:00:46.500,13.650999228395063,15.167679398148149,23.5116300154321,3.552332175925926,13.88903549382716
2792,00:00:46.517,21.67541152263374,56.35578703703704,29.31419174382716,16.507096836419752,19.20494598765432
2793,00:00:46.533,0.12890817901234566,0.6399594907407408,0.13744020061728396,0.06756365740740741,0.18172067901234568
2794,00:00:46.550,20.982941100823048,57.06707175925926,28.53061728395062,15.210659722222223,19.207546296296297
2795,00:00:46.567,21.017403549382717,58.81085069444445,28.34612461419753,15.008649691358025,19.697436342592592
2796,00:00:46.583,15.929070216049382,43.938802083333336,21.662930169753086,10.72516975308642,15.399110725308642
2797,00:00:46.600,18.41014596193416,50.575,24.374600694444446,12.788921682098765,18.06691550925926
2798,00:00:46.617,18.490217978395062,56.60862268518518,21.511907793209875,13.913586033950617,20.045160108024692
2799,00:00:46.633,22.99991383744856,68.46484375,25.971367669753086,18.775966435185186,24.252407407407407
2800,00:00:46.650,29.730925925925927,83.25277777777778,32.76574652777778,26.886109182098764,29.540922067901235
2801,00:00:46.667,32.52841435185185,80.05888310185185,37.18863811728395,29.02394675925926,31.372658179012344
2802,00:00:46.683,36.02911265432099,80.99644097222222,43.28188464506173,34.561201774691355,30.244251543209877
2803,00:00:46.700,33.41452674897119,70.01038773148149,41.44392168209877,31.401520061728394,27.398138503086418
2804,00:00:46.717,0.11959490740740741,0.20807291666666666,0.18254436728395063,0.06777970679012346,0.10846064814814815
2805,00:00:46.733,29.113925540123457,58.811342592592595,37.19065007716049,25.991450617283952,24.159675925925924
2806,00:00:46.750,0.10043338477366254,0.36006944444444444,0.13986496913580246,0.055887345679012344,0.10554783950617284
2807,00:00:46.767,21.52450552983539,44.76273148148148,21.78144097222222,19.67855709876543,23.113518518518518
2808,00:00:46.783,0.3880414094650206,1.0595486111111112,0.553815586419753,0.2156983024691358,0.39461033950617286
2809,00:00:46.800,13.401178626543208,28.098206018518518,11.79468364197531,12.055923996913581,16.35292824074074
2810,00:00:46.817,19.940356867283953,38.739438657407405,18.40717013888889,17.900661651234568,23.513238811728396
2811,00:00:46.833,15.170271990740742,29.759346064814814,13.34376736111111,13.430893132716049,18.736155478395062
2812,00:00:46.850,15.440730452674899,29.78935185185185,13.927067901234567,13.376043595679013,19.019079861111113
2813,00:00:46.867,14.280311856995885,28.9,13.335945216049383,12.207704475308642,17.29728587962963
2814,00:00:46.883,0.11771026234567901,0.24791666666666667,0.14981481481481482,0.06940972222222222,0.13390625
2815,00:00:46.900,21.185354938271605,50.743721064814814,21.894293981481482,18.9477449845679,22.71402584876543
2816,00:00:46.917,1.959966563786008,3.93125,2.7908256172839505,1.034369212962963,2.054704861111111
2817,00:00:46.933,18.844331275720165,44.61024305555556,19.670408950617283,16.80934799382716,20.05323688271605
2818,00:00:46.950,7.575450745884773,15.090943287037037,6.9164969135802465,6.536331018518519,9.273524305555556
2819,00:00:46.967,11.170403806584362,19.643952546296298,10.257091049382716,9.69848186728395,13.55563850308642
2820,00:00:46.983,7.3454462448559665,12.778530092592593,6.649224537037037,6.223317901234568,9.163796296296296
2821,00:00:47.000,13.447645961934157,15.55775462962963,19.089230324074073,6.840470679012346,14.413236882716049
2822,00:00:47.017,5.784430941358025,10.625983796296296,5.075333719135802,5.03747299382716,7.240486111111111
2823,00:00:47.033,5.028777649176955,9.50691550925926,4.5576234567901235,4.323740354938272,6.204969135802469
2824,00:00:47.050,0.06853202160493826,0.4471354166666667,0.0852565586419753,0.046157407407407404,0.0741820987654321
2825,00:00:47.067,6.576429398148147,11.784895833333334,6.177924382716049,5.639810956790123,7.911552854938272
2826,00:00:47.083,4.479781378600823,8.74693287037037,4.25845100308642,3.7891859567901234,5.391707175925926
2827,00:00:47.100,5.828754501028807,9.708101851851852,6.203043981481481,5.138709490740741,6.144510030864198
2828,00:00:47.117,11.909311985596707,14.321614583333334,14.71717399691358,10.29958912037037,10.711172839506172
2829,00:00:47.133,23.156638374485595,36.294212962962966,27.364315200617284,21.036992669753086,21.06860725308642
2830,00:00:47.150,27.299613554526747,46.96938657407407,32.940252700617286,25.26171875,23.696869212962962
2831,00:00:47.167,0.08129308127572017,0.31038773148148147,0.0872241512345679,0.05961612654320988,0.09703896604938271
2832,00:00:47.183,28.142010673868313,50.31576967592593,35.13903549382716,26.708358410493826,22.57863811728395
2833,00:00:47.200,32.41167631172839,60.58119212962963,41.25793981481481,31.823418209876543,24.153670910493826
2834,00:00:47.217,30.542048611111113,60.382465277777776,41.20579475308642,28.8880362654321,21.532314814814814
2835,00:00:47.233,22.677590020576133,41.62934027777778,30.768676697530864,20.9552912808642,16.308802083333333
2836,00:00:47.250,19.269846965020577,34.8091724537037,24.418443287037036,17.80824074074074,15.582856867283951
2837,00:00:47.267,13.017603523662553,23.912152777777777,13.974876543209877,12.72897762345679,12.348956404320989
2838,00:00:47.283,11.048463863168722,20.90124421296296,11.450237268518519,10.871059027777777,10.824095293209876
2839,00:00:47.300,11.597289094650206,23.219068287037036,12.27346450617284,11.352347608024692,11.166055169753086
2840,00:00:47.317,14.695909850823048,28.061313657407407,16.297305169753088,14.2783487654321,13.512075617283951
2841,00:00:47.333,16.39740162037037,29.64178240740741,18.694000771604937,16.006195987654323,14.492008101851852
2842,00:00:47.350,16.896192772633746,28.15625,20.967179783950616,15.699824459876544,14.021574074074074
2843,00:00:47.367,26.04403806584362,50.773726851851855,33.58629822530864,25.38754050925926,19.158275462962962
2844,00:00:47.383,0.1046727109053498,0.32858796296296294,0.15877507716049383,0.05738618827160494,0.09785686728395061
2845,00:00:47.400,22.18378343621399,43.16750578703704,29.30877314814815,21.232307098765432,16.010270061728395
2846,00:00:47.417,27.783711419753086,59.005642361111114,35.95430362654321,27.22995563271605,20.166875
2847,00:00:47.433,28.498804655349797,63.12824074074074,36.47396219135803,27.78177276234568,21.24067901234568
2848,00:00:47.450,20.26853330761317,42.411458333333336,24.878126929012346,18.997185570987654,16.930287422839505
2849,00:00:47.467,13.924293981481481,31.80367476851852,14.667773919753087,13.666666666666666,13.438441358024692
2850,00:00:47.483,14.062788708847739,33.212471064814814,15.131377314814815,13.441400462962964,13.615588348765431
2851,00:00:47.500,11.436928369341565,12.87445023148148,20.054365354938273,4.066905864197531,10.18951388888889
2852,00:00:47.517,13.892166280864197,31.736284722222223,15.392627314814815,12.943223379629629,13.340648148148148
2853,00:00:47.533,17.335443672839506,38.52300347222222,20.15958526234568,16.275179398148147,15.571566358024691
2854,00:00:47.550,22.825637217078192,53.877112268518516,28.41627700617284,21.11725887345679,18.943375771604938
2855,00:00:47.567,23.90372427983539,55.892418981481484,30.636734182098767,22.66988040123457,18.40455825617284
2856,00:00:47.583,21.116120113168723,49.06339699074074,27.411971450617283,19.855707947530863,16.080680941358025
2857,00:00:47.600,16.971859567901234,40.94117476851852,20.78222800925926,16.34611111111111,13.787239583333333
2858,00:00:47.617,15.726759902263373,37.47624421296296,20.07233410493827,14.861761188271604,12.246184413580247
2859,00:00:47.633,15.3872254372428,37.635619212962965,20.65980902777778,14.327326388888888,11.174540895061728
2860,00:00:47.650,16.115647505144036,39.66814236111111,22.334664351851853,15.097791280864197,10.91448688271605
2861,00:00:47.667,14.702196502057612,37.58888888888889,20.719185956790124,13.803016975308642,9.584386574074074
2862,00:00:47.683,14.19910686728395,36.468836805555554,20.759299768518517,13.086413966049383,8.75160686728395
2863,00:00:47.700,0.1323881172839506,0.9085358796296297,0.21640239197530864,0.08469907407407408,0.09606288580246913
2864,00:00:47.717,16.953623971193416,40.46895254629629,25.574552469135803,15.185686728395062,10.100632716049383
2865,00:00:47.733,19.224708719135805,43.725318287037034,29.44180941358025,17.051929012345678,11.180387731481481
2866,00:00:47.750,14.083974408436214,28.9796875,21.23308834876543,12.902552083333333,8.116282793209876
2867,00:00:47.767,20.001074459876545,38.437905092592594,30.689440586419753,17.769263117283952,11.544519675925926
2868,00:00:47.783,21.737966177983537,43.02928240740741,33.51506558641975,18.87633487654321,12.822498070987654
2869,00:00:47.800,23.26468621399177,49.74369212962963,35.64721836419753,20.353842592592592,13.792997685185185
2870,00:00:47.817,17.73263888888889,38.20474537037037,27.375545910493827,15.394542824074074,10.427827932098765
2871,00:00:47.833,17.263425925925926,35.47667824074074,26.521608796296295,14.673076774691358,10.595592206790123
2872,00:00:47.850,14.817096836419752,28.69537037037037,22.17305362654321,13.099749228395062,9.178487654320987
2873,00:00:47.867,19.755592206790123,41.84872685185185,29.27911458333333,17.512037037037036,12.475625
2874,00:00:47.883,21.138582818930043,41.666232638888886,30.988180941358024,18.627511574074074,13.800055941358025
2875,00:00:47.900,36.557316100823044,58.29091435185185,60.77609182098765,28.436005015432098,20.459851466049383
2876,00:00:47.917,19.323515946502056,39.85703125,30.742891589506172,15.434421296296296,11.793234953703704
2877,00:00:47.933,19.27021926440329,34.66750578703704,30.930264274691357,15.34474537037037,11.535648148148148
2878,00:00:47.950,0.08971772119341563,0.2582465277777778,0.15285108024691357,0.05434606481481481,0.06195601851851852
2879,00:00:47.967,22.646122042181073,36.61788194444444,38.391172839506176,16.872787422839505,12.674405864197531
2880,00:00:47.983,21.47720679012346,38.189988425925925,35.66509837962963,16.28661072530864,12.479911265432099
2881,00:00:48.000,24.254074074074072,36.83923611111111,42.49647762345679,15.897775848765432,14.36796875
2882,00:00:48.017,18.589561471193417,35.48110532407407,30.228850308641974,14.426217206790124,11.113616898148148
2883,00:00:48.033,16.622077546296296,30.404224537037038,26.16054398148148,13.420061728395062,10.285626929012345
2884,00:00:48.050,16.83972029320988,29.647193287037037,26.986797839506174,13.33350887345679,10.198854166666667
2885,00:00:48.067,15.09534979423868,27.680584490740742,23.83244984567901,12.105408950617283,9.348190586419753
2886,00:00:48.083,16.475632716049383,29.92019675925926,25.652201003086418,13.27954861111111,10.495148533950617
2887,00:00:48.100,14.474738297325104,21.755671296296295,21.86975887345679,11.578954475308642,9.975501543209877
2888,00:00:48.117,17.05854102366255,22.791608796296295,28.077665895061727,12.756172839506172,10.341784336419753
2889,00:00:48.133,14.186822916666666,21.277546296296297,22.646770833333335,11.24413387345679,8.669564043209876
2890,00:00:48.150,0.13400977366255143,0.534693287037037,0.24927083333333333,0.0674633487654321,0.08529513888888889
2891,00:00:48.167,14.522706404320987,21.83732638888889,22.930864197530862,11.736952160493827,8.900302854938271
2892,00:00:48.183,14.774771090534982,22.48023726851852,23.48922839506173,11.829380787037037,9.005704089506173
2893,00:00:48.200,18.993199588477363,31.212413194444444,30.588973765432097,14.66362075617284,11.72700424382716
2894,00:00:48.217,19.256019804526748,32.6462962962963,30.593778935185185,15.3178125,11.856467978395061
2895,00:00:48.233,19.527591306584362,32.839120370370374,31.05089313271605,15.904903549382716,11.626977237654321
2896,00:00:48.250,18.894747942386832,30.715596064814815,30.025578703703705,15.205812114197531,11.45285300925926
2897,00:00:48.267,14.149948559670781,22.07638888888889,22.120341435185185,11.678890817901234,8.650613425925926
2898,00:00:48.283,20.79513052983539,34.826388888888886,32.76575038580247,16.972930169753088,12.646711033950618
2899,00:00:48.300,19.55997813786008,33.25231481481482,30.978514660493826,15.94258487654321,11.75883487654321
2900,00:00:48.317,18.731907793209874,30.768721064814816,29.316130401234567,15.46034336419753,11.41924961419753
2901,00:00:48.333,21.225039866255145,33.11163194444445,33.23239776234568,17.82708526234568,12.615636574074074
2902,00:00:48.350,13.26202996399177,19.21255787037037,20.428449074074074,10.947264660493827,8.410376157407407
2903,00:00:48.367,0.14038258744855966,0.20462962962962963,0.26349537037037035,0.06650655864197531,0.09114583333333333
2904,00:00:48.383,24.970333719135805,43.43952546296296,38.64131944444444,21.187677469135803,15.08200424382716
2905,00:00:48.400,24.695536908436214,43.96438078703704,38.07837384259259,21.182739197530864,14.825497685185185
2906,00:00:48.417,21.559492669753087,37.40737847222222,33.44418209876543,18.13451774691358,13.099778163580247
2907,00:00:48.433,26.709452803497943,50.1775462962963,40.812341820987655,23.469646990740742,15.846369598765433
2908,00:00:48.450,17.915648148148147,29.929050925925925,27.427851080246914,15.432569444444445,10.886523919753087
2909,00:00:48.467,21.748409850823048,42.81333912037037,33.69253472222222,18.804521604938273,12.748173225308642
2910,00:00:48.483,20.697222222222223,40.328269675925924,31.92876929012346,18.04233603395062,12.120561342592593
2911,00:00:48.500,24.5205066872428,42.74201388888889,39.1513387345679,19.5624324845679,14.847748842592592
2912,00:00:48.517,21.606799768518517,41.540306712962966,31.220569058641974,20.411984953703705,13.187845293209877
2913,00:00:48.533,0.06696952160493827,0.17855902777777777,0.12029706790123457,0.03665509259259259,0.04395640432098766
2914,00:00:48.550,19.507220936213994,38.24262152777778,28.451346450617283,17.92095100308642,12.149365354938272
2915,00:00:48.567,15.945620498971195,28.98460648148148,23.875630787037036,14.43721450617284,9.524016203703704
2916,00:00:48.583,20.24265753600823,39.536313657407405,30.523099922839506,18.513819444444444,11.691053240740741
2917,00:00:48.600,20.194124228395065,38.662702546296295,32.08467206790124,17.348398919753087,11.149301697530865
2918,00:00:48.617,39.728051697530866,76.17633101851852,54.338304398148146,34.77838927469136,30.067461419753087
2919,00:00:48.633,25.73055234053498,62.39777199074074,29.000613425925927,23.68207175925926,24.508971836419754
2920,00:00:48.650,0.11011766975308641,0.6857060185185185,0.1710474537037037,0.05110146604938272,0.10820408950617284
2921,00:00:48.667,48.256388888888885,91.34401041666666,53.15233410493827,54.119930555555555,37.49690200617284
2922,00:00:48.683,50.02519290123457,94.28752893518518,53.70292245370371,65.5504224537037,30.822233796296295
2923,00:00:48.700,15.982047968106995,39.46006944444444,22.996153549382715,13.521898148148148,11.428092206790124
2924,00:00:48.717,12.526276363168725,29.78935185185185,18.90674575617284,10.537891589506172,8.134191743827161
2925,00:00:48.733,8.675250771604938,20.19487847222222,12.73970100308642,7.727000385802469,5.559050925925926
2926,00:00:48.750,11.286120113168726,23.57667824074074,16.832770061728397,9.789726080246913,7.235864197530864
2927,00:00:48.767,12.662704475308644,25.698234953703704,18.803238811728395,10.844010416666666,8.340864197530864
2928,00:00:48.783,16.96045267489712,39.25101273148148,25.897253086419752,13.870976080246914,11.113128858024691
2929,00:00:48.800,15.198393775720163,36.81660879629629,23.620233410493828,12.407131558641975,9.567816358024691
2930,00:00:48.817,17.692833719135802,43.476417824074076,28.682175925925925,13.624436728395061,10.77188850308642
2931,00:00:48.833,13.779764660493827,33.62566550925926,22.375046296296297,10.505380015432099,8.458867669753086
2932,00:00:48.850,14.244785236625512,34.721614583333334,23.95912037037037,10.35923225308642,8.416003086419753
2933,00:00:48.867,12.285643004115228,30.746585648148148,20.55654899691358,9.023948688271606,7.276431327160494
2934,00:00:48.883,17.017898019547324,40.07199074074074,28.712582947530866,12.031215277777777,10.309895833333334
2935,00:00:48.900,14.373769290123457,34.51009837962963,23.79332175925926,10.301074459876544,9.026911651234569
2936,00:00:48.917,23.72248649691358,45.109519675925924,37.52412037037037,17.840069444444445,15.803269675925925
2937,00:00:48.933,11.723731995884775,23.507320601851852,18.55292052469136,8.541940586419754,8.07633487654321
2938,00:00:48.950,0.11553948045267491,0.44074074074074077,0.20539351851851853,0.053877314814814815,0.08734760802469135
2939,00:00:48.967,17.714043209876547,37.252430555555556,28.001757330246914,13.029305555555556,12.11106674382716
2940,00:00:48.983,0.11001929012345679,0.308912037037037,0.18114390432098765,0.05528935185185185,0.09362461419753086
2941,00:00:49.000,20.612991255144035,36.668055555555554,34.458125,12.176923225308641,15.203925540123457
2942,00:00:49.017,13.628308256172838,27.395775462962963,20.945264274691358,10.323506944444444,9.616153549382716
2943,00:00:49.033,12.780737525720165,25.638715277777777,19.25215084876543,9.832532793209877,9.257528935185185
2944,00:00:49.050,15.212822788065843,29.60144675925926,23.297037037037036,11.490231481481482,10.851199845679012
2945,00:00:49.067,13.355489326131687,25.8984375,20.616662808641976,9.855397376543209,9.594407793209877
2946,00:00:49.083,16.75377700617284,32.91388888888889,26.061739969135804,12.079853395061729,12.119737654320987
2947,00:00:49.100,15.162489068930043,31.05648148148148,23.363611111111112,10.962588734567902,11.161267361111111
2948,00:00:49.117,12.845903420781895,26.669241898148147,19.73166859567901,9.268624614197531,9.537417052469136
2949,00:00:49.133,15.170271990740739,34.54207175925926,22.646707175925926,11.370717592592593,11.493391203703704
2950,00:00:49.150,15.161967592592594,37.62971643518519,22.29414158950617,11.546658950617283,11.64510223765432
2951,00:00:49.167,0.08694701646090534,0.6921006944444444,0.1398611111111111,0.042854938271604935,0.078125
2952,00:00:49.183,23.9008783436214,71.29227430555555,35.345412808641974,19.04652199074074,17.31070023148148
2953,00:00:49.200,0.08657793209876545,0.47369791666666666,0.14173225308641976,0.04083333333333333,0.07716820987654321
2954,00:00:49.217,21.216447402263373,58.93038194444444,31.295625,17.053813657407407,15.299903549382716
2955,00:00:49.233,25.540954218106993,81.09432870370371,36.52066358024691,21.807094907407407,18.29510416666667
2956,00:00:49.250,27.179090149176954,82.68758680555555,34.254891975308645,23.8511824845679,23.43119598765432
2957,00:00:49.267,38.93080311213992,89.56284722222222,40.79315586419753,42.14240162037037,33.85685185185185
2958,00:00:49.283,27.70081597222222,70.34094328703704,31.993292824074075,26.208568672839505,24.900586419753086
2959,00:00:49.300,33.185444315843625,76.7513599537037,39.216012731481484,31.754685570987654,28.585634645061727
2960,00:00:49.317,25.939842463991766,60.26834490740741,31.692127700617284,24.258337191358024,21.8690625
2961,00:00:49.333,21.944882973251026,46.87789351851852,26.5290625,20.611793981481483,18.693792438271604
2962,00:00:49.350,10.497437628600823,19.82398726851852,13.326533564814815,8.932831790123457,9.232947530864198
2963,00:00:49.367,12.025091306584363,21.351822916666666,15.108993055555555,10.192781635802469,10.773499228395062
2964,00:00:49.383,10.576113040123458,19.49884259259259,13.452878086419753,8.886793981481482,9.388667052469136
2965,00:00:49.400,9.519578832304527,16.647309027777776,12.176925154320987,8.024917052469135,8.356894290123456
2966,00:00:49.417,0.38989583333333333,1.0379050925925926,0.5052700617283951,0.25591049382716047,0.40850694444444446
2967,00:00:49.433,12.504758230452675,20.225868055555555,15.27429976851852,11.068389274691357,11.171585648148149
2968,00:00:49.450,40.585168467078184,87.30405092592592,51.32084297839506,38.632644675925924,31.80201774691358
2969,00:00:49.467,20.181833847736623,41.64704861111111,25.669091435185184,18.530671296296298,16.345738811728395
2970,00:00:49.483,33.472872942386836,69.52881944444445,40.65637924382716,34.84601080246914,24.9162287808642
2971,00:00:49.500,31.709842463991773,67.12540509259259,42.67186728395062,26.06737461419753,26.39028549382716
2972,00:00:49.517,25.793180941358028,67.33200231481482,31.07526813271605,24.990362654320986,21.31391203703704
2973,00:00:49.533,29.94667438271605,85.02065972222222,36.364006558641975,28.873836805555555,24.602179783950618
2974,00:00:49.550,25.22576388888889,69.66999421296296,31.521809413580247,23.522368827160495,20.633113425925927
2975,00:00:49.567,0.106548353909465,0.41811342592592593,0.1322222222222222,0.07246913580246914,0.1149537037037037
2976,00:00:49.583,35.36080889917696,92.79166666666667,44.54119212962963,34.40992283950617,27.131311728395062
2977,00:00:49.600,27.744631558641974,76.0199074074074,35.813744212962966,26.214228395061728,21.205922067901234
2978,00:00:49.617,28.600536265432098,76.95549768518518,37.8787249228395,26.548373842592593,21.374510030864197
2979,00:00:49.633,30.39611561213992,73.48072916666666,41.88131944444444,27.39783564814815,21.90919174382716
2980,00:00:49.650,25.524913837448562,58.60523726851852,34.90921875,23.240823688271604,18.424699074074073
2981,00:00:49.667,16.324755658436214,32.77369791666667,21.816631944444445,14.506151620370371,12.651483410493826
2982,00:00:49.683,16.782340534979426,33.00980902777778,23.405297067901234,14.597999614197532,12.343724922839506
2983,00:00:49.700,17.98282600308642,36.50572916666667,25.152532793209875,15.376363811728394,13.419581404320988
2984,00:00:49.717,17.59764403292181,33.1244212962963,24.89803047839506,14.833503086419753,13.061398533950618
2985,00:00:49.733,0.1607883230452675,0.5755208333333334,0.25482638888888887,0.09143904320987654,0.13609953703703703
2986,00:00:49.750,20.276527134773662,38.381336805555556,29.193065200617283,16.53075038580247,15.105765817901235
2987,00:00:49.767,18.710407664609054,33.107204861111114,26.835607638888888,15.314498456790124,13.981116898148148
2988,00:00:49.783,15.90711612654321,26.394270833333334,23.1322762345679,13.000131172839506,11.588940972222222
2989,00:00:49.800,22.53226723251029,42.63330439814815,32.778007330246915,18.151961805555555,16.666832561728395
2990,00:00:49.817,13.30525977366255,19.75758101851852,19.262988040123457,10.871143904320988,9.78164737654321
2991,00:00:49.833,22.419443158436213,41.75575810185185,32.5037075617284,17.965082947530863,16.78953896604938
2992,00:00:49.850,18.72558063271605,35.084635416666664,25.30404899691358,15.798904320987655,15.073788580246914
2993,00:00:49.867,21.851277649176954,41.32731481481481,28.807156635802468,19.755038580246914,16.991637731481482
2994,00:00:49.883,17.45748392489712,34.154456018518516,22.58058834876543,15.326118827160494,14.465744598765433
2995,00:00:49.900,15.217341820987654,25.487702546296298,20.463578317901234,12.935551697530864,12.252895447530864
2996,00:00:49.917,0.13931455761316872,0.2429976851851852,0.21502893518518518,0.07985725308641975,0.12305748456790123
2997,00:00:49.933,15.168481224279835,23.47337962962963,20.96462384259259,12.411608796296296,12.129211033950618
2998,00:00:49.950,18.604603909465023,30.77511574074074,25.073931327160494,16.125092592592594,14.614787808641974
2999,00:00:49.967,22.90356095679012,45.415480324074075,31.309743441358023,19.747202932098766,17.65373649691358
3000,00:00:49.983,23.193253600823045,47.82528935185185,31.601377314814815,19.541668595679013,18.43671489197531
3001,00:00:50.000,19.871272505144034,23.772945601851852,29.026822916666667,13.530576774691358,17.056417824074074
3002,00:00:50.017,7.098899819958848,9.579716435185185,8.68589313271605,5.930663580246914,6.68014274691358
3003,00:00:50.033,10.487027391975309,13.39832175925926,12.960368441358025,8.844328703703704,9.656385030864197
3004,00:00:50.050,8.22697852366255,9.741550925925926,10.090082947530863,6.877953317901235,7.712899305555555
3005,00:00:50.067,24.315915637860083,45.86802662037037,33.14573881172839,22.358412422839507,17.443595679012347
3006,00:00:50.083,29.455951646090536,52.193836805555556,41.504118441358024,26.8965412808642,19.967195216049383
3007,00:00:50.100,24.757238940329216,46.899537037037035,33.60340663580247,23.83077739197531,16.837532793209878
3008,00:00:50.117,0.11794817386831276,0.4058159722222222,0.19241126543209877,0.06857060185185185,0.09286265432098766
3009,00:00:50.133,38.90121720679013,68.43287037037037,50.26329861111111,40.4723225308642,25.96803047839506
3010,00:00:50.150,43.02768647119342,73.43940972222222,56.17516010802469,44.6593325617284,28.248566743827162
3011,00:00:50.167,30.474085648148147,54.09010416666667,36.80286844135802,31.389645061728395,23.229743441358025
3012,00:00:50.183,19.217894161522633,35.242042824074076,22.2036612654321,19.416913580246913,16.03310763888889
3013,00:00:50.200,3.4012422839506176,3.605613425925926,4.2388715277777775,3.0075636574074074,2.957291666666667
3014,00:00:50.217,5.60950038580247,6.861979166666667,7.260733024691358,4.815644290123457,4.752123842592592
3015,00:00:50.233,10.749156378600825,12.64375,13.001886574074074,9.283470293209877,9.962112268518519
3016,00:00:50.250,13.76181455761317,20.319820601851852,15.395634645061728,13.535453317901235,12.354355709876543
3017,00:00:50.267,16.1558191872428,25.041059027777777,18.451047453703705,16.325,13.69141010802469
3018,00:00:50.283,0.10694444444444445,0.27054398148148145,0.13858024691358026,0.07632716049382716,0.10592592592592592
3019,00:00:50.300,15.927609310699587,24.224016203703705,18.46345486111111,16.146006944444444,13.17336612654321
3020,00:00:50.317,15.282126414609053,22.898842592592594,17.896805555555556,15.787860725308642,12.161712962962962
3021,00:00:50.333,12.969430298353908,17.291695601851853,14.740518904320988,13.597390046296296,10.570381944444444
3022,00:00:50.350,16.401691743827158,24.938744212962963,19.311163194444443,16.698215663580246,13.19569637345679
3023,00:00:50.367,13.674843749999999,18.567679398148147,15.674930555555555,14.402233796296295,10.947366898148148
3024,00:00:50.383,15.664599408436212,23.718836805555554,18.61349922839506,16.01172646604938,12.368572530864197
3025,00:00:50.400,14.36876864711934,21.150636574074074,17.331226851851852,14.677521219135803,11.09755787037037
3026,00:00:50.417,14.06318158436214,22.505324074074075,17.01436921296296,14.23035300925926,10.944822530864197
3027,00:00:50.433,11.993436856995885,18.337962962962962,14.025991512345678,12.367690972222222,9.586628086419752
3028,00:00:50.450,0.10419110082304527,0.27841435185185187,0.16825810185185186,0.06517554012345679,0.07913966049382716
3029,00:00:50.467,13.786826774691358,23.487152777777776,16.157002314814815,14.404664351851851,10.798813657407408
3030,00:00:50.483,13.881977880658434,21.691724537037036,16.804357638888888,14.425821759259259,10.41575424382716
3031,00:00:50.500,19.69277391975309,24.822164351851853,28.584724151234568,16.25229552469136,14.241302083333334
3032,00:00:50.517,12.815326003086419,20.98191550925926,14.488614969135803,13.884421296296296,10.07294174382716
3033,00:00:50.533,17.427065972222223,32.990625,21.25125385802469,17.956028163580246,13.07391589506173
3034,00:00:50.550,18.380768389917694,35.43240740740741,22.844367283950618,18.59696759259259,13.700970293209876
3035,00:00:50.567,20.706870498971195,43.62841435185185,26.28670138888889,20.341163194444444,15.492746913580246
3036,00:00:50.583,18.87106095679012,39.17181712962963,23.871300154320988,19.00783564814815,13.734047067901235
3037,00:00:50.600,22.25069058641975,46.5763599537037,28.26130015432099,22.02747685185185,16.46329475308642
3038,00:00:50.617,0.07410300925925926,0.14166666666666666,0.11768904320987654,0.04433641975308642,0.06028356481481482
3039,00:00:50.633,20.351786908436214,40.08920717592593,25.404128086419753,20.915416666666665,14.735815972222222
3040,00:00:50.650,21.62029899691358,41.313541666666666,27.24600308641975,21.863640046296297,15.751253858024691
3041,00:00:50.667,17.579768518518517,28.664380787037036,21.551309799382715,18.51191550925926,12.67608024691358
3042,00:00:50.683,15.651920010288066,23.917071759259258,19.010520833333334,17.01216049382716,10.933078703703703
3043,00:00:50.700,18.182799639917697,30.57835648148148,22.846635802469137,19.63709490740741,12.064668209876544
3044,00:00:50.717,17.914743441358024,34.21446759259259,21.658655478395062,19.557027391975307,12.528547453703704
3045,00:00:50.733,17.632918595679012,33.822424768518516,20.804529320987655,19.53481674382716,12.559409722222222
3046,00:00:50.750,0.10064171810699589,0.22233796296296296,0.16393711419753088,0.06120756172839506,0.07678047839506173
3047,00:00:50.767,15.871498199588478,29.97824074074074,18.877800925925925,17.845935570987653,10.890758101851851
3048,00:00:50.783,18.459992283950616,41.862991898148145,22.25287422839506,20.441805555555554,12.685297067901235
3049,00:00:50.800,16.363109567901233,37.31490162037037,19.430341435185184,18.239872685185187,11.419114583333334
3050,00:00:50.817,17.40631365740741,41.071527777777774,20.852154706790124,19.33741512345679,12.029371141975309
3051,00:00:50.833,16.147951388888888,34.936082175925925,18.9735050154321,18.12119598765432,11.349153163580247
3052,00:00:50.850,16.069522247942388,34.04131944444445,19.14462191358025,17.742536651234566,11.321408179012346
3053,00:00:50.867,15.268504372427984,31.89172453703704,18.149492669753087,16.817440200617284,10.83858024691358
3054,00:00:50.883,17.4522762345679,41.04496527777778,20.407463348765432,19.190216049382716,12.759149305555555
3055,00:00:50.900,15.227159207818929,37.62381365740741,16.74289737654321,17.319971064814816,11.618609182098766
3056,00:00:50.917,14.840129886831273,39.147222222222226,16.217125771604938,17.098908179012344,11.204355709876543
3057,00:00:50.933,16.62117862654321,49.65564236111111,18.130819830246914,18.986998456790122,12.745717592592593
3058,00:00:50.950,17.603859310699587,49.619733796296295,18.934454089506172,19.931147762345677,13.945976080246913
3059,00:00:50.967,20.093312757201645,53.91400462962963,22.34090663580247,22.570576774691357,15.368454861111111
3060,00:00:50.983,23.754830889917695,60.877806712962965,26.51411265432099,27.326118827160492,17.424261188271604
3061,00:00:51.000,25.471695601851852,58.86348379629629,30.198063271604937,27.47114776234568,18.74587577160494
3062,00:00:51.017,27.909896476337448,68.43385416666666,32.775478395061725,31.809872685185184,19.144338348765434
3063,00:00:51.033,13.692767489711935,35.17711226851852,15.176325231481481,15.95761188271605,9.944365354938272
3064,00:00:51.050,0.10051826131687243,0.2685763888888889,0.1559664351851852,0.07141396604938272,0.07417438271604938
3065,00:00:51.067,17.792646604938273,45.37809606481481,21.514668209876543,19.368159722222224,12.49511188271605
3066,00:00:51.083,20.360115097736625,51.3861400462963,24.380206404320987,21.923952546296295,14.776186342592593
3067,00:00:51.100,18.885102237654323,48.472627314814815,22.476319444444446,20.40023148148148,13.778755787037037
3068,00:00:51.117,14.542067258230452,37.13732638888889,16.989456018518517,16.399866898148147,10.236878858024692
3069,00:00:51.133,13.970194187242797,35.540625,16.348487654320987,15.857635030864197,9.70445987654321
3070,00:00:51.150,15.538082561728396,42.32881944444444,18.146961805555556,17.620952932098767,10.846332947530865
3071,00:00:51.167,14.765064300411524,39.71290509259259,17.374774305555555,16.606224922839505,10.314193672839506
3072,00:00:51.183,15.37968492798354,42.478356481481484,18.046967592592594,17.521047453703705,10.57103973765432
3073,00:00:51.200,12.964837962962962,33.29265046296296,14.78252700617284,15.045588348765433,9.066398533950617
3074,00:00:51.217,14.92265239197531,39.7896412037037,17.507189429012346,16.959949845679013,10.300817901234568
3075,00:00:51.233,0.02921296296296297,0.08460648148148148,0.043778935185185185,0.018935185185185187,0.02492476851851852
3076,00:00:51.250,14.091471836419752,38.01487268518518,15.523883101851851,16.470069444444444,10.280462962962963
3077,00:00:51.267,14.772543724279835,41.33321759259259,16.285900848765433,17.43298225308642,10.598748070987654
3078,00:00:51.283,13.177224151234569,33.33544560185185,14.480021219135802,15.220839120370371,9.830812114197531
3079,00:00:51.300,12.22335390946502,26.292447916666667,13.143470293209877,14.35065200617284,9.175939429012345
3080,00:00:51.317,13.537664609053499,29.113975694444445,14.867480709876544,15.511898148148148,10.233614969135802
3081,00:00:51.333,12.284511959876545,24.17482638888889,13.634546682098765,14.040486111111111,9.178503086419752
3082,00:00:51.350,0.07333654835390947,0.1908564814814815,0.11085455246913581,0.05287037037037037,0.05628472222222222
3083,00:00:51.367,17.90461419753086,40.86050347222222,21.73273148148148,18.851988811728393,13.129122299382717
3084,00:00:51.383,0.07325552983539095,0.16380208333333332,0.10989776234567901,0.04872299382716049,0.06114583333333334
3085,00:00:51.400,10.856831275720166,19.40734953703704,11.770187114197531,12.652953317901234,8.147353395061728
3086,00:00:51.417,11.4930658436214,19.98041087962963,13.157910879629629,12.883676697530865,8.437609953703705
3087,00:00:51.433,9.967004886831276,16.36299189814815,10.92261574074074,11.45949074074074,7.518908179012346
3088,00:00:51.450,11.973351337448557,21.028645833333332,13.876921296296297,13.347220293209876,8.695912422839505
3089,00:00:51.467,11.93882523148148,20.255873842592592,13.75809799382716,13.285418595679012,8.772959104938272
3090,00:00:51.483,9.794813528806584,14.878935185185185,11.037449845679012,10.969099151234568,7.377891589506173
3091,00:00:51.500,15.967346322016462,18.32074652777778,22.448439429012346,13.41693287037037,12.036666666666667
3092,00:00:51.517,8.084977494855968,11.989033564814815,8.182255015432098,9.520611496913581,6.5520659722222225
3093,00:00:51.533,8.364062500000001,11.542881944444444,8.896608796296297,9.576697530864198,6.618881172839506
3094,00:00:51.550,8.661043595679013,13.171556712962962,9.302552083333333,9.832735339506172,6.847843364197531
3095,00:00:51.567,8.298982767489711,11.914265046296297,8.605804398148148,9.638126929012346,6.653016975308642
3096,00:00:51.583,11.720183899176954,17.120515046296298,12.720443672839506,13.340057870370371,9.100050154320988
3097,00:00:51.600,8.505217335390945,13.540480324074075,9.268344907407407,9.659423225308641,6.58788387345679
3098,00:00:51.617,9.81907471707819,15.254253472222222,11.05087962962963,10.925790895061729,7.48055362654321
3099,00:00:51.633,8.622100694444445,13.742158564814815,9.610559413580248,9.535412808641976,6.720329861111111
3100,00:00:51.650,9.78282986111111,15.110619212962963,10.982648533950618,10.945609567901235,7.420231481481482
3101,00:00:51.667,8.504067001028806,12.081510416666667,9.62765625,9.318614969135803,6.565929783950617
3102,00:00:51.683,9.38295653292181,13.711168981481482,10.50105324074074,10.493900462962962,7.153915895061728
3103,00:00:51.700,10.168595679012347,15.775665509259259,11.45974537037037,11.383591820987654,7.662449845679013
3104,00:00:51.717,10.088347479423868,15.853877314814815,11.045038580246914,11.4846875,7.735316358024692
3105,00:00:51.733,0.07963348765432099,0.44959490740740743,0.1255613425925926,0.04873263888888889,0.06460648148148149
3106,00:00:51.750,9.867163708847736,15.133738425925927,11.024967206790123,11.106327160493827,7.4701967592592595
3107,00:00:51.767,7.708079989711933,12.000347222222222,8.638132716049382,8.47863811728395,6.007469135802469
3108,00:00:51.783,9.53830697016461,15.941435185185185,10.747189429012346,10.598381558641975,7.269349922839506
3109,00:00:51.800,6.564373070987654,10.607291666666667,7.513213734567901,7.014238040123457,5.165667438271605
3110,00:00:51.817,10.58203510802469,18.337962962962962,12.498528163580247,11.426757330246913,7.820819830246913
3111,00:00:51.833,9.026181841563785,15.906510416666666,10.771728395061729,9.651273148148148,6.655543981481482
3112,00:00:51.850,6.480727880658436,11.361863425925925,7.870939429012346,6.6675810185185185,4.903663194444444
3113,00:00:51.867,9.324234825102879,17.209056712962962,11.152820216049383,9.95950424382716,6.860380015432098
3114,00:00:51.883,12.651260288065842,26.41296296296296,14.77179012345679,14.46248649691358,8.71950424382716
3115,00:00:51.900,11.712092335390947,20.640046296296298,16.513132716049384,11.496512345679012,7.126631944444444
3116,00:00:51.917,11.792060185185186,22.698640046296298,14.760729166666666,10.93530864197531,9.68014274691358
3117,00:00:51.933,9.33012924382716,20.88304398148148,10.879452160493827,9.491485339506173,7.619450231481482
3118,00:00:51.950,9.18197980967078,20.071903935185187,10.486902006172839,9.643541666666666,7.41549575617284
3119,00:00:51.967,0.07602687757201647,0.6035590277777778,0.1105516975308642,0.05401427469135803,0.06351466049382716
3120,00:00:51.983,9.818013760288066,21.181626157407408,11.618885030864197,10.13136574074074,7.703790509259259
3121,00:00:52.000,17.690174897119338,26.559056712962963,27.55965663580247,12.930314429012345,12.58055362654321
3122,00:00:52.017,8.073144933127573,19.192390046296296,9.883225308641975,8.29177662037037,6.04443287037037
3123,00:00:52.033,11.53161265432099,24.721325231481483,14.489467592592593,11.641111111111112,8.46425925925926
3124,00:00:52.050,12.25530864197531,20.53625578703704,15.661695601851852,11.765140817901235,9.33908950617284
3125,00:00:52.067,23.880555555555556,53.192390046296296,29.839023919753085,24.01120949074074,17.79143325617284
3126,00:00:52.083,36.852826646090534,77.47297453703703,45.9474324845679,38.193130787037035,26.417916666666667
3127,00:00:52.100,33.640172968106995,77.6013599537037,39.229243827160495,37.542876157407406,24.148398919753088
3128,00:00:52.117,22.83400141460905,57.58012152777778,26.41226466049383,24.613130787037036,17.476608796296297
3129,00:00:52.133,11.318567386831276,28.705700231481483,13.094265046296297,11.45719135802469,9.40424575617284
3130,00:00:52.150,12.299822530864198,32.295081018518516,13.74100887345679,12.852231867283951,10.306226851851852
3131,00:00:52.167,11.678256172839506,26.762702546296296,13.160065586419753,12.355491898148149,9.519211033950617
3132,00:00:52.183,11.055288708847735,23.193981481481483,13.239537037037037,11.053844521604939,8.872484567901235
3133,00:00:52.200,0.11162937242798354,0.2228298611111111,0.16146412037037036,0.08011766975308642,0.09330632716049382
3134,00:00:52.217,9.669395576131686,21.98587962962963,11.478402777777777,9.91826774691358,7.611516203703704
3135,00:00:52.233,11.169950488683128,25.280121527777776,13.60174961419753,11.345549768518518,8.562552083333333
3136,00:00:52.250,10.168830375514403,23.467476851851853,12.181454475308643,10.276755401234569,8.04828125
3137,00:00:52.267,13.499641846707819,32.89962384259259,17.599481095679014,12.374822530864197,10.524621913580248
3138,00:00:52.283,9.756733539094649,21.654340277777777,13.38818287037037,8.556205632716049,7.3258121141975305
3139,00:00:52.300,12.728417566872428,30.519328703703703,16.906442901234566,11.454118441358025,9.824691358024692
3140,00:00:52.317,16.758532021604935,39.911140046296296,20.61611111111111,17.06625,12.593234953703703
3141,00:00:52.333,25.46365483539095,61.368229166666666,31.00831790123457,27.099128086419753,18.28351851851852
3142,00:00:52.350,25.213357124485597,60.466087962962966,31.9638387345679,25.81705825617284,17.85917438271605
3143,00:00:52.367,27.87276427469136,70.90416666666667,34.86837962962963,29.118844521604938,19.631068672839508
3144,00:00:52.383,24.052663323045266,64.81791087962964,29.02360146604938,25.549890046296298,17.584498456790122
3145,00:00:52.400,21.920954861111113,57.47977430555556,26.958491512345677,22.663028549382716,16.14134452160494
3146,00:00:52.417,18.99899627057613,50.11901041666667,23.76726658950617,19.386782407407406,13.842939814814814
3147,00:00:52.433,17.47547132201646,42.03466435185185,22.10804976851852,17.699375,12.618989197530864
3148,00:00:52.450,0.13448752572016462,0.3930266203703704,0.18934413580246914,0.09039158950617283,0.12372685185185185
3149,00:00:52.467,15.61353716563786,29.5375,19.59953125,15.05663387345679,12.18444637345679
3150,00:00:52.483,17.70016589506173,36.43440393518519,22.61838348765432,16.076221064814813,14.405893132716049
3151,00:00:52.500,43.53114776234568,67.3870949074074,74.10147955246913,34.86731288580247,21.624650848765434
3152,00:00:52.517,29.075089377572017,56.89293981481482,47.466195987654324,23.977212577160493,15.781859567901234
3153,00:00:52.533,24.595999871399176,49.42100694444444,37.59830632716049,19.189363425925926,17.000329861111112
3154,00:00:52.550,13.572888374485595,37.37884837962963,17.212038966049384,12.34606288580247,11.160563271604937
3155,00:00:52.567,8.6484458590535,21.85503472222222,10.894386574074074,7.546865354938272,7.504085648148148
3156,00:00:52.583,0.1000758744855967,0.4230324074074074,0.17117283950617285,0.05379629629629629,0.07525848765432099
3157,00:00:52.600,8.31486818415638,21.44626736111111,10.542494212962962,7.076454475308642,7.325655864197531
3158,00:00:52.617,6.4956622942386835,16.01423611111111,8.50476851851852,5.521876929012346,5.460341435185185
3159,00:00:52.633,7.488440072016462,16.209027777777777,10.458074845679013,6.29139274691358,5.71585262345679
3160,00:00:52.650,6.473218235596708,16.548929398148147,8.263223379629629,5.468344907407407,5.688086419753087
3161,00:00:52.667,8.35838348765432,18.305989583333332,10.99954089506173,6.922312885802469,7.153296682098765
3162,00:00:52.683,7.119601980452675,16.775202546296295,9.087733410493827,6.283047839506173,5.988024691358024
3163,00:00:52.700,4.726415895061728,11.71947337962963,5.956199845679012,4.045034722222222,4.1780131172839505
3164,00:00:52.717,5.268145576131687,11.384490740740741,6.765069444444444,4.7105806327160495,4.328786651234568
3165,00:00:52.733,5.619005915637859,11.858188657407407,7.445513117283951,4.940048225308642,4.471456404320987
3166,00:00:52.750,6.179358281893005,16.185416666666665,7.857829861111111,5.505518904320987,5.174726080246914
3167,00:00:52.767,4.641681455761318,11.889670138888889,5.789922839506173,4.249421296296297,3.8857002314814815
3168,00:00:52.783,4.236138117283951,9.51478587962963,5.108113425925926,3.9980478395061727,3.6022530864197533
3169,00:00:52.800,5.096777263374485,10.964409722222221,6.606651234567901,4.513765432098765,4.16991512345679
3170,00:00:52.817,6.750275205761317,14.2109375,9.075740740740741,5.9613252314814815,5.213759645061728
3171,00:00:52.833,6.071801054526748,12.100202546296297,8.541898148148148,5.082609953703703,4.5908950617283955
3172,00:00:52.850,6.586271862139918,10.708622685185185,7.851568287037037,5.589064429012345,6.318182870370371
3173,00:00:52.867,5.065091949588477,7.126128472222222,7.841643518518518,4.119645061728395,3.2339872685185185
3174,00:00:52.883,0.10434220679012346,0.13035300925925927,0.1889255401234568,0.05056712962962963,0.07353395061728395
3175,00:00:52.900,5.333518518518519,7.505873842592592,8.301875,4.2388310185185185,3.4598495370370372
3176,00:00:52.917,3.6710429526748976,5.191984953703703,5.607685185185185,2.967349537037037,2.4380941358024693
3177,00:00:52.933,5.2608043981481485,8.237326388888889,8.0440625,4.233836805555556,3.504513888888889
3178,00:00:52.950,4.503092849794239,6.790162037037037,7.035173611111111,3.406508487654321,3.067596450617284
3179,00:00:52.967,4.262100694444444,5.229369212962963,6.391695601851852,3.619261188271605,2.7753452932098766
3180,00:00:52.983,3.771914223251029,4.34542824074074,5.6069810956790125,3.2574363425925927,2.4513252314814813
3181,00:00:53.000,18.121464763374487,10.916695601851853,35.17293788580247,6.906109182098765,12.285347222222223
3182,00:00:53.017,2.2392914094650203,2.0172743055555555,2.983125,2.1188657407407407,1.6158834876543209
3183,00:00:53.033,45.594247042181074,94.7115451388889,62.165158179012344,45.99372299382716,28.623859953703704
3184,00:00:53.050,0.04297646604938271,0.06984953703703704,0.05377121913580247,0.030885416666666665,0.04427276234567901
3185,00:00:53.067,2.355770318930041,4.209172453703704,2.799382716049383,1.8871469907407408,2.38078125
3186,00:00:53.083,9.47738811728395,9.681539351851852,12.10414737654321,5.830999228395061,10.49701774691358
3187,00:00:53.100,6.901873713991769,7.869386574074074,9.192991898148149,5.141907793209876,6.370721450617284
3188,00:00:53.117,18.994379501028806,31.725954861111113,22.38115162037037,19.379488811728397,15.222498070987655
3189,00:00:53.133,23.535502829218103,40.38532986111111,27.056026234567902,25.498969907407407,18.05151234567901
3190,00:00:53.150,0.0647511574074074,0.0777199074074074,0.10368827160493826,0.03640432098765432,0.05416087962962963
3191,00:00:53.167,22.51617991255144,41.073003472222226,25.753568672839506,24.120653935185185,17.674317129629628
3192,00:00:53.183,19.507476208847738,40.55405092592593,20.970320216049384,20.179002700617286,17.373105709876544
3193,00:00:53.200,17.548820730452675,41.9953125,19.087245370370372,17.41709297839506,16.142123842592593
3194,00:00:53.217,3.0976112397119344,9.446903935185185,3.19412037037037,3.296687885802469,2.802025462962963
3195,00:00:53.233,2.70978716563786,6.935763888888889,2.590787037037037,3.0649440586419754,2.473630401234568
3196,00:00:53.250,3.3355735596707814,6.716377314814815,3.32154899691358,3.627384259259259,3.0577874228395063
3197,00:00:53.267,3.257764274691358,5.970659722222222,3.4293923611111112,3.4613618827160493,2.8825385802469135
3198,00:00:53.283,3.7337641460905346,7.393721064814815,3.900474537037037,4.01894675925926,3.2818711419753086
3199,00:00:53.300,2.508799511316872,4.6789351851851855,2.369591049382716,2.894500385802469,2.262307098765432
3200,00:00:53.317,3.576777263374486,7.39765625,3.737937885802469,3.829949845679012,3.1624440586419755
3201,00:00:53.333,2.8417714763374486,6.100520833333333,2.853640046296296,3.1199903549382717,2.5516840277777777
3202,00:00:53.350,19.913546810699586,45.351533564814815,21.007760416666667,20.830532407407407,17.90234760802469
3203,00:00:53.367,0.08384194958847736,0.1214988425925926,0.12860725308641976,0.047858796296296295,0.07505979938271605
3204,00:00:53.383,32.16295074588478,68.49337384259259,31.776641589506173,36.56922453703704,28.14298611111111
3205,00:00:53.400,35.530053369341566,81.69936342592592,36.597625385802466,39.360162037037036,30.632372685185185
3206,00:00:53.417,0.04262474279835391,0.06935763888888889,0.05536265432098766,0.02625192901234568,0.046259645061728395
3207,00:00:53.433,20.670810185185186,57.36811342592593,17.832806712962963,20.439128086419753,23.74049575617284
3208,00:00:53.450,17.69443158436214,56.901302083333334,15.328211805555556,16.483844521604937,21.271238425925926
3209,00:00:53.467,9.5500887345679,31.401302083333334,8.571180555555555,7.701961805555555,12.377123842592592
3210,00:00:53.483,4.873922968106996,12.375665509259258,4.428719135802469,3.723499228395062,6.469550540123457
3211,00:00:53.500,12.321123971193416,24.57523148148148,12.946244212962963,7.3031095679012346,16.71401813271605
3212,00:00:53.517,7.2612030606995885,25.548697916666665,6.360542052469135,5.476128472222222,9.946938657407408
3213,00:00:53.533,10.149020704732509,37.13683449074074,8.902548225308642,8.253738425925926,13.290775462962962
3214,00:00:53.550,16.675868698559672,54.584953703703704,13.418647762345678,15.669546682098765,20.93941165123457
3215,00:00:53.567,19.18339056069959,59.437528935185185,15.176863425925927,18.482779706790122,23.890528549382715
3216,00:00:53.583,24.224728652263376,70.83726851851851,20.908921682098764,26.07794174382716,25.687322530864197
3217,00:00:53.600,22.72246913580247,60.395254629629626,19.88120177469136,25.770663580246914,22.515542052469137
3218,00:00:53.617,20.105080375514405,53.821527777777774,15.890935570987654,24.582197145061727,19.84210841049383
3219,00:00:53.633,15.396514274691357,43.21964699074074,11.945028935185185,18.041965663580246,16.202548225308643
3220,00:00:53.650,0.08832883230452675,0.28628472222222223,0.09807291666666666,0.06336226851851852,0.10355131172839506
3221,00:00:53.667,7.709587834362139,19.121064814814815,6.042436342592593,8.093269675925926,8.9930574845679
3222,00:00:53.683,12.587894161522634,35.185966435185186,9.445528549382717,14.119853395061728,14.198300540123457
3223,00:00:53.700,15.935462962962964,42.98796296296296,12.508180941358024,18.21856288580247,17.079645061728396
3224,00:00:53.717,18.305266203703706,48.579369212962966,14.91825038580247,21.159907407407406,18.837640817901235
3225,00:00:53.733,23.294849537037038,56.99771412037037,20.613204089506173,27.119822530864198,22.15152199074074
3226,00:00:53.750,22.907105838477367,54.76203703703704,21.81429783950617,26.104137731481483,20.802881944444444
3227,00:00:53.767,25.993809799382717,53.09991319444445,26.548543595679014,29.65580825617284,21.777077546296297
3228,00:00:53.783,0.10688786008230451,0.2961226851851852,0.13464699074074074,0.07974151234567901,0.10627507716049382
3229,00:00:53.800,25.603040766460907,49.039785879629626,27.14126736111111,29.61353587962963,20.054319058641976
3230,00:00:53.817,25.264728652263376,47.13810763888889,29.519369212962964,27.666504629629628,18.60831211419753
3231,00:00:53.833,12.296782407407406,22.789149305555554,15.4696875,11.78981674382716,9.630842978395062
3232,00:00:53.850,2.3141210133744856,4.383304398148148,2.6586014660493826,1.9761612654320988,2.3076003086419754
3233,00:00:53.867,2.5146849279835393,4.156047453703704,3.160244984567901,2.06811149691358,2.3156983024691358
3234,00:00:53.883,3.6231243569958846,6.025752314814815,4.723086419753087,3.068562885802469,3.077723765432099
3235,00:00:53.900,7.282271733539095,12.001822916666667,9.91681712962963,6.120202546296296,5.809795524691358
3236,00:00:53.917,10.393085133744856,16.737818287037037,13.803323688271606,9.36055362654321,8.015378086419753
3237,00:00:53.933,15.95214184670782,29.972829861111112,20.51297839506173,15.209332561728395,12.134114583333334
3238,00:00:53.950,16.551625514403295,30.014149305555556,21.501363811728396,15.932256944444445,12.221255787037038
3239,00:00:53.967,0.1253440072016461,0.19380787037037037,0.20209297839506174,0.06770447530864197,0.10623456790123456
3240,00:00:53.983,15.94189236111111,28.468605324074073,21.294793595679014,14.826099537037036,11.704783950617283
3241,00:00:54.000,21.16057163065844,31.51591435185185,31.728269675925926,16.237282021604937,15.516163194444445
3242,00:00:54.017,11.54359632201646,21.259346064814814,15.172158564814815,10.622905092592593,8.835725308641976
3243,00:00:54.033,10.601482767489712,17.152980324074075,14.424311342592592,9.392011959876543,7.988125
3244,00:00:54.050,12.375492541152262,22.195920138888887,16.845725308641974,11.048692129629629,9.232060185185185
3245,00:00:54.067,7.37004179526749,12.023466435185185,10.076462191358024,6.249951774691358,5.783711419753087
3246,00:00:54.083,8.735641718106995,13.716087962962963,12.413559027777778,7.201128472222222,6.5922376543209875
3247,00:00:54.100,8.211941872427984,13.503587962962962,11.670765817901234,6.805061728395062,6.159998070987655
3248,00:00:54.117,14.801280864197532,26.608738425925925,20.39992862654321,13.27046875,10.733445216049383
3249,00:00:54.133,20.238537808641976,41.90726273148148,27.21755401234568,19.138273533950617,14.35978587962963
3250,00:00:54.150,18.962399691358026,39.01195023148148,25.49425925925926,17.541707175925925,13.851232638888888
3251,00:00:54.167,28.08381430041152,57.46550925925926,35.76274884259259,27.145476466049384,21.34321759259259
3252,00:00:54.183,23.51998392489712,46.284172453703704,31.19900848765432,21.247322530864196,18.11362075617284
3253,00:00:54.200,0.11485018004115227,0.22578125,0.2033468364197531,0.05313850308641975,0.08806520061728396
3254,00:00:54.217,38.33728330761317,70.35078125,48.2641087962963,38.53299768518519,28.214743441358024
3255,00:00:54.233,0.060592206790123455,0.08657407407407407,0.0921045524691358,0.03205439814814815,0.05761766975308642
3256,00:00:54.250,30.479773019547327,61.1203125,40.33190393518519,27.774427083333332,23.332988040123457
3257,00:00:54.267,23.935172325102883,51.568142361111114,32.990636574074074,19.883854166666666,18.931026234567902
3258,00:00:54.283,13.739255401234567,25.229947916666667,18.568532021604938,10.515626929012345,12.133607253086419
3259,00:00:54.300,6.112415766460905,9.830092592592592,7.981413966049383,4.672193287037037,5.683640046296296
3260,00:00:54.317,2.5475263631687244,3.5175636574074076,3.2602102623456792,1.9564023919753086,2.425966435185185
3261,00:00:54.333,3.145654578189301,4.509722222222222,4.182770061728395,2.350115740740741,2.9040779320987653
3262,00:00:54.350,4.522450488683128,6.565364583333333,6.277332175925926,3.193184799382716,4.096834490740741
3263,00:00:54.367,2.409413580246914,3.618894675925926,3.3102372685185184,1.7722608024691358,2.1457426697530866
3264,00:00:54.383,0.15386895576131687,0.5779803240740741,0.23432291666666666,0.07848186728395062,0.14880208333333333
3265,00:00:54.400,3.6456693672839506,5.68191550925926,4.677058256172839,2.6973090277777776,3.5626408179012348
3266,00:00:54.417,3.6626511059670777,5.635185185185185,4.86625,2.584438657407407,3.537264660493827
3267,00:00:54.433,2.3653735853909463,4.846672453703704,2.9482523148148148,1.874963348765432,2.2729050925925924
3268,00:00:54.450,4.002701260288066,5.166898148148148,5.031101466049383,3.213676697530864,3.7633256172839507
3269,00:00:54.467,2.355315715020576,4.340509259259259,2.7798823302469136,1.8973649691358025,2.3886998456790125
3270,00:00:54.483,2.4935146604938274,3.814670138888889,3.1316608796296297,1.9015952932098765,2.4472878086419754
3271,00:00:54.500,14.871987525720167,12.651128472222222,24.896199845679014,6.082195216049382,13.6375675154321
3272,00:00:54.517,2.011246784979424,4.416261574074074,2.0295524691358025,2.128015046296296,1.8761728395061728
3273,00:00:54.533,3.0712159207818925,6.745891203703704,3.307800925925926,3.3337172067901233,2.5721296296296297
3274,00:00:54.550,7.176557355967078,11.494184027777777,8.75423225308642,5.782011959876543,6.993427854938272
3275,00:00:54.567,8.262357896090535,13.184346064814815,9.653597608024691,7.062505787037037,8.070970293209877
3276,00:00:54.583,11.521755401234566,17.130844907407408,14.674882330246914,9.189878472222222,10.700505401234567
3277,00:00:54.600,10.969177597736625,18.17957175925926,14.136599151234568,9.574728009259259,9.19620563271605
3278,00:00:54.617,9.112044753086419,20.53478009259259,12.349375,7.70044174382716,7.286317515432099
3279,00:00:54.633,9.14673225308642,18.222858796296297,12.684023919753086,7.472698688271605,7.283474151234568
3280,00:00:54.650,6.661687885802469,10.59548611111111,9.829515817901235,5.232914737654321,4.922633101851852
3281,00:00:54.667,0.06048546810699588,0.29759837962962965,0.0909548611111111,0.03478780864197531,0.055713734567901234
3282,00:00:54.683,10.7419720936214,16.337413194444444,15.07279899691358,8.966444830246914,8.186672453703704
3283,00:00:54.700,10.486911651234566,16.860300925925927,15.679560185185185,8.53602237654321,7.245152391975308
3284,00:00:54.717,9.569401363168724,15.815017361111112,14.499668209876543,7.72207175925926,6.48646412037037
3285,00:00:54.733,7.5948450360082305,14.12337962962963,11.847835648148148,5.87050925925926,5.066190200617284
3286,00:00:54.750,7.890135673868312,14.25619212962963,12.603441358024691,6.030154320987655,5.036811342592593
3287,00:00:54.767,10.06746334876543,19.03695023148148,15.149577546296296,8.147391975308642,6.905420524691358
3288,00:00:54.783,11.394187242798354,18.51455439814815,16.7230362654321,9.434199459876544,8.02532600308642
3289,00:00:54.800,11.294085648148148,20.15011574074074,16.329683641975308,9.546755401234568,8.005817901234568
3290,00:00:54.817,11.474067001028807,21.42019675925926,16.909834104938273,9.826358024691357,7.68600887345679
3291,00:00:54.833,8.814144161522634,17.42008101851852,12.714809027777777,7.909261188271605,5.818362268518518
3292,00:00:54.850,11.013515303497941,20.065509259259258,16.46839699074074,9.554058641975308,7.018090277777778
3293,00:00:54.867,0.07539480452674897,0.21495949074074075,0.12424382716049383,0.040462962962962964,0.06147762345679012
3294,00:00:54.883,11.297228009259257,20.39212962962963,17.35087384259259,9.61211612654321,6.928694058641975
3295,00:00:54.900,12.530725308641976,27.84881365740741,18.675900848765433,11.159594907407408,7.7566801697530865
3296,00:00:54.917,11.497476851851852,22.899334490740742,17.31711612654321,9.55276813271605,7.622546296296297
3297,00:00:54.933,21.297602880658435,38.182118055555556,26.244043209876544,20.59683449074074,17.051930941358023
3298,00:00:54.950,9.970779320987655,17.84754050925926,18.032465277777778,7.0922781635802465,4.787594521604938
3299,00:00:54.967,12.823086419753087,24.959895833333334,21.954618055555557,10.08302662037037,6.431614583333333
3300,00:00:54.983,12.024713220164609,25.47048611111111,19.539722222222224,10.249492669753087,6.284924768518518
3301,00:00:55.000,22.72216306584362,38.881597222222226,40.40946759259259,15.563099922839505,12.193921682098765
3302,00:00:55.017,13.041936728395063,29.172019675925927,21.28830825617284,11.186971450617284,6.650530478395062
3303,00:00:55.033,31.38222415123457,74.65882523148149,48.75065586419753,29.227895447530866,16.16812114197531
3304,00:00:55.050,24.192440200617284,46.52569444444445,37.063211805555554,23.408287037037038,12.105821759259259
3305,00:00:55.067,24.279575617283953,49.01027199074074,35.662150848765435,25.05007137345679,12.126504629629629
3306,00:00:55.083,28.53638888888889,57.743431712962966,34.99369020061729,37.34198109567901,13.27349537037037
3307,00:00:55.100,23.806961162551442,50.64927662037037,29.20624035493827,31.287602237654323,10.927040895061728
3308,00:00:55.117,0.22821952160493827,0.7511284722222222,0.37375192901234566,0.13955246913580246,0.17135416666666667
3309,00:00:55.133,26.44694765946502,50.04719328703704,35.23491512345679,32.77355324074074,11.332374614197532
3310,00:00:55.150,19.500733024691357,41.48078703703704,28.70140046296296,22.066533564814815,7.734265046296296
3311,00:00:55.167,16.867033822016463,37.47821180555555,28.659077932098764,14.786587577160494,7.155435956790123
3312,00:00:55.183,19.71124292695473,53.10679976851852,30.702324459876543,19.561188271604937,8.870216049382716
3313,00:00:55.200,25.010599922839504,75.17433449074075,35.49276234567901,27.110104166666666,12.42893325617284
3314,00:00:55.217,18.526438400205762,41.00020254629629,25.12065972222222,19.9434587191358,10.51519675925926
3315,00:00:55.233,13.036020447530865,29.414033564814815,20.41508487654321,11.107420910493827,7.585555555555556
3316,00:00:55.250,15.223946116255142,31.92222222222222,23.538568672839506,12.157970679012346,9.97529899691358
3317,00:00:55.267,13.38291602366255,26.165538194444444,20.202411265432097,10.980758101851851,8.965578703703704
3318,00:00:55.283,10.040643647119342,18.16875,14.691358024691358,7.942743055555556,7.487829861111111
3319,00:00:55.300,0.0955735596707819,0.3763020833333333,0.17772376543209878,0.041039737654320986,0.06795717592592593
3320,00:00:55.317,9.750873842592592,18.982349537037038,14.223670910493826,8.01546489197531,7.013485725308642
3321,00:00:55.333,9.588888888888889,18.942997685185187,14.050679012345679,7.709648919753087,7.006338734567901
3322,00:00:55.350,9.782658179012346,18.748697916666668,14.662640817901234,7.665925925925926,7.019407793209877
3323,00:00:55.367,11.937968750000001,23.693258101851853,18.182395833333334,9.540461033950617,8.091049382716049
3324,00:00:55.383,16.47214570473251,36.880063657407405,25.041082175925926,13.609309413580247,10.766045524691359
3325,00:00:55.400,18.744047067901235,43.98700810185185,28.745985725308643,15.835792824074074,11.650362654320988
3326,00:00:55.417,22.844087577160494,53.32766203703704,33.81924768518518,20.102663966049384,14.610351080246913
3327,00:00:55.433,21.83304848251029,49.20112847222222,32.21107638888889,19.708547453703705,13.579521604938272
3328,00:00:55.450,23.870303497942388,53.532291666666666,34.60257908950617,22.28586612654321,14.722465277777777
3329,00:00:55.467,20.27648598251029,45.58961226851852,29.894756944444445,18.39951388888889,12.53518711419753
3330,00:00:55.483,0.3109452160493827,0.6463541666666667,0.5350019290123457,0.153641975308642,0.2441917438271605
3331,00:00:55.500,23.76684284979424,40.93674768518518,38.83100115740741,16.18010223765432,16.289425154320988
3332,00:00:55.517,9.643958333333332,21.00847800925926,13.886435185185185,7.349033564814815,7.69640625
3333,00:00:55.533,11.463533950617283,23.251041666666666,16.719043209876542,8.72603587962963,8.945522762345679
3334,00:00:55.550,11.109728009259259,21.29771412037037,15.737226080246913,8.560725308641976,9.03123263888889
3335,00:00:55.567,8.862026105967079,16.16623263888889,12.704675925925926,6.726195987654321,7.155206404320988
3336,00:00:55.583,11.128790509259261,19.867274305555554,16.16046875,8.542291666666667,8.68361111111111
3337,00:00:55.600,11.388782793209876,19.46736111111111,17.002725694444443,8.765553626543209,8.398069058641976
3338,00:00:55.617,0.12980516975308642,0.49484953703703705,0.2150173611111111,0.07412808641975309,0.10027006172839506
3339,00:00:55.633,12.76403420781893,22.027199074074073,18.94509259259259,9.888258101851852,9.458751929012346
3340,00:00:55.650,11.255300925925928,17.341869212962962,16.797613811728397,8.61890239197531,8.349386574074074
3341,00:00:55.667,11.495513117283949,16.991637731481482,16.289454089506172,9.029697145061728,9.16738811728395
3342,00:00:55.683,14.255118955761318,24.64458912037037,20.635349151234568,11.308074845679013,10.82193287037037
3343,00:00:55.700,13.46361818415638,22.820138888888888,19.341194058641975,10.890094521604938,10.159565972222222
3344,00:00:55.717,12.491768261316873,19.921875,18.005742669753086,10.012868441358025,9.456693672839506
3345,00:00:55.733,13.79234117798354,20.98929398148148,19.921707175925928,11.325983796296295,10.129332561728395
3346,00:00:55.750,11.422434413580248,15.64236111111111,16.55213734567901,9.307094907407407,8.408070987654321
3347,00:00:55.767,9.668088991769547,12.552748842592592,14.11139274691358,7.82587962962963,7.066994598765432
3348,00:00:55.783,12.739479809670783,23.065596064814816,18.090108024691357,11.027341820987655,9.100989583333334
3349,00:00:55.800,11.733662551440327,21.706481481481482,16.18800347222222,10.458805941358024,8.554178240740741
3350,00:00:55.817,10.823207304526749,17.86869212962963,15.88568287037037,8.929313271604938,7.654625771604938
3351,00:00:55.833,0.09091242283950618,0.34383680555555557,0.14839313271604937,0.05112268518518519,0.07322145061728395
3352,00:00:55.850,9.680862268518519,15.286226851851852,14.103659336419753,8.020044367283951,6.9188831018518515
3353,00:00:55.867,11.65173225308642,17.143634259259258,16.97995563271605,9.84292824074074,8.132312885802468
3354,00:00:55.883,11.926408179012347,18.57702546296296,17.08554976851852,10.387280092592592,8.306394675925926
3355,00:00:55.900,10.174098508230452,13.306828703703705,14.482918595679012,8.737744984567902,7.301631944444445
3356,00:00:55.917,12.097801568930043,15.237528935185185,17.506512345679013,10.320212191358024,8.466680169753086
3357,00:00:55.933,11.42060185185185,15.522337962962963,15.736176697530864,9.962000385802469,8.563628472222222
3358,00:00:55.950,0.08997685185185185,0.24053819444444444,0.1461033950617284,0.05184413580246913,0.07198302469135802
3359,00:00:55.967,19.07848894032922,32.91880787037037,26.046278935185185,17.818516589506174,13.370671296296296
3360,00:00:55.983,19.951176697530865,36.17025462962963,27.09847415123457,18.839068287037037,13.915987654320988
3361,00:00:56.000,24.368487654320987,33.464814814814815,37.86107060185185,17.809537037037035,17.434855324074075
3362,00:00:56.017,13.62697080761317,21.33509837962963,18.29622299382716,12.66360339506173,9.921086033950617
3363,00:00:56.033,12.95298611111111,20.94256365740741,16.952322530864198,12.117847222222222,9.788788580246914
3364,00:00:56.050,12.889816100823046,22.097048611111113,16.98239197530864,12.154012345679012,9.533043981481482
3365,00:00:56.067,13.997463991769544,25.82907986111111,18.770808256172838,12.928371913580246,10.293211805555556
3366,00:00:56.083,0.0853292181069959,0.315306712962963,0.1351929012345679,0.049116512345679014,0.07167824074074074
3367,00:00:56.100,21.908701774691355,48.54788773148148,28.7285262345679,21.52925540123457,15.468323688271605
3368,00:00:56.117,26.029740226337452,56.54713541666667,33.249270833333334,26.480918209876542,18.35903163580247
3369,00:00:56.133,25.683977623456787,61.58958333333333,32.01203703703704,26.10197337962963,18.937922453703703
3370,00:00:56.150,22.975371013374485,56.95885416666667,30.903476080246914,21.384010416666666,16.638626543209877
3371,00:00:56.167,18.33718621399177,47.51785300925926,25.389903549382716,16.02869984567901,13.592955246913581
3372,00:00:56.183,15.890006430041153,41.0390625,21.427743055555556,14.03539737654321,12.206878858024691
3373,00:00:56.200,18.159145447530864,46.05298032407408,24.46162615740741,16.005484182098765,14.01032600308642
3374,00:00:56.217,14.134566615226339,34.364496527777774,18.93495563271605,11.42481674382716,12.043927469135802
3375,00:00:56.233,11.412946887860082,27.017505787037038,14.734033564814816,9.283416280864197,10.221390817901234
3376,00:00:56.250,15.228416280864197,33.97983217592593,20.649033564814815,13.224924768518518,11.811290509259258
3377,00:00:56.267,0.10148726851851853,0.25480324074074073,0.14015625,0.058665123456790126,0.10564043209876543
3378,00:00:56.283,11.444492669753087,23.840827546296296,15.206983024691358,10.158125,8.968369984567902
3379,00:00:56.300,10.544619341563786,19.200260416666666,14.15263888888889,9.301682098765433,8.179537037037036
3380,00:00:56.317,11.999089506172838,21.785677083333333,17.251176697530862,9.90858024691358,8.837511574074075
3381,00:00:56.333,11.401752829218106,25.349479166666665,14.940136959876543,10.29662037037037,8.968501157407408
3382,00:00:56.350,11.027871013374485,23.26087962962963,14.089706790123456,10.146902006172839,8.847004243827161
3383,00:00:56.367,13.091840920781893,28.50353009259259,17.173402777777778,11.828894675925927,10.273225308641976
3384,00:00:56.383,14.816961805555556,34.578472222222224,19.469141589506172,13.071242283950617,11.910501543209877
3385,00:00:56.400,18.839827031893005,53.24010416666667,23.24152584876543,16.91191165123457,16.366043595679013
3386,00:00:56.417,16.88457111625514,49.721556712962965,22.06200038580247,15.050179398148147,13.541533564814815
3387,00:00:56.433,26.13782343106996,60.46510416666667,36.96650077160494,23.624587191358025,17.822382330246914
3388,00:00:56.450,26.791296296296295,49.91733217592593,39.72316358024691,24.80724151234568,15.843483796296296
3389,00:00:56.467,42.0229899691358,62.05245949074074,60.986628086419756,44.28483217592593,20.79750964506173
3390,00:00:56.483,37.33952996399177,64.77708333333334,52.69278935185185,38.936159336419756,20.389641203703704
3391,00:00:56.500,35.11775977366255,68.22086226851852,51.94525077160494,31.55488811728395,21.853140432098765
3392,00:00:56.517,23.45732188786008,57.067563657407405,30.896938657407407,22.27957947530864,17.195447530864197
3393,00:00:56.533,12.353083204732512,31.89369212962963,14.481190200617284,12.028362268518519,10.549697145061728
3394,00:00:56.550,13.692859439300411,29.211863425925927,18.133069058641976,12.7000887345679,10.245420524691358
3395,00:00:56.567,11.601979809670782,24.42077546296296,15.741037808641975,10.641892361111111,8.42300925925926
3396,00:00:56.583,0.1261914866255144,0.31333912037037037,0.21382523148148147,0.07173418209876543,0.0930150462962963
3397,00:00:56.600,16.603796939300413,36.672974537037035,23.803279320987656,14.602467206790124,11.405644290123456
3398,00:00:56.617,14.887739840534982,33.434317129629626,20.493433641975308,13.317050540123457,10.852735339506173
3399,00:00:56.633,13.221336805555554,29.69884259259259,17.907991898148147,12.023578317901235,9.732440200617283
3400,00:00:56.650,11.802087191358025,25.318981481481483,15.354278549382716,11.128059413580248,8.92392361111111
3401,00:00:56.667,13.476967592592592,31.504600694444445,17.83096836419753,12.563398919753086,10.036535493827161
3402,00:00:56.683,15.25132523148148,36.808246527777776,19.719326774691357,15.401140046296296,10.63350887345679
3403,00:00:56.700,22.38520769032922,36.041869212962965,35.48878086419753,20.14721836419753,11.519623842592592
3404,00:00:56.717,13.049083719135803,29.083969907407408,16.98312114197531,12.476136188271605,9.687993827160494
3405,00:00:56.733,29.43474794238683,65.04762731481482,38.61944444444445,30.176873070987654,19.507926311728394
3406,00:00:56.750,41.14469071502057,82.1853587962963,53.34124807098765,44.29244598765432,25.80037808641975
3407,00:00:56.767,38.67639081790123,72.12653356481482,49.73337384259259,40.31602237654321,25.9797762345679
3408,00:00:56.783,32.922587448559675,68.45697337962963,43.532046682098766,32.23393904320988,23.00177662037037
3409,00:00:56.800,19.38805234053498,55.69369212962963,26.204573688271605,14.782542438271605,17.17704089506173
3410,00:00:56.817,15.78460648148148,49.967505787037034,21.489837962962962,11.739683641975308,14.124297839506173
3411,00:00:56.833,15.061024948559671,49.43232060185185,20.86800540123457,11.012974537037037,13.302094907407408
3412,00:00:56.850,12.96059670781893,36.88645833333333,18.592725694444443,9.071282793209877,11.217781635802469
3413,00:00:56.867,0.14718428497942385,0.763425925925926,0.2130439814814815,0.07918016975308642,0.1493287037037037
3414,00:00:56.883,12.777135416666667,39.19247685185185,17.84900848765432,9.336032021604938,11.146365740740741
3415,00:00:56.900,19.715966435185184,58.77199074074074,24.204479166666665,16.2928800154321,18.65054012345679
3416,00:00:56.917,22.201798482510288,58.42913773148148,27.07766975308642,19.38404899691358,20.143676697530864
3417,00:00:56.933,34.43571309156379,64.58475115740741,40.97548611111111,38.597191358024695,23.734461805555554
3418,00:00:56.950,43.27610275205762,72.78125,55.61686728395062,47.28650462962963,26.92493634259259
3419,00:00:56.967,44.07756687242799,84.65075231481481,62.18093942901235,46.200632716049384,23.85112847222222
3420,00:00:56.983,38.48744470164609,88.79302662037037,58.43868055555556,35.155462962962964,21.868190586419754
3421,00:00:57.000,33.23169817386832,70.34782986111111,55.12081790123457,23.71407986111111,20.86019675925926
3422,00:00:57.017,21.85599151234568,50.52039930555556,34.26107831790124,16.690252700617282,14.616643518518519
3423,00:00:57.033,22.894792952674894,50.521875,35.937210648148145,17.396809413580247,15.350358796296296
3424,00:00:57.050,25.912222222222223,56.44973958333333,40.55412808641975,19.695740740740742,17.486797839506174
3425,00:00:57.067,21.213055555555556,43.51872106481481,33.4800212191358,15.541290509259259,14.617854938271606
3426,00:00:57.083,15.955702160493827,29.267447916666665,24.443796296296295,11.627908950617284,11.795401234567901
3427,00:00:57.100,13.806075745884774,24.095630787037038,21.39820987654321,10.042305169753087,9.977712191358025
3428,00:00:57.117,17.879189814814815,34.92526041666667,29.232831790123456,12.41553047839506,11.989207175925927
3429,00:00:57.133,17.287742412551438,33.74519675925926,28.04106674382716,11.80731674382716,12.01484375
3430,00:00:57.150,0.31859439300411524,0.7712962962962963,0.5989949845679012,0.1402025462962963,0.21658564814814815
3431,00:00:57.167,12.729504886831274,23.22693865740741,20.753202160493828,8.542525077160494,8.892787422839506
3432,00:00:57.183,10.560581918724282,17.895746527777778,17.249083719135804,7.051778549382716,7.380883487654321
3433,00:00:57.200,11.54606674382716,20.516087962962963,18.798840663580247,7.4887094907407405,8.350650077160493
3434,00:00:57.217,8.113670910493827,15.345746527777777,13.501498842592593,5.067731481481482,5.771782407407407
3435,00:00:57.233,12.96875,24.266319444444445,21.47870177469136,8.304452160493828,9.123096064814815
3436,00:00:57.250,11.834411651234568,21.86634837962963,19.731792052469135,7.506466049382716,8.264976851851852
3437,00:00:57.267,13.397620884773664,23.609635416666666,22.313275462962963,8.491001157407407,9.388586033950617
3438,00:00:57.283,13.5583487654321,23.72375578703704,21.61653549382716,9.161494984567902,9.897015817901234
3439,00:00:57.300,12.553378343621398,21.27459490740741,20.81583912037037,8.006275077160494,8.838020833333333
3440,00:00:57.317,9.039216177983539,16.438252314814815,15.287478780864198,5.491448688271605,6.3387210648148145
3441,00:00:57.333,9.124036779835391,16.937528935185185,15.135252700617285,5.805069444444444,6.431788194444445
3442,00:00:57.350,8.601026234567902,15.627604166666666,13.92403163580247,5.5572588734567905,6.321788194444444
3443,00:00:57.367,6.306365740740741,12.86707175925926,9.80309799382716,4.138007330246913,4.977991898148148
3444,00:00:57.383,7.43639017489712,12.782957175925926,11.059402006172839,5.126304012345679,6.12346450617284
3445,00:00:57.400,5.9039898405349795,10.137037037037038,8.766120756172839,4.1087191358024695,4.837129629629629
3446,00:00:57.417,0.8059895833333334,1.9675925925925926,1.3732291666666667,0.3496508487654321,0.6950887345679012
3447,00:00:57.433,7.321211419753086,11.649131944444445,10.355536265432098,5.209172453703704,6.398925540123456
3448,00:00:57.450,6.91797132201646,11.710127314814814,9.710082947530864,4.934890046296296,6.108940972222222
3449,00:00:57.467,6.304992926954732,10.229513888888889,8.852087191358025,4.473339120370371,5.5895524691358025
3450,00:00:57.483,8.615204475308643,15.154398148148148,12.1125887345679,6.1940027006172835,7.539021990740741
3451,00:00:57.500,18.536276363168724,19.748726851851853,33.61824652777778,7.480343364197531,14.510239197530865
3452,00:00:57.517,5.942692901234568,11.57337962962963,7.386325231481481,4.735412808641975,5.706340663580247
3453,00:00:57.533,0.05190715020576131,0.16527777777777777,0.08684992283950617,0.029097222222222222,0.039774305555555556
3454,00:00:57.550,8.365950360082305,15.936516203703704,10.69045524691358,7.144963348765432,7.262432484567901
3455,00:00:57.567,0.06103780864197531,0.24742476851851852,0.09054783950617284,0.04035686728395062,0.05220871913580247
3456,00:00:57.583,19.571372170781896,38.011429398148145,32.362690972222225,14.701087962962964,11.650337577160494
3457,00:00:57.600,20.064479809670782,38.800925925925924,33.13157986111111,14.882469135802468,12.179390432098765
3458,00:00:57.617,19.353653549382717,39.005063657407405,31.827434413580246,14.360621141975308,11.872905092592593
3459,00:00:57.633,21.032432484567902,45.116898148148145,33.83879050925926,15.975569058641975,13.282937885802468
3460,00:00:57.650,18.537864583333334,35.98234953703704,29.3025887345679,14.02340663580247,12.28759837962963
3461,00:00:57.667,16.545321502057615,29.307783564814816,26.531587577160494,12.167563657407408,10.936813271604938
3462,00:00:57.683,17.28301761831276,31.43425925925926,27.80355709876543,12.659581404320988,11.385914351851852
3463,00:00:57.700,0.10927019032921813,0.3669560185185185,0.18958912037037037,0.05247106481481482,0.08575038580246913
3464,00:00:57.717,29.57455568415638,67.01620370370371,44.14823688271605,24.605389660493827,19.97004050925926
3465,00:00:57.733,0.056373456790123455,0.21200810185185184,0.09393132716049382,0.031552854938271604,0.04363618827160494
3466,00:00:57.750,34.27140110596708,80.7755787037037,49.793445216049385,29.9130574845679,23.10770061728395
3467,00:00:57.767,34.109901620370366,73.69421296296296,49.97163773148148,30.04546296296296,22.312604166666667
3468,00:00:57.783,40.138200231481484,80.10462962962963,58.30004050925926,36.253377700617285,25.8611824845679
3469,00:00:57.800,39.84977944958848,76.12960069444445,56.97972800925926,35.47673225308642,27.092878086419752
3470,00:00:57.817,39.87364133230452,100.06487268518518,55.41279513888889,36.78390817901234,27.424220679012347
3471,00:00:57.833,24.84834169238683,72.26721643518519,40.45299189814815,19.11583912037037,14.976194058641976
3472,00:00:57.850,27.14227301954732,78.23541666666667,42.156979166666666,21.961255787037036,17.308584104938273
3473,00:00:57.867,20.557285236625514,55.18949652777778,31.907393904320987,16.41066165123457,13.353800154320988
3474,00:00:57.883,17.728971193415635,43.29736689814815,28.18207947530864,13.766666666666667,11.238167438271605
3475,00:00:57.900,20.450504758230455,56.451707175925925,30.489903549382717,16.562908950617285,14.298701774691358
3476,00:00:57.917,20.140798611111112,47.09186921296296,30.129247685185184,15.657073688271606,14.636074459876543
3477,00:00:57.933,21.419216820987657,57.19840856481481,32.64049382716049,16.355206404320988,15.261950231481482
3478,00:00:57.950,18.849743441358026,50.33396990740741,29.460221836419752,14.036925154320988,13.052083333333334
3479,00:00:57.967,20.169769804526748,53.68773148148148,30.4122762345679,15.433514660493827,14.663518518518519
3480,00:00:57.983,19.56344971707819,54.94649884259259,30.600663580246913,15.048863811728395,13.04082175925926
3481,00:00:58.000,13.04673611111111,16.817013888888887,25.93699652777778,3.796689814814815,9.40652199074074
3482,00:00:58.017,21.06264403292181,58.91808449074074,33.18296103395062,15.5421875,14.462783564814815
3483,00:00:58.033,19.277330889917696,52.91053240740741,30.96227237654321,14.341494984567902,12.528225308641975
3484,00:00:58.050,18.657620241769546,53.25436921296296,30.32891396604938,13.992989969135802,11.650956790123457
3485,00:00:58.067,16.46658500514403,45.111487268518516,26.55189236111111,12.528721064814814,10.319141589506172
3486,00:00:58.083,16.84627443415638,47.090885416666666,27.098427854938272,12.732349537037036,10.708045910493826
3487,00:00:58.100,16.55695601851852,46.922164351851855,26.923734567901235,12.494930555555555,10.252202932098765
3488,00:00:58.117,16.418964763374486,46.12479745370371,26.213414351851853,12.517191358024691,10.526288580246913
3489,00:00:58.133,19.377788708847735,56.03998842592593,31.344197530864196,14.904716435185184,11.884452160493828
3490,00:00:58.150,19.49571952160494,45.667824074074076,30.099311342592593,15.86048225308642,12.527364969135803
3491,00:00:58.167,43.39909465020577,100.18292824074074,66.77885223765432,38.39057484567901,25.02785686728395
3492,00:00:58.183,44.99156571502058,95.97621527777778,66.69778742283951,38.060449459876544,30.216460262345677
3493,00:00:58.200,47.768618184156374,115.91678240740741,65.90352044753087,44.949309413580245,32.453024691358024
3494,00:00:58.217,49.92314557613168,109.10940393518518,63.20364583333333,54.86559027777778,31.70020061728395
3495,00:00:58.233,40.9599704218107,80.11791087962963,50.44041280864197,47.0253337191358,25.41416473765432
3496,00:00:58.250,19.31003600823045,52.00199652777778,22.35632137345679,19.771628086419753,15.802158564814814
3497,00:00:58.267,13.40723315329218,31.476070601851852,16.02483024691358,13.910484182098765,10.286385030864198
3498,00:00:58.283,11.88653549382716,23.873784722222222,13.901577932098766,12.264423225308642,9.493605324074075
3499,00:00:58.300,13.800376800411522,28.26495949074074,16.736238425925926,14.070734953703704,10.594157021604937
3500,00:00:58.317,13.095061085390947,27.440046296296295,15.361003086419753,13.539992283950617,10.384187885802469
3501,00:00:58.333,20.412433770576133,45.399739583333336,24.24747685185185,20.452729552469137,16.537094907407408
3502,00:00:58.350,11.12679140946502,23.21267361111111,12.47536651234568,11.672729552469136,9.232278163580247
3503,00:00:58.367,0.14463605967078189,0.29661458333333335,0.1985300925925926,0.09070601851851852,0.14467206790123457
3504,00:00:58.383,13.86435249485597,30.431770833333335,16.345163966049384,14.137800925925927,11.110092592592592
3505,00:00:58.400,12.445165895061729,26.173900462962962,14.587457561728396,12.355837191358024,10.392202932098765
3506,00:00:58.417,11.52128086419753,23.586516203703702,13.097050540123456,11.617922453703704,9.848869598765432
3507,00:00:58.433,15.638297325102881,31.669878472222223,16.907640817901235,16.355623070987654,13.651628086419754
3508,00:00:58.450,11.38150462962963,23.124131944444443,12.619571759259259,11.984818672839506,9.540123456790123
3509,00:00:58.467,11.883743569958847,25.174363425925925,12.795158179012345,12.515671296296297,10.340401234567901
3510,00:00:58.483,9.566365740740741,18.58833912037037,10.011066743827161,10.183443287037036,8.504587191358025
3511,00:00:58.500,17.56738297325103,30.673292824074075,22.509322916666665,15.272341820987654,14.920484182098765
3512,00:00:58.517,12.397229938271606,26.5625,12.854158950617284,13.519114583333334,10.818416280864197
3513,00:00:58.533,10.64460005144033,21.216059027777778,10.775702160493827,11.660248842592592,9.497849151234568
3514,00:00:58.550,11.030234696502058,21.185069444444444,11.276876929012346,12.145204475308642,9.668622685185186
3515,00:00:58.567,0.07768197016460905,0.32957175925925924,0.09664158950617284,0.05881172839506173,0.07759259259259259
3516,00:00:58.583,10.359583976337449,20.06009837962963,10.489207175925927,11.419623842592593,9.169920910493827
3517,00:00:58.600,10.171240997942387,19.31684027777778,10.123327546296297,11.273985339506172,9.116410108024692
3518,00:00:58.617,11.206420396090536,21.182118055555556,11.217569444444445,12.607511574074074,9.794180169753087
3519,00:00:58.633,10.41829475308642,18.836255787037036,10.279438657407407,11.733958333333334,9.241487268518519
3520,00:00:58.650,11.126772762345679,21.033564814814813,10.916844135802469,12.216016589506173,10.247457561728394
3521,00:00:58.667,15.322314171810698,30.233043981481483,14.496630015432098,15.777189429012346,15.693123070987655
3522,00:00:58.683,14.706828703703705,20.371961805555557,15.69454475308642,15.647204861111112,12.77873649691358
3523,00:00:58.700,17.566741255144034,28.909346064814816,19.910349151234566,17.262179783950618,15.527694830246913
3524,00:00:58.717,9.56417566872428,17.36351273148148,10.829801311728396,10.3894637345679,7.4732619598765435
3525,00:00:58.733,6.700165895061729,11.045572916666666,7.619832175925926,7.113773148148148,5.366892361111111
3526,00:00:58.750,0.31893197016460906,1.4584780092592593,0.37516782407407406,0.2405536265432099,0.3410744598765432
3527,00:00:58.767,6.839474022633745,12.525694444444444,7.553497299382716,7.513973765432099,5.45095100308642
3528,00:00:58.783,4.754650205761316,10.034722222222221,5.381566358024691,5.123348765432099,3.7590354938271604
3529,00:00:58.800,2.736068029835391,7.1861400462962965,3.2672318672839507,2.8479301697530865,2.0930420524691358
3530,00:00:58.817,3.2818737139917697,9.446412037037037,3.9273881172839507,3.437758487654321,2.480474537037037
3531,00:00:58.833,2.416687885802469,7.253038194444445,2.8773341049382717,2.4458680555555556,1.9268614969135802
3532,00:00:58.850,2.1668936471193416,5.821122685185185,2.5609992283950618,2.198240740740741,1.7414409722222222
3533,00:00:58.867,2.0790155606995886,6.448784722222222,2.165648148148148,2.3494425154320986,1.7219560185185185
3534,00:00:58.883,2.02860725308642,7.470949074074074,2.0862094907407407,2.3158101851851853,1.6838020833333334
3535,00:00:58.900,2.2684979423868312,7.413888888888889,2.2852430555555556,2.591641589506173,1.9286091820987654
3536,00:00:58.917,2.90826646090535,7.336168981481482,3.138840663580247,3.137065972222222,2.44889274691358
3537,00:00:58.933,2.7902218364197524,7.4124131944444445,2.8967418981481483,3.3484143518518517,2.125509259259259
3538,00:00:58.950,2.1148360339506174,6.149710648148148,2.128856095679012,2.4834722222222223,1.7321797839506172
3539,00:00:58.967,2.7715895061728393,8.434577546296296,3.3451118827160493,2.727210648148148,2.242445987654321
3540,00:00:58.983,1.4500128600823043,3.1456886574074074,1.5159047067901235,1.496670524691358,1.3374633487654322
3541,00:00:59.000,10.103505658436214,15.278848379629629,16.019861111111112,5.0751581790123454,9.215497685185186
3542,00:00:59.017,2.463553240740741,5.006047453703704,3.4146894290123457,2.3551331018518518,1.6208371913580246
3543,00:00:59.033,2.851240997942387,5.666174768518519,3.843888888888889,2.723406635802469,1.9864274691358024
3544,00:00:59.050,1.9884728652263375,4.959317129629629,2.3366010802469135,1.9494695216049382,1.6793479938271605
3545,00:00:59.067,2.407846579218107,4.466927083333333,3.117696759259259,2.3617650462962962,1.7440779320987654
3546,00:00:59.083,2.766480838477366,6.030671296296297,3.6150192901234566,2.7521180555555556,1.9323051697530864
3547,00:00:59.100,2.369884902263374,5.993778935185185,3.0263059413580247,2.2230613425925925,1.860287422839506
3548,00:00:59.117,1.9946572788065844,5.114756944444444,2.7393016975308644,1.642764274691358,1.6019058641975308
3549,00:00:59.133,3.0322633744855967,10.084895833333333,4.0155362654320985,2.8102970679012347,2.270956790123457
3550,00:00:59.150,1.9429423868312756,4.144241898148148,2.5364756944444444,1.9624074074074074,1.3299440586419753
3551,00:00:59.167,2.2774395576131687,4.75222800925926,3.3352179783950615,2.1368885030864195,1.3602121913580247
3552,00:00:59.183,3.4118357767489713,6.840827546296296,5.136018518518519,3.357037037037037,1.742451774691358
3553,00:00:59.200,3.117238297325103,5.7522569444444445,4.7898398919753085,2.891039737654321,1.670835262345679
3554,00:00:59.217,3.0525469393004117,5.201331018518519,4.671221064814815,2.792787422839506,1.6936323302469136
3555,00:00:59.233,3.015972222222222,4.063570601851852,4.8410165895061725,2.6177372685185185,1.5891628086419753
3556,00:00:59.250,0.020103523662551442,0.04771412037037037,0.03269675925925926,0.01199266975308642,0.015621141975308643
3557,00:00:59.267,3.2001819701646093,4.921440972222222,4.99825424382716,2.8382253086419755,1.7640663580246914
3558,00:00:59.283,3.4122190072016463,4.9057002314814815,5.391774691358025,2.9691396604938274,1.8757426697530863
3559,00:00:59.300,2.5485095164609053,3.536255787037037,3.8493248456790123,2.237999614197531,1.5582040895061728
3560,00:00:59.317,2.557550797325103,2.736921296296296,3.999525462962963,2.173767361111111,1.4993595679012346
3561,00:00:59.333,3.741447402263375,5.273640046296296,5.8164293981481485,3.0038792438271606,2.404033564814815
3562,00:00:59.350,2.726048096707819,6.357291666666667,4.052056327160494,2.396689814814815,1.7293981481481482
3563,00:00:59.367,3.5537352109053497,7.017910879629629,5.1953452932098765,2.9983931327160493,2.4674672067901233
3564,00:00:59.383,3.385875128600823,6.876244212962963,5.144209104938271,2.794351851851852,2.2190644290123456
3565,00:00:59.400,4.055507973251029,8.93287037037037,6.628341049382716,3.1995081018518516,2.3386747685185183
3566,00:00:59.417,4.10744341563786,7.2077835648148145,6.9461458333333335,3.0756539351851853,2.3005304783950615
3567,00:00:59.433,4.169495884773663,7.8497106481481485,6.764832175925926,3.315462962962963,2.428192515432099
3568,00:00:59.450,0.019792309670781893,0.04918981481481482,0.02474344135802469,0.014400077160493827,0.02023341049382716
3569,00:00:59.467,3.6764332561728392,6.763107638888889,6.135,2.8076350308641977,2.086664737654321
3570,00:00:59.483,4.720845550411522,11.073611111111111,7.766371527777777,3.7277256944444446,2.668439429012346
3571,00:00:59.500,10.188022119341563,15.121440972222222,16.933341049382715,5.404548611111111,8.226176697530864
3572,00:00:59.517,4.194598122427983,7.8625,6.409357638888889,3.5606828703703703,2.6137538580246913
3573,00:00:59.533,3.3408088991769547,6.151678240740741,5.363323688271605,2.7137538580246914,1.945349151234568
3574,00:00:59.550,2.7920717592592594,5.222974537037037,4.545243055555556,2.2436149691358023,1.5873572530864197
3575,00:00:59.567,2.7686619084362136,5.044907407407408,4.584139660493827,2.208107638888889,1.513738425925926
3576,00:00:59.583,2.733942258230453,4.821585648148148,4.525551697530864,2.178072916666667,1.4982021604938272
3577,00:00:59.600,2.37519804526749,4.047829861111111,3.8564853395061727,1.9088252314814815,1.3602835648148148
3578,00:00:59.617,2.9148759002057614,6.113802083333334,4.771766975308642,2.3427256944444443,1.6301350308641975
3579,00:00:59.633,2.96108024691358,5.808333333333334,4.554743441358025,2.442945601851852,1.8855516975308642
3580,00:00:59.650,3.285817901234568,5.5643518518518515,5.068937114197531,2.7953819444444443,1.9931346450617284
3581,00:00:59.667,2.520053369341564,2.8844907407407407,3.827764274691358,2.1785609567901236,1.55383487654321
3582,00:00:59.683,4.093769290123457,9.12717013888889,7.039158950617284,3.3723533950617286,1.869795524691358
3583,00:00:59.700,1.728653549382716,2.205671296296296,2.870885416666667,1.4177932098765431,0.8972820216049383
3584,00:00:59.717,1.614912551440329,2.8761284722222222,2.6012422839506173,1.2841956018518519,0.9592997685185185
3585,00:00:59.733,0.14278999485596708,0.3615451388888889,0.2088155864197531,0.09632716049382715,0.12322723765432099
3586,00:00:59.750,1.5904507458847734,3.284895833333333,2.4420640432098764,1.3027199074074074,1.026568287037037
3587,00:00:59.767,3.704684927983539,10.512355324074074,6.435841049382716,2.985005787037037,1.6932079475308641
3588,00:00:59.783,3.970446244855967,8.130092592592593,6.339232253086419,3.2612287808641973,2.310877700617284
3589,00:00:59.800,3.0016705246913578,4.5628472222222225,4.463416280864197,2.656653163580247,1.8849421296296296
3590,00:00:59.817,5.684917695473252,10.082436342592592,9.04687114197531,4.79116512345679,3.216716820987654
3591,00:00:59.833,4.1429565329218105,8.594936342592593,6.046693672839506,3.800246913580247,2.581929012345679
3592,00:00:59.850,4.057046682098766,8.93287037037037,6.033597608024691,3.6354706790123457,2.5020717592592594
3593,00:00:59.867,4.844142232510287,10.334780092592593,7.389876543209876,4.303697916666667,2.838852237654321
3594,00:00:59.883,3.747092335390947,9.20931712962963,5.625812114197531,3.266894290123457,2.348570601851852
3595,00:00:59.900,4.081610082304527,8.414409722222222,6.540569058641975,3.5209645061728394,2.1832966820987654
3596,00:00:59.917,3.8165406378600824,6.766059027777778,6.098641975308642,3.3797878086419755,1.9711921296296295
3597,00:00:59.933,3.57127829218107,8.063194444444445,5.759280478395062,3.2038406635802468,1.7507137345679011
3598,00:00:59.950,2.82241383744856,6.385821759259259,4.610214120370371,2.3982233796296297,1.458804012345679
3599,00:00:59.967,0.03546939300411523,0.01574074074074074,0.06458912037037037,0.01695601851851852,0.02486304012345679
3600,00:00:59.983,4.7664023919753085,11.798177083333334,6.758356481481481,4.264020061728395,3.2768306327160492
3601,00:01:00.000,9.645790252057614,15.273929398148148,15.991097608024692,5.217785493827161,7.728487654320988
3602,00:01:00.017,3.4510982510288066,5.688310185185185,6.010324074074074,2.9157793209876544,1.4271913580246913
3603,00:01:00.033,4.780543981481482,10.106047453703704,7.643327546296296,4.156305941358025,2.5419984567901235
3604,00:01:00.050,4.572534722222223,9.113888888888889,7.264328703703704,3.9716203703703705,2.4816550925925926
3605,00:01:00.067,3.899412294238683,8.820717592592592,6.001516203703703,3.1781404320987656,2.5185802469135803
3606,00:01:00.083,3.690934927983539,8.01646412037037,5.7429957561728395,3.0523881172839507,2.277420910493827
3607,00:01:00.100,4.705722736625514,11.180844907407407,7.0003973765432095,3.8975077160493825,3.2192631172839508
3608,00:01:00.117,4.346502700617283,11.554195601851852,6.482515432098765,3.5329899691358024,3.024002700617284
3609,00:01:00.133,5.115345293209876,11.412037037037036,8.024029706790124,3.903348765432099,3.4186574074074074
3610,00:01:00.150,4.134396219135803,10.159664351851852,6.460221836419753,3.2019675925925926,2.740999228395062
3611,00:01:00.167,5.82897762345679,13.271412037037036,9.3828125,4.359375,3.7447453703703704
3612,00:01:00.183,4.598221450617284,10.312152777777778,7.263912037037037,3.6343769290123458,2.896375385802469
3613,00:01:00.200,4.056012088477366,8.417361111111111,6.652050540123457,3.1817862654320987,2.3341994598765434
3614,00:01:00.217,0.029381430041152262,0.04230324074074074,0.05040509259259259,0.017488425925925925,0.02025077160493827
3615,00:01:00.233,4.585233410493827,10.86947337962963,7.5719868827160495,3.5946006944444444,2.5891126543209877
3616,00:01:00.250,4.6732908950617285,9.073553240740742,7.615246913580247,3.66782600308642,2.7367997685185186
3617,00:01:00.267,3.8589769804526743,6.965769675925926,5.933952546296296,3.182937885802469,2.4600405092592594
3618,00:01:00.283,4.18171875,7.936284722222222,6.81879436728395,3.311159336419753,2.4152025462962965
3619,00:01:00.300,4.037406121399177,7.140393518518518,6.286057098765432,3.343179012345679,2.4829822530864196
3620,00:01:00.317,3.6416377314814814,6.916087962962963,5.56603587962963,3.050679012345679,2.308198302469136
3621,00:01:00.333,4.361288580246914,9.051909722222222,6.855351080246914,3.627739197530864,2.600775462962963
3622,00:01:00.350,4.205150462962963,7.391753472222222,6.684376929012346,3.3697222222222223,2.561352237654321
3623,00:01:00.367,4.293515946502057,6.8590277777777775,6.746948302469136,3.4484587191358025,2.6851408179012344
3624,00:01:00.383,3.7069997427983536,6.445833333333334,5.857980324074074,2.986826774691358,2.2761921296296297
3625,00:01:00.400,4.692766203703704,8.623958333333333,7.502625385802469,3.7513908179012345,2.8242824074074075
3626,00:01:00.417,3.609130658436214,6.229398148148148,5.629178240740741,2.959400077160494,2.2388136574074076
3627,00:01:00.433,4.816296939300411,8.766116898148148,7.549600694444444,3.9993422067901236,2.8999479166666666
3628,00:01:00.450,3.7278903034979423,6.821643518518519,5.747567515432099,3.0983873456790123,2.337716049382716
3629,00:01:00.467,4.687860725308642,10.35691550925926,7.216564429012346,3.7617148919753087,3.0853028549382717
3630,00:01:00.483,4.113020833333334,9.31556712962963,6.111043595679012,3.4078761574074075,2.8201427469135805
3631,00:01:00.500,9.17251093106996,16.541059027777777,13.769608410493827,5.475165895061728,8.272758487654322
3632,00:01:00.517,2.9460976080246914,7.80691550925926,4.215779320987655,2.5757118055555557,2.046801697530864
3633,00:01:00.533,3.0388824588477363,6.548148148148148,4.625920138888889,2.487092978395062,2.0036342592592593
3634,00:01:00.550,2.7829809670781898,6.204311342592592,4.356865354938272,2.1746547067901236,1.817422839506173
3635,00:01:00.567,3.159131301440329,8.996325231481482,4.882118055555556,2.4032368827160493,2.192038966049383
3636,00:01:00.583,2.468409850823045,8.191087962962962,3.756755401234568,1.9342399691358025,1.7142341820987654
3637,00:01:00.600,2.3687300668724283,5.78521412037037,3.5791010802469136,1.8381037808641976,1.688985339506173
3638,00:01:00.617,2.2552610596707816,6.048871527777778,3.540931712962963,1.6561246141975308,1.5687268518518518
3639,00:01:00.633,1.8476851851851854,5.545167824074074,2.9127179783950616,1.3571489197530864,1.2731886574074074
3640,00:01:00.650,1.8367071759259261,5.323813657407407,2.9064332561728397,1.3287422839506173,1.274945987654321
3641,00:01:00.667,1.8519341563786007,4.750260416666666,2.7660532407407405,1.3923302469135803,1.3974189814814815
3642,00:01:00.683,1.9011271862139918,4.497916666666667,2.972631172839506,1.4194270833333333,1.3113233024691358
3643,00:01:00.700,1.7817058899176956,4.518576388888889,2.749440586419753,1.3730208333333334,1.22265625
3644,00:01:00.717,0.029635416666666664,0.1775752314814815,0.043742283950617286,0.019884259259259258,0.025279706790123455
3645,00:01:00.733,1.4935217335390947,3.638078703703704,2.3386168981481483,1.1403838734567902,1.0015644290123458
3646,00:01:00.750,2.2667939814814813,6.741956018518518,3.5204552469135804,1.7988445216049382,1.4810821759259258
3647,00:01:00.767,2.141087962962963,4.522019675925926,3.2995351080246915,1.7741222993827162,1.3496064814814814
3648,00:01:00.783,1.759326774691358,3.981423611111111,2.6805189043209876,1.4723688271604938,1.1250925925925925
3649,00:01:00.800,2.6788348765432097,5.6420717592592595,4.217490354938271,2.208786651234568,1.61022762345679
3650,00:01:00.817,2.295187114197531,6.229398148148148,3.5244097222222224,1.8540123456790123,1.507139274691358
3651,00:01:00.833,1.9599942129629628,3.8436921296296296,2.972609953703704,1.6408294753086419,1.2665432098765432
3652,00:01:00.850,0.025483539094650207,0.08313078703703704,0.04319251543209877,0.01394483024691358,0.019313271604938273
3653,00:01:00.867,2.1635339506172837,3.7807291666666667,3.1739699074074075,1.8240277777777778,1.4926041666666667
3654,00:01:00.883,3.0156571502057616,6.235300925925926,4.579328703703704,2.5344502314814816,1.9331925154320988
3655,00:01:00.900,2.0981880144032923,4.490046296296296,3.129357638888889,1.7911439043209876,1.3740625
3656,00:01:00.917,2.1742881944444443,3.814670138888889,2.9916493055555557,1.9597434413580246,1.571471836419753
3657,00:01:00.933,1.799358281893004,3.5933159722222223,2.5393171296296297,1.6037229938271604,1.2550347222222222
3658,00:01:00.950,1.656826774691358,2.74921875,2.3434625771604938,1.4602912808641975,1.1667264660493828
3659,00:01:00.967,1.7842515432098764,3.0664930555555556,2.5574729938271603,1.530596064814815,1.2646855709876543
3660,00:01:00.983,1.4454218106995886,2.9499131944444446,2.0504610339506173,1.2831500771604938,1.0026543209876544
3661,00:01:01.000,8.130999871399178,13.008738425925927,12.190264274691359,4.6233912037037035,7.57934413580247
3662,00:01:01.017,0.003390560699588478,0.043287037037037034,0.0043055555555555555,0.0027700617283950616,0.003096064814814815
3663,00:01:01.033,4.35768454218107,6.563888888888889,6.165343364197531,4.376074459876543,2.5316358024691357
3664,00:01:01.050,3.189090149176954,5.507291666666666,4.930918209876543,3.009513888888889,1.626838348765432
3665,00:01:01.067,2.6228247170781898,5.000636574074074,4.016626157407408,2.414562114197531,1.4372858796296297
3666,00:01:01.083,3.3237956532921813,6.869849537037037,5.081232638888889,3.0840895061728397,1.8060648148148148
3667,00:01:01.100,2.4037647890946503,4.777806712962963,3.4979012345679013,2.362488425925926,1.3509047067901234
3668,00:01:01.117,2.7959465020576126,6.756221064814815,4.133713348765432,2.6127970679012344,1.6413290895061727
3669,00:01:01.133,2.364050925925926,5.733564814814815,3.279886188271605,2.2211805555555557,1.5910860339506172
3670,00:01:01.150,0.023597608024691356,0.06050347222222222,0.03375771604938271,0.01790895061728395,0.019126157407407408
3671,00:01:01.167,2.252301311728395,6.645543981481482,2.978454861111111,2.0647762345679013,1.7136728395061729
3672,00:01:01.183,3.425032150205761,9.468547453703703,4.692636959876543,3.249363425925926,2.3330960648148147
3673,00:01:01.200,2.6385378086419755,7.200405092592592,3.608204089506173,2.4516358024691356,1.8557735339506174
3674,00:01:01.217,3.9439679783950616,10.137528935185186,5.4884664351851855,3.5964023919753085,2.7470351080246913
3675,00:01:01.233,2.9148533950617286,6.9751157407407405,3.5855864197530862,2.9020293209876544,2.2569444444444446
3676,00:01:01.250,3.874675925925926,9.667766203703703,5.019807098765432,3.6932638888888887,2.910956790123457
3677,00:01:01.267,3.167377829218107,8.851215277777778,4.014797453703704,2.9714699074074074,2.51586612654321
3678,00:01:01.283,3.8465972222222224,12.384519675925926,5.152534722222223,3.600788966049383,2.786467978395062
3679,00:01:01.300,4.929376286008231,10.834056712962964,7.33651813271605,4.58123649691358,2.8703742283950615
3680,00:01:01.317,3.2497608024691353,7.007581018518518,4.862397762345679,3.0173900462962964,1.8694945987654321
3681,00:01:01.333,0.02060378086419753,0.06837384259259259,0.03000192901234568,0.013690200617283951,0.018119212962962962
3682,00:01:01.350,3.854425797325103,9.479861111111111,5.840756172839506,3.5586381172839507,2.163883101851852
3683,00:01:01.367,3.2172138631687246,7.071527777777778,4.612951388888889,3.1313966049382715,1.9072935956790122
3684,00:01:01.383,2.6540895061728396,5.786689814814815,4.145214120370371,2.3771199845679014,1.439934413580247
3685,00:01:01.400,2.240603137860082,4.890943287037037,3.508624614197531,1.9510050154320988,1.2621797839506173
3686,00:01:01.417,3.16649241255144,6.269733796296296,4.937673611111111,2.950335648148148,1.6114679783950616
3687,00:01:01.433,2.694865612139918,5.151649305555556,4.001012731481482,2.4660300925925926,1.617554012345679
3688,00:01:01.450,3.156066743827161,6.378443287037037,4.770032793209877,2.8001581790123455,1.8980092592592592
3689,00:01:01.467,2.6711631944444445,4.446267361111111,4.150848765432099,2.319403935185185,1.5432368827160494
3690,00:01:01.483,0.015252700617283949,0.016724537037037038,0.02396990740740741,0.009673996913580247,0.012114197530864198
3691,00:01:01.500,8.44946116255144,12.048061342592593,13.32362461419753,4.92528549382716,7.09947337962963
3692,00:01:01.517,2.4154893261316874,3.772366898148148,3.82765625,2.104157021604938,1.3146547067901235
3693,00:01:01.533,1.9628420781893006,3.7335069444444446,3.0610416666666667,1.6974382716049383,1.1300462962962963
3694,00:01:01.550,1.8301748971193412,4.483159722222222,2.8241570216049383,1.5562692901234567,1.1100983796296295
3695,00:01:01.567,2.3615091306584364,3.7984375,3.7905459104938273,2.0891975308641975,1.204783950617284
3696,00:01:01.583,1.9087229938271608,3.4973958333333335,3.0530922067901236,1.6119579475308643,1.0611188271604939
3697,00:01:01.600,2.7901658950617283,5.378414351851852,4.400949074074074,2.505493827160494,1.4640547839506173
3698,00:01:01.617,1.5737872942386832,3.2155381944444446,2.173042052469136,1.3780941358024692,1.1702256944444445
3699,00:01:01.633,1.8737236368312757,3.1284722222222223,2.922384259259259,1.6987364969135803,1.0000501543209876
3700,00:01:01.650,1.9606372170781894,3.6966145833333335,3.2219212962962964,1.7519675925925926,0.908022762345679
3701,00:01:01.667,1.4199305555555555,3.8441840277777777,2.2159317129629628,1.2679050925925925,0.7759548611111111
3702,00:01:01.683,1.5746746399176954,3.1663483796296297,2.4609162808641973,1.2994695216049383,0.9636381172839507
3703,00:01:01.700,1.2439416152263374,2.5357349537037037,1.9170273919753087,1.0735108024691358,0.7412866512345679
3704,00:01:01.717,1.8304822530864195,3.2278356481481483,2.851792052469136,1.4516126543209877,1.1880420524691357
3705,00:01:01.733,1.7734522890946502,3.774826388888889,2.826064814814815,1.3456693672839506,1.1486226851851853
3706,00:01:01.750,1.9047112911522632,3.93125,3.0317978395061727,1.439940200617284,1.2423958333333334
3707,00:01:01.767,1.788579603909465,4.3080439814814815,2.9490432098765433,1.2087770061728396,1.2079185956790124
3708,00:01:01.783,1.5439062499999998,2.6906828703703702,2.5445871913580245,1.2505459104938272,0.8365856481481482
3709,00:01:01.800,1.6335924639917696,3.1525752314814817,2.7579880401234567,1.3000752314814814,0.8427141203703704
3710,00:01:01.817,0.018766718106995886,0.09247685185185185,0.030848765432098767,0.011525848765432098,0.01392554012345679
3711,00:01:01.833,1.5541383744855966,4.11177662037037,2.6458024691358024,1.2264988425925927,0.790113811728395
3712,00:01:01.850,1.6399266975308642,2.7910300925925924,2.728454861111111,1.3502623456790124,0.8410628858024691
3713,00:01:01.867,1.7035654578189299,2.56328125,2.819639274691358,1.3618074845679011,0.9292496141975308
3714,00:01:01.883,2.2556262860082303,4.2972222222222225,3.7558391203703705,1.7012480709876543,1.3097916666666667
3715,00:01:01.900,1.7883822016460904,4.941608796296296,2.965787037037037,1.3875501543209876,1.011809413580247
3716,00:01:01.917,1.7664396862139915,4.229832175925926,2.949278549382716,1.2787172067901234,1.0713233024691358
3717,00:01:01.933,1.690411522633745,4.360185185185185,2.7054475308641974,1.064315200617284,1.301471836419753
3718,00:01:01.950,1.8051890432098763,4.517100694444444,2.99960262345679,1.0420987654320988,1.3738657407407406
3719,00:01:01.967,1.8300868055555555,2.9823784722222224,3.012422839506173,1.0483873456790123,1.4294502314814814
3720,00:01:01.983,0.7601105967078189,2.048755787037037,1.2388618827160494,0.5786188271604938,0.46285108024691357
3721,00:01:02.000,6.190422453703704,9.921585648148149,10.307719907407407,2.8135725308641977,5.449974922839506
3722,00:01:02.017,0.674266975308642,1.4333912037037038,1.052025462962963,0.53578125,0.434994212962963
3723,00:01:02.033,0.6697466563786008,1.4761863425925925,1.0743788580246914,0.5080459104938272,0.42681520061728395
3724,00:01:02.050,0.7577700617283951,1.7211516203703703,1.2065779320987655,0.565162037037037,0.5015702160493827
3725,00:01:02.067,0.7819450874485595,1.8111689814814815,1.2387229938271604,0.5831905864197531,0.5239216820987654
3726,00:01:02.083,0.9097299382716049,1.9533275462962962,1.3553993055555555,0.6978105709876543,0.675979938271605
3727,00:01:02.100,0.9408519804526749,2.74921875,1.4065354938271606,0.6657253086419753,0.7502951388888889
3728,00:01:02.117,0.3158134002057613,1.5755497685185185,0.4168479938271605,0.21066743827160495,0.31992476851851853
3729,00:01:02.133,1.4997511574074072,4.464467592592593,2.215262345679012,1.0217438271604937,1.262247299382716
3730,00:01:02.150,1.8833841306584362,5.906221064814815,2.57548225308642,1.3365065586419753,1.7381635802469135
3731,00:01:02.167,2.0445949074074075,4.594820601851852,3.0523302469135802,1.4009375,1.680516975308642
3732,00:01:02.183,2.3457735339506174,5.133940972222222,3.5101909722222224,1.642511574074074,1.8846180555555556
3733,00:01:02.200,1.0869071502057612,2.373900462962963,1.5383661265432098,0.8481635802469136,0.8741917438271605
3734,00:01:02.217,0.6878086419753086,1.8170717592592593,0.9701813271604939,0.5810590277777777,0.5121855709876543
3735,00:01:02.233,0.6685146604938271,1.437818287037037,0.9634143518518519,0.5654359567901235,0.4766936728395062
3736,00:01:02.250,0.7044778806584362,1.9921875,0.9419753086419753,0.6353067129629629,0.5361516203703703
3737,00:01:02.267,0.035398019547325105,0.09788773148148149,0.0551099537037037,0.022962962962962963,0.02812114197530864
3738,00:01:02.283,0.8445859053497943,1.9744791666666666,1.1428395061728396,0.7081616512345679,0.6827565586419753
3739,00:01:02.300,0.9359722222222221,3.1294560185185185,1.3917554012345679,0.7556462191358024,0.6605150462962963
3740,00:01:02.317,0.8162725051440329,2.2366608796296297,1.2503375771604939,0.6178028549382716,0.5806770833333333
3741,00:01:02.333,1.0424138374485596,2.50474537037037,1.6133256172839505,0.7426832561728395,0.7712326388888889
3742,00:01:02.350,0.9769810956790123,2.4314525462962964,1.5659432870370371,0.6669810956790123,0.6980189043209877
3743,00:01:02.367,1.271496913580247,3.3134259259259258,1.9596604938271605,0.8863753858024691,0.9684548611111111
3744,00:01:02.383,1.3364107510288064,3.1638888888888888,2.192503858024691,0.8465817901234568,0.9701466049382717
3745,00:01:02.400,1.1071315586419754,2.736921296296296,1.763383487654321,0.7664679783950618,0.7915432098765433
3746,00:01:02.417,1.100366512345679,3.452141203703704,1.7256635802469136,0.779951774691358,0.7954841820987655
3747,00:01:02.433,1.3146457047325104,2.72265625,2.042266589506173,0.9607947530864197,0.9408757716049383
3748,00:01:02.450,0.991167695473251,1.9848090277777777,1.5706346450617283,0.7192148919753086,0.683653549382716
3749,00:01:02.467,1.3328896604938272,2.320775462962963,2.1660127314814814,0.9653761574074075,0.8672800925925926
3750,00:01:02.483,1.301289866255144,1.8810185185185184,2.302548225308642,0.8017785493827161,0.7995428240740741
3751,00:01:02.500,6.010011574074074,9.15570023148148,9.903389274691358,2.6348996913580245,5.49174575617284
3752,00:01:02.517,1.1191666666666666,2.5175347222222224,1.9014255401234568,0.7639023919753086,0.6921720679012345
3753,00:01:02.533,0.15587512860082306,0.9749421296296297,0.2109934413580247,0.1050636574074074,0.15156828703703704
3754,00:01:02.550,1.3656802983539096,3.7728587962962963,2.1913927469135803,0.9039216820987654,1.0017264660493828
3755,00:01:02.567,1.8092592592592591,4.1703125,3.0340625,1.132542438271605,1.2611728395061728
3756,00:01:02.583,1.7780902777777776,4.713368055555556,2.855378086419753,1.0811284722222223,1.397764274691358
3757,00:01:02.600,1.7818222736625513,4.225896990740741,2.8400868055555555,1.0782619598765433,1.4271180555555556
3758,00:01:02.617,1.24971579218107,2.4589988425925924,1.9968711419753087,0.8201388888888889,0.9321373456790123
3759,00:01:02.633,0.7803356481481482,1.5789930555555556,1.3214023919753086,0.5354166666666667,0.48418788580246913
3760,00:01:02.650,0.8738573816872428,1.3896122685185186,1.395528549382716,0.6307735339506173,0.595270061728395
3761,00:01:02.667,0.9139776234567902,2.1491030092592593,1.5169675925925925,0.6026408179012346,0.6223244598765432
3762,00:01:02.683,1.0013155864197532,2.5519675925925926,1.5171412037037038,0.7775636574074074,0.7092418981481482
3763,00:01:02.700,1.2302205504115227,3.1806134259259258,1.8519135802469135,0.9462692901234568,0.8924787808641975
3764,00:01:02.717,0.9365117026748971,2.2469907407407406,1.4785378086419754,0.6855883487654321,0.645408950617284
3765,00:01:02.733,1.2106475051440329,3.4378761574074073,1.8743016975308642,0.8878086419753086,0.8698321759259259
3766,00:01:02.750,0.8414551183127572,2.155989583333333,1.2137866512345679,0.6364351851851852,0.6741435185185185
3767,00:01:02.767,1.5080722736625516,4.260329861111111,2.37666087962963,1.0808429783950617,1.066712962962963
3768,00:01:02.783,1.2082741769547323,2.7802083333333334,1.8024344135802468,0.894519675925926,0.9278684413580247
3769,00:01:02.800,0.2203542952674897,0.7383391203703704,0.3445968364197531,0.09651813271604938,0.21994791666666666
3770,00:01:02.817,1.0264017489711934,2.8313657407407407,1.528713348765432,0.7770100308641975,0.7734818672839506
3771,00:01:02.833,1.3050662294238682,3.3055555555555554,2.0115451388888888,0.9523688271604939,0.9512847222222223
3772,00:01:02.850,1.4054623199588478,3.334577546296296,2.1945331790123457,0.9917206790123457,1.0301331018518518
3773,00:01:02.867,0.9789660493827159,2.5165509259259258,1.4843730709876544,0.7182175925925925,0.7343074845679012
3774,00:01:02.883,0.886195987654321,2.821527777777778,1.2847222222222223,0.6756172839506173,0.6982484567901235
3775,00:01:02.900,0.8466370884773662,2.121064814814815,1.20882137345679,0.6345466820987654,0.6965432098765432
3776,00:01:02.917,0.9869804526748971,2.6503472222222224,1.4995775462962964,0.6791377314814815,0.7822260802469135
3777,00:01:02.933,0.6010873199588477,2.122048611111111,0.9260127314814814,0.3868036265432099,0.4904456018518519
3778,00:01:02.950,0.7718460648148149,2.0310474537037035,1.2325270061728395,0.47628472222222223,0.6067264660493827
3779,00:01:02.967,0.7007806069958847,2.6006655092592594,1.1068595679012345,0.4850250771604938,0.5104571759259259
3780,00:01:02.983,0.6759786522633745,2.3670138888888888,1.0558969907407407,0.46607253086419753,0.5059664351851851
3781,00:01:03.000,5.038086419753086,9.016001157407407,8.102218364197531,2.0532253086419754,4.958815586419753
3782,00:01:03.017,0.5753356481481481,2.9804108796296296,0.8078568672839506,0.4481693672839506,0.4699807098765432
3783,00:01:03.033,0.5399852109053498,2.7934895833333333,0.7490586419753087,0.3996971450617284,0.47119984567901235
3784,00:01:03.050,0.238798225308642,0.8224537037037037,0.3423090277777778,0.13753279320987655,0.2365528549382716
3785,00:01:03.067,0.9239551183127572,3.6897280092592593,1.3749209104938271,0.5324402006172839,0.8645042438271605
3786,00:01:03.083,1.1456616512345679,3.616927083333333,1.744596836419753,0.6328395061728395,1.0595486111111112
3787,00:01:03.100,1.057519290123457,3.237181712962963,1.641863425925926,0.5496739969135802,0.9810204475308641
3788,00:01:03.117,0.5126504629629629,1.5234085648148148,0.775673225308642,0.32383487654320986,0.43844328703703705
3789,00:01:03.133,0.5196932870370371,1.012818287037037,0.8095466820987655,0.3256462191358025,0.42388695987654323
3790,00:01:03.150,0.4475090020576132,1.238599537037037,0.6548302469135803,0.3009722222222222,0.386724537037037
3791,00:01:03.167,0.4804320987654322,2.2066550925925927,0.6833584104938272,0.3193499228395062,0.438587962962963
3792,00:01:03.183,0.41787229938271603,1.643923611111111,0.578545524691358,0.2868923611111111,0.38817901234567903
3793,00:01:03.200,0.3012152777777778,1.0733217592592592,0.3916087962962963,0.24145447530864197,0.27058256172839507
3794,00:01:03.217,0.6406166409465021,2.155497685185185,0.7702391975308642,0.5156269290123456,0.6359837962962963
3795,00:01:03.233,0.4800051440329218,1.6813078703703703,0.4969116512345679,0.4355671296296296,0.5075366512345679
3796,00:01:03.250,0.40786458333333336,1.0270833333333333,0.4315297067901235,0.37696180555555553,0.41510223765432097
3797,00:01:03.267,0.34527456275720164,1.2346643518518519,0.41496527777777775,0.2885050154320988,0.3323533950617284
3798,00:01:03.283,2.973136574074074,4.112760416666666,4.041979166666667,1.9110146604938272,2.9664158950617283
3799,00:01:03.300,1.8862937242798354,2.602633101851852,2.679471450617284,1.1868383487654321,1.79257137345679
3800,00:01:03.317,1.1391827417695475,2.5854166666666667,1.565516975308642,0.811033950617284,1.0409972993827161
3801,00:01:03.333,0.8770640432098765,2.2337094907407407,1.091045524691358,0.7448206018518518,0.7953260030864198
3802,00:01:03.350,0.4389647633744856,1.16875,0.5166685956790124,0.40187307098765435,0.3983526234567901
3803,00:01:03.367,0.01613618827160494,0.07673611111111112,0.029899691358024692,0.007642746913580247,0.010866126543209877
3804,00:01:03.383,0.6825688014403292,1.8416666666666666,0.8762345679012346,0.6043074845679013,0.5671643518518519
3805,00:01:03.400,31.65059927983539,59.23929398148148,47.660501543209875,29.90367862654321,17.387617669753087
3806,00:01:03.417,1.8554828960905347,11.10853587962963,2.2103645833333334,1.8276697530864197,1.5284143518518518
3807,00:01:03.433,1.5271920010288067,4.403472222222222,2.1773765432098764,1.2733082561728395,1.1308912037037038
3808,00:01:03.450,1.7814673353909465,4.777314814814815,2.3517824074074074,1.6016280864197532,1.390991512345679
3809,00:01:03.467,1.5305291923868314,3.767939814814815,2.176059027777778,1.2842457561728395,1.1312827932098766
3810,00:01:03.483,1.8789049639917696,4.489554398148148,2.558732638888889,1.6303703703703705,1.4476118827160493
3811,00:01:03.500,5.759782664609054,8.001707175925926,9.023175154320988,3.0831597222222222,5.173013117283951
3812,00:01:03.517,1.3524897119341563,3.0964988425925926,2.082150848765432,1.0942650462962964,0.8810532407407408
3813,00:01:03.533,0.1836033950617284,0.7939236111111111,0.28228009259259257,0.11539158950617284,0.15313850308641974
3814,00:01:03.550,1.7595093878600825,3.8633680555555556,2.5649672067901235,1.4692052469135803,1.2443557098765432
3815,00:01:03.567,1.97120691872428,3.9602719907407407,2.9086284722222224,1.5575327932098766,1.4474594907407408
3816,00:01:03.583,2.904690072016461,4.5072627314814815,4.5797743055555555,1.809309413580247,2.32498649691358
3817,00:01:03.600,1.5011226851851853,3.337037037037037,1.9754938271604938,1.4197646604938272,1.1081095679012345
3818,00:01:03.617,1.4248212448559672,4.260329861111111,1.9736902006172838,1.4720659722222222,0.8287075617283951
3819,00:01:03.633,1.8824241255144034,4.978993055555556,2.664809027777778,1.866099537037037,1.1163638117283952
3820,00:01:03.650,0.7626446759259259,1.454050925925926,0.9744000771604938,0.7324440586419753,0.5810898919753087
3821,00:01:03.667,1.0121688528806585,2.935648148148148,1.136076388888889,1.0245196759259259,0.8759104938271605
3822,00:01:03.683,0.7480471965020575,2.988773148148148,0.8468364197530864,0.751707175925926,0.6455979938271605
3823,00:01:03.700,0.9351864711934157,2.1176215277777777,1.257278163580247,0.8401311728395062,0.7081500771604938
3824,00:01:03.717,0.9427790637860082,1.9971064814814814,1.4169637345679011,0.755991512345679,0.6553819444444444
3825,00:01:03.733,0.76731545781893,2.4993344907407407,0.9953722993827161,0.6813792438271605,0.6251948302469136
3826,00:01:03.750,0.7069540895061728,1.55390625,0.9442438271604938,0.5973765432098765,0.5792418981481482
3827,00:01:03.767,1.0895717592592593,4.112268518518518,1.5275405092592593,0.9894463734567901,0.7517283950617284
3828,00:01:03.783,1.1670634002057614,3.8899305555555554,1.7611304012345679,0.9427835648148148,0.7972762345679012
3829,00:01:03.800,0.0518872170781893,0.07919560185185186,0.09172260802469136,0.02441358024691358,0.039525462962962964
3830,00:01:03.817,0.7948482510288066,2.5578703703703702,1.1850636574074074,0.6528877314814815,0.5465933641975309
3831,00:01:03.833,0.7759529320987655,2.4476851851851853,1.1335262345679011,0.6391685956790123,0.5551639660493827
3832,00:01:03.850,0.7128054269547325,2.028587962962963,1.1407561728395061,0.5664429012345679,0.43121720679012343
3833,00:01:03.867,1.8118319187242797,4.5293981481481485,1.6874691358024692,2.651521990740741,1.0965046296296297
3834,00:01:03.883,1.9188998199588478,4.942592592592592,1.7951967592592593,2.811298225308642,1.150204475308642
3835,00:01:03.900,0.8146752829218107,1.8372395833333333,1.2188136574074073,0.6823360339506173,0.5428761574074074
3836,00:01:03.917,0.03238233024691358,0.05804398148148148,0.0565721450617284,0.015565200617283951,0.025009645061728394
3837,00:01:03.933,0.8304584619341564,2.2592881944444443,1.219945987654321,0.7075077160493827,0.5639216820987655
3838,00:01:03.950,0.9943512088477368,3.217505787037037,1.3556442901234569,0.9582561728395061,0.6691531635802469
3839,00:01:03.967,1.0063740997942388,3.20078125,1.431965663580247,0.9368942901234568,0.6502623456790123
3840,00:01:03.983,0.877781635802469,3.122077546296296,1.1660243055555555,0.847295524691358,0.6200250771604938
3841,00:01:04.000,5.295044367283951,6.827546296296297,8.270829475308641,2.681435185185185,4.932868441358025
3842,00:01:04.017,0.6730259773662551,2.2199363425925926,0.797494212962963,0.683395061728395,0.5381886574074074
3843,00:01:04.033,0.13699717078189302,0.5563368055555555,0.19172067901234568,0.09981674382716049,0.11945408950617284
3844,00:01:04.050,0.6913104423868313,1.6621238425925926,0.9716801697530865,0.5517052469135802,0.5505459104938272
3845,00:01:04.067,1.0892418981481482,2.6503472222222224,1.6446064814814816,0.7526890432098765,0.8704301697530864
3846,00:01:04.083,1.0372395833333334,2.4526041666666667,1.5577064043209876,0.6782754629629629,0.8757368827160494
3847,00:01:04.100,0.8449691358024691,2.5652488425925926,0.9844888117283951,0.7028915895061728,0.8475270061728395
3848,00:01:04.117,0.575954861111111,1.4304398148148147,0.4973881172839506,0.5774266975308642,0.6530497685185185
3849,00:01:04.133,0.026761188271604938,0.11608796296296296,0.0457908950617284,0.011983024691358025,0.022509645061728395
3850,00:01:04.150,0.6081462191358025,1.8106770833333334,0.6131423611111111,0.5863734567901234,0.6249228395061729
3851,00:01:04.167,0.4567579732510288,1.727054398148148,0.5257503858024691,0.41183834876543207,0.4326851851851852
3852,00:01:04.183,0.43023212448559667,1.6522858796296296,0.5570100308641975,0.35363425925925923,0.38005208333333335
3853,00:01:04.200,0.4925180041152264,2.2814236111111112,0.6540721450617284,0.4076639660493827,0.4158179012345679
3854,00:01:04.217,0.3736754115226337,1.7039351851851852,0.5321720679012346,0.28400077160493825,0.30485339506172837
3855,00:01:04.233,0.48440843621399177,2.264207175925926,0.6878067129629629,0.3607696759259259,0.4046489197530864
3856,00:01:04.250,0.45467271090534983,1.4722511574074073,0.7508314043209876,0.3020486111111111,0.31113811728395063
3857,00:01:04.267,0.46906378600823045,1.80625,0.6779398148148148,0.36030671296296296,0.3689448302469136
3858,00:01:04.283,0.01010030864197531,0.022627314814814815,0.01642746913580247,0.005788966049382716,0.008084490740740741
3859,00:01:04.300,0.5892965534979424,2.721672453703704,0.8659934413580247,0.45992476851851855,0.44197145061728393
3860,00:01:04.317,0.49381172839506177,1.8790509259259258,0.6491975308641975,0.42576774691358027,0.4064699074074074
3861,00:01:04.333,0.3397505144032922,1.5976851851851852,0.4444135802469136,0.29055748456790126,0.2842804783950617
3862,00:01:04.350,0.9943370627572016,2.47572337962963,1.3767013888888888,0.6748591820987654,0.9314506172839506
3863,00:01:04.367,0.5312107767489712,1.3173032407407408,0.9271006944444444,0.31529128086419755,0.3512403549382716
3864,00:01:04.383,0.4447723765432099,1.6385127314814816,0.7476832561728395,0.28357253086419754,0.3030613425925926
3865,00:01:04.400,0.8358449074074074,2.6828125,1.3294270833333333,0.5782118055555555,0.5998958333333333
3866,00:01:04.417,0.4578632973251029,1.7413194444444444,0.7965509259259259,0.2918846450617284,0.2851543209876543
3867,00:01:04.433,0.660559413580247,2.6119791666666665,1.0685300925925927,0.4642862654320988,0.4488618827160494
3868,00:01:04.450,0.023946116255144034,0.02361111111111111,0.046510416666666665,0.009814814814814814,0.015513117283950618
3869,00:01:04.467,0.5550090020576132,2.211574074074074,0.8928530092592593,0.3858179012345679,0.38635609567901236
3870,00:01:04.483,0.680051440329218,1.9370949074074073,1.1252527006172839,0.46055555555555555,0.4543460648148148
3871,00:01:04.500,5.116380529835392,7.121209490740741,8.854961419753087,2.438244598765432,4.055935570987654
3872,00:01:04.517,1.6815117026748971,3.5480613425925926,3.0335841049382717,1.3280401234567902,0.6829108796296296
3873,00:01:04.533,1.7423971193415637,3.687760416666667,3.020746527777778,1.4544135802469136,0.75203125
3874,00:01:04.550,1.7517123199588476,3.244068287037037,3.0749421296296298,1.4106423611111112,0.7695524691358024
3875,00:01:04.567,2.086011445473251,4.162442129629629,3.697193287037037,1.523167438271605,1.0376736111111111
3876,00:01:04.583,1.931846064814815,3.851070601851852,3.4572087191358025,1.2955324074074075,1.0427970679012346
3877,00:01:04.600,1.4787178497942388,4.213107638888889,2.635763888888889,1.088360339506173,0.7120293209876544
3878,00:01:04.617,0.05072080761316872,0.13428819444444445,0.08839891975308642,0.025063657407407406,0.03869984567901234
3879,00:01:04.633,0.9059799382716051,2.0900752314814817,1.5258931327160494,0.6709239969135803,0.5211226851851852
3880,00:01:04.650,0.8450295781893004,1.7634548611111112,1.3597550154320988,0.6348514660493827,0.5404822530864197
3881,00:01:04.667,0.7712827932098766,1.809201388888889,1.224284336419753,0.5820273919753086,0.5075366512345679
3882,00:01:04.683,0.9697318672839507,2.3089699074074073,1.382920524691358,0.7351060956790123,0.7911689814814815
3883,00:01:04.700,0.7998688271604939,1.885445601851852,1.2766358024691358,0.5873051697530864,0.5356655092592593
3884,00:01:04.717,0.666156121399177,1.8446180555555556,1.0581712962962964,0.4739679783950617,0.46632908950617286
3885,00:01:04.733,1.0230587705761316,2.271585648148148,1.4305266203703704,0.7548939043209877,0.883755787037037
3886,00:01:04.750,0.9823083847736626,2.5219618055555557,1.4277604166666666,0.7729513888888889,0.7462133487654321
3887,00:01:04.767,0.7912281378600823,2.689207175925926,1.080889274691358,0.6515817901234567,0.6412133487654321
3888,00:01:04.783,0.520792824074074,1.8416666666666666,0.6924421296296296,0.4476658950617284,0.4222704475308642
3889,00:01:04.800,0.01362525720164609,0.01623263888888889,0.02705246913580247,0.00583912037037037,0.007984182098765433
3890,00:01:04.817,0.5777385545267489,2.275520833333333,0.7994540895061728,0.44591628086419755,0.4878452932098765
3891,00:01:04.833,0.5369200102880658,1.7403356481481482,0.7921952160493827,0.3940625,0.4245023148148148
3892,00:01:04.850,0.649636702674897,2.2897858796296298,1.0158391203703703,0.43202546296296296,0.501045524691358
3893,00:01:04.867,0.5538368055555555,1.7137731481481482,0.8847280092592592,0.38189236111111113,0.3948900462962963
3894,00:01:04.883,0.4572125771604938,1.9459490740740741,0.679903549382716,0.34891782407407407,0.34281635802469135
3895,00:01:04.900,0.4075919495884774,1.5293113425925926,0.5902623456790124,0.3021604938271605,0.33035300925925926
3896,00:01:04.917,0.4684735082304527,1.5888310185185186,0.6725077160493828,0.34436149691358026,0.3885513117283951
3897,00:01:04.933,0.3542348251028806,0.9601851851851851,0.49030864197530866,0.2845023148148148,0.2878935185185185
3898,00:01:04.950,0.4296354166666667,1.221383101851852,0.6226658950617284,0.3383391203703704,0.3279012345679012
3899,00:01:04.967,0.43692193930041157,1.5391493055555556,0.6444405864197531,0.35310956790123454,0.31321566358024694
3900,00:01:04.983,0.5509902263374485,1.926273148148148,0.8669444444444444,0.44458333333333333,0.3414429012345679
3901,00:01:05.000,4.579514531893004,6.717853009259259,7.462816358024692,2.181130401234568,4.094596836419753
3902,00:01:05.017,0.5869663065843621,1.935127314814815,0.8634741512345679,0.49813078703703706,0.3992939814814815
3903,00:01:05.033,0.11629501028806584,0.813599537037037,0.15552276234567902,0.0913966049382716,0.10196566358024692
3904,00:01:05.050,0.7624897119341564,2.3689814814814816,1.1704185956790123,0.5790547839506173,0.5379957561728395
3905,00:01:05.067,0.874661779835391,2.1363136574074075,1.4236863425925925,0.5177912808641976,0.6825077160493828
3906,00:01:05.083,1.2988959619341565,3.8973090277777778,2.1021431327160496,0.7900655864197531,1.0044791666666666
3907,00:01:05.100,0.10568737139917696,0.7348958333333333,0.17070794753086418,0.05305555555555556,0.09329861111111111
3908,00:01:05.117,0.5422273662551441,1.2705729166666666,0.8738213734567901,0.38691550925925927,0.36594521604938274
3909,00:01:05.133,0.5353768004115226,1.2868055555555555,0.8633082561728395,0.3876639660493827,0.3551581790123457
3910,00:01:05.150,0.5330664866255144,1.262210648148148,0.8361323302469136,0.39751157407407406,0.3655555555555556
3911,00:01:05.167,0.47325424382716047,1.3733796296296297,0.7636072530864197,0.3408121141975309,0.31534336419753084
3912,00:01:05.183,0.58419045781893,1.7796875,0.8781520061728395,0.4646431327160494,0.40977623456790124
3913,00:01:05.200,0.700644933127572,2.0241608796296298,1.115457175925926,0.4935088734567901,0.49296875
3914,00:01:05.217,0.6537680041152264,1.636545138888889,1.0769695216049382,0.4692071759259259,0.4151273148148148
3915,00:01:05.233,0.8896810699588477,2.7142939814814815,1.4503915895061728,0.6655054012345679,0.5531462191358024
3916,00:01:05.250,0.014297196502057614,0.015248842592592593,0.027449845679012347,0.007173996913580247,0.008267746913580247
3917,00:01:05.267,0.8079089506172838,2.655758101851852,1.2592283950617285,0.612451774691358,0.5520466820987654
3918,00:01:05.283,0.8501774691358025,2.822511574074074,1.2742843364197531,0.7069386574074074,0.5693094135802469
3919,00:01:05.300,0.6841100823045267,2.062528935185185,1.0220119598765431,0.5510648148148148,0.4792534722222222
3920,00:01:05.317,0.6242148919753087,1.6729456018518518,0.9154899691358025,0.5232291666666666,0.4339255401234568
3921,00:01:05.333,0.7673617541152263,1.8087094907407408,1.145653935185185,0.6491203703703704,0.5073109567901235
3922,00:01:05.350,0.6230671296296296,1.1416956018518518,0.9651466049382716,0.5030729166666666,0.40098186728395063
3923,00:01:05.367,0.5491705246913581,1.0546296296296296,0.8258449074074075,0.45895640432098767,0.362710262345679
3924,00:01:05.383,0.8499350565843621,2.0969618055555554,1.3318672839506174,0.6760050154320988,0.5419328703703704
3925,00:01:05.400,0.6605253343621399,1.5563657407407407,1.1217939814814815,0.4764332561728395,0.3833487654320988
3926,00:01:05.417,0.8684940843621399,2.1535300925925926,1.4127951388888889,0.6578587962962963,0.5348283179012345
3927,00:01:05.433,0.6924382716049382,1.5499710648148148,1.1466242283950616,0.5198456790123457,0.4108449074074074
3928,00:01:05.450,0.7917393261316873,1.6906539351851853,1.3196296296296297,0.5783101851851852,0.47727816358024694
3929,00:01:05.467,0.7053877314814816,1.2100694444444444,1.1929205246913581,0.5060628858024692,0.4171797839506173
3930,00:01:05.483,0.8485635288065844,1.7182002314814815,1.408738425925926,0.6240489969135803,0.5129031635802469
3931,00:01:05.500,4.406562500000001,6.0178819444444445,7.2810146604938275,2.1601157407407405,3.778557098765432
3932,00:01:05.517,0.7129719650205762,1.5627604166666667,1.140474537037037,0.5618306327160494,0.436610725308642
3933,00:01:05.533,0.7606616512345679,1.8047743055555556,1.1959529320987654,0.5998611111111111,0.48617091049382716
3934,00:01:05.550,0.8758937757201646,1.9877604166666667,1.3740625,0.6590277777777778,0.594591049382716
3935,00:01:05.567,1.0130221193415638,2.088107638888889,1.6050694444444444,0.6913638117283951,0.7426331018518518
3936,00:01:05.583,0.8050533693415637,1.6449074074074075,1.2617496141975308,0.6327064043209877,0.5207040895061729
3937,00:01:05.600,0.027404835390946503,0.10182291666666667,0.05375,0.011371527777777777,0.017092978395061728
3938,00:01:05.617,0.8298990483539095,1.8131365740740741,1.261286651234568,0.6942766203703704,0.5341338734567901
3939,00:01:05.633,0.014881687242798354,0.028530092592592593,0.025707947530864198,0.0076948302469135805,0.011242283950617283
3940,00:01:05.650,0.5992476851851852,1.351736111111111,0.9201427469135802,0.4876485339506173,0.389951774691358
3941,00:01:05.667,2.2930478395061726,2.1535300925925926,4.28724537037037,1.0932233796296296,1.4986747685185184
3942,00:01:05.683,1.1905381944444444,1.7900173611111112,2.094513888888889,0.7583950617283951,0.7187056327160494
3943,00:01:05.700,1.5203099279835393,2.589351851851852,2.756628086419753,0.9298013117283951,0.8745003858024691
3944,00:01:05.717,1.469169881687243,2.671990740740741,2.708005401234568,0.8338310185185185,0.865673225308642
3945,00:01:05.733,1.227133487654321,2.211574074074074,2.1780690586419755,0.7481712962962963,0.7551601080246914
3946,00:01:05.750,1.106084747942387,2.4053819444444446,1.876298225308642,0.751670524691358,0.6902854938271605
3947,00:01:05.767,1.120548482510288,2.7241319444444443,1.820048225308642,0.8440007716049382,0.6975964506172839
3948,00:01:05.783,1.154394933127572,2.238136574074074,1.9557947530864197,0.8242091049382716,0.6831809413580247
3949,00:01:05.800,1.1492939814814813,2.6847800925925926,1.9577237654320987,0.8235570987654321,0.6666010802469136
3950,00:01:05.817,1.1458506944444444,2.8510416666666667,1.9387712191358024,0.7979456018518518,0.700835262345679
3951,00:01:05.833,0.9892033179012346,2.1761574074074073,1.6684683641975309,0.716809413580247,0.5823321759259259
3952,00:01:05.850,1.2152424125514403,2.4973668981481483,2.0945543981481483,0.8131712962962963,0.7380015432098765
3953,00:01:05.867,1.0555047582304526,2.0005497685185185,1.8090875771604937,0.7166435185185185,0.6407831790123457
3954,00:01:05.883,0.9763676697530864,1.5548900462962962,1.7001157407407408,0.6568614969135802,0.5721257716049383
3955,00:01:05.900,0.7727218364197531,1.667042824074074,1.337860725308642,0.5222704475308642,0.4580343364197531
3956,00:01:05.917,1.1068672839506173,1.8224826388888888,1.931826774691358,0.7447145061728395,0.6440605709876543
3957,00:01:05.933,0.9351793981481481,2.0497395833333334,1.6045389660493827,0.6476485339506173,0.5533506944444444
3958,00:01:05.950,0.031514917695473245,0.019675925925925927,0.06703896604938271,0.010453317901234568,0.01705246913580247
3959,00:01:05.967,1.160570987654321,2.4280092592592593,1.8667226080246913,0.8251234567901234,0.7898668981481481
3960,00:01:05.983,0.6519425154320987,1.3620659722222221,1.0953028549382715,0.47444444444444445,0.3860802469135802
3961,00:01:06.000,5.215216692386831,6.506336805555556,8.642766203703705,2.6353800154320988,4.367503858024691
3962,00:01:06.017,0.07939686213991769,0.40089699074074076,0.11189621913580247,0.059174382716049384,0.06711998456790123
3963,00:01:06.033,1.08669045781893,3.2465277777777777,1.8834394290123457,0.7284683641975309,0.6481635802469136
3964,00:01:06.050,1.1339191100823045,3.2558738425925924,1.906815200617284,0.7221064814814815,0.7728356481481482
3965,00:01:06.067,1.3555896347736625,3.439351851851852,2.208900462962963,0.8492496141975309,1.008618827160494
3966,00:01:06.083,1.7058854166666666,4.259837962962963,2.811608796296296,1.028587962962963,1.2774594907407408
3967,00:01:06.100,0.8896913580246913,2.201244212962963,1.5320833333333332,0.5398109567901235,0.5971797839506173
3968,00:01:06.117,0.904340920781893,2.307002314814815,1.5707040895061728,0.5392341820987654,0.6030844907407408
3969,00:01:06.133,0.8245190329218106,2.121556712962963,1.3926099537037038,0.4942264660493827,0.5867206790123457
3970,00:01:06.150,0.6884484310699589,1.7659143518518519,1.1286226851851853,0.4481095679012346,0.4886130401234568
3971,00:01:06.167,0.638241383744856,1.437818287037037,1.0133371913580247,0.43939814814814815,0.46198881172839507
3972,00:01:06.183,0.7189834104938271,2.4319444444444445,1.1475308641975308,0.5027912808641976,0.5066280864197531
3973,00:01:06.200,1.9891165123456789,1.9715277777777778,3.9864641203703703,0.6313194444444444,1.3495659722222222
3974,00:01:06.217,1.1631603652263376,1.577517361111111,2.2516994598765434,0.5304783950617284,0.7073032407407407
3975,00:01:06.233,1.1918621399176956,1.4737268518518518,2.3865489969135805,0.5275366512345679,0.6615007716049383
3976,00:01:06.250,1.6280073302469136,3.1284722222222223,3.3060416666666668,0.6240123456790123,0.9539679783950618
3977,00:01:06.267,1.3374337705761317,2.7516782407407407,2.6267148919753085,0.557908950617284,0.8276774691358024
3978,00:01:06.283,0.02060570987654321,0.043287037037037034,0.03968942901234568,0.009311342592592593,0.012816358024691358
3979,00:01:06.300,2.7196405606995886,8.577719907407408,4.039932484567902,2.0139583333333335,2.105030864197531
3980,00:01:06.317,2.0354873971193417,6.841319444444444,3.328076774691358,1.4196354166666667,1.35875
3981,00:01:06.333,1.789329346707819,5.83046875,2.7522820216049384,1.3847395833333334,1.2309664351851852
3982,00:01:06.350,1.7314255401234568,5.985908564814815,2.66233024691358,1.3430054012345678,1.1889409722222222
3983,00:01:06.367,1.4955844907407407,4.776822916666666,2.4345042438271607,1.1128163580246913,0.9394328703703704
3984,00:01:06.383,1.7206069958847738,5.136892361111111,2.804031635802469,1.2539930555555556,1.1037962962962964
3985,00:01:06.400,1.3435725308641977,3.8067997685185184,2.220499614197531,0.9719868827160494,0.8382310956790123
3986,00:01:06.417,1.1932510288065845,2.931712962962963,2.0995582561728394,0.7678221450617284,0.7123726851851852
3987,00:01:06.433,1.0357741769547326,2.6473958333333334,1.8044251543209877,0.6678665123456791,0.6350308641975309
3988,00:01:06.450,0.9332317386831276,2.8303819444444445,1.5863966049382716,0.6147048611111111,0.59859375
3989,00:01:06.467,0.7421347736625514,2.2361689814814816,1.2570563271604938,0.47585262345679014,0.4934953703703704
3990,00:01:06.483,0.9136882716049383,2.108767361111111,1.482391975308642,0.5947337962962963,0.6639390432098765
3991,00:01:06.500,4.355002572016461,5.576649305555556,7.391132330246913,1.8804475308641975,3.7934278549382716
3992,00:01:06.517,0.6897505144032922,2.765943287037037,0.947860725308642,0.6677739197530864,0.45361689814814815
3993,00:01:06.533,0.5426093106995885,2.0674479166666666,0.7497665895061728,0.4661323302469136,0.411929012345679
3994,00:01:06.550,0.6767438271604939,2.326678240740741,0.9958680555555556,0.515,0.5193634259259259
3995,00:01:06.567,0.8767971965020576,2.4132523148148146,1.39288387345679,0.549278549382716,0.6882291666666667
3996,00:01:06.583,0.6309477880658436,1.4083043981481482,1.0436574074074074,0.30020640432098766,0.5489795524691358
3997,00:01:06.600,0.5666949588477367,1.676388888888889,0.8625424382716049,0.3963869598765432,0.44115547839506175
3998,00:01:06.617,0.45052469135802475,1.5293113425925926,0.6440798611111112,0.33741126543209876,0.3700829475308642
3999,00:01:06.633,0.4255343364197531,1.7147569444444444,0.56234375,0.3705266203703704,0.3437326388888889
4000,00:01:06.650,0.5862962962962963,2.0172743055555555,0.805162037037037,0.43758873456790126,0.5161381172839506
4001,00:01:06.667,0.4015297067901234,1.3723958333333333,0.5209201388888889,0.3490875771604938,0.33458140432098765
4002,00:01:06.683,0.409266975308642,1.4599537037037038,0.5218711419753086,0.35804783950617286,0.3478819444444444
4003,00:01:06.700,0.3979790380658436,0.9592013888888888,0.5350655864197531,0.32543595679012344,0.3334355709876543
4004,00:01:06.717,0.4285088734567901,1.4648726851851852,0.5563368055555555,0.3318557098765432,0.3973341049382716
4005,00:01:06.733,0.37368634259259254,0.9006655092592593,0.4997627314814815,0.2828684413580247,0.3384278549382716
4006,00:01:06.750,0.40994791666666663,1.0049479166666666,0.5481693672839506,0.32925154320987654,0.3524228395061728
4007,00:01:06.767,0.3390663580246913,0.975925925925926,0.4876176697530864,0.23776427469135802,0.29181712962962963
4008,00:01:06.783,0.37599215534979424,1.3674768518518519,0.5452353395061729,0.2656365740740741,0.3171045524691358
4009,00:01:06.800,0.37537744341563783,1.2764756944444444,0.5735378086419753,0.24441550925925926,0.308179012345679
4010,00:01:06.817,0.27887602880658435,0.7560474537037037,0.4441010802469136,0.18307870370370372,0.2094483024691358
4011,00:01:06.833,0.37373263888888886,1.185474537037037,0.5434567901234568,0.2676581790123457,0.3100829475308642
4012,00:01:06.850,0.25937628600823043,0.9847800925925926,0.3720486111111111,0.19557291666666668,0.2105073302469136
4013,00:01:06.867,0.41369084362139924,1.2469618055555556,0.5829783950617284,0.3119598765432099,0.3461342592592593
4014,00:01:06.883,0.25170460390946503,1.0777488425925925,0.38418402777777777,0.1801292438271605,0.1908005401234568
4015,00:01:06.900,0.46537680041152263,1.6562210648148148,0.6878549382716049,0.3459047067901235,0.3623707561728395
4016,00:01:06.917,0.4975829475308642,1.6886863425925926,0.7507079475308642,0.38015625,0.3618846450617284
4017,00:01:06.933,0.6028478652263375,1.7914930555555555,0.9014043209876543,0.4619174382716049,0.4452218364197531
4018,00:01:06.950,0.020118955761316875,0.05804398148148148,0.041498842592592594,0.008971836419753087,0.009886188271604939
4019,00:01:06.967,0.6577308384773662,1.6247395833333333,0.9137770061728395,0.5658140432098765,0.4936014660493827
4020,00:01:06.983,0.5482317386831276,1.6242476851851853,0.7792573302469136,0.4553317901234568,0.41010609567901235
4021,00:01:07.000,4.858771862139918,7.244675925925926,7.923319830246913,2.388078703703704,4.264917052469136
4022,00:01:07.017,0.08164609053497944,0.46435185185185185,0.10643904320987654,0.06357831790123457,0.07492091049382717
4023,00:01:07.033,0.7362962962962963,2.8013599537037037,0.9658082561728395,0.6888213734567902,0.5542592592592592
4024,00:01:07.050,1.10967271090535,3.6951388888888888,1.5056346450617284,0.9884066358024691,0.8349768518518519
4025,00:01:07.067,0.4701884002057613,1.3409143518518518,0.7595023148148148,0.2466840277777778,0.40437885802469137
4026,00:01:07.083,1.3546514917695471,2.7113425925925925,2.0017341820987653,0.9981539351851851,1.0640663580246914
4027,00:01:07.100,0.805320859053498,1.9011863425925926,1.1760204475308642,0.667716049382716,0.5722260802469136
4028,00:01:07.117,0.6289506172839506,1.7324652777777778,0.8477353395061729,0.5658873456790123,0.47322916666666665
4029,00:01:07.133,0.7006166409465021,1.3438657407407408,0.9139853395061729,0.6737519290123457,0.5141126543209876
4030,00:01:07.150,0.8456925154320988,2.3586516203703702,1.1318942901234568,0.7956423611111111,0.6095408950617284
4031,00:01:07.167,0.6679456018518518,1.6704861111111111,0.9230478395061729,0.5880729166666666,0.49271604938271607
4032,00:01:07.183,0.6024080504115227,1.868721064814815,0.8545042438271605,0.5051890432098766,0.44753086419753085
4033,00:01:07.200,0.530170396090535,1.3389467592592592,0.7399305555555555,0.4348996913580247,0.4156809413580247
4034,00:01:07.217,0.6400077160493828,1.6921296296296295,0.8799382716049383,0.531653163580247,0.508431712962963
4035,00:01:07.233,0.5886014660493827,1.2936921296296295,0.7319868827160494,0.5163464506172839,0.5174710648148149
4036,00:01:07.250,0.6789255401234567,1.7806712962962963,0.8708680555555556,0.5831674382716049,0.5827411265432099
4037,00:01:07.267,0.5743177726337448,1.490943287037037,0.733065200617284,0.48749421296296297,0.5023939043209876
4038,00:01:07.283,0.019675925925925927,0.011805555555555555,0.04604166666666667,0.005721450617283951,0.007264660493827161
4039,00:01:07.300,0.7400964506172839,1.975954861111111,0.934639274691358,0.6299556327160494,0.6556944444444445
4040,00:01:07.317,0.698730066872428,1.3556712962962962,0.9584432870370371,0.5583005401234568,0.5794463734567902
4041,00:01:07.333,0.7498456790123457,1.7659143518518519,1.01352237654321,0.6015798611111111,0.6344347993827161
4042,00:01:07.350,0.8034400720164608,1.8933159722222221,1.1786496913580247,0.5965875771604938,0.6350829475308643
4043,00:01:07.367,0.8183532664609053,1.7462384259259258,1.0943769290123457,0.6502719907407407,0.7104108796296297
4044,00:01:07.383,0.6888348765432099,1.3325520833333333,0.9186651234567901,0.5695293209876543,0.5783101851851852
4045,00:01:07.400,0.7412390689300411,2.0699074074074075,0.9529417438271605,0.6261246141975308,0.6446508487654321
4046,00:01:07.417,0.6874234825102881,1.2420428240740742,0.931304012345679,0.555318287037037,0.5756481481481481
4047,00:01:07.433,0.931107896090535,3.1456886574074074,1.1052160493827161,0.7933989197530864,0.8947087191358025
4048,00:01:07.450,0.42823495370370374,1.4584780092592593,0.47780671296296295,0.3844309413580247,0.42246720679012345
4049,00:01:07.467,0.014226466049382715,0.06837384259259259,0.027623456790123457,0.006151620370370371,0.008904320987654321
4050,00:01:07.483,0.42928883744855967,1.0944733796296295,0.4665952932098765,0.42346064814814816,0.3978105709876543
4051,00:01:07.500,4.393543595679012,5.590422453703703,7.112687114197531,2.056585648148148,4.011358024691358
4052,00:01:07.517,0.37125578703703704,1.5155381944444444,0.36288966049382715,0.38072337962962965,0.37015432098765433
4053,00:01:07.533,0.5040432098765433,2.301099537037037,0.5405092592592593,0.48302469135802467,0.4885956790123457
4054,00:01:07.550,0.5160133744855967,1.8800347222222222,0.6203530092592593,0.44800154320987656,0.4796855709876543
4055,00:01:07.567,0.761360596707819,2.359635416666667,1.0655690586419753,0.5140277777777778,0.7044849537037037
4056,00:01:07.583,0.8801838991769548,2.291753472222222,1.3477546296296297,0.5071122685185185,0.7856847993827161
4057,00:01:07.600,0.43137345679012346,1.3640335648148147,0.6238676697530864,0.2862345679012346,0.3840181327160494
4058,00:01:07.617,0.3037037037037037,0.9803530092592593,0.36515046296296294,0.25229359567901233,0.2936670524691358
4059,00:01:07.633,0.2870023148148148,1.0565972222222222,0.3031423611111111,0.2751948302469136,0.28266975308641973
4060,00:01:07.650,0.2735204475308642,1.112673611111111,0.3121990740740741,0.2613831018518519,0.24697916666666667
4061,00:01:07.667,0.24116962448559673,1.0816840277777777,0.3076466049382716,0.20434992283950618,0.21151234567901234
4062,00:01:07.683,0.2495048868312757,0.46976273148148145,0.2987307098765432,0.23087962962962963,0.21890432098765433
4063,00:01:07.700,0.22097736625514405,0.5666666666666667,0.27080632716049385,0.18596064814814814,0.2061651234567901
4064,00:01:07.717,0.01622363683127572,0.022627314814814815,0.03184220679012346,0.006248070987654321,0.010580632716049383
4065,00:01:07.733,0.3345093878600823,1.1712094907407407,0.3720949074074074,0.3407002314814815,0.29073302469135803
4066,00:01:07.750,0.649911908436214,2.443258101851852,0.9676253858024692,0.3825713734567901,0.5995389660493827
4067,00:01:07.767,0.19247685185185184,0.8027777777777778,0.24635416666666668,0.14744984567901234,0.18362654320987654
4068,00:01:07.783,0.18418659979423868,1.2002314814814814,0.216304012345679,0.16542631172839506,0.17082947530864198
4069,00:01:07.800,0.09937885802469136,0.6256944444444444,0.10255401234567901,0.09138503086419753,0.10419753086419753
4070,00:01:07.817,0.05523855452674897,0.4687789351851852,0.05778935185185185,0.06230516975308642,0.04562114197530864
4071,00:01:07.833,0.02402263374485597,0.18888888888888888,0.018744212962962963,0.03339891975308642,0.01992476851851852
4072,00:01:07.850,0.03344714506172839,0.38859953703703703,0.03487847222222222,0.03956211419753086,0.0259008487654321
4073,00:01:07.867,0.05303240740740741,0.38663194444444443,0.05819251543209877,0.04718942901234568,0.05371527777777778
4074,00:01:07.883,0.01604552469135803,0.017708333333333333,0.02109567901234568,0.012231867283950617,0.014809027777777779
4075,00:01:07.900,0.028068415637860084,0.06984953703703704,0.028699845679012344,0.03027006172839506,0.02523533950617284
4076,00:01:07.917,0.06367155349794239,0.24004629629629629,0.05326003086419753,0.0686766975308642,0.06907793209876543
4077,00:01:07.933,0.10907343106995883,0.5656828703703703,0.0983275462962963,0.12356481481481481,0.10532793209876543
4078,00:01:07.950,0.09375385802469134,0.5533854166666666,0.08970871913580247,0.11523533950617285,0.07631751543209876
4079,00:01:07.967,0.10299061213991771,0.7088252314814815,0.11120949074074074,0.10501543209876543,0.09274691358024692
4080,00:01:07.983,0.0703170010288066,0.5056712962962963,0.07419367283950618,0.08271990740740741,0.054037422839506175
4081,00:01:08.000,4.488328189300412,6.192505787037037,7.301114969135803,1.973263888888889,4.190605709876543
4082,00:01:08.017,0.13894740226337451,0.6665219907407407,0.15935956790123457,0.1333101851851852,0.12417245370370371
4083,00:01:08.033,0.18662101337448558,1.1067708333333333,0.21533757716049381,0.177241512345679,0.16728395061728396
4084,00:01:08.050,0.26935635288065846,1.4958622685185186,0.3653240740740741,0.205991512345679,0.23675347222222223
4085,00:01:08.067,0.5409728652263374,2.5490162037037036,0.8419637345679012,0.30386188271604936,0.4770929783950617
4086,00:01:08.083,0.7519077932098766,1.7816550925925927,1.2062962962962962,0.39424961419753085,0.6551774691358024
4087,00:01:08.100,0.12739326131687242,0.26414930555555555,0.20817515432098765,0.060459104938271606,0.11354552469135802
4088,00:01:08.117,0.08502057613168723,0.3162905092592593,0.09526813271604938,0.07893904320987655,0.0808545524691358
4089,00:01:08.133,0.09468235596707819,0.2813657407407407,0.12941936728395062,0.07235146604938271,0.08227623456790123
4090,00:01:08.150,0.07958590534979425,0.308912037037037,0.10368441358024691,0.06621720679012345,0.06885609567901235
4091,00:01:08.167,0.06380079732510288,0.3861400462962963,0.09174382716049383,0.04778549382716049,0.05187307098765432
4092,00:01:08.183,0.11091499485596708,0.3669560185185185,0.15443479938271604,0.08591628086419753,0.09239390432098765
4093,00:01:08.200,0.0702636316872428,0.28923611111111114,0.08532600308641976,0.05999228395061729,0.06547260802469136
4094,00:01:08.217,0.0553587962962963,0.42352430555555554,0.07005401234567901,0.05076774691358025,0.04525462962962963
4095,00:01:08.233,0.07691036522633744,0.28923611111111114,0.11543402777777778,0.05447337962962963,0.06082368827160494
4096,00:01:08.250,0.06944508744855966,0.24988425925925925,0.10106288580246914,0.05561149691358025,0.05166087962962963
4097,00:01:08.267,0.1622685185185185,0.5415798611111111,0.2434741512345679,0.11028742283950617,0.13304398148148147
4098,00:01:08.283,0.08881815843621399,0.265625,0.1440817901234568,0.06432870370370371,0.05804398148148148
4099,00:01:08.300,0.1525173611111111,0.4722222222222222,0.20014081790123456,0.1358275462962963,0.12158371913580247
4100,00:01:08.317,0.0831886574074074,0.3182581018518518,0.11447916666666667,0.07638503086419753,0.058701774691358025
4101,00:01:08.333,0.10682548868312758,0.30940393518518516,0.14068287037037036,0.09242476851851852,0.08736882716049382
4102,00:01:08.350,0.11102880658436214,0.3566261574074074,0.18098765432098765,0.0789621913580247,0.07313657407407408
4103,00:01:08.367,0.11824009773662551,0.5553530092592592,0.15315586419753086,0.10429591049382717,0.09726851851851852
4104,00:01:08.383,0.08152713477366255,0.27743055555555557,0.09519097222222223,0.07754822530864197,0.07184220679012346
4105,00:01:08.400,0.1055742026748971,0.6911168981481481,0.1322511574074074,0.1000925925925926,0.08437885802469136
4106,00:01:08.417,0.09568479938271605,0.30940393518518516,0.11430748456790124,0.08894483024691358,0.08380208333333333
4107,00:01:08.433,0.0964576903292181,0.4850115740740741,0.10023341049382715,0.10103009259259259,0.08810956790123457
4108,00:01:08.450,0.10189107510288066,0.47369791666666666,0.1407368827160494,0.08198109567901235,0.08295524691358025
4109,00:01:08.467,0.16139724794238683,0.7594907407407407,0.1841454475308642,0.1509741512345679,0.1490721450617284
4110,00:01:08.483,0.05380529835390946,0.23955439814814813,0.10494791666666667,0.02410493827160494,0.03236304012345679
4111,00:01:08.500,4.31143454218107,6.860995370370371,7.059990354938272,1.8784567901234568,3.9958564814814816
4112,00:01:08.517,0.17184413580246916,0.7737557870370371,0.1938695987654321,0.17445601851851852,0.14720679012345678
4113,00:01:08.533,0.2063869598765432,1.254832175925926,0.23702739197530864,0.19471836419753086,0.18741512345679012
4114,00:01:08.550,0.4098591820987654,2.0133391203703703,0.5935493827160494,0.2952025462962963,0.3408256172839506
4115,00:01:08.567,0.6447646604938272,2.643460648148148,0.9592746913580247,0.41858217592592595,0.5564371141975308
4116,00:01:08.583,0.27418081275720163,1.1421875,0.41181327160493825,0.19237461419753085,0.2183545524691358
4117,00:01:08.600,0.26891589506172836,0.4894386574074074,0.4098514660493827,0.2042554012345679,0.19264081790123458
4118,00:01:08.617,0.15500321502057612,0.7147280092592593,0.21184606481481483,0.13368827160493826,0.11947530864197531
4119,00:01:08.633,0.17383809156378602,0.8317997685185186,0.29028163580246913,0.12032793209876544,0.11090470679012346
4120,00:01:08.650,0.25150720164609053,0.8785300925925926,0.39453125,0.18307098765432098,0.1769193672839506
4121,00:01:08.667,0.23865869341563783,0.7530960648148148,0.3364756944444444,0.1961786265432099,0.18332175925925925
4122,00:01:08.683,0.19934027777777777,0.9154224537037037,0.30766010802469135,0.1512056327160494,0.1391550925925926
4123,00:01:08.700,0.2706616512345679,0.7398148148148148,0.38505979938271606,0.21752507716049382,0.20940007716049383
4124,00:01:08.717,0.1720698302469136,0.3708912037037037,0.24754822530864198,0.14673611111111112,0.12192515432098766
4125,00:01:08.733,0.3244553755144033,0.4486111111111111,0.4556057098765432,0.2681211419753086,0.24963927469135802
4126,00:01:08.750,0.24571630658436214,0.5651909722222223,0.35726851851851854,0.19848572530864197,0.18139467592592592
4127,00:01:08.767,0.20683770576131688,0.5765046296296297,0.317085262345679,0.1521141975308642,0.1513136574074074
4128,00:01:08.783,0.21393518518518517,0.5032118055555556,0.31884259259259257,0.16467978395061728,0.15828317901234568
4129,00:01:08.800,0.20521540637860083,0.6114293981481481,0.307704475308642,0.15443865740740742,0.15350308641975308
4130,00:01:08.817,0.2005690586419753,0.4584490740740741,0.326934799382716,0.1347608024691358,0.14001157407407408
4131,00:01:08.833,0.03939364711934156,0.47369791666666666,0.08077160493827161,0.015538194444444445,0.021871141975308643
4132,00:01:08.850,0.20088348765432099,0.8091724537037037,0.3128105709876543,0.1403028549382716,0.14953703703703702
4133,00:01:08.867,0.23374228395061727,0.5799479166666667,0.3607060185185185,0.1689795524691358,0.17154128086419754
4134,00:01:08.883,0.2532278806584362,0.6665219907407407,0.4050096450617284,0.1747145061728395,0.17995949074074075
4135,00:01:08.900,0.35631687242798354,0.9208333333333333,0.526772762345679,0.280727237654321,0.26145061728395064
4136,00:01:08.917,0.2725450102880658,1.0256076388888888,0.4136342592592593,0.2057079475308642,0.1982928240740741
4137,00:01:08.933,0.3082548868312757,0.6252025462962963,0.49427662037037035,0.2130150462962963,0.21747299382716048
4138,00:01:08.950,0.30027456275720166,0.7024305555555556,0.4628105709876543,0.22211998456790125,0.21589313271604937
4139,00:01:08.967,0.2492039609053498,0.7658854166666667,0.3915933641975309,0.18191550925925926,0.17410300925925926
4140,00:01:08.983,0.2700810185185185,0.763917824074074,0.4390316358024691,0.1863233024691358,0.1848881172839506
4141,00:01:09.000,3.900850051440329,6.315972222222222,6.336849922839506,1.7633506944444444,3.602349537037037
4142,00:01:09.017,0.2792393261316873,1.4407696759259259,0.38094135802469137,0.24557291666666667,0.2112037037037037
4143,00:01:09.033,0.3593557098765432,1.1269386574074074,0.48910108024691357,0.31693479938271607,0.27203125
4144,00:01:09.050,0.47824074074074074,1.8082175925925925,0.7036979166666667,0.3422974537037037,0.38872685185185185
4145,00:01:09.067,0.6356295010288066,1.6094907407407408,1.0126427469135801,0.3694753086419753,0.5247704475308642
4146,00:01:09.083,0.39814043209876543,0.8819733796296296,0.6512229938271605,0.2700385802469136,0.27315972222222223
4147,00:01:09.100,0.29233796296296294,0.5469907407407407,0.48377893518518517,0.21252893518518517,0.18070601851851853
4148,00:01:09.117,0.2867560442386831,0.7614583333333333,0.48300733024691356,0.20618441358024692,0.17107638888888888
4149,00:01:09.133,0.015547839506172839,0.006394675925925926,0.030181327160493827,0.006905864197530864,0.009556327160493826
4150,00:01:09.150,0.27287422839506176,0.9370659722222222,0.46149305555555553,0.19635416666666666,0.16077546296296297
4151,00:01:09.167,0.48446952160493834,1.2705729166666666,0.6940972222222223,0.3872646604938272,0.37204668209876546
4152,00:01:09.183,0.022919238683127573,0.030005787037037036,0.04723572530864197,0.008767361111111111,0.01275462962962963
4153,00:01:09.200,0.47746849279835396,1.3842013888888889,0.660559413580247,0.34740354938271606,0.42444251543209877
4154,00:01:09.217,0.45498842592592587,1.0315104166666667,0.6866531635802469,0.30564814814814817,0.37266396604938273
4155,00:01:09.233,0.3023161008230453,0.9518229166666666,0.43654899691358023,0.22073881172839507,0.2496604938271605
4156,00:01:09.250,0.2631275720164609,0.9532986111111111,0.35997106481481483,0.19952739197530864,0.22988425925925926
4157,00:01:09.267,0.39819380144032923,2.125983796296296,0.6179012345679012,0.26382716049382715,0.31285300925925924
4158,00:01:09.283,0.2524035493827161,1.1603877314814814,0.42453317901234566,0.14991319444444445,0.18276427469135803
4159,00:01:09.300,0.24831661522633744,1.0433159722222223,0.40002507716049385,0.16224922839506173,0.1826755401234568
4160,00:01:09.317,0.15112911522633746,0.49484953703703705,0.23758873456790122,0.10304783950617284,0.11275077160493827
4161,00:01:09.333,0.20572530864197533,0.6409432870370371,0.3474807098765432,0.13169753086419753,0.13799768518518518
4162,00:01:09.350,0.17107317386831275,0.20512152777777778,0.286460262345679,0.11633294753086419,0.11042631172839507
4163,00:01:09.367,0.1587152777777778,0.2616898148148148,0.2720679012345679,0.1021412037037037,0.10193672839506172
4164,00:01:09.383,0.18211419753086422,0.2592303240740741,0.3257349537037037,0.10995949074074074,0.11064814814814815
4165,00:01:09.400,0.24276556069958846,0.7594907407407407,0.41154128086419756,0.17146990740740742,0.1452854938271605
4166,00:01:09.417,0.19524241255144034,0.5401041666666667,0.33503086419753086,0.1282716049382716,0.12242476851851852
4167,00:01:09.433,0.19734246399176955,0.5342013888888889,0.3189949845679012,0.1478221450617284,0.125210262345679
4168,00:01:09.450,0.2179642489711934,0.8795138888888889,0.31339506172839504,0.17843364197530864,0.16206404320987655
4169,00:01:09.467,0.23522312242798357,0.35072337962962963,0.2832021604938272,0.21331018518518519,0.20915702160493826
4170,00:01:09.483,0.19521347736625513,0.24053819444444444,0.25572145061728396,0.17324652777777777,0.1566724537037037
4171,00:01:09.500,3.8240869341563783,5.050810185185185,6.038825231481481,1.807247299382716,3.626188271604938
4172,00:01:09.517,0.25380915637860085,2.105324074074074,0.2888329475308642,0.2807060185185185,0.19188850308641975
4173,00:01:09.533,0.4083384773662551,2.2130497685185184,0.4686342592592593,0.44415123456790123,0.31222993827160495
4174,00:01:09.550,0.5697164351851852,2.53671875,0.740204475308642,0.489579475308642,0.4793653549382716
4175,00:01:09.567,0.8252154063786009,2.8510416666666667,1.1513213734567902,0.6098958333333333,0.714429012345679
4176,00:01:09.583,0.4025565843621399,1.4579861111111112,0.5122087191358025,0.35843557098765433,0.337025462962963
4177,00:01:09.600,0.31844071502057614,0.8588541666666667,0.4277565586419753,0.2632716049382716,0.2642939814814815
4178,00:01:09.617,0.2115657150205761,0.9946180555555556,0.30060185185185184,0.16897183641975308,0.16512345679012347
4179,00:01:09.633,0.2547305812757202,0.5691261574074075,0.3399787808641975,0.22557677469135803,0.19863618827160495
4180,00:01:09.650,0.1713303755144033,0.3172743055555556,0.25562114197530866,0.12088348765432098,0.13748649691358025
4181,00:01:09.667,0.23240290637860084,0.5268229166666667,0.3020138888888889,0.20830632716049383,0.18688850308641974
4182,00:01:09.683,0.12127250514403293,0.5302662037037037,0.1696431327160494,0.09951774691358024,0.09465663580246914
4183,00:01:09.700,0.005760030864197531,0.012297453703703705,0.009743441358024692,0.0025810185185185185,0.004955632716049383
4184,00:01:09.717,0.3470704732510288,1.6680266203703704,0.4857966820987654,0.2932735339506173,0.2621412037037037
4185,00:01:09.733,0.01718171296296296,0.01574074074074074,0.03685378086419753,0.0057465277777777775,0.00894483024691358
4186,00:01:09.750,0.3223077417695473,1.1338252314814814,0.42135416666666664,0.3035127314814815,0.24205632716049383
4187,00:01:09.767,0.36659786522633747,1.1987557870370371,0.5722569444444444,0.26983989197530867,0.2576967592592593
4188,00:01:09.783,0.24932484567901234,0.6921006944444444,0.384375,0.19148919753086419,0.17211033950617283
4189,00:01:09.800,0.3451633230452675,0.9532986111111111,0.5355459104938272,0.2502372685185185,0.24970679012345678
4190,00:01:09.817,0.3222460133744856,0.7098090277777778,0.5338888888888889,0.22159143518518518,0.2112577160493827
4191,00:01:09.833,0.3721727109053498,0.8662326388888889,0.6313445216049383,0.24790123456790122,0.23727237654320987
4192,00:01:09.850,0.3337647890946502,0.7068576388888889,0.5400424382716049,0.243539737654321,0.2177121913580247
4193,00:01:09.867,0.28847415123456793,0.9655960648148149,0.5018962191358025,0.19587191358024691,0.16765432098765432
4194,00:01:09.883,0.3097627314814815,1.1603877314814814,0.5182349537037036,0.21841242283950618,0.19264081790123458
4195,00:01:09.900,0.3881815843621399,1.1594039351851853,0.6758777006172839,0.2492438271604938,0.23942322530864196
4196,00:01:09.917,0.28320666152263374,1.095457175925926,0.4713329475308642,0.1676851851851852,0.21060185185185185
4197,00:01:09.933,0.2897884516460905,0.949855324074074,0.5293653549382716,0.1596141975308642,0.1803858024691358
4198,00:01:09.950,0.2373630401234568,0.6616030092592593,0.446977237654321,0.12791087962962963,0.13720100308641975
4199,00:01:09.967,0.3147871656378601,0.8731192129629629,0.5812924382716049,0.1761651234567901,0.1869039351851852
4200,00:01:09.983,0.24608281893004114,0.5430555555555555,0.46052854938271603,0.14343364197530864,0.13428626543209876
4201,00:01:10.000,3.88357767489712,6.891493055555555,6.391099537037037,1.6986053240740742,3.561028163580247
4202,00:01:10.017,0.28400462962962963,1.6449074074074075,0.46768904320987653,0.19222993827160495,0.1920949074074074
4203,00:01:10.033,0.32384709362139913,1.87265625,0.5170389660493827,0.22614390432098766,0.22835841049382716
4204,00:01:10.050,0.5409927983539095,1.6080150462962963,0.9273591820987654,0.3045601851851852,0.3910590277777778
4205,00:01:10.067,0.4490496399176955,1.1712094907407407,0.7020929783950617,0.24064814814814814,0.4044077932098765
4206,00:01:10.083,0.3466968878600823,0.9252604166666667,0.6443344907407408,0.1698707561728395,0.22588541666666667
4207,00:01:10.100,0.2973881172839506,0.7845775462962963,0.550258487654321,0.1600925925925926,0.18181327160493826
4208,00:01:10.117,0.26703896604938276,1.0974247685185186,0.45742862654320987,0.17236689814814815,0.17132137345679013
4209,00:01:10.133,0.23671617798353908,0.8057291666666667,0.4162364969135802,0.14280864197530865,0.1511033950617284
4210,00:01:10.150,0.2764673353909465,1.0039641203703704,0.5033989197530864,0.15670138888888888,0.1693016975308642
4211,00:01:10.167,0.2512995113168724,0.8859085648148148,0.434585262345679,0.1560300925925926,0.16328317901234568
4212,00:01:10.183,0.2311361882716049,0.5666666666666667,0.38438271604938273,0.14564236111111112,0.16338348765432098
4213,00:01:10.200,0.2428909465020576,0.5691261574074075,0.40217013888888886,0.15128665123456791,0.17521604938271604
4214,00:01:10.217,0.22074781378600825,0.6227430555555555,0.34684606481481484,0.14312692901234567,0.1722704475308642
4215,00:01:10.233,0.364497170781893,0.9877314814814815,0.5338483796296296,0.2725462962962963,0.2870968364197531
4216,00:01:10.250,0.4529462448559671,1.2026909722222223,0.7065528549382716,0.3089139660493827,0.34337191358024693
4217,00:01:10.267,0.7575507973251029,1.89921875,1.329189814814815,0.4766608796296296,0.4668016975308642
4218,00:01:10.283,0.944792309670782,2.7664351851851854,1.5829899691358025,0.6346836419753087,0.6167033179012346
4219,00:01:10.300,1.1356468621399176,3.1117476851851853,1.886940586419753,0.768383487654321,0.751616512345679
4220,00:01:10.317,1.1082908950617283,2.6355902777777778,1.8095447530864197,0.7688252314814815,0.746502700617284
4221,00:01:10.333,1.1224485596707818,2.69609375,1.7213387345679012,0.9230343364197531,0.7229726080246913
4222,00:01:10.350,1.2123508230452675,3.021730324074074,1.8799209104938273,0.9925925925925926,0.7645389660493828
4223,00:01:10.367,0.013844521604938273,0.05017361111111111,0.02626929012345679,0.006554783950617284,0.008709490740740742
4224,00:01:10.383,1.410736239711934,3.1633969907407407,2.249178240740741,1.1406385030864197,0.842391975308642
4225,00:01:10.400,1.6773855452674897,4.022743055555556,2.874085648148148,1.2785320216049383,0.8795389660493828
4226,00:01:10.417,1.0540027006172838,2.0339988425925926,1.8659760802469136,0.730059799382716,0.5659722222222222
4227,00:01:10.433,1.2485037294238683,2.054658564814815,2.223070987654321,0.8751292438271605,0.6473109567901234
4228,00:01:10.450,1.4404533179012347,2.6439525462962963,2.5910783179012347,1.0239911265432098,0.7062905092592593
4229,00:01:10.467,1.1474183384773664,2.70396412037037,2.144021990740741,0.7515779320987654,0.5466550925925926
4230,00:01:10.483,1.4496495627572017,3.984866898148148,2.7118614969135804,0.932704475308642,0.7043827160493827
4231,00:01:10.500,4.5294103652263376,6.89296875,7.5840297067901234,2.1583371913580245,3.8458641975308643
4232,00:01:10.517,1.130238554526749,2.7870949074074076,2.099195601851852,0.7472974537037037,0.5442226080246914
4233,00:01:10.533,1.1257111625514402,2.8402199074074073,2.0999363425925925,0.7066724537037037,0.5705246913580246
4234,00:01:10.550,2.1433590534979423,5.227401620370371,4.074965277777777,1.3300385802469137,1.0250733024691359
4235,00:01:10.567,0.4555111882716049,1.2887731481481481,0.7305902777777777,0.23352623456790123,0.4024170524691358
4236,00:01:10.583,1.264212962962963,3.669068287037037,2.1794020061728396,0.8753684413580247,0.7378684413580247
4237,00:01:10.600,1.096429398148148,3.5785590277777777,1.8643248456790122,0.7871257716049382,0.6378375771604938
4238,00:01:10.617,1.053213091563786,3.2293113425925926,1.7910706018518519,0.751616512345679,0.6169521604938272
4239,00:01:10.633,0.7280639146090535,2.21009837962963,1.1578800154320987,0.5610706018518519,0.46524112654320987
4240,00:01:10.650,0.8465856481481482,2.65625,1.400733024691358,0.6362480709876543,0.5027758487654321
4241,00:01:10.667,0.9259008487654321,2.459490740740741,1.6528954475308641,0.5891068672839506,0.5357002314814815
4242,00:01:10.683,0.9104976851851853,2.5121238425925925,1.7496006944444444,0.5116840277777778,0.47020833333333334
4243,00:01:10.700,0.9400552983539096,2.1535300925925926,1.823636188271605,0.4666859567901235,0.52984375
4244,00:01:10.717,0.6539416152263375,1.5612847222222221,1.2324151234567902,0.3466628086419753,0.38274691358024693
4245,00:01:10.733,0.8745756172839506,1.9449652777777777,1.5768209876543209,0.47958140432098767,0.5673244598765432
4246,00:01:10.750,0.5383918467078189,1.852488425925926,0.9579783950617284,0.30580246913580245,0.35139467592592594
4247,00:01:10.767,0.5864036779835391,1.6257233796296295,1.034045138888889,0.3337519290123457,0.3914139660493827
4248,00:01:10.783,0.5184593621399177,1.2130208333333334,0.988119212962963,0.2515123456790124,0.3157465277777778
4249,00:01:10.800,0.4913470936213992,1.3989583333333333,0.9303144290123457,0.24425733024691357,0.2994695216049383
4250,00:01:10.817,0.011795910493827161,0.05017361111111111,0.019888117283950617,0.006959876543209877,0.008539737654320988
4251,00:01:10.833,0.3619283693415638,0.9729745370370371,0.6918460648148148,0.16936149691358024,0.2245775462962963
4252,00:01:10.850,0.3401466049382716,0.8603298611111111,0.6419540895061728,0.16674575617283952,0.21173996913580248
4253,00:01:10.867,0.3068936471193416,0.4830439814814815,0.5670756172839506,0.159008487654321,0.1945968364197531
4254,00:01:10.883,0.33054269547325105,1.195804398148148,0.594164737654321,0.16841628086419752,0.22904706790123458
4255,00:01:10.900,0.3173495370370371,2.1038483796296297,0.6012557870370371,0.15370949074074075,0.19708333333333333
4256,00:01:10.917,0.31297325102880663,1.0147858796296296,0.6237345679012346,0.14555555555555555,0.16962962962962963
4257,00:01:10.933,0.2557253086419753,1.0442997685185185,0.5139486882716049,0.11755787037037037,0.13566936728395063
4258,00:01:10.950,0.262352109053498,0.7599826388888888,0.5301736111111112,0.11953896604938272,0.13734375
4259,00:01:10.967,0.2873315329218107,1.3296006944444445,0.5847839506172839,0.12843171296296296,0.14877893518518517
4260,00:01:10.983,0.24474537037037036,1.1603877314814814,0.4878568672839506,0.1187962962962963,0.1275829475308642
4261,00:01:11.000,3.6397241512345677,5.548611111111111,6.129047067901235,1.644025848765432,3.146099537037037
4262,00:01:11.017,0.26821887860082305,0.9149305555555556,0.44981288580246914,0.17758487654320987,0.17725887345679012
4263,00:01:11.033,0.4494251543209877,1.7782118055555556,0.778022762345679,0.2614872685185185,0.30876543209876545
4264,00:01:11.050,0.4733506944444445,2.340451388888889,0.781508487654321,0.27533757716049384,0.3632060185185185
4265,00:01:11.067,0.9559072788065844,3.6607060185185185,1.725054012345679,0.4564679783950617,0.6861998456790124
4266,00:01:11.083,0.4406404320987654,1.5765335648148149,0.8267148919753087,0.22701967592592592,0.26818672839506175
4267,00:01:11.100,0.5001864711934156,2.1013888888888888,0.9669907407407408,0.25864390432098766,0.2749247685185185
4268,00:01:11.117,0.2700925925925926,0.9493634259259259,0.474789737654321,0.17273533950617284,0.16275270061728395
4269,00:01:11.133,0.407710262345679,1.609982638888889,0.7285416666666666,0.2502025462962963,0.24438657407407408
4270,00:01:11.150,0.37202546296296296,1.4427372685185185,0.6839139660493827,0.22105516975308642,0.21110725308641975
4271,00:01:11.167,0.32488233024691354,1.3227141203703703,0.6200135030864198,0.1810474537037037,0.17358603395061728
4272,00:01:11.183,0.29633616255144035,1.2592592592592593,0.5683429783950618,0.1631520061728395,0.15751350308641976
4273,00:01:11.200,0.38250514403292185,1.6788483796296296,0.7031230709876544,0.23509837962962962,0.20929398148148148
4274,00:01:11.217,0.28605324074074073,1.178587962962963,0.4942206790123457,0.193022762345679,0.17091628086419752
4275,00:01:11.233,0.2811194701646091,0.8957465277777777,0.4546161265432099,0.20712962962962964,0.18161265432098767
4276,00:01:11.250,0.27426118827160495,1.036429398148148,0.4505266203703704,0.1964699074074074,0.17578703703703705
4277,00:01:11.267,0.30994598765432096,1.2233506944444446,0.5247511574074074,0.20865354938271605,0.1964332561728395
4278,00:01:11.283,0.286446116255144,1.2002314814814814,0.4789429012345679,0.19550347222222222,0.184891975308642
4279,00:01:11.300,0.0038477366255144033,0.005902777777777778,0.0050347222222222225,0.002791280864197531,0.003717206790123457
4280,00:01:11.317,0.20530928497942388,0.5538773148148148,0.33166666666666667,0.15253858024691358,0.13172260802469135
4281,00:01:11.333,0.2664056069958847,0.9296875,0.46434413580246914,0.17976851851851852,0.15510416666666665
4282,00:01:11.350,0.23947530864197533,0.6138888888888889,0.4124382716049383,0.16219135802469137,0.14379629629629628
4283,00:01:11.367,0.5772254372427984,0.7555555555555555,0.9565817901234568,0.39655864197530866,0.37853587962962965
4284,00:01:11.383,0.2907632458847737,1.1323495370370371,0.5825694444444445,0.1569405864197531,0.13277970679012346
4285,00:01:11.400,0.3533609825102881,1.1461226851851851,0.6850135030864197,0.19971836419753086,0.1753510802469136
4286,00:01:11.417,0.19361947016460904,0.4722222222222222,0.3545679012345679,0.12008101851851852,0.10620949074074074
4287,00:01:11.433,0.26324266975308647,0.8195023148148148,0.4671952160493827,0.1653491512345679,0.15718364197530865
4288,00:01:11.450,0.24737718621399174,0.7619502314814814,0.4032986111111111,0.17492862654320987,0.1639043209876543
4289,00:01:11.467,0.3843377057613169,1.1776041666666666,0.5483680555555556,0.32078896604938273,0.2838560956790123
4290,00:01:11.483,0.36853652263374487,0.8873842592592592,0.49703510802469136,0.3350790895061728,0.27349537037037036
4291,00:01:11.500,3.6245042438271606,6.359751157407407,5.956111111111111,1.8232195216049383,3.0941820987654323
4292,00:01:11.517,0.5221180555555556,2.214525462962963,0.6241743827160494,0.5262808641975308,0.4158989197530864
4293,00:01:11.533,0.6897845936213992,2.43833912037037,0.9679456018518519,0.6058468364197531,0.4955613425925926
4294,00:01:11.550,0.8646662808641975,3.5952835648148147,1.1886651234567902,0.7830381944444444,0.6222955246913581
4295,00:01:11.567,1.0360397376543211,3.802372685185185,1.4503954475308642,0.8721026234567901,0.7856211419753086
4296,00:01:11.583,0.7129256687242798,2.839728009259259,0.9698418209876544,0.6779166666666666,0.4910185185185185
4297,00:01:11.600,0.5690554269547325,2.32421875,0.7153433641975309,0.6079803240740741,0.38384259259259257
4298,00:01:11.617,0.6693126286008231,2.5790219907407406,0.8916010802469135,0.6877546296296296,0.4285821759259259
4299,00:01:11.633,0.014438657407407407,0.018692129629629628,0.02673611111111111,0.006898148148148148,0.009681712962962963
4300,00:01:11.650,0.6914904835390946,2.144184027777778,1.0217341820987655,0.6504629629629629,0.40227430555555554
4301,00:01:11.667,0.8191891718106996,2.115162037037037,1.3137037037037036,0.6946315586419753,0.44923225308641973
4302,00:01:11.683,0.843832304526749,3.8569733796296295,1.2516801697530864,0.7760108024691358,0.5038059413580247
4303,00:01:11.700,0.7987995113168723,3.36015625,1.2498225308641975,0.6761631944444444,0.4704128086419753
4304,00:01:11.717,1.1607806069958848,4.445775462962963,2.0030787037037037,0.7855536265432099,0.6937094907407407
4305,00:01:11.733,1.2318261316872428,4.382320601851852,1.9954070216049382,0.9711168981481482,0.728954475308642
4306,00:01:11.750,1.012730195473251,2.803327546296296,1.8021952160493828,0.6261265432098766,0.6098688271604938
4307,00:01:11.767,1.0360609567901236,2.791521990740741,1.9055324074074074,0.5687422839506173,0.6339081790123456
4308,00:01:11.783,0.7627578446502058,3.0143518518518517,1.3538773148148149,0.45103395061728396,0.48336226851851855
4309,00:01:11.800,0.996414609053498,3.3291666666666666,1.7525019290123456,0.6555574845679012,0.5811844135802469
4310,00:01:11.817,27.690149819958847,71.19291087962964,43.059764660493826,31.061757330246913,8.948927469135802
4311,00:01:11.833,0.028179655349794237,0.03197337962962963,0.04326195987654321,0.018412422839506174,0.022864583333333334
4312,00:01:11.850,65.5168164866255,155.97204861111112,104.57617283950617,67.46365933641975,24.510617283950616
4313,00:01:11.867,0.029153163580246912,0.2857928240740741,0.033804012345679015,0.019710648148148147,0.03394483024691358
4314,00:01:11.883,0.0033005401234567897,0.01574074074074074,0.0036747685185185186,0.002191358024691358,0.004035493827160494
4315,00:01:11.900,0.00036329732510288065,0.0,0.00019675925925925926,0.00041280864197530866,0.0004803240740740741
4316,00:01:11.917,0.24097286522633743,1.4304398148148147,0.33935570987654323,0.14326003086419753,0.2403028549382716
4317,00:01:11.933,0.024583976337448563,0.2267650462962963,0.037592592592592594,0.013094135802469136,0.02306520061728395
4318,00:01:11.950,0.002849151234567901,0.006394675925925926,0.0030555555555555557,0.0020891203703703705,0.0034027777777777776
4319,00:01:11.967,0.002218364197530864,0.0004918981481481481,0.004579475308641975,0.0008140432098765432,0.001261574074074074
4320,00:01:11.983,0.00035043724279835395,0.0,0.00017939814814814815,0.00021412037037037038,0.0006577932098765432
4321,00:01:12.000,2.863947402263374,4.781741898148148,3.2701176697530863,1.488011188271605,3.833713348765432
4322,00:01:12.017,0.03010931069958848,0.8804976851851852,0.024193672839506172,0.03251350308641975,0.03362075617283951
4323,00:01:12.033,0.03688914609053498,0.6301215277777777,0.03436535493827161,0.03589699074074074,0.04040509259259259
4324,00:01:12.050,0.09751671810699587,1.088570601851852,0.1074170524691358,0.07951003086419753,0.10562307098765432
4325,00:01:12.067,0.18751800411522634,1.2405671296296297,0.22390625,0.1342843364197531,0.20436342592592593
4326,00:01:12.083,0.27006880144032924,2.095486111111111,0.32793595679012344,0.1760493827160494,0.3062210648148148
4327,00:01:12.100,0.23846257716049382,1.2376157407407407,0.27826581790123456,0.14800154320987655,0.28912037037037036
4328,00:01:12.117,0.41272633744855963,1.5199652777777777,0.5040489969135803,0.23147183641975308,0.5026581790123457
4329,00:01:12.133,0.6673161008230452,2.320775462962963,0.8228240740740741,0.35339699074074077,0.825727237654321
4330,00:01:12.150,0.43516203703703704,1.5657118055555554,0.5065489969135802,0.23387345679012345,0.5650636574074074
4331,00:01:12.167,0.4225559413580247,1.6109664351851851,0.49355902777777777,0.23231288580246914,0.5417959104938271
4332,00:01:12.183,0.06617476851851851,0.20905671296296297,0.08500385802469136,0.03550347222222222,0.07801697530864198
4333,00:01:12.200,0.013563528806584362,0.028530092592592593,0.01659722222222222,0.007941743827160494,0.016151620370370372
4334,00:01:12.217,0.012833076131687243,0.1603587962962963,0.020289351851851854,0.005871913580246913,0.012337962962962964
4335,00:01:12.233,0.007779063786008231,0.06935763888888889,0.013597608024691357,0.0028838734567901234,0.00685570987654321
4336,00:01:12.250,0.0038233024691358025,0.012297453703703705,0.004419367283950617,0.0018364197530864198,0.005214120370370371
4337,00:01:12.267,0.004872685185185186,0.0009837962962962962,0.007511574074074074,0.0023668981481481484,0.0047395833333333335
4338,00:01:12.283,0.0023527520576131686,0.0004918981481481481,0.004031635802469136,0.0008892746913580247,0.0021373456790123456
4339,00:01:12.300,0.0032671039094650206,0.018692129629629628,0.006873070987654321,0.0006944444444444445,0.0022337962962962962
4340,00:01:12.317,0.0015181327160493825,0.01328125,0.0030420524691358026,0.0004050925925925926,0.0011072530864197532
4341,00:01:12.333,0.0006539351851851852,0.0004918981481481481,0.0004957561728395061,0.00041087962962962964,0.0010551697530864197
4342,00:01:12.350,0.0023411779835390946,0.0,0.003408564814814815,0.0007696759259259259,0.0028452932098765433
4343,00:01:12.367,0.0009111368312757201,0.0,0.001248070987654321,0.0003260030864197531,0.0011593364197530864
4344,00:01:12.383,0.00032214506172839505,0.0,0.00022569444444444443,0.0002797067901234568,0.00046103395061728396
4345,00:01:12.400,0.0007876800411522634,0.008362268518518519,0.001415895061728395,0.0002874228395061728,0.0006597222222222222
4346,00:01:12.417,0.001453832304526749,0.004427083333333333,0.0030131172839506174,0.00042631172839506173,0.0009220679012345679
4347,00:01:12.433,0.0007664609053497943,0.0009837962962962962,0.0013503086419753086,0.00022376543209876544,0.0007253086419753087
4348,00:01:12.450,0.0001729681069958848,0.0,0.0002565586419753086,7.330246913580247e-05,0.0001890432098765432
4349,00:01:12.467,0.00036586934156378594,0.0,0.0005169753086419753,0.00016203703703703703,0.00041859567901234566
4350,00:01:12.483,0.0002636316872427984,0.0,0.0001890432098765432,0.0001234567901234568,0.0004783950617283951
4351,00:01:12.500,2.5160326646090536,5.454166666666667,2.924500385802469,1.3203742283950617,3.3032233796296295
4352,00:01:12.517,0.03811599794238683,0.5686342592592593,0.03616512345679012,0.03571759259259259,0.042465277777777775
4353,00:01:12.533,0.05878922325102881,0.31924189814814813,0.06517361111111111,0.04877314814814815,0.06242091049382716
4354,00:01:12.550,0.13492283950617281,0.7949074074074074,0.16509452160493826,0.09117862654320988,0.14849537037037036
4355,00:01:12.567,0.17699331275720165,1.2479456018518518,0.2288329475308642,0.10554591049382717,0.19660108024691358
4356,00:01:12.583,0.3093544238683128,1.154976851851852,0.4009452160493827,0.17010416666666667,0.3570138888888889
4357,00:01:12.600,0.623854809670782,2.2287905092592593,0.8062905092592593,0.328130787037037,0.7371431327160494
4358,00:01:12.617,0.40706275720164614,1.3173032407407408,0.48475501543209876,0.21310185185185185,0.5233314043209877
4359,00:01:12.633,0.39991319444444445,1.7954282407407407,0.47542245370370373,0.20591628086419753,0.5184008487654321
4360,00:01:12.650,0.037443415637860085,0.18200231481481483,0.039074074074074074,0.019427083333333334,0.053829089506172836
4361,00:01:12.667,0.004733796296296296,0.17314814814814813,0.007162422839506173,0.0019000771604938272,0.005138888888888889
4362,00:01:12.683,0.0005536265432098766,0.0,0.0007638888888888889,0.0003452932098765432,0.0005516975308641975
4363,00:01:12.700,0.00013374485596707818,0.03590856481481482,7.523148148148149e-05,9.259259259259259e-05,0.00023341049382716048
4364,00:01:12.717,0.00030156893004115227,0.0,0.00015817901234567902,0.00010416666666666667,0.0006423611111111111
4365,00:01:12.733,0.005860982510288066,0.11559606481481481,0.0018287037037037037,0.008265817901234568,0.007488425925925926
4366,00:01:12.750,8.809156378600823e-05,0.0,5.9799382716049385e-05,5.208333333333334e-05,0.00015239197530864197
4367,00:01:12.767,11.865501543209875,59.95795717592593,10.281118827160494,13.533985339506172,11.781400462962964
4368,00:01:12.783,0.4102848508230453,1.6576967592592593,0.4084143518518519,0.23336612654320987,0.5890740740740741
4369,00:01:12.800,2.8715811471193415,12.463715277777778,2.5254340277777776,2.36602237654321,3.723287037037037
4370,00:01:12.817,28.202957175925928,61.86652199074074,46.73709297839506,25.83753665123457,12.034241898148148
4371,00:01:12.833,2.9986239711934153,10.70222800925926,2.1839081790123456,2.624295910493827,4.187667824074074
4372,00:01:12.850,4.71368119855967,16.374305555555555,3.3683969907407407,4.379454089506173,6.393192515432099
4373,00:01:12.867,40.14258551954733,52.653761574074075,41.20216242283951,34.44826967592593,44.777324459876546
4374,00:01:12.883,16.920583204732512,12.215306712962963,19.023427854938273,4.090673225308642,27.64764853395062
4375,00:01:12.900,3.9510474537037035,10.652546296296297,3.4788908179012346,2.709878472222222,5.664373070987654
4376,00:01:12.917,7.2509329989711935,15.603993055555556,7.349756944444445,4.442824074074074,9.960217978395061
4377,00:01:12.933,0.07052404835390946,0.5715856481481482,0.06079475308641975,0.031028163580246914,0.11974922839506173
4378,00:01:12.950,0.007737911522633745,0.009346064814814814,0.006032021604938272,0.004174382716049383,0.01300733024691358
4379,00:01:12.967,3.412154706790123,8.638715277777777,2.7687962962962964,2.783657407407407,4.684010416666666
4380,00:01:12.983,48.149507458847744,41.32977430555555,51.676693672839505,39.681234567901235,53.09059413580247
4381,00:01:13.000,4.0145704732510294,9.547743055555555,4.4358815586419755,2.1934220679012344,5.414407793209876
4382,00:01:13.017,7.237393904320989,21.31886574074074,4.819145447530865,8.589542824074075,8.303493441358025
4383,00:01:13.033,1.5176543209876545,6.384346064814815,0.9734432870370371,1.6985358796296297,1.8809837962962963
4384,00:01:13.050,2.4193807870370367,9.358362268518519,1.5285532407407407,2.737974537037037,2.9916145833333334
4385,00:01:13.067,0.02686085390946502,0.22479745370370371,0.019405864197530865,0.028153935185185185,0.03302276234567901
4386,00:01:13.083,1.4497633744855964,7.657870370370371,0.9399209104938272,1.5727835648148147,1.8365856481481482
4387,00:01:13.100,1.5100578703703704,6.806886574074074,1.012764274691358,1.5720042438271604,1.9454050925925925
4388,00:01:13.117,0.9091673096707819,5.219039351851852,0.7442399691358025,0.8629938271604938,1.1202681327160493
4389,00:01:13.133,0.9872408693415639,5.25150462962963,0.9203472222222222,0.8370524691358024,1.2043229166666667
4390,00:01:13.150,0.6612229938271605,3.3257233796296295,0.7021315586419753,0.5329764660493828,0.7485609567901235
4391,00:01:13.167,1.010395447530864,4.907667824074074,1.150300925925926,0.7777334104938272,1.1031520061728395
4392,00:01:13.183,0.8375688014403293,4.202285879629629,0.9606230709876543,0.6329378858024691,0.9191454475308642
4393,00:01:13.200,1.1274762088477368,3.3119502314814815,1.2900636574074074,0.823647762345679,1.2687172067901236
4394,00:01:13.217,1.2314988425925926,3.645949074074074,1.3927662037037036,0.8759182098765432,1.4258121141975308
4395,00:01:13.233,0.37707175925925923,0.6768518518518518,0.3637037037037037,0.353960262345679,0.41355131172839504
4396,00:01:13.250,0.28746913580246913,1.2607349537037038,0.2840625,0.2572723765432099,0.3210725308641975
4397,00:01:13.267,0.43560378086419754,2.837760416666667,0.3446990740740741,0.4623148148148148,0.4997974537037037
4398,00:01:13.283,0.1727687757201646,1.152517361111111,0.1682368827160494,0.14147569444444444,0.20859375
4399,00:01:13.300,0.8401395318930042,4.372482638888889,1.022505787037037,0.6172704475308642,0.8806423611111112
4400,00:01:13.317,0.21180812757201642,1.1594039351851853,0.22306712962962963,0.15388503086419753,0.2584722222222222
4401,00:01:13.333,0.2877739197530864,1.7403356481481482,0.31819251543209875,0.19097800925925926,0.3541512345679012
4402,00:01:13.350,1.1312673611111113,3.934693287037037,1.5666801697530863,0.7241396604938272,1.1029822530864197
4403,00:01:13.367,0.49331661522633735,1.8672453703703704,0.5884722222222222,0.289897762345679,0.6015798611111111
4404,00:01:13.383,14.716732896090534,51.57453703703704,10.478034336419753,21.97527199074074,11.69689236111111
4405,00:01:13.400,1.5024408436213992,5.905237268518518,1.5760802469135802,1.5276118827160494,1.403630401234568
4406,00:01:13.417,0.8024344135802469,3.0591145833333333,0.8461381172839506,0.6265509259259259,0.9346141975308642
4407,00:01:13.433,0.3535969650205761,1.0383969907407407,0.375420524691358,0.2674884259259259,0.41788194444444443
4408,00:01:13.450,0.2733018261316873,0.6409432870370371,0.2979803240740741,0.20091435185185186,0.3210108024691358
4409,00:01:13.467,0.2780394804526749,1.0669270833333333,0.24737075617283952,0.23121720679012345,0.35553047839506174
4410,00:01:13.483,0.30205375514403293,1.2705729166666666,0.2956153549382716,0.24312114197530865,0.3674247685185185
4411,00:01:13.500,3.700226337448559,8.737586805555555,4.20464699074074,1.8957908950617284,5.00024112654321
4412,00:01:13.517,0.2364017489711934,1.3305844907407407,0.24977237654320988,0.1945486111111111,0.26488425925925924
4413,00:01:13.533,0.3910378086419753,1.9897280092592593,0.43747685185185187,0.29169560185185184,0.44394097222222223
4414,00:01:13.550,0.6314917695473251,3.1451967592592593,0.7684452160493828,0.4241589506172839,0.7018711419753086
4415,00:01:13.567,0.8798906893004115,3.432957175925926,1.1437827932098765,0.5531037808641975,0.9427854938271605
4416,00:01:13.583,0.7842708333333333,2.9130208333333334,0.9802025462962963,0.49742283950617283,0.8751871141975308
4417,00:01:13.600,0.7886406893004115,2.723148148148148,0.8574151234567902,0.6006500771604938,0.9078568672839507
4418,00:01:13.617,0.6166795267489712,1.6188368055555555,0.687301311728395,0.4622222222222222,0.7005150462962964
4419,00:01:13.633,0.8052912808641975,2.7142939814814815,0.7766840277777778,0.6266878858024691,1.0125019290123456
4420,00:01:13.650,0.7191628086419753,1.6183449074074074,0.6784047067901234,0.5303260030864198,0.9487577160493827
4421,00:01:13.667,0.02234246399176955,0.1214988425925926,0.023520447530864196,0.013422067901234567,0.030084876543209876
4422,00:01:13.683,1.1356340020576132,2.9277777777777776,0.9402276234567901,0.6884008487654321,1.7782735339506173
4423,00:01:13.700,1.3685403806584364,3.0763310185185184,1.1703858024691358,0.8466126543209876,2.088622685185185
4424,00:01:13.717,0.5726684670781893,1.6390046296296297,0.5007118055555555,0.4141936728395062,0.8030999228395062
4425,00:01:13.733,0.6154365997942387,1.719675925925926,0.4358815586419753,0.48440779320987654,0.9260204475308642
4426,00:01:13.750,0.6386033950617285,2.118605324074074,0.43075810185185187,0.5118422067901235,0.9732098765432099
4427,00:01:13.767,0.5769476594650206,2.1687789351851854,0.3791222993827161,0.4959953703703704,0.8557253086419753
4428,00:01:13.783,0.8290361368312756,2.2794560185185184,0.6209895833333333,0.6386786265432098,1.227440200617284
4429,00:01:13.800,0.9379083076131688,2.341435185185185,0.8190046296296296,0.6981037808641976,1.296616512345679
4430,00:01:13.817,0.9318119855967079,3.0202546296296298,0.8404012345679013,0.693227237654321,1.2618074845679013
4431,00:01:13.833,0.7486689814814814,2.3921006944444443,0.7479417438271605,0.5910339506172839,0.90703125
4432,00:01:13.850,2.548798225308642,9.981105324074074,1.6434741512345679,2.9261979166666667,3.076722608024691
4433,00:01:13.867,0.022714763374485594,0.07476851851851851,0.01879050925925926,0.015910493827160494,0.033443287037037035
4434,00:01:13.883,0.8408590534979424,1.4063368055555556,0.8657426697530864,0.6926234567901235,0.9642110339506172
4435,00:01:13.900,16.25341306584362,56.41924189814815,11.198466435185185,24.26032214506173,13.301450617283951
4436,00:01:13.917,1.7755632716049383,3.8623842592592594,1.8863869598765433,1.5392206790123457,1.901082175925926
4437,00:01:13.933,2.391291152263374,4.35083912037037,2.339234182098765,2.185162037037037,2.649477237654321
4438,00:01:13.950,1.9951954732510286,3.270630787037037,2.1650385802469136,1.6702662037037037,2.150281635802469
4439,00:01:13.967,2.396394675925926,4.578096064814815,2.1787577160493825,2.2042322530864196,2.8061940586419754
4440,00:01:13.983,2.214437371399177,4.9002893518518515,2.005925925925926,2.0942399691358027,2.5431462191358025
4441,00:01:14.000,5.174180169753087,11.996903935185186,5.406622299382716,3.7566358024691358,6.359282407407408
4442,00:01:14.017,1.704775591563786,4.408391203703704,1.6264872685185185,1.5461130401234568,1.9417264660493827
4443,00:01:14.033,2.2891325874485595,6.51568287037037,2.152445987654321,2.0866126543209877,2.6283391203703705
4444,00:01:14.050,2.1344907407407407,6.218576388888889,2.134332561728395,1.8144367283950618,2.4547029320987654
4445,00:01:14.067,1.8137795781893002,5.4536747685185185,1.862542438271605,1.4616493055555555,2.1171469907407405
4446,00:01:14.083,2.4607201646090533,6.391724537037037,2.3186574074074073,2.1712345679012346,2.8922685185185184
4447,00:01:14.100,0.00018647119341563787,0.0,5.9799382716049385e-05,0.00020640432098765433,0.0002932098765432099
4448,00:01:14.117,1.4820646862139917,4.202285879629629,1.259429012345679,1.4082310956790123,1.778533950617284
4449,00:01:14.133,1.2905523405349795,3.8535300925925924,1.0819463734567902,1.2036496913580248,1.5860609567901234
4450,00:01:14.150,1.670868055555556,6.323350694444445,1.3069618055555556,1.6393344907407408,2.0663078703703706
4451,00:01:14.167,2.2004558899176954,7.852170138888889,1.703599537037037,2.2274594907407406,2.670308641975309
4452,00:01:14.183,1.9227012602880658,6.307118055555556,1.4847145061728395,1.872301311728395,2.411087962962963
4453,00:01:14.200,1.9993389917695472,7.2525462962962965,1.4672222222222222,1.9475829475308641,2.5832118055555555
4454,00:01:14.217,2.002854938271605,7.894965277777778,1.4750983796296295,1.981886574074074,2.551579861111111
4455,00:01:14.233,13.650289351851852,52.04184027777778,11.475221836419752,17.016385030864196,12.459261188271604
4456,00:01:14.250,18.628264531893006,62.9122974537037,16.53024112654321,25.524484953703702,13.830067515432098
4457,00:01:14.267,23.178501157407407,58.90972222222222,25.257353395061727,27.426622299382718,16.85152777777778
4458,00:01:14.283,30.227784850823042,48.71956018518519,46.07818479938272,25.327654320987655,19.277515432098767
4459,00:01:14.300,38.07658822016461,45.43023726851852,58.30393904320988,36.96338541666667,18.962440200617284
4460,00:01:14.317,35.4419849537037,38.080787037037034,56.57414351851852,29.702696759259258,20.049114583333335
4461,00:01:14.333,33.14816679526749,38.94701967592592,49.374764660493824,28.81347415123457,21.256261574074074
4462,00:01:14.350,21.51860982510288,38.35428240740741,26.463564814814816,22.69704089506173,15.3952237654321
4463,00:01:14.367,0.08801761831275719,0.3659722222222222,0.16809220679012346,0.04033371913580247,0.05562692901234568
4464,00:01:14.383,22.141075745884773,43.198495370370374,31.375,20.314890046296295,14.733337191358025
4465,00:01:14.400,11.65656507201646,32.48987268518518,16.64666087962963,9.271253858024691,9.051780478395061
4466,00:01:14.417,4.351111754115227,12.615219907407408,6.587961033950617,3.1578530092592594,3.3075212191358023
4467,00:01:14.433,2.2261644804526752,8.12271412037037,3.665698302469136,1.2598726851851851,1.7529224537037038
4468,00:01:14.450,1.5285808899176956,5.458101851851852,2.565192901234568,0.8007388117283951,1.2198109567901234
4469,00:01:14.467,1.717210648148148,6.303674768518518,2.590804398148148,1.0631037808641974,1.4977237654320987
4470,00:01:14.483,1.742056970164609,6.086255787037037,2.3298186728395063,1.1696701388888888,1.726682098765432
4471,00:01:14.500,13.514744727366256,32.78894675925926,20.338219521604938,9.413659336419753,10.792355324074075
4472,00:01:14.517,20.612743055555555,45.19412615740741,30.332318672839506,16.865474537037038,14.640435956790123
4473,00:01:14.533,38.23394290123457,49.42100694444444,47.79679398148148,41.86808063271605,25.03695408950617
4474,00:01:14.550,54.774125514403295,43.17783564814815,80.62368055555555,54.74458912037037,28.95410686728395
4475,00:01:14.567,37.61361625514403,47.02939814814815,56.254641203703706,34.95367862654321,21.632528935185185
4476,00:01:14.583,0.07976658950617284,0.27743055555555557,0.11850115740740741,0.05314429012345679,0.06765432098765432
4477,00:01:14.600,25.910929140946504,64.33289930555556,24.74438850308642,34.251109182098766,18.737289737654322
4478,00:01:14.617,17.00624421296296,58.52259837962963,17.03497685185185,20.44423611111111,13.539519675925925
4479,00:01:14.633,0.13915187757201644,0.2779224537037037,0.17947916666666666,0.10461998456790124,0.1333564814814815
4480,00:01:14.650,14.785249485596708,50.97737268518519,14.889141589506172,17.19754050925926,12.269066358024691
4481,00:01:14.667,13.82258101851852,45.01753472222222,13.61559799382716,16.03559799382716,11.816547067901235
4482,00:01:14.683,8.483463220164609,23.385821759259258,7.394648919753086,9.668337191358024,8.387403549382716
4483,00:01:14.700,8.862352752057612,26.61218171296296,6.730889274691358,10.289766589506172,9.56640239197531
4484,00:01:14.717,8.706086033950617,22.14820601851852,7.445339506172839,9.94994212962963,8.722976466049383
4485,00:01:14.733,9.638288966049382,25.06467013888889,8.145175540123457,10.991545138888888,9.778146219135802
4486,00:01:14.750,8.751253858024691,22.87080439814815,7.022422839506173,10.107712191358024,9.123626543209877
4487,00:01:14.767,10.075165252057614,27.047019675925927,8.893350694444445,11.640931712962963,9.691213348765432
4488,00:01:14.783,12.14270190329218,38.12456597222222,11.138912037037038,14.05221836419753,11.236975308641975
4489,00:01:14.800,10.541743827160493,30.124826388888888,9.721614583333333,12.02171875,9.881898148148148
4490,00:01:14.817,7.354020061728395,18.961197916666666,6.1244097222222225,8.26336612654321,7.6742843364197535
4491,00:01:14.833,6.028742926954732,15.085532407407408,5.165399305555556,6.557224151234568,6.363605324074074
4492,00:01:14.850,9.950336291152263,27.2265625,9.269230324074075,11.166298225308642,9.415480324074075
4493,00:01:14.867,10.908655478395062,33.01915509259259,10.495941358024691,12.383929398148148,9.846095679012345
4494,00:01:14.883,11.326055169753085,34.05263310185185,10.872717978395062,12.794498456790123,10.310949074074074
4495,00:01:14.900,12.287919881687243,35.536689814814814,11.241805555555555,14.092278163580247,11.529675925925925
4496,00:01:14.917,0.08184542181069959,0.5238715277777778,0.0869386574074074,0.059035493827160494,0.09956211419753086
4497,00:01:14.933,9.96129179526749,25.477864583333332,9.1202449845679,11.101992669753086,9.661637731481482
4498,00:01:14.950,8.911158693415638,21.86438078703704,7.855387731481481,9.825769675925926,9.052318672839506
4499,00:01:14.967,7.122088477366255,16.603530092592592,6.128688271604938,7.835420524691358,7.402156635802469
4500,00:01:14.983,6.758506944444445,15.722048611111111,5.5462596450617285,7.58729938271605,7.141961805555556
4501,00:01:15.000,9.916975951646089,18.54898726851852,9.25811535493827,9.675372299382715,10.817440200617284
4502,00:01:15.017,4.635780606995885,12.734751157407407,2.9932310956790125,5.436606867283951,5.477503858024692
4503,00:01:15.033,6.158717206790123,15.004861111111111,4.675146604938272,7.3216473765432095,6.479357638888889
4504,00:01:15.050,6.3127816358024695,15.774189814814815,4.744994212962963,7.44805362654321,6.745297067901235
4505,00:01:15.067,5.487222865226337,14.053530092592593,3.9920331790123456,6.228113425925926,6.241521990740741
4506,00:01:15.083,6.6829693930041145,18.772800925925925,4.62820987654321,7.714000771604939,7.706697530864197
4507,00:01:15.100,6.431066100823045,19.39603587962963,4.300123456790123,7.626273148148148,7.366801697530864
4508,00:01:15.117,5.630454603909464,14.974855324074074,3.8481346450617284,6.471421682098765,6.571807484567901
4509,00:01:15.133,5.524881044238683,15.362471064814814,3.9667033179012345,6.273393132716049,6.3345466820987655
4510,00:01:15.150,4.864103652263374,13.154832175925925,3.3781577932098767,5.47954475308642,5.734608410493827
4511,00:01:15.167,4.369345421810699,12.679166666666667,3.0139583333333335,4.859562114197531,5.234515817901235
4512,00:01:15.183,4.883302469135802,14.154369212962964,3.2370814043209877,5.48367862654321,5.9291473765432094
4513,00:01:15.200,4.83201517489712,15.319184027777778,3.0724807098765434,5.490956790123457,5.932608024691358
4514,00:01:15.217,5.493285108024691,15.955700231481481,3.600906635802469,6.231909722222222,6.647038966049383
4515,00:01:15.233,4.24039737654321,13.037268518518518,2.573755787037037,4.772783564814815,5.3746527777777775
4516,00:01:15.250,4.212085262345679,12.345659722222223,2.6638387345679013,4.677563657407408,5.294853395061728
4517,00:01:15.267,12.134678497942389,43.08191550925926,9.709392361111112,14.777708333333333,11.916934799382716
4518,00:01:15.283,14.096392103909466,49.302951388888886,11.032054398148148,17.312563657407406,13.94455825617284
4519,00:01:15.300,13.757593878600824,46.383535879629626,11.412339891975309,16.403804012345677,13.456637731481482
4520,00:01:15.317,0.032776491769547327,0.14068287037037036,0.03312885802469136,0.028915895061728394,0.036284722222222225
4521,00:01:15.333,14.54325295781893,46.72934027777778,12.679286265432099,17.079621913580247,13.870850694444444
4522,00:01:15.350,13.576060313786007,43.15717592592593,11.665744598765432,15.988024691358024,13.074411651234568
4523,00:01:15.367,9.899014274691359,26.183738425925927,8.109581404320988,11.344326774691359,10.243134645061728
4524,00:01:15.383,7.382922453703704,19.83677662037037,5.391446759259259,8.23291473765432,8.524405864197531
4525,00:01:15.400,6.14092142489712,13.88136574074074,4.995860339506173,6.795979938271605,6.63092399691358
4526,00:01:15.417,8.69505658436214,22.09212962962963,7.045308641975309,9.677430555555556,9.362430555555555
4527,00:01:15.433,8.047219007201646,19.451128472222223,6.799504243827161,8.873883101851852,8.468269675925926
4528,00:01:15.450,5.725198688271604,15.416087962962964,4.0372106481481485,6.270918209876543,6.867467206790123
4529,00:01:15.467,5.842915380658436,14.528703703703703,4.498676697530864,6.449037422839506,6.581032021604938
4530,00:01:15.483,7.410843621399176,22.14771412037037,5.302503858024691,8.24679012345679,8.683236882716049
4531,00:01:15.500,9.803243312757202,22.672077546296297,9.399000771604939,8.754623842592592,11.256105324074074
4532,00:01:15.517,5.967192001028806,16.37282986111111,4.7527083333333335,6.498152006172839,6.650715663580247
4533,00:01:15.533,7.569181455761317,24.16449652777778,6.192189429012346,8.354679783950617,8.160675154320987
4534,00:01:15.550,5.764652777777779,17.82146990740741,4.066294367283951,6.4502141203703705,6.777449845679012
4535,00:01:15.567,6.700100308641975,21.17080439814815,5.135588348765432,7.461844135802469,7.502868441358025
4536,00:01:15.583,5.972533436213992,18.26663773148148,4.381367669753087,6.613408564814815,6.922824074074074
4537,00:01:15.600,6.565396733539095,21.330671296296295,4.882326388888889,7.333663194444444,7.480200617283951
4538,00:01:15.617,5.983688914609054,17.850983796296298,4.3119502314814815,6.700758101851852,6.938358410493827
4539,00:01:15.633,7.143225308641976,23.889033564814813,4.88728587962963,8.111145833333333,8.431244212962962
4540,00:01:15.650,3.747708976337448,11.651591435185185,2.3747376543209877,4.11596450617284,4.752424768518519
4541,00:01:15.667,0.06018454218106995,0.31333912037037037,0.04963541666666667,0.052488425925925924,0.07842978395061728
4542,00:01:15.683,7.364375643004116,27.219675925925927,5.000106095679012,8.36889274691358,8.724128086419753
4543,00:01:15.700,6.296495627572017,22.212152777777778,4.036039737654321,7.390347222222222,7.463099922839506
4544,00:01:15.717,5.744095936213992,19.799884259259258,3.6889641203703705,6.863979552469136,6.679344135802469
4545,00:01:15.733,6.229175025720164,22.717824074074073,4.010194830246913,7.239911265432099,7.437418981481481
4546,00:01:15.750,5.828134002057613,20.757118055555555,3.834116512345679,6.670779320987655,6.979506172839506
4547,00:01:15.767,5.991827417695473,20.575115740740742,4.085796682098765,6.855302854938271,7.034382716049382
4548,00:01:15.783,6.53234117798354,20.590364583333333,4.507729552469136,7.936685956790123,7.152608024691358
4549,00:01:15.800,6.62305362654321,18.99956597222222,4.610121527777777,7.5479513888888885,7.711087962962963
4550,00:01:15.817,6.859792309670783,21.24262152777778,4.733624614197531,7.580489969135803,8.265262345679012
4551,00:01:15.833,7.078624614197531,20.40541087962963,5.492067901234568,8.13674961419753,7.607056327160493
4552,00:01:15.850,8.76593621399177,26.580208333333335,6.400275848765432,10.049263117283951,9.848269675925925
4553,00:01:15.867,5.201518132716049,14.722019675925926,3.4389216820987656,5.533641975308642,6.631990740740741
4554,00:01:15.883,5.178136574074074,15.290162037037037,3.277602237654321,5.524548611111111,6.73225887345679
4555,00:01:15.900,5.5217226080246915,17.323177083333334,3.370505401234568,5.8942959104938275,7.300366512345679
4556,00:01:15.917,5.817650462962963,17.829340277777778,3.5718055555555557,6.213663194444444,7.667482638888889
4557,00:01:15.933,5.452310956790124,15.50708912037037,3.820198688271605,5.719525462962963,6.817208719135802
4558,00:01:15.950,3.24514274691358,10.393315972222222,2.321668595679012,3.355354938271605,4.058404706790124
4559,00:01:15.967,3.060741383744856,11.067216435185186,2.165258487654321,2.9663078703703705,4.050657793209877
4560,00:01:15.983,4.5216891718107,13.223697916666667,3.1941763117283952,4.535217978395062,5.835673225308642
4561,00:01:16.000,7.931385030864198,19.001533564814814,7.806529706790124,5.497654320987654,10.489971064814815
4562,00:01:16.017,2.8442232510288066,9.272280092592593,1.9917824074074073,2.8659162808641976,3.6749710648148146
4563,00:01:16.033,0.030785751028806582,0.2626736111111111,0.020405092592592593,0.028744212962962964,0.043207947530864196
4564,00:01:16.050,3.0308957047325102,9.708101851851852,2.223074845679012,3.147042824074074,3.7225694444444444
4565,00:01:16.067,0.04370306069958848,0.4363136574074074,0.03595679012345679,0.03768518518518518,0.05746720679012346
4566,00:01:16.083,0.7704295267489712,3.5136284722222224,0.7929243827160494,0.593292824074074,0.9250713734567901
4567,00:01:16.100,25.270313143004113,77.93240740740741,15.813923611111111,41.535760030864196,18.461255787037036
4568,00:01:16.117,1.235760673868313,6.369097222222222,0.6525270061728395,1.3972048611111112,1.6575501543209876
4569,00:01:16.133,1.3082806069958846,4.477748842592592,0.8139101080246913,1.2661188271604937,1.844812885802469
4570,00:01:16.150,2.4211889146090537,10.473003472222222,1.5194810956790124,3.3393653549382716,2.4047202932098766
4571,00:01:16.167,1.0999987139917697,3.7507233796296298,0.6972800925925926,1.1135378086419754,1.4891782407407408
4572,00:01:16.183,0.880855195473251,3.454108796296296,0.4241435185185185,0.9379494598765432,1.2804726080246913
4573,00:01:16.200,0.5437075617283951,2.9292534722222223,0.3846547067901235,0.45568094135802467,0.790787037037037
4574,00:01:16.217,1.1622318672839504,5.473842592592592,0.9765489969135802,0.8627546296296297,1.647391975308642
4575,00:01:16.233,0.5741177983539094,1.9513599537037036,0.5788483796296297,0.33813078703703703,0.8053742283950617
4576,00:01:16.250,1.3793672839506173,4.593836805555555,1.1714236111111112,1.0568325617283951,1.9098456790123457
4577,00:01:16.267,0.8336606224279834,2.9174479166666667,0.8551485339506173,0.4690509259259259,1.1767824074074074
4578,00:01:16.283,1.0596244855967079,3.3089988425925925,1.1467978395061729,0.5712384259259259,1.4608371913580247
4579,00:01:16.300,0.9944206532921811,3.164380787037037,1.1339101080246914,0.508287037037037,1.3410648148148148
4580,00:01:16.317,0.08101980452674896,0.11608796296296296,0.061280864197530864,0.07054398148148149,0.11123456790123457
4581,00:01:16.333,0.11124678497942386,0.15199652777777778,0.07730516975308642,0.09780478395061729,0.1586304012345679
4582,00:01:16.350,0.06869470164609054,0.1254340277777778,0.05612461419753086,0.059743441358024695,0.09021604938271605
4583,00:01:16.367,0.8554192386831275,1.0167534722222222,0.3075135030864197,1.1944540895061728,1.06429012345679
4584,00:01:16.383,0.15414223251028805,0.3822048611111111,0.13951195987654322,0.11760609567901234,0.20530864197530865
4585,00:01:16.400,0.17241319444444445,0.3246527777777778,0.15764274691358024,0.12489583333333333,0.23470100308641975
4586,00:01:16.417,0.2461304012345679,0.6079861111111111,0.2550733024691358,0.16724344135802469,0.3160744598765432
4587,00:01:16.433,0.2916120113168724,0.99609375,0.30192515432098765,0.1871045524691358,0.38580632716049384
4588,00:01:16.450,1.033807227366255,3.417216435185185,0.7657002314814815,1.0027314814814814,1.3329899691358025
4589,00:01:16.467,0.6388599537037037,1.8003472222222223,0.7433101851851852,0.333022762345679,0.840246913580247
4590,00:01:16.483,0.250693158436214,1.0162615740740741,0.26396604938271606,0.1596778549382716,0.3284355709876543
4591,00:01:16.500,5.170167824074074,7.067100694444444,5.986494984567901,2.1075810185185184,7.416427469135803
4592,00:01:16.517,0.1389474022633745,0.9188657407407408,0.1047241512345679,0.12146026234567901,0.19065779320987655
4593,00:01:16.533,0.22200488683127573,1.776244212962963,0.21332368827160494,0.17736496913580246,0.27532600308641975
4594,00:01:16.550,0.35278935185185184,1.5524305555555555,0.3529533179012346,0.2454783950617284,0.4599363425925926
4595,00:01:16.567,0.04455054012345679,0.23857060185185186,0.03608796296296296,0.02967206790123457,0.06789158950617284
4596,00:01:16.583,0.14766010802469134,0.4067997685185185,0.1597337962962963,0.10321566358024692,0.18003086419753087
4597,00:01:16.600,0.3485178755144032,0.3236689814814815,0.23050925925925925,0.35854938271604936,0.4564949845679012
4598,00:01:16.617,0.1485011574074074,0.37679398148148147,0.15147569444444445,0.11561342592592593,0.17841435185185187
4599,00:01:16.633,0.18738361625514402,0.7048900462962963,0.19536458333333334,0.13876157407407408,0.2280246913580247
4600,00:01:16.650,0.10576453189300412,0.3453125,0.10632137345679013,0.08669560185185185,0.12427662037037036
4601,00:01:16.667,0.12931712962962963,0.3763020833333333,0.1290181327160494,0.10019868827160494,0.15873456790123458
4602,00:01:16.683,0.12945408950617285,0.31137152777777777,0.16624807098765432,0.08006172839506173,0.14205246913580247
4603,00:01:16.700,0.21437049897119342,0.5258391203703704,0.31233024691358025,0.11696566358024692,0.2138155864197531
4604,00:01:16.717,0.1991994598765432,0.43778935185185186,0.22363618827160495,0.1297878086419753,0.24417438271604938
4605,00:01:16.733,0.43878665123456795,0.5243634259259259,0.3209606481481482,0.3937692901234568,0.6016300154320988
4606,00:01:16.750,0.020990869341563786,0.026070601851851852,0.027881944444444445,0.007941743827160494,0.02714891975308642
4607,00:01:16.767,0.32625321502057614,0.9100115740740741,0.39189621913580247,0.19257330246913582,0.3942901234567901
4608,00:01:16.783,0.24813400205761316,0.4131944444444444,0.33405092592592595,0.14248842592592592,0.26786265432098766
4609,00:01:16.800,0.22043595679012343,0.5233796296296296,0.2834278549382716,0.13812885802469135,0.2397511574074074
4610,00:01:16.817,0.15873971193415637,0.6404513888888889,0.18951003086419754,0.10627314814814814,0.18043595679012345
4611,00:01:16.833,0.09915573559670782,0.39056712962962964,0.11026427469135802,0.07021990740740741,0.11698302469135803
4612,00:01:16.850,0.19577160493827162,0.7875289351851852,0.2089158950617284,0.13354745370370372,0.2448514660493827
4613,00:01:16.867,0.11820408950617284,0.3482638888888889,0.14628086419753086,0.07692322530864197,0.13140817901234567
4614,00:01:16.883,0.11993312757201646,0.5100983796296297,0.14944637345679013,0.07538001543209877,0.1349729938271605
4615,00:01:16.900,0.10989068930041151,0.48894675925925923,0.12462770061728395,0.07081983024691359,0.13422453703703704
4616,00:01:16.917,0.11062114197530865,0.2543113425925926,0.13516010802469136,0.07030671296296297,0.1263966049382716
4617,00:01:16.933,0.10444122942386831,0.5214120370370371,0.11563078703703704,0.06879243827160494,0.12890046296296295
4618,00:01:16.950,0.12477173353909464,0.617824074074074,0.13329475308641975,0.08131944444444444,0.15970100308641974
4619,00:01:16.967,0.13020961934156378,0.3881076388888889,0.14655671296296297,0.08574074074074074,0.15833140432098766
4620,00:01:16.983,0.07197145061728395,0.11215277777777778,0.08164158950617284,0.047038966049382715,0.0872337962962963
4621,00:01:17.000,3.778360982510288,5.985908564814815,4.615900848765432,1.7344521604938272,4.984729938271605
4622,00:01:17.017,0.13457883230452675,0.9439525462962963,0.10904513888888889,0.11036072530864198,0.18433063271604938
4623,00:01:17.033,2.6115605709876544,5.537297453703704,2.3981886574074074,3.0457118055555554,2.39078125
4624,00:01:17.050,0.4382741769547325,1.2366319444444445,0.4485628858024691,0.3494135802469136,0.5168460648148148
4625,00:01:17.067,0.5852604166666667,2.487037037037037,0.7153877314814815,0.35399498456790124,0.6863985339506172
4626,00:01:17.083,0.6152539866255144,2.6410011574074073,0.7499189814814815,0.35226851851851854,0.7435744598765432
4627,00:01:17.100,0.487337962962963,0.7821180555555556,0.39966628086419753,0.4821682098765432,0.5801793981481481
4628,00:01:17.117,0.2507561728395062,0.6261863425925925,0.3378877314814815,0.16381751543209877,0.2505632716049383
4629,00:01:17.133,0.21599408436213993,0.40335648148148145,0.2707195216049383,0.1600829475308642,0.2171797839506173
4630,00:01:17.150,0.01399434156378601,0.008854166666666666,0.016772762345679013,0.008285108024691358,0.016925154320987654
4631,00:01:17.167,0.29481481481481486,0.5543692129629629,0.41206597222222224,0.2050810185185185,0.2672974537037037
4632,00:01:17.183,0.02190843621399177,0.06443865740740741,0.026741898148148147,0.01388503086419753,0.02509837962962963
4633,00:01:17.200,0.17010416666666664,0.32317708333333334,0.23055941358024692,0.1149170524691358,0.16483603395061727
4634,00:01:17.217,0.23900977366255147,0.5450231481481481,0.2894039351851852,0.16718171296296297,0.26044367283950615
4635,00:01:17.233,0.1792476851851852,0.6148726851851852,0.23445987654320988,0.12561149691358026,0.17767168209876544
4636,00:01:17.250,0.15837705761316875,0.6315972222222223,0.19974729938271604,0.11403935185185185,0.16134452160493828
4637,00:01:17.267,1.6290187757201646,3.0920717592592593,2.0103047839506174,1.5474922839506173,1.3292592592592594
4638,00:01:17.283,0.1967303240740741,0.7142361111111111,0.16173996913580246,0.21715856481481483,0.21129243827160493
4639,00:01:17.300,0.09269097222222222,0.3394097222222222,0.09127314814814814,0.07771412037037037,0.10908564814814815
4640,00:01:17.317,0.09392682613168724,0.4077835648148148,0.09495756172839506,0.08311728395061728,0.10370563271604938
4641,00:01:17.333,0.07261574074074074,0.36744791666666665,0.06776041666666667,0.06219328703703704,0.08789351851851852
4642,00:01:17.350,0.10118505658436215,0.5499421296296296,0.08874807098765432,0.08209876543209876,0.13270833333333334
4643,00:01:17.367,0.0830124742798354,0.30104166666666665,0.07514467592592593,0.06657793209876543,0.10731481481481482
4644,00:01:17.383,0.0974067644032922,0.3502314814814815,0.07677469135802469,0.07898341049382716,0.1364621913580247
4645,00:01:17.400,0.0853787294238683,0.10231481481481482,0.07262152777777778,0.06918981481481482,0.11432484567901234
4646,00:01:17.417,0.06598251028806584,0.11657986111111111,0.06175925925925926,0.0552758487654321,0.08091242283950617
4647,00:01:17.433,0.08246656378600824,0.23070023148148147,0.06858024691358025,0.06795331790123457,0.11086612654320988
4648,00:01:17.450,0.09409272119341565,0.2370949074074074,0.08477816358024691,0.07872878086419753,0.11877121913580246
4649,00:01:17.467,0.6429115226337448,1.2656539351851852,0.2887461419753086,0.8138560956790123,0.8261323302469136
4650,00:01:17.483,0.12458976337448559,0.35908564814814814,0.10392168209876543,0.11378086419753086,0.1560667438271605
4651,00:01:17.500,3.646934156378601,5.74537037037037,4.437069830246913,1.7191859567901235,4.784546682098766
4652,00:01:17.517,0.5563027263374486,1.9798900462962963,0.2617033179012346,0.7067168209876543,0.7004880401234568
4653,00:01:17.533,0.11227430555555555,0.6566840277777778,0.10933641975308642,0.08152006172839506,0.14596643518518518
4654,00:01:17.550,0.7685320216049383,2.6641203703703704,0.4768769290123457,0.8370177469135802,0.9917013888888889
4655,00:01:17.567,0.5152893518518519,2.3793113425925925,0.5919425154320987,0.3215123456790123,0.6324131944444444
4656,00:01:17.583,1.3296392746913581,2.5313078703703704,0.8835898919753087,1.4146161265432098,1.6907118055555554
4657,00:01:17.600,0.15561213991769549,0.5789641203703704,0.16930555555555554,0.11523341049382715,0.1822974537037037
4658,00:01:17.617,0.020320216049382715,0.13773148148148148,0.02433449074074074,0.011666666666666667,0.02495949074074074
4659,00:01:17.633,0.10722350823045268,0.30546875,0.11141782407407408,0.08607060185185185,0.1241820987654321
4660,00:01:17.650,0.13704989711934157,0.3807291666666667,0.12925733024691358,0.11069058641975309,0.17120177469135803
4661,00:01:17.667,0.012345679012345678,0.02115162037037037,0.010630787037037038,0.007590663580246914,0.018815586419753085
4662,00:01:17.683,0.10329989711934157,0.3802372685185185,0.10870177469135803,0.08547260802469135,0.1157253086419753
4663,00:01:17.700,0.8534407150205761,0.8790219907407407,0.28194444444444444,1.1570119598765432,1.1213657407407407
4664,00:01:17.717,0.08637345679012347,0.3807291666666667,0.08385995370370371,0.07502893518518519,0.10023148148148148
4665,00:01:17.733,0.08118505658436213,0.2287326388888889,0.0773707561728395,0.07648726851851852,0.08969714506172839
4666,00:01:17.750,0.07079989711934156,0.2739872685185185,0.06020447530864197,0.06999807098765432,0.0821971450617284
4667,00:01:17.767,0.09089441872427984,0.30399305555555556,0.08028742283950617,0.08618827160493828,0.10620756172839506
4668,00:01:17.783,0.08880594135802468,0.38564814814814813,0.09332754629629629,0.0768016975308642,0.09628858024691359
4669,00:01:17.800,0.0664210390946502,0.2912037037037037,0.05636381172839506,0.06414158950617284,0.07875771604938271
4670,00:01:17.817,0.08334940843621401,0.4195891203703704,0.06524112654320988,0.08638310185185186,0.09842399691358025
4671,00:01:17.833,0.07137795781893004,0.1480613425925926,0.06559413580246913,0.06693287037037036,0.08160686728395061
4672,00:01:17.850,0.06067322530864198,0.1470775462962963,0.0535204475308642,0.061921296296296294,0.06657793209876543
4673,00:01:17.867,0.0672312242798354,0.2065972222222222,0.058117283950617285,0.06517554012345679,0.0784008487654321
4674,00:01:17.883,0.4769238683127572,2.8869502314814817,0.13932291666666666,0.6422550154320987,0.6491936728395061
4675,00:01:17.900,0.4605375514403292,2.9804108796296296,0.16365354938271606,0.6300405092592593,0.5879185956790124
4676,00:01:17.917,0.07519418724279835,0.4618923611111111,0.06020447530864197,0.07940007716049383,0.08597800925925926
4677,00:01:17.933,0.0024459876543209877,0.0009837962962962962,0.0026331018518518517,0.0019405864197530865,0.002764274691358025
4678,00:01:17.950,0.06989133230452675,0.18151041666666667,0.05442901234567901,0.07298225308641976,0.08226273148148149
4679,00:01:17.967,0.06294881687242798,0.20807291666666666,0.051195987654320985,0.06728395061728396,0.07036651234567902
4680,00:01:17.983,0.0709548611111111,0.2144675925925926,0.06020447530864197,0.07206404320987654,0.08059606481481481
4681,00:01:18.000,3.5023874742798355,5.991319444444445,4.460603780864197,1.5825327932098765,4.4640258487654325
4682,00:01:18.017,0.1282323816872428,0.5902777777777778,0.10860339506172839,0.12319830246913581,0.1528954475308642
4683,00:01:18.033,0.8814930555555556,1.7850983796296296,0.34683063271604936,1.1823244598765432,1.115324074074074
4684,00:01:18.050,0.3234683641975309,1.231712962962963,0.35983796296296294,0.2216454475308642,0.38892168209876543
4685,00:01:18.067,0.5211239711934157,1.8214988425925926,0.6279263117283951,0.3132600308641975,0.6221855709876544
4686,00:01:18.083,0.5882876800411523,1.735908564814815,0.6897434413580247,0.3439988425925926,0.7311207561728396
4687,00:01:18.100,0.06810185185185184,0.18200231481481483,0.0793383487654321,0.034407793209876546,0.09055941358024691
4688,00:01:18.117,0.10460712448559671,0.3910590277777778,0.1153761574074074,0.07975308641975308,0.11869212962962963
4689,00:01:18.133,0.07796810699588477,0.27251157407407406,0.08407600308641976,0.06640239197530864,0.08342592592592593
4690,00:01:18.150,0.06881430041152264,0.16183449074074074,0.06166473765432099,0.06523533950617284,0.07954282407407408
4691,00:01:18.167,0.07640560699588478,0.20315393518518518,0.07746720679012346,0.06907407407407408,0.08267554012345679
4692,00:01:18.183,0.07975694444444444,0.17118055555555556,0.07460841049382716,0.07204282407407407,0.0926195987654321
4693,00:01:18.200,0.06961291152263376,0.1544560185185185,0.06704668209876544,0.06569251543209877,0.07609953703703703
4694,00:01:18.217,0.09346386316872428,0.20708912037037036,0.08867283950617284,0.07792631172839506,0.11379243827160494
4695,00:01:18.233,0.06235146604938272,0.13527199074074073,0.052918595679012345,0.05954475308641975,0.07459104938271605
4696,00:01:18.250,0.08403292181069959,0.15002893518518517,0.0715354938271605,0.07701003086419753,0.10355324074074074
4697,00:01:18.267,2.9310789609053494,6.696701388888889,3.116176697530864,2.4762268518518518,3.200833333333333
4698,00:01:18.283,0.11172003600823045,0.36744791666666665,0.07359182098765432,0.17505015432098767,0.08651813271604938
4699,00:01:18.300,0.04514853395061728,0.08854166666666667,0.046766975308641975,0.04010416666666667,0.048574459876543206
4700,00:01:18.317,0.061350951646090536,0.25873842592592594,0.06693479938271604,0.057255015432098766,0.05986304012345679
4701,00:01:18.333,0.06232703189300411,0.2759548611111111,0.07128086419753087,0.05224922839506173,0.06345100308641975
4702,00:01:18.350,0.05949009773662552,0.17806712962962962,0.06646797839506173,0.053099922839506174,0.058902391975308645
4703,00:01:18.367,0.060471965020576134,0.17511574074074074,0.061342592592592594,0.05619020061728395,0.06388310185185185
4704,00:01:18.383,0.054812242798353915,0.17511574074074074,0.05287229938271605,0.04967592592592593,0.06188850308641975
4705,00:01:18.400,0.04721965020576132,0.16380208333333332,0.0410841049382716,0.04649884259259259,0.05407600308641975
4706,00:01:18.417,0.05321116255144032,0.07132523148148148,0.050451388888888886,0.04836998456790124,0.06081211419753087
4707,00:01:18.433,0.06879822530864198,0.21889467592592593,0.07464506172839507,0.06042052469135802,0.07132908950617284
4708,00:01:18.450,0.06334233539094651,0.20512152777777778,0.05620370370370371,0.061981095679012346,0.07184220679012346
4709,00:01:18.467,0.06450167181069959,0.10772569444444445,0.0589429012345679,0.060981867283950615,0.07358024691358024
4710,00:01:18.483,0.09643711419753087,0.16281828703703705,0.08215663580246914,0.08987847222222223,0.11727623456790123
4711,00:01:18.500,3.4244508744855966,5.493026620370371,4.73805362654321,1.5133912037037036,4.021907793209876
4712,00:01:18.517,0.11412487139917694,0.7240740740740741,0.10906635802469136,0.09973765432098765,0.13357060185185185
4713,00:01:18.533,0.15506044238683128,1.1579282407407407,0.15229359567901235,0.13378086419753085,0.17910686728395062
4714,00:01:18.550,0.3139248971193416,1.4353587962962964,0.3724980709876543,0.2099170524691358,0.3593595679012346
4715,00:01:18.567,0.4987686471193416,1.719675925925926,0.6189216820987654,0.29659336419753085,0.5807908950617284
4716,00:01:18.583,0.18429526748971195,0.5066550925925926,0.22838155864197532,0.1200733024691358,0.2044309413580247
4717,00:01:18.600,0.09736239711934157,0.29169560185185184,0.11638888888888889,0.06509837962962962,0.11059992283950618
4718,00:01:18.617,0.08932163065843622,0.36843171296296295,0.09814814814814815,0.06882908950617284,0.10098765432098765
4719,00:01:18.633,0.011251929012345679,0.11412037037037037,0.012320601851851852,0.006390817901234568,0.015044367283950618
4720,00:01:18.650,0.08423161008230452,0.40827546296296297,0.08878279320987655,0.06631751543209877,0.09759452160493827
4721,00:01:18.667,0.08436535493827162,0.3900752314814815,0.08848186728395062,0.06922067901234567,0.09539351851851852
4722,00:01:18.683,0.07757137345679012,0.32022569444444443,0.08492476851851852,0.061730324074074076,0.08605902777777778
4723,00:01:18.700,0.07733860596707819,0.3138310185185185,0.08873649691358025,0.05922067901234568,0.08405864197530864
4724,00:01:18.717,0.6831121399176955,3.097974537037037,0.44855324074074077,0.6665007716049383,0.9342824074074074
4725,00:01:18.733,0.14612975823045268,0.5155092592592593,0.1388425925925926,0.142914737654321,0.15663194444444445
4726,00:01:18.750,0.1755246913580247,0.6197916666666666,0.15285879629629628,0.2072145061728395,0.16650077160493826
4727,00:01:18.767,0.1939814814814815,0.614380787037037,0.1358082561728395,0.2802507716049383,0.16588541666666667
4728,00:01:18.783,0.20206404320987656,0.5706018518518519,0.14015046296296296,0.2915817901234568,0.17445987654320988
4729,00:01:18.800,0.23257073045267487,0.5715856481481482,0.15454861111111112,0.34551118827160493,0.19765239197530865
4730,00:01:18.817,0.2763978909465021,0.3566261574074074,0.20066743827160494,0.39782793209876544,0.2306983024691358
4731,00:01:18.833,0.33764338991769555,2.0600694444444443,0.2497800925925926,0.47985532407407405,0.28329475308641977
4732,00:01:18.850,0.31027006172839505,0.3635127314814815,0.2528009259259259,0.40530864197530864,0.2727006172839506
4733,00:01:18.867,0.26786201131687243,0.45303819444444443,0.23143132716049383,0.33310185185185187,0.2390528549382716
4734,00:01:18.883,0.258681841563786,0.32858796296296294,0.26883873456790125,0.26568287037037036,0.24152391975308643
4735,00:01:18.900,3.4987037037037036,7.658362268518519,2.983042052469136,3.5082542438271607,4.004814814814814
4736,00:01:18.917,25.111107896090534,62.13854166666667,17.000449459876542,40.25398533950617,18.07888888888889
4737,00:01:18.933,1.0558867026748973,6.236284722222222,0.9117303240740741,1.3149247685185186,0.9410050154320988
4738,00:01:18.950,17.62047968106996,66.83075810185186,14.613614969135803,22.252681327160495,15.99514274691358
4739,00:01:18.967,18.155969007201644,66.22621527777778,13.992542438271604,22.10974151234568,18.365623070987656
4740,00:01:18.983,17.231017232510286,63.51192129629629,11.736618441358024,21.384569830246914,18.571863425925926
4741,00:01:19.000,14.516451260288065,53.008912037037035,10.929357638888888,16.47762924382716,16.142366898148147
4742,00:01:19.017,7.398253600823044,28.705700231481483,4.956554783950617,8.807509645061728,8.43069637345679
4743,00:01:19.033,0.07857445987654321,0.23070023148148147,0.06722993827160494,0.09032600308641975,0.07816743827160494
4744,00:01:19.050,0.09114390432098764,0.3172743055555556,0.08326581790123457,0.09583140432098765,0.09433449074074074
4745,00:01:19.067,0.09113747427983539,0.21791087962962963,0.0733815586419753,0.10729745370370371,0.09273341049382716
4746,00:01:19.083,0.1876684670781893,0.8008101851851852,0.18468942901234567,0.17940586419753085,0.19891010802469136
4747,00:01:19.100,2.7565676440329216,9.635792824074073,1.8249903549382716,3.398645833333333,3.0460667438271605
4748,00:01:19.117,0.20442772633744855,1.344849537037037,0.16304976851851852,0.1743653549382716,0.27586805555555555
4749,00:01:19.133,15.984549254115228,62.768171296296295,8.912567515432098,19.75166087962963,19.28941936728395
4750,00:01:19.150,18.838285751028806,73.03605324074074,8.975758101851852,23.111159336419753,24.427939814814813
4751,00:01:19.167,0.14891460905349796,1.0187210648148148,0.15334876543209877,0.10115162037037037,0.19224344135802468
4752,00:01:19.183,17.684464377572017,70.24207175925926,8.38496913580247,22.58278935185185,22.085634645061727
4753,00:01:19.200,22.84308770576132,76.77054398148148,11.841479552469135,32.15945601851852,24.528327546296296
4754,00:01:19.217,25.877139917695473,76.81825810185185,16.454837962962962,37.17311728395062,24.00346450617284
4755,00:01:19.233,17.0558191872428,67.72256944444445,12.75188850308642,21.98468364197531,16.430885416666666
4756,00:01:19.250,6.9527964248971195,33.347251157407406,5.962507716049383,7.465754243827161,7.430127314814815
4757,00:01:19.267,6.5446649948559665,27.29592013888889,5.158628472222222,7.193643904320988,7.281722608024691
4758,00:01:19.283,9.48213605967078,36.85842013888889,7.321577932098766,10.374162808641975,10.750667438271606
4759,00:01:19.300,14.792112911522635,60.96634837962963,12.353092206790123,16.981340663580248,15.041905864197531
4760,00:01:19.317,15.682667824074073,61.823234953703704,14.235748456790123,18.219440586419754,14.592814429012346
4761,00:01:19.333,15.112613811728394,61.0671875,13.645439814814814,17.682783564814816,14.009618055555556
4762,00:01:19.350,14.9888683127572,65.05598958333333,13.023659336419753,18.31921296296296,13.623732638888889
4763,00:01:19.367,0.06642554012345679,0.3994212962962963,0.08477816358024691,0.047690972222222225,0.06680748456790124
4764,00:01:19.383,11.80094971707819,54.94649884259259,10.468472222222223,13.221485339506172,11.712891589506173
4765,00:01:19.400,10.942926311728394,48.069270833333334,9.65649112654321,12.212550154320988,10.959737654320987
4766,00:01:19.417,12.639425797325103,45.841956018518516,12.36858024691358,13.598215663580246,11.951481481481482
4767,00:01:19.433,11.263240740740741,35.26712962962963,11.071238425925927,12.223503086419752,10.494980709876543
4768,00:01:19.450,9.266204346707818,25.007609953703703,9.714052854938272,9.53076774691358,8.553792438271605
4769,00:01:19.467,10.371963091563785,23.01099537037037,11.271630015432098,10.72320601851852,9.121053240740741
4770,00:01:19.483,8.485678369341564,18.672453703703702,8.89929012345679,8.54076774691358,8.016977237654322
4771,00:01:19.500,13.03508744855967,16.73191550925926,21.145459104938272,8.079540895061728,9.880262345679013
4772,00:01:19.517,7.8276530349794236,17.227256944444445,7.854456018518518,7.802721836419753,7.82578125
4773,00:01:19.533,6.416100823045267,11.883275462962963,7.331940586419753,5.840001929012345,6.076359953703704
4774,00:01:19.550,6.207055684156377,10.5984375,6.549878472222222,5.6811998456790125,6.390088734567901
4775,00:01:19.567,4.715724022633745,7.308130787037037,4.752962962962963,4.279216820987655,5.114992283950618
4776,00:01:19.583,5.76166087962963,10.81585648148148,6.04174575617284,5.2870640432098766,5.956172839506173
4777,00:01:19.600,5.002953960905351,10.753385416666667,4.831965663580247,4.799020061728395,5.377876157407408
4778,00:01:19.617,6.349187242798354,12.812471064814815,6.2613715277777775,6.035661651234568,6.750528549382716
4779,00:01:19.633,4.7983249742798355,10.431684027777777,4.263483796296296,4.616363811728395,5.515127314814815
4780,00:01:19.650,5.018593106995884,10.743055555555555,4.837671682098765,4.591780478395061,5.626327160493827
4781,00:01:19.667,5.007368827160494,9.696296296296296,4.801950231481482,4.3138503086419755,5.906305941358025
4782,00:01:19.683,4.749627700617284,8.548206018518519,4.728649691358025,3.8449305555555555,5.675302854938272
4783,00:01:19.700,5.0283108281893005,9.993402777777778,4.919124228395062,4.064239969135802,6.101568287037037
4784,00:01:19.717,4.980251414609054,9.49609375,4.656033950617284,4.334241898148148,5.950478395061729
4785,00:01:19.733,4.696013374485596,8.982060185185185,4.307351466049383,4.23591049382716,5.544778163580247
4786,00:01:19.750,4.7621579218107,8.43113425925926,4.4931983024691355,4.373076774691358,5.420198688271605
4787,00:01:19.767,4.509595550411523,8.728240740740741,4.195513117283951,4.28261188271605,5.050661651234568
4788,00:01:19.783,0.11051633230452675,0.11067708333333333,0.14570023148148148,0.0881886574074074,0.09766010802469136
4789,00:01:19.800,4.519075360082304,9.136516203703703,4.447926311728395,4.1493769290123454,4.959922839506173
4790,00:01:19.817,7.95326903292181,16.507118055555555,7.47788387345679,7.911577932098766,8.470345293209876
4791,00:01:19.833,12.410799254115226,24.767563657407408,12.572822145061728,12.217829861111111,12.441745756172839
4792,00:01:19.850,9.474184027777776,21.091608796296295,10.177717978395062,8.483744212962963,9.761089891975308
4793,00:01:19.867,8.193054912551439,16.132291666666667,9.086676311728395,7.079508101851852,8.412980324074073
4794,00:01:19.883,4.6674189814814815,10.195081018518518,4.649168595679012,4.204239969135802,5.14884837962963
4795,00:01:19.900,2.597701903292181,6.762615740740741,2.151714891975309,2.9294868827160494,2.7119039351851852
4796,00:01:19.917,3.967546296296296,8.545746527777778,2.912889660493827,4.323072916666667,4.666676311728395
4797,00:01:19.933,4.37958912037037,10.433159722222221,3.2545447530864196,4.2651967592592595,5.619025848765432
4798,00:01:19.950,4.471538065843622,10.305266203703704,3.3898225308641976,4.442301311728395,5.582490354938272
4799,00:01:19.967,5.088153935185185,12.015596064814815,3.3339081790123455,5.0477237654320986,6.882829861111111
4800,00:01:19.983,4.767444701646091,11.980179398148149,4.475094521604938,4.160185185185185,5.6670543981481485
4801,00:01:20.000,11.196826774691358,5.54615162037037,23.696113040123457,2.726699459876543,7.167667824074074
4802,00:01:20.017,2.641127829218107,6.432552083333333,2.088883101851852,2.477866512345679,3.35663387345679
4803,00:01:20.033,3.217966820987654,8.282581018518519,2.3777546296296297,2.7924884259259257,4.483657407407407
4804,00:01:20.050,3.018966049382716,8.531481481481482,2.1517881944444444,2.837717978395062,4.067391975308642
4805,00:01:20.067,30.053488297325107,60.15668402777778,31.831712962962964,42.695989583333336,15.632762345679012
4806,00:01:20.083,4.107799639917696,11.94525462962963,4.0338715277777775,3.4804803240740743,4.8090470679012345
4807,00:01:20.100,3.511754115226337,6.08035300925926,4.7952970679012346,2.4795756172839507,3.260389660493827
4808,00:01:20.117,4.4679095936214,8.223061342592592,5.809425154320988,3.333292824074074,4.261010802469136
4809,00:01:20.133,2.4042007458847734,5.4369502314814815,2.08876350308642,2.099085648148148,3.024753086419753
4810,00:01:20.150,2.4460435956790123,6.745399305555556,2.0140354938271603,2.042891589506173,3.281203703703704
4811,00:01:20.167,3.0536439043209875,7.552604166666667,2.7925810185185185,2.4370100308641973,3.931340663580247
4812,00:01:20.183,4.5699620627572015,12.050028935185185,5.020067515432099,3.6148283179012344,5.074990354938271
4813,00:01:20.200,5.115176183127572,13.536545138888888,6.118358410493827,3.79742862654321,5.429741512345679
4814,00:01:20.217,11.782263374485595,12.176938657407407,19.89295910493827,6.459660493827161,8.994170524691357
4815,00:01:20.233,12.220139531893006,32.312789351851855,15.05514274691358,12.379650848765433,9.225625
4816,00:01:20.250,5.840201260288066,10.587123842592593,8.75929012345679,4.028086419753087,4.733227237654321
4817,00:01:20.267,6.5436586934156376,10.177864583333333,9.44489776234568,4.541637731481481,5.644440586419753
4818,00:01:20.283,5.120601208847737,9.364265046296296,7.146550925925926,3.4597800925925926,4.755472608024691
4819,00:01:20.300,7.881430041152264,10.91177662037037,11.877393904320988,4.715092592592592,7.05180362654321
4820,00:01:20.317,5.549956275720166,9.38443287037037,6.8190740740740745,4.034245756172839,5.796548996913581
4821,00:01:20.333,7.241525205761317,14.893200231481481,7.743055555555555,6.121919367283951,7.8596006944444445
4822,00:01:20.350,7.021475694444445,14.213888888888889,7.110221836419753,6.120202546296296,7.834002700617284
4823,00:01:20.367,7.029809670781893,15.60546875,6.724891975308642,6.318431712962963,8.046105324074073
4824,00:01:20.383,8.871905864197531,22.590422453703702,8.759621913580247,8.15628086419753,9.699814814814815
4825,00:01:20.400,5.791414609053498,12.42583912037037,5.707249228395062,5.058811728395062,6.608182870370371
4826,00:01:20.417,0.05926118827160493,0.27644675925925927,0.07762538580246914,0.029093364197530863,0.07106481481481482
4827,00:01:20.433,35.562561085390946,68.03935185185185,35.69632330246914,45.78068287037037,25.210677083333334
4828,00:01:20.450,18.33056455761317,43.19505208333333,21.916219135802468,15.943912037037038,17.1315625
4829,00:01:20.467,34.19859182098765,71.69612268518519,39.931666666666665,33.40998649691358,29.254122299382715
4830,00:01:20.483,37.77023662551441,78.56548032407407,38.63160686728395,37.165177469135806,37.51392554012346
4831,00:01:20.500,33.81912037037037,82.39982638888888,33.68763310185185,29.60168788580247,38.16804012345679
4832,00:01:20.517,24.109669495884777,81.37372685185186,19.9002449845679,20.24395061728395,32.18481288580247
4833,00:01:20.533,16.245899562757202,72.90324074074074,13.817743055555555,11.103707561728395,23.816248070987655
4834,00:01:20.550,16.771417824074074,78.87931134259259,13.004104938271604,11.02910686728395,26.281041666666667
4835,00:01:20.567,10.852221579218108,55.10341435185185,7.813838734567901,6.46136188271605,18.28146412037037
4836,00:01:20.583,10.240513760288065,44.21328125,7.887262731481481,6.299008487654321,16.535270061728394
4837,00:01:20.600,5.282923739711935,23.15708912037037,3.5634278549382716,3.57710262345679,8.708240740740742
4838,00:01:20.617,5.7199382716049385,23.723263888888887,4.540800540123457,3.488647762345679,9.13036651234568
4839,00:01:20.633,3.931645447530864,20.419184027777778,2.682025462962963,2.5625694444444442,6.550341435185185
4840,00:01:20.650,5.309229038065844,25.94910300925926,3.5747453703703704,3.403695987654321,8.94924575617284
4841,00:01:20.667,3.400889917695473,19.86875,2.3350887345679014,2.5834702932098765,5.284110725308642
4842,00:01:20.683,5.016584362139917,25.854166666666668,3.3005806327160494,3.6089872685185185,8.140185185185185
4843,00:01:20.700,4.295485468106996,23.014930555555555,2.749550540123457,3.006531635802469,7.130374228395062
4844,00:01:20.717,5.243769933127571,25.987962962962964,3.390810185185185,3.522756558641975,8.817743055555555
4845,00:01:20.733,12.72656635802469,71.22586805555555,7.64886188271605,8.918898533950617,21.611938657407407
4846,00:01:20.750,16.22228652263375,85.65274884259259,10.49054012345679,11.02641975308642,27.149899691358026
4847,00:01:20.767,14.444699074074075,77.70416666666667,9.760491898148148,9.827293595679013,23.74631172839506
4848,00:01:20.783,17.826221064814817,81.94678819444445,13.642804783950618,12.072982253086419,27.76287615740741
4849,00:01:20.800,0.06035558127572016,0.40089699074074076,0.05672260802469136,0.03285493827160494,0.0914891975308642
4850,00:01:20.817,16.558681841563786,77.27621527777778,13.364755015432099,11.080825617283951,25.23046489197531
4851,00:01:20.833,17.32743634259259,77.71400462962963,14.339168595679013,11.59220100308642,26.050939429012345
4852,00:01:20.850,17.427640174897117,74.53585069444445,16.885582561728395,12.06339313271605,23.333944830246914
4853,00:01:20.867,22.681065457818928,82.78793402777778,21.397853009259258,18.105729166666666,28.539614197530863
4854,00:01:20.883,25.03991319444445,87.56328125,25.672810570987654,20.47987075617284,28.96705825617284
4855,00:01:20.900,16.176098251028804,66.60153356481482,17.083389274691356,13.023306327160494,18.421599151234567
4856,00:01:20.917,17.602589377572016,67.50072337962963,18.443817515432098,14.189197530864197,20.174753086419752
4857,00:01:20.933,18.474926054526748,62.4484375,19.575918209876544,14.9934375,20.855422453703703
4858,00:01:20.950,19.455596707818927,66.2326099537037,22.181014660493826,15.726643518518518,20.459131944444444
4859,00:01:20.967,16.98071244855967,53.39800347222222,17.13140625,13.485461033950617,20.325270061728396
4860,00:01:20.983,12.576172196502057,38.675,12.459907407407407,10.232667824074074,15.035941358024692
4861,00:01:21.000,16.546153549382716,41.390769675925924,19.202885802469137,11.843065200617284,18.592509645061728
4862,00:01:21.017,12.624873971193416,38.591377314814814,13.188983410493828,10.552349537037037,14.133288966049383
4863,00:01:21.033,0.09038644547325103,0.11264467592592593,0.13341242283950616,0.049847608024691355,0.08789930555555556
4864,00:01:21.050,15.891679526748971,53.55885416666667,17.43809799382716,13.162710262345678,17.074230324074072
4865,00:01:21.067,13.616887860082302,45.67667824074074,14.363672839506172,11.343323688271605,15.143667052469135
4866,00:01:21.083,12.810955504115228,45.62109375,13.239413580246914,11.431300154320988,13.762152777777779
4867,00:01:21.100,12.506056455761316,46.70425347222222,12.62747299382716,11.586587577160493,13.304108796296296
4868,00:01:21.117,13.142073688271603,45.55026041666667,13.753915895061729,12.408786651234568,13.263518518518518
4869,00:01:21.133,13.032965534979425,41.78478009259259,15.050949074074074,12.130800540123456,11.91714699074074
4870,00:01:21.150,13.476929655349792,42.503935185185185,15.615522762345678,12.743628472222222,12.07163773148148
4871,00:01:21.167,11.79536779835391,36.58000578703704,13.543433641975309,11.269448302469137,10.573221450617284
4872,00:01:21.183,10.833016975308643,35.375347222222224,12.805217978395062,10.522318672839507,9.171514274691358
4873,00:01:21.200,12.088809156378602,37.97945601851852,14.48697337962963,11.601180555555555,10.178273533950618
4874,00:01:21.217,11.73987590020576,35.23909143518519,14.39541473765432,11.257658179012346,9.566554783950616
4875,00:01:21.233,11.285906635802469,33.12294560185185,14.253778935185185,10.860572916666667,8.743368055555555
4876,00:01:21.250,10.528186728395061,27.639756944444443,13.477743055555555,9.897820216049382,8.208996913580247
4877,00:01:21.267,12.99878086419753,35.38370949074074,16.440067515432098,12.382847222222223,10.173427854938272
4878,00:01:21.283,12.202316100823046,30.297482638888887,15.298144290123457,11.345059799382716,9.963744212962963
4879,00:01:21.300,12.870686728395063,33.6935474537037,16.60235339506173,11.887378472222222,10.122328317901234
4880,00:01:21.317,12.16234117798354,28.619618055555556,16.26005401234568,10.910985725308642,9.315983796296296
4881,00:01:21.333,12.16006044238683,29.948726851851852,16.518618827160495,10.815316358024692,9.14624614197531
4882,00:01:21.350,11.555294495884773,28.226099537037037,15.679353780864197,10.356753472222222,8.6297762345679
4883,00:01:21.367,0.06015625,0.2154513888888889,0.08229166666666667,0.037119984567901235,0.0610570987654321
4884,00:01:21.383,14.969453446502058,43.68842592592593,20.624180169753085,13.68160686728395,10.602573302469136
4885,00:01:21.400,0.06869020061728395,0.33055555555555555,0.11257716049382716,0.037472993827160496,0.0560204475308642
4886,00:01:21.417,11.418578317901234,31.689554398148147,15.536288580246914,10.18458912037037,8.53485725308642
4887,00:01:21.433,10.012982896090534,25.312094907407406,13.751927083333333,8.607038966049382,7.679982638888889
4888,00:01:21.450,10.499944701646092,27.232465277777777,14.553258101851851,8.830264274691357,8.116311728395061
4889,00:01:21.467,9.766938014403292,22.12853009259259,13.474604552469136,8.22095486111111,7.60525462962963
4890,00:01:21.483,21.897260802469134,60.014525462962965,32.40977237654321,19.02141589506173,14.260594135802469
4891,00:01:21.500,21.266273791152262,51.718663194444446,34.33108410493827,15.762986111111111,13.704751157407408
4892,00:01:21.517,13.205686085390946,30.43570601851852,20.257037037037037,10.403317901234567,8.956703317901235
4893,00:01:21.533,17.018676697530864,41.25697337962963,26.143950617283952,13.675505401234568,11.236574074074074
4894,00:01:21.550,15.167512860082306,34.28087384259259,23.24207561728395,12.193447145061729,10.067015817901234
4895,00:01:21.567,18.981133616255146,43.415422453703705,29.371331018518518,15.276520061728394,12.29554976851852
4896,00:01:21.583,17.896541923868313,38.73009259259259,27.690414737654322,14.45122299382716,11.547988040123457
4897,00:01:21.600,0.0786574074074074,0.37039930555555556,0.13381944444444444,0.045424382716049386,0.056728395061728394
4898,00:01:21.617,13.442534079218108,26.529542824074074,20.442949459876544,10.731305941358025,9.153346836419754
4899,00:01:21.633,18.591296296296296,42.279137731481484,27.778940972222223,14.83740162037037,13.157546296296296
4900,00:01:21.650,19.41604359567901,44.83159722222222,29.764394290123455,15.329747299382715,13.153989197530864
4901,00:01:21.667,19.015354938271603,50.16278935185185,27.952982253086418,14.147762345679013,14.945320216049383
4902,00:01:21.683,13.112366255144034,35.11513310185185,19.481963734567902,9.709564043209877,10.14557098765432
4903,00:01:21.700,11.292938528806582,27.48480902777778,16.75016010802469,8.302430555555556,8.826224922839506
4904,00:01:21.717,0.07875900205761317,0.7457175925925926,0.12875,0.03975887345679013,0.06776813271604938
4905,00:01:21.733,16.215810185185187,38.76600115740741,23.16197337962963,12.076651234567901,13.408805941358025
4906,00:01:21.750,0.1005806327160494,0.3064525462962963,0.15933641975308643,0.049311342592592594,0.09309413580246914
4907,00:01:21.767,12.509652134773662,27.924074074074074,16.430185185185184,10.022440200617284,11.076331018518518
4908,00:01:21.783,12.891673739711933,27.33232060185185,18.296545138888888,9.870785108024691,10.507690972222223
4909,00:01:21.800,14.37701903292181,32.18587962962963,20.56297260802469,11.146577932098765,11.421506558641976
4910,00:01:21.817,15.635078446502057,35.904137731481484,21.717716049382716,12.872224151234567,12.315295138888889
4911,00:01:21.833,14.12,28.200520833333332,19.68525848765432,11.369064429012345,11.305677083333334
4912,00:01:21.850,12.49193158436214,24.637702546296296,16.378778935185185,10.720596064814815,10.37641975308642
4913,00:01:21.867,13.622676183127574,27.283622685185186,17.23488425925926,12.44141975308642,11.191724537037038
4914,00:01:21.883,11.312426697530865,24.81134259259259,14.983246527777778,9.987887731481482,8.966145833333334
4915,00:01:21.900,16.189642489711932,38.146701388888886,20.885050154320986,15.030561342592593,12.653315972222222
4916,00:01:21.917,12.980987011316872,29.06921296296296,16.9671875,11.552202932098766,10.423570601851852
4917,00:01:21.933,17.52514146090535,42.32881944444444,22.5523225308642,14.804899691358024,15.218202160493828
4918,00:01:21.950,14.90577610596708,33.63304398148148,20.222368827160494,11.80955825617284,12.685401234567902
4919,00:01:21.967,16.459733796296295,41.00069444444444,21.448431712962964,13.26012924382716,14.670640432098766
4920,00:01:21.983,0.08496270576131687,0.28825231481481484,0.14826774691358025,0.036369598765432096,0.07025077160493827
4921,00:01:22.000,19.00448431069959,41.41487268518519,27.41910300925926,13.327629243827161,16.266720679012344
4922,00:01:22.017,14.176902649176954,29.764265046296295,17.644353780864197,11.282858796296296,13.60349537037037
4923,00:01:22.033,11.015406378600824,18.050202546296298,13.32898726851852,8.514054783950618,11.203177083333333
4924,00:01:22.050,10.265524691358026,16.880960648148147,12.275133101851852,7.946807484567901,10.57463348765432
4925,00:01:22.067,10.22444894547325,17.554861111111112,12.026273148148148,8.15867862654321,10.488395061728395
4926,00:01:22.083,5.71266718106996,9.470515046296295,5.895246913580247,4.880019290123457,6.362735339506173
4927,00:01:22.100,6.130226980452675,9.963888888888889,5.940503472222222,5.257091049382716,7.193086419753087
4928,00:01:22.117,5.714115869341565,12.658506944444444,4.9668074845679016,4.8935204475308645,7.282019675925926
4929,00:01:22.133,5.876761188271605,10.33822337962963,5.10930362654321,4.761876929012345,7.75910300925926
4930,00:01:22.150,5.364540252057613,8.497048611111111,4.64703125,4.423931327160494,7.022658179012345
4931,00:01:22.167,0.11697337962962961,0.37236689814814816,0.19425154320987653,0.05403935185185185,0.10262924382716049
4932,00:01:22.183,5.4621727109053495,8.601331018518518,4.326385030864198,4.927307098765432,7.13282600308642
4933,00:01:22.200,4.471673096707819,7.651967592592593,2.9764506172839504,4.351768904320988,6.086799768518518
4934,00:01:22.217,3.5373392489711937,6.027228009259259,2.706136188271605,3.236130401234568,4.669751157407408
4935,00:01:22.233,3.9930279063786007,6.939699074074074,3.025800540123457,3.673142361111111,5.280140817901234
4936,00:01:22.250,4.014243184156379,7.706076388888889,3.606942515432099,3.453292824074074,4.982494212962963
4937,00:01:22.267,4.212131558641976,8.22650462962963,3.7193016975308644,3.757721836419753,5.159371141975309
4938,00:01:22.283,3.0638085133744855,5.327748842592593,2.8305246913580246,2.747247299382716,3.613653549382716
4939,00:01:22.300,27.453452932098767,64.44947916666666,31.272010030864198,33.50254050925926,17.58580825617284
4940,00:01:22.317,5.617445987654321,7.24615162037037,6.505748456790124,4.61379436728395,5.732795138888889
4941,00:01:22.333,3.109657921810699,4.351822916666666,2.8226601080246914,2.637835648148148,3.868478009259259
4942,00:01:22.350,2.72987204218107,5.465972222222222,2.420125385802469,2.2812229938271606,3.4882677469135803
4943,00:01:22.367,3.0032310956790127,4.1255497685185185,2.376053240740741,2.655756172839506,3.9778838734567903
4944,00:01:22.383,4.327527649176955,6.210706018518518,3.4836574074074074,3.873503086419753,5.625422453703703
4945,00:01:22.400,4.421056455761317,7.825115740740741,4.046246141975309,3.965918209876543,5.251005015432098
4946,00:01:22.417,4.98553755144033,9.884693287037036,4.650430169753086,4.627758487654321,5.678423996913581
4947,00:01:22.433,3.9713091563786005,5.876707175925926,4.262166280864197,3.3978587962962963,4.253902391975308
4948,00:01:22.450,3.1791775977366257,5.215104166666666,3.5690181327160495,2.4658641975308644,3.502650462962963
4949,00:01:22.467,3.237505787037037,5.144270833333334,2.210192901234568,3.5657542438271603,3.9365702160493825
4950,00:01:22.483,15.223505015432098,27.23443287037037,20.875096450617285,12.290372299382716,12.505046296296296
4951,00:01:22.500,13.657007458847737,12.533564814814815,22.399006558641975,6.966942515432099,11.605073302469135
4952,00:01:22.517,6.095981224279836,8.788744212962962,7.149375,5.049637345679012,6.088931327160494
4953,00:01:22.533,4.864126800411523,7.865943287037037,5.276018518518518,4.162249228395062,5.154112654320988
4954,00:01:22.550,4.964571759259259,8.012037037037038,5.465387731481481,4.097087191358025,5.331240354938272
4955,00:01:22.567,0.058645190329218104,0.14609375,0.08430362654320987,0.026969521604938273,0.06466242283950617
4956,00:01:22.583,6.122177211934155,9.48035300925926,7.191842206790123,4.849805169753086,6.324884259259259
4957,00:01:22.600,5.477622813786009,8.01646412037037,6.22353587962963,4.352158564814815,5.8571739969135805
4958,00:01:22.617,5.938142361111112,7.544241898148148,6.193042052469136,4.965827546296296,6.655557484567901
4959,00:01:22.633,30.840046296296293,68.80081018518518,31.749430941358025,37.59902777777778,23.171680169753085
4960,00:01:22.650,10.536001157407407,13.115480324074074,11.509481095679012,8.42765239197531,11.6708699845679
4961,00:01:22.667,11.896629372427983,14.735300925925927,14.056961805555556,9.035640432098765,12.597285879629629
4962,00:01:22.683,29.480075231481482,63.263020833333336,39.07351080246914,25.675856481481482,23.690858410493828
4963,00:01:22.700,35.695019933127575,73.19100115740741,46.96931712962963,31.822787422839507,28.29295524691358
4964,00:01:22.717,32.14302662037037,75.85561342592592,42.82976851851852,26.29396412037037,27.305347222222224
4965,00:01:22.733,29.96408050411523,77.74450231481481,40.028503086419754,23.655003858024692,26.208734567901235
4966,00:01:22.750,23.69662358539095,66.46331018518518,30.942949459876544,17.52753086419753,22.619390432098765
4967,00:01:22.767,18.02284722222222,49.27540509259259,22.368667052469135,13.241221064814814,18.458653549382717
4968,00:01:22.783,11.248009259259257,22.725694444444443,13.571275077160493,8.217627314814814,11.95512538580247
4969,00:01:22.800,10.08503922325103,22.257407407407406,11.873055555555556,7.263574459876543,11.118487654320989
4970,00:01:22.817,8.73912037037037,16.90899884259259,10.538591820987655,6.331539351851852,9.347229938271605
4971,00:01:22.833,10.742069187242798,20.242592592592594,13.2508699845679,7.799226466049383,11.176111111111112
4972,00:01:22.850,8.723444573045267,15.5390625,10.529984567901234,6.6222665895061725,9.018082561728395
4973,00:01:22.867,0.13371656378600824,0.6611111111111111,0.174423225308642,0.07559220679012346,0.15113425925925925
4974,00:01:22.883,14.05221450617284,27.84586226851852,17.685806327160495,10.380833333333333,14.09000385802469
4975,00:01:22.900,0.12498392489711935,0.667505787037037,0.1525270061728395,0.07402391975308642,0.1484008487654321
4976,00:01:22.917,9.011909079218107,17.622743055555556,10.402199074074074,7.026992669753087,9.60653549382716
4977,00:01:22.933,8.927186856995887,18.318778935185186,10.092984182098766,6.991396604938272,9.697179783950617
4978,00:01:22.950,6.836219135802469,15.28671875,7.570244984567902,5.38890625,7.549506172839506
4979,00:01:22.967,7.960722736625514,17.95625,8.828576388888889,6.256059027777778,8.797532793209877
4980,00:01:22.983,6.56507137345679,15.55234375,7.636595293209877,5.019967206790123,7.03865162037037
4981,00:01:23.000,16.456672453703703,30.365364583333335,21.37295138888889,11.685536265432098,16.31152970679012
4982,00:01:23.017,20.66983281893004,57.26038773148148,28.02451388888889,16.856772762345678,17.128211805555555
4983,00:01:23.033,21.579729295267487,58.188599537037035,30.232453703703705,17.616228780864198,16.890505401234567
4984,00:01:23.050,18.723641332304528,44.57974537037037,26.821261574074075,15.106890432098766,14.24277199074074
4985,00:01:23.067,20.553586676954733,48.41753472222222,30.00612075617284,17.083931327160492,14.570707947530865
4986,00:01:23.083,19.22146283436214,39.898350694444446,28.697264660493826,15.788564814814816,13.178559027777778
4987,00:01:23.100,20.51273598251029,43.87829861111111,30.034141589506174,16.924971064814816,14.579095293209877
4988,00:01:23.117,18.408246527777777,38.626793981481484,27.438765432098766,15.092336033950618,12.693638117283951
4989,00:01:23.133,18.76922968106996,42.822685185185186,27.860148533950618,15.733190586419752,12.714349922839506
4990,00:01:23.150,17.852318672839505,38.2622974537037,26.430052083333333,15.024245756172839,12.102658179012346
4991,00:01:23.167,18.851943158436214,42.927951388888886,27.732636959876544,16.222395833333334,12.600796682098766
4992,00:01:23.183,19.273236239711935,46.89855324074074,28.359521604938273,16.691795910493827,12.768391203703704
4993,00:01:23.200,17.33178047839506,40.66472800925926,25.42200810185185,15.010516975308642,11.56281635802469
4994,00:01:23.217,16.975612139917697,44.04210069444444,24.7684375,14.903530092592593,11.254868827160493
4995,00:01:23.233,0.09849922839506171,0.527806712962963,0.1538425925925926,0.053348765432098766,0.08830632716049383
4996,00:01:23.250,17.661732896090534,48.395891203703705,25.73441936728395,15.783746141975309,11.467033179012345
4997,00:01:23.267,16.045784465020574,44.293952546296296,23.080680941358025,14.479938271604938,10.576734182098765
4998,00:01:23.283,17.062247942386833,52.27254050925926,24.034162808641977,15.747293595679013,11.405287422839507
4999,00:01:23.300,15.029178240740741,50.127864583333334,20.610987654320986,14.030719521604938,10.445827546296297
5000,00:01:23.317,15.019592335390946,55.269184027777776,20.227777777777778,14.080885416666666,10.750113811728395
5001,00:01:23.333,14.523978266460906,54.50182291666667,19.521332947530865,13.713755787037037,10.336846064814814
5002,00:01:23.350,12.29336355452675,46.64571759259259,15.92841049382716,11.750073302469136,9.201606867283951
5003,00:01:23.367,13.086808770576132,53.6685474537037,16.807434413580246,12.702719907407408,9.75027199074074
5004,00:01:23.383,10.327414480452676,40.96921296296296,12.230414737654321,10.474058641975308,8.277770061728395
5005,00:01:23.400,11.573028549382718,45.410069444444446,14.378551311728396,11.554610339506173,8.78592399691358
5006,00:01:23.417,10.834184027777779,42.29586226851852,13.414575617283951,10.786099537037037,8.301876929012346
5007,00:01:23.433,11.973780221193417,44.05636574074074,15.179940200617285,11.749438657407408,8.991961805555556
5008,00:01:23.450,10.61876478909465,39.122627314814814,12.791811342592593,10.7559375,8.308545524691358
5009,00:01:23.467,12.425637860082304,41.569328703703704,15.415584490740741,12.422114197530863,9.43921489197531
5010,00:01:23.483,12.10874871399177,39.97115162037037,14.684095293209877,12.17418788580247,9.467962962962963
5011,00:01:23.500,16.595425025720164,45.09181134259259,22.476801697530863,14.478088348765432,12.831385030864197
5012,00:01:23.517,12.953129501028807,40.243171296296296,15.33663387345679,13.008618827160493,10.514135802469136
5013,00:01:23.533,14.094214248971193,47.27436342592593,16.316267361111112,14.578923611111112,11.387451774691359
5014,00:01:23.550,12.859400720164608,36.49982638888889,14.306601080246914,13.692451774691358,10.579149305555555
5015,00:01:23.567,0.08946759259259261,0.21004050925925927,0.13655864197530865,0.058275462962962966,0.07356867283950617
5016,00:01:23.583,12.506838991769547,31.91484375,14.285273919753086,13.069953703703703,10.165289351851852
5017,00:01:23.600,11.02032857510288,29.44256365740741,12.222519290123456,11.380038580246914,9.458427854938272
5018,00:01:23.617,12.552381044238684,35.493402777777774,13.720194830246914,12.985059799382716,10.951888503086419
5019,00:01:23.633,10.62068158436214,29.859201388888888,11.022363040123457,11.069207175925927,9.770474537037037
5020,00:01:23.650,12.645674511316875,39.42662037037037,13.155615354938272,12.948061342592593,11.833346836419754
5021,00:01:23.667,8.17614904835391,19.517042824074075,8.5678125,7.995962577160494,7.964672067901234
5022,00:01:23.683,8.450513117283949,20.483622685185185,9.368171296296296,7.980534336419753,8.002833719135802
5023,00:01:23.700,8.116262217078189,20.527893518518518,8.904849537037038,7.705202546296296,7.7387345679012345
5024,00:01:23.717,9.586158050411521,24.261892361111112,10.739357638888889,9.149951774691358,8.869164737654321
5025,00:01:23.733,14.57799961419753,41.502430555555556,15.978784722222223,14.866583719135802,12.888630401234568
5026,00:01:23.750,20.128013760288066,60.88420138888889,23.66093364197531,20.016091820987654,16.707015817901233
5027,00:01:23.767,18.789549897119343,57.94412615740741,20.482797067901235,19.909228395061728,15.976624228395062
5028,00:01:23.783,0.08883359053497943,0.4269675925925926,0.12189429012345679,0.0596508487654321,0.08495563271604939
5029,00:01:23.800,21.10567901234568,64.82578125,22.991435185185185,22.791934799382716,17.533667052469134
5030,00:01:23.817,21.31339570473251,60.64956597222222,23.88711612654321,22.344292052469136,17.708778935185187
5031,00:01:23.833,21.079258616255142,51.228732638888886,23.370563271604937,22.190055941358025,17.67715663580247
5032,00:01:23.850,15.086624871399176,30.31027199074074,17.44676697530864,14.331186342592593,13.481921296296296
5033,00:01:23.867,16.014682998971193,33.34626736111111,19.02349922839506,15.566487268518518,13.4540625
5034,00:01:23.883,12.646881430041153,29.089380787037037,14.867982253086419,12.518007330246913,10.554654706790123
5035,00:01:23.900,13.678852880658434,34.841145833333336,16.133645833333333,13.245501543209876,11.6574112654321
5036,00:01:23.917,11.428886959876543,23.745891203703703,13.579077932098766,10.477608024691358,10.229974922839506
5037,00:01:23.933,16.883145576131685,40.876736111111114,20.502621527777777,16.119662422839507,14.027152777777777
5038,00:01:23.950,15.316161265432099,35.06594328703704,18.472872299382715,14.505538194444444,12.970073302469135
5039,00:01:23.967,15.320554912551438,41.39962384259259,19.450871913580247,14.36778163580247,12.143011188271604
5040,00:01:23.983,14.279392361111112,38.820601851851855,18.52146026234568,13.245173611111111,11.071543209876543
5041,00:01:24.000,16.21602237654321,38.92881944444444,21.105542052469136,13.814971064814815,13.72755401234568
5042,00:01:24.017,12.074614840534979,33.51990740740741,15.199969135802469,11.49424961419753,9.529625771604938
5043,00:01:24.033,11.338647119341564,32.28917824074074,14.754284336419753,10.647087191358025,8.614569830246914
5044,00:01:24.050,9.833645833333334,28.082957175925927,12.254554398148148,9.423242669753087,7.823140432098765
5045,00:01:24.067,11.67483024691358,34.43631365740741,14.602970679012346,11.168777006172839,9.252743055555555
5046,00:01:24.083,10.53894933127572,29.916753472222222,12.585987654320988,10.384108796296296,8.646751543209877
5047,00:01:24.100,12.8598733281893,34.882465277777776,15.972148919753087,11.795395447530865,10.81207561728395
5048,00:01:24.117,12.062001671810698,35.65523726851852,12.745295138888888,12.335636574074075,11.105073302469135
5049,00:01:24.133,0.06889081790123457,0.2980902777777778,0.07998649691358024,0.05318287037037037,0.07350308641975309
5050,00:01:24.150,14.733331404320987,45.4759837962963,14.54443287037037,15.478101851851852,14.177459490740741
5051,00:01:24.167,0.06934992283950617,0.5519097222222222,0.07820023148148147,0.053126929012345676,0.07672260802469136
5052,00:01:24.183,11.09869470164609,34.22233796296296,10.264151234567901,11.701035879629629,11.33089699074074
5053,00:01:24.200,13.384960133744855,38.646961805555556,13.720827546296297,12.683559027777777,13.750493827160494
5054,00:01:24.217,9.681954089506172,28.031799768518518,10.243894675925926,9.665372299382716,9.136595293209876
5055,00:01:24.233,10.26521026234568,28.320052083333334,9.6217862654321,10.524189814814815,10.649654706790123
5056,00:01:24.250,13.61245434670782,45.64372106481481,12.078614969135803,14.81832561728395,13.940422453703704
5057,00:01:24.267,10.970588991769548,29.30925925925926,9.505324074074075,11.893971836419754,11.512471064814815
5058,00:01:24.283,8.60322080761317,18.70541087962963,7.968389274691358,9.657972608024691,8.183300540123456
5059,00:01:24.300,8.240462962962964,19.333072916666666,9.03124614197531,8.937841435185184,6.752301311728395
5060,00:01:24.317,8.310410236625515,19.173697916666665,8.908755787037038,9.30161651234568,6.720858410493827
5061,00:01:24.333,7.98228587962963,17.95379050925926,8.09697337962963,8.431832561728395,7.418051697530864
5062,00:01:24.350,7.066125257201645,14.05697337962963,6.750621141975309,7.05511188271605,7.39264274691358
5063,00:01:24.367,6.395848765432099,10.211805555555555,6.068574459876543,6.40078125,6.7181905864197535
5064,00:01:24.383,5.616358024691358,9.134056712962963,5.192596450617284,5.963271604938272,5.693206018518518
5065,00:01:24.400,5.677472350823045,10.400694444444444,4.758099922839506,6.340086805555556,5.934230324074074
5066,00:01:24.417,5.732598379629629,12.63046875,5.87464699074074,5.436521990740741,5.886626157407408
5067,00:01:24.433,22.135012860082302,63.225144675925925,18.824172453703703,30.007773919753088,17.573092206790122
5068,00:01:24.450,6.206681455761316,9.155208333333333,6.421768904320988,6.392984182098766,5.805291280864197
5069,00:01:24.467,7.415505401234569,10.145891203703703,7.561628086419753,7.9082388117283955,6.776649305555556
5070,00:01:24.483,0.011380529835390946,0.09837962962962964,0.007609953703703704,0.008117283950617284,0.018414351851851852
5071,00:01:24.500,14.370602494855966,26.82271412037037,17.007579089506173,11.900075231481482,14.204153163580246
5072,00:01:24.517,7.839180169753086,13.626070601851852,9.482870370370371,8.32831211419753,5.706358024691358
5073,00:01:24.533,6.481433256172839,10.26640625,7.377339891975309,6.700636574074074,5.3663233024691355
5074,00:01:24.550,5.803524948559672,9.322453703703705,6.899239969135802,5.53038387345679,4.98095100308642
5075,00:01:24.567,4.94775848765432,5.909664351851852,5.5008487654320986,4.526626157407407,4.8158005401234565
5076,00:01:24.583,6.8502186213991765,8.404571759259259,6.161892361111111,7.020738811728395,7.368024691358024
5077,00:01:24.600,4.922718621399177,6.54224537037037,5.124951774691358,5.073341049382716,4.569863040123457
5078,00:01:24.617,5.903782150205761,6.445341435185185,6.757953317901235,6.166267361111111,4.787125771604939
5079,00:01:24.633,4.168230452674897,4.083738425925926,4.711641589506173,4.2781770833333335,3.514872685185185
5080,00:01:24.650,4.835439814814815,5.969184027777778,5.182104552469136,5.201944444444444,4.122270447530864
5081,00:01:24.667,4.233640046296296,4.796006944444445,4.479585262345679,4.454533179012346,3.7668016975308642
5082,00:01:24.683,3.717759130658436,4.174739583333333,3.8478626543209877,3.882604166666667,3.422810570987654
5083,00:01:24.700,4.21725758744856,5.360214120370371,4.151305941358025,4.411327160493827,4.089139660493827
5084,00:01:24.717,0.11591370884773662,0.41122685185185187,0.14615354938271605,0.06987075617283951,0.13171682098765433
5085,00:01:24.733,3.0693145576131684,3.6065972222222222,3.033148148148148,3.104247685185185,3.070547839506173
5086,00:01:24.750,3.7963348765432094,5.134924768518519,3.595642361111111,4.0189814814814815,3.774380787037037
5087,00:01:24.767,3.455989583333334,4.386255787037037,3.1859953703703705,3.635034722222222,3.5469386574074075
5088,00:01:24.783,3.585238554526749,4.8875,3.352662037037037,3.7207253086419754,3.6823283179012347
5089,00:01:24.800,3.05402070473251,3.599710648148148,2.768921682098765,3.118161651234568,3.2749787808641977
5090,00:01:24.817,3.51978716563786,4.733535879629629,3.5506230709876543,3.4970351080246913,3.5117033179012345
5091,00:01:24.833,2.168982767489712,2.3512731481481484,2.01274112654321,2.1768171296296295,2.317390046296296
5092,00:01:24.850,5.700205118312758,10.375607638888889,4.7480671296296295,6.394859182098766,5.957689043209877
5093,00:01:24.867,6.514173739711935,10.886689814814815,5.040692515432099,7.599124228395062,6.902704475308642
5094,00:01:24.883,11.887338605967079,25.35390625,11.45529899691358,12.43970100308642,11.767015817901235
5095,00:01:24.900,4.151121399176954,5.849652777777778,3.2358506944444443,4.716919367283951,4.500594135802469
5096,00:01:24.917,4.681347736625514,7.933333333333334,4.327000385802469,4.689656635802469,5.027386188271605
5097,00:01:24.933,6.084940843621399,11.303327546296297,5.392401620370371,6.627395833333333,6.235025077160494
5098,00:01:24.950,6.840873842592593,12.380584490740741,5.993724922839506,7.522478780864198,7.006417824074074
5099,00:01:24.967,7.014941486625514,14.181915509259259,6.74282600308642,7.264542824074074,7.03745563271605
5100,00:01:24.983,0.05142361111111111,0.21594328703703702,0.05086998456790123,0.033699845679012345,0.06970100308641976
5101,00:01:25.000,11.006745113168725,22.06015625,10.932818287037037,9.549955632716049,12.537461419753086
5102,00:01:25.017,7.234614197530864,15.968489583333334,6.31735725308642,7.333225308641976,8.053260030864198
5103,00:01:25.033,7.279224537037037,16.868663194444444,6.662665895061728,7.281680169753087,7.893327546296296
5104,00:01:25.050,5.918994341563786,14.36490162037037,5.6137249228395065,5.984614197530864,6.1586439043209875
5105,00:01:25.067,7.185674511316873,17.83622685185185,6.832565586419753,7.0936612654320985,7.630796682098765
5106,00:01:25.083,6.575896347736626,16.013252314814814,6.329288194444445,6.6139525462962965,6.784448302469136
5107,00:01:25.100,7.591977880658437,17.686689814814816,7.928663194444445,7.612347608024692,7.234922839506173
5108,00:01:25.117,5.742707047325102,14.030902777777778,6.331948302469136,5.229263117283951,5.666909722222222
5109,00:01:25.133,5.936121399176955,14.395891203703703,6.330499614197531,5.5929012345679014,5.8849633487654325
5110,00:01:25.150,9.251435828189301,24.670167824074074,9.106224922839505,9.65481288580247,8.993269675925927
5111,00:01:25.167,5.014602623456791,14.938454861111111,5.41912037037037,4.863894675925926,4.760792824074074
5112,00:01:25.183,5.766635159465021,14.369328703703705,6.348680555555555,5.637438271604938,5.313786651234568
5113,00:01:25.200,6.318190586419753,17.424016203703705,6.850003858024691,6.22701774691358,5.877550154320987
5114,00:01:25.217,3.92554012345679,11.074594907407407,4.034295910493827,3.861136188271605,3.8811882716049384
5115,00:01:25.233,5.1370408950617295,12.96791087962963,5.330854552469136,5.199961419753087,4.880306712962963
5116,00:01:25.250,3.100760673868313,9.920109953703705,3.038070987654321,3.2117206790123456,3.052490354938272
5117,00:01:25.267,4.498653549382715,11.688483796296296,4.5323167438271605,4.679315200617284,4.284328703703704
5118,00:01:25.283,3.22230066872428,9.682523148148148,3.128159722222222,3.3292862654320987,3.2094560185185186
5119,00:01:25.300,3.3884040637860084,11.396788194444444,3.139976851851852,3.478553240740741,3.546682098765432
5120,00:01:25.317,6.851257073045268,17.47222222222222,5.532951388888889,7.4672935956790125,7.553526234567901
5121,00:01:25.333,4.282461419753086,12.073148148148148,3.940918209876543,4.295167824074074,4.611298225308642
5122,00:01:25.350,3.29963091563786,9.948148148148148,3.2077256944444446,3.2899672067901236,3.4011998456790122
5123,00:01:25.367,0.03819187242798353,0.2941550925925926,0.04275270061728395,0.02771604938271605,0.044106867283950614
5124,00:01:25.383,4.049727366255144,11.548292824074075,3.981849922839506,4.016952160493827,4.1503800154320984
5125,00:01:25.400,9.940961291152263,32.11258680555556,9.859185956790123,10.451251929012345,9.51244598765432
5126,00:01:25.417,8.33307934670782,28.189207175925926,8.276591435185185,8.684953703703703,8.037692901234568
5127,00:01:25.433,8.28630529835391,31.04074074074074,8.462474922839506,8.583562885802468,7.812878086419753
5128,00:01:25.450,6.593337834362139,26.99586226851852,6.748647762345679,6.811759259259259,6.219606481481481
5129,00:01:25.467,7.159455375514404,35.485532407407405,7.13302662037037,7.610607638888889,6.7347318672839505
5130,00:01:25.483,5.641078960905349,27.307233796296295,5.563265817901234,6.034253472222222,5.325717592592593
5131,00:01:25.500,9.08500964506173,36.50277777777778,9.325858410493828,8.46746913580247,9.461701388888889
5132,00:01:25.517,6.7755761316872425,32.82239583333333,5.924639274691358,8.057743055555555,6.344346064814815
5133,00:01:25.533,6.721026234567901,34.79343171296296,5.726689814814815,8.07233024691358,6.3640586419753085
5134,00:01:25.550,4.969584619341564,30.09236111111111,4.3789699074074075,5.758852237654321,4.770931712962963
5135,00:01:25.567,4.752715406378601,27.84537037037037,3.9592206790123456,5.554824459876543,4.744101080246914
5136,00:01:25.583,5.44587962962963,26.637268518518518,3.983063271604938,6.652434413580247,5.702141203703704
5137,00:01:25.600,5.38967399691358,31.414091435185185,4.102388117283951,6.180480324074074,5.886153549382716
5138,00:01:25.617,4.585941358024692,27.28804976851852,3.5661689814814816,5.212048611111111,4.979606481481482
5139,00:01:25.633,4.475628858024692,27.642708333333335,3.334625771604938,5.162465277777778,4.929795524691358
5140,00:01:25.650,4.205891203703704,26.755324074074075,2.98288387345679,4.8845679012345675,4.750221836419753
5141,00:01:25.667,4.547854938271605,28.816377314814815,3.0396817129629627,5.362409336419753,5.241473765432099
5142,00:01:25.683,4.155613425925925,27.57433449074074,2.598844521604938,4.795054012345679,5.072941743827161
5143,00:01:25.700,4.273346193415638,26.413454861111113,2.5837943672839505,4.960522762345679,5.275721450617284
5144,00:01:25.717,4.350722736625515,25.663802083333334,2.6784760802469134,4.922662037037037,5.4510300925925925
5145,00:01:25.733,0.05262860082304527,1.0172453703703703,0.040185185185185185,0.042972608024691356,0.07472800925925926
5146,00:01:25.750,4.703384773662552,26.556597222222223,3.0127970679012344,5.203881172839506,5.893476080246914
5147,00:01:25.767,4.313943544238683,21.912586805555556,2.738869598765432,4.648545524691358,5.554415509259259
5148,00:01:25.783,4.995253986625515,25.467042824074074,3.1990625,5.371792052469136,6.414907407407408
5149,00:01:25.800,7.340152391975309,31.841059027777778,4.84771412037037,8.333470293209876,8.83927276234568
5150,00:01:25.817,4.944054140946502,24.5171875,3.3021489197530864,5.09315200617284,6.43686149691358
5151,00:01:25.833,5.130703446502058,24.500462962962963,3.403775077160494,5.215929783950617,6.772405478395061
5152,00:01:25.850,4.890001929012346,22.976070601851852,3.1651176697530863,4.839814814814815,6.6650733024691355
5153,00:01:25.867,5.826508487654322,28.57633101851852,3.754238040123457,5.858512731481482,7.8667746913580245
5154,00:01:25.883,4.932006815843621,23.442390046296296,3.1199421296296297,4.648854166666666,7.027224151234568
5155,00:01:25.900,5.721231352880658,29.759837962962962,3.63779899691358,5.548858024691358,7.977037037037037
5156,00:01:25.917,5.056645447530864,26.9078125,3.1229822530864197,4.831404320987654,7.215549768518518
5157,00:01:25.933,5.160102880658436,29.02248263888889,3.133751929012346,5.015653935185185,7.330902777777778
5158,00:01:25.950,4.844932484567901,26.695804398148148,2.786508487654321,4.810052083333333,6.938236882716049
5159,00:01:25.967,5.05815329218107,28.23052662037037,2.878574459876543,5.030491898148148,7.265393518518518
5160,00:01:25.983,5.204106867283951,28.158217592592592,2.953107638888889,5.294284336419753,7.36492862654321
5161,00:01:26.000,8.539978137860082,31.578385416666666,7.301780478395062,6.557166280864197,11.760987654320987
5162,00:01:26.017,7.099526105967079,30.26255787037037,4.19386188271605,7.9088464506172835,9.195869984567901
5163,00:01:26.033,0.0368190586419753,0.43582175925925926,0.02732445987654321,0.029965277777777778,0.05316743827160494
5164,00:01:26.050,5.378258101851852,28.96099537037037,2.4592399691358025,6.231006944444444,7.444527391975309
5165,00:01:26.067,4.6931243569958845,25.347019675925925,2.1951832561728395,5.49936149691358,6.384828317901235
5166,00:01:26.083,4.148420781893004,22.07392939814815,1.9377835648148147,4.765841049382716,5.7416377314814815
5167,00:01:26.100,5.082107767489712,27.434143518518518,2.419284336419753,6.092984182098766,6.734054783950617
5168,00:01:26.117,5.1156687242798355,22.606163194444445,2.1828028549382714,6.638601466049383,6.525601851851852
5169,00:01:26.133,5.288301826131687,24.75280671296296,2.354050925925926,6.7989043209876545,6.711950231481482
5170,00:01:26.150,4.782601594650206,21.536284722222224,2.004747299382716,6.181352237654321,6.161705246913581
5171,00:01:26.167,3.684409079218107,19.936140046296295,1.5897743055555555,4.455530478395062,5.007922453703704
5172,00:01:26.183,4.7269129372427985,21.50037615740741,2.019837962962963,6.161010802469136,5.999890046296296
5173,00:01:26.200,5.172036394032922,21.92734375,2.2834702932098767,6.624145447530864,6.608493441358025
5174,00:01:26.217,3.996829989711934,19.246498842592594,1.6963464506172838,4.821896219135803,5.472247299382716
5175,00:01:26.233,3.9000675154320987,21.413802083333334,1.7189158950617285,4.838341049382716,5.142945601851852
5176,00:01:26.250,3.0569013631687247,16.752083333333335,1.3363136574074075,3.790121527777778,4.044268904320988
5177,00:01:26.267,3.6665483539094645,20.050260416666667,1.694116512345679,4.548981481481482,4.756547067901234
5178,00:01:26.283,3.17724537037037,15.882899305555556,1.477380401234568,3.8010706018518516,4.253285108024691
5179,00:01:26.300,3.876559284979424,19.696585648148147,1.7605208333333333,4.668022762345679,5.201134259259259
5180,00:01:26.317,3.0621534207818932,14.513946759259259,1.3535841049382715,3.6403780864197532,4.1924980709876545
5181,00:01:26.333,3.2168479938271606,15.146527777777777,1.4318537808641976,3.830418595679012,4.3882716049382715
5182,00:01:26.350,2.901050025720165,14.43376736111111,1.29132137345679,3.4439506172839507,3.967878086419753
5183,00:01:26.367,0.041365097736625514,0.6360243055555556,0.023958333333333335,0.03733796296296296,0.06279899691358025
5184,00:01:26.383,4.249518389917696,21.558420138888888,1.992210648148148,5.114604552469136,5.641739969135802
5185,00:01:26.400,0.04589763374485597,0.37138310185185186,0.029837962962962962,0.04076581790123457,0.06708912037037038
5186,00:01:26.417,5.014328060699589,18.449623842592594,2.710335648148148,6.254444444444444,6.078204089506173
5187,00:01:26.433,2.977917952674897,13.386516203703703,1.5503395061728396,3.440422453703704,3.942991898148148
5188,00:01:26.450,2.571960519547325,10.845862268518518,1.3386188271604937,2.962476851851852,3.4147858796296298
5189,00:01:26.467,2.436426183127572,9.948640046296296,1.261952160493827,2.8098398919753085,3.23748649691358
5190,00:01:26.483,2.318114711934156,9.438541666666667,1.2264756944444444,2.634795524691358,3.093072916666667
5191,00:01:26.500,6.9398096707818935,18.244010416666665,6.35733024691358,4.834378858024691,9.627719907407407
5192,00:01:26.517,2.018888245884774,8.63527199074074,1.1223302469135803,2.329623842592593,2.6047106481481483
5193,00:01:26.533,1.7082040895061728,7.842824074074074,0.9767399691358025,1.9420408950617285,2.2058314043209877
5194,00:01:26.550,2.7397505144032923,10.267881944444444,1.5995003858024692,3.1294270833333333,3.490324074074074
5195,00:01:26.567,2.0597395833333336,9.372627314814816,1.228167438271605,2.3740489969135803,2.577002314814815
5196,00:01:26.583,2.915318287037037,12.550289351851852,1.719909336419753,3.409434799382716,3.616610725308642
5197,00:01:26.600,2.416693029835391,11.381047453703705,1.4002797067901234,2.8259567901234566,3.0238425925925925
5198,00:01:26.617,6.1131391460905355,19.61148726851852,4.451658950617284,6.867050540123457,7.020707947530864
5199,00:01:26.633,4.288050411522634,19.269126157407406,2.4925250771604937,4.920740740740741,5.450885416666667
5200,00:01:26.650,4.39717399691358,21.348871527777778,2.4486728395061728,5.125667438271605,5.617181712962963
5201,00:01:26.667,4.097973251028807,21.740914351851853,2.3151003086419752,4.866350308641976,5.112469135802469
5202,00:01:26.683,4.631405606995885,25.992881944444445,2.6881153549382715,5.441099537037037,5.765001929012346
5203,00:01:26.700,5.007364326131687,28.199045138888888,2.851161265432099,5.956452546296297,6.214479166666667
5204,00:01:26.717,0.04354616769547325,0.6035590277777778,0.024128086419753086,0.03999807098765432,0.06651234567901235
5205,00:01:26.733,4.875656507201646,28.745052083333334,2.577864583333333,5.845698302469136,6.2034066358024695
5206,00:01:26.750,5.4393679269547315,32.463802083333334,2.926971450617284,6.403645833333333,6.98748649691358
5207,00:01:26.767,5.9312204218107,35.119560185185186,3.1682831790123456,7.019380787037037,7.605997299382716
5208,00:01:26.783,5.8130092592592595,33.29756944444444,3.129184027777778,6.751741898148148,7.558101851851852
5209,00:01:26.800,5.762531507201646,30.63492476851852,3.0767824074074075,6.634598765432099,7.576213348765432
5210,00:01:26.817,5.609477880658436,26.15127314814815,2.860804398148148,6.596035879629629,7.371593364197531
5211,00:01:26.833,3.437941100823045,11.161168981481481,1.635408950617284,4.21608024691358,4.462334104938272
5212,00:01:26.850,4.263265817901234,14.817939814814816,2.058412422839506,5.2704205246913585,5.460964506172839
5213,00:01:26.867,3.5327649176954736,12.769184027777778,1.6785609567901234,4.370331790123457,4.54940200617284
5214,00:01:26.883,4.984447016460905,18.223350694444445,2.5639197530864197,5.874724151234568,6.514697145061729
5215,00:01:26.900,4.134653420781893,16.223784722222224,2.205113811728395,4.975590277777778,5.223256172839506
5216,00:01:26.917,2.900142103909465,14.337847222222223,1.6470949074074075,3.1820582561728394,3.871273148148148
5217,00:01:26.933,2.7288586676954734,15.115538194444444,1.5580034722222222,3.029637345679012,3.5989351851851854
5218,00:01:26.950,0.049243827160493824,0.42254050925925923,0.04019675925925926,0.039149305555555555,0.06838541666666667
5219,00:01:26.967,1.1587229938271606,5.424652777777778,0.6330613425925926,1.3053761574074074,1.5377314814814815
5220,00:01:26.983,12.594945344650206,50.582378472222224,7.521712962962963,19.48946952160494,10.773653549382717
5221,00:01:27.000,5.9777289094650214,23.356799768518517,4.8020100308641975,4.983416280864198,8.147760416666667
5222,00:01:27.017,1.0439525462962964,4.894386574074074,0.5640972222222222,1.2402662037037038,1.327494212962963
5223,00:01:27.033,9.65495563271605,52.508159722222224,5.5366435185185185,12.435354938271605,10.992868441358025
5224,00:01:27.050,12.486682741769547,69.00445601851852,7.484332561728395,16.373917824074073,13.601797839506172
5225,00:01:27.067,3.4959985853909465,16.32560763888889,1.920437885802469,4.434405864197531,4.133152006172839
5226,00:01:27.083,15.138971193415637,83.99160879629629,8.67012924382716,20.43059413580247,16.316190200617285
5227,00:01:27.100,14.198898533950619,82.21684027777778,7.516259645061728,18.01039351851852,17.070042438271606
5228,00:01:27.117,10.738852880658436,67.8140625,5.702991898148148,13.111952160493827,13.401614583333334
5229,00:01:27.133,10.700996656378601,62.38596643518518,5.759425154320987,12.776556712962963,13.567008101851853
5230,00:01:27.150,3.382474279835391,16.018663194444443,1.6770466820987655,3.9809104938271607,4.489465663580247
5231,00:01:27.167,0.04293981481481481,0.5892939814814815,0.021888503086419753,0.038711419753086417,0.06821952160493827
5232,00:01:27.183,3.6257773919753085,13.69837962962963,1.7838773148148148,4.350393518518518,4.7430613425925925
5233,00:01:27.200,2.915181970164609,7.504890046296296,1.38609375,3.7298900462962963,3.629562114197531
5234,00:01:27.217,2.8175925925925926,7.865943287037037,1.2724074074074074,3.362602237654321,3.8177681327160493
5235,00:01:27.233,2.8565207047325103,11.9265625,1.40890625,3.5786439043209874,3.582011959876543
5236,00:01:27.250,2.837369470164609,14.908449074074074,1.4330246913580247,3.2905439814814814,3.788539737654321
5237,00:01:27.267,2.759110082304527,14.575925925925926,1.426136188271605,3.085497685185185,3.76569637345679
5238,00:01:27.283,4.2684612911522635,19.77037037037037,2.1808487654320987,4.978566743827161,5.645968364197531
5239,00:01:27.300,4.5644077932098766,21.00306712962963,2.3257060185185185,5.385516975308642,5.982000385802469
5240,00:01:27.317,6.017023533950617,29.95954861111111,3.167366898148148,7.191539351851852,7.692164351851852
5241,00:01:27.333,5.871820344650206,31.13961226851852,2.997505787037037,7.173333333333333,7.444621913580247
5242,00:01:27.350,6.111280221193415,33.94441550925926,3.0963078703703704,7.593668981481481,7.643863811728395
5243,00:01:27.367,3.868759645061728,19.497366898148147,1.9133969907407407,4.815206404320987,4.877675540123457
5244,00:01:27.383,8.65812114197531,49.58776041666667,4.622594521604938,10.545596064814815,10.806172839506173
5245,00:01:27.400,7.163854809670782,35.74427083333333,3.765727237654321,8.60184413580247,9.123993055555555
5246,00:01:27.417,6.536631944444444,37.10240162037037,3.065017361111111,8.24187114197531,8.303007330246913
5247,00:01:27.433,5.187143775720165,29.886747685185185,2.4468730709876545,6.483863811728395,6.630694444444444
5248,00:01:27.450,5.518920396090535,32.53414351851852,2.5159143518518516,7.0386188271604935,7.00222800925926
5249,00:01:27.467,6.352268518518518,37.00549768518518,3.0013734567901236,8.184569830246913,7.870862268518518
5250,00:01:27.483,0.03953189300411523,0.4004050925925926,0.026572145061728395,0.038125,0.053898533950617285
5251,00:01:27.500,8.811700102880659,43.50888310185185,5.48048225308642,9.633117283950618,11.321500771604939
5252,00:01:27.517,6.126198559670782,38.72271412037037,2.86132137345679,7.939326774691358,7.577947530864198
5253,00:01:27.533,7.3731204989711925,45.52173032407408,3.5623398919753084,9.565854552469135,8.991167052469136
5254,00:01:27.550,6.872925668724281,40.716377314814814,3.363912037037037,8.694577546296296,8.560287422839506
5255,00:01:27.567,6.795525977366256,40.53831018518518,3.3031230709876542,8.422135416666666,8.661319444444445
5256,00:01:27.583,6.477512217078189,37.02369791666667,3.181261574074074,8.083744212962962,8.16753086419753
5257,00:01:27.600,5.865267489711935,33.0162037037037,2.9649922839506173,7.261529706790124,7.369280478395062
5258,00:01:27.617,5.792359182098765,33.51793981481482,2.897974537037037,7.433198302469136,7.0459047067901235
5259,00:01:27.633,4.939603909465021,27.145891203703705,2.4007947530864198,6.278595679012346,6.139421296296296
5260,00:01:27.650,5.1073521090534975,26.256047453703705,2.446514274691358,6.464924768518519,6.410617283950617
5261,00:01:27.667,5.7329031635802465,30.46521990740741,2.902764274691358,7.188960262345679,7.106984953703703
5262,00:01:27.683,6.015295781893005,31.620688657407406,3.118533950617284,7.623946759259259,7.303406635802469
5263,00:01:27.700,5.3386522633744855,29.00428240740741,2.7504128086419755,6.797752700617284,6.467791280864198
5264,00:01:27.717,5.383493441358024,27.17540509259259,2.817648533950617,6.84426311728395,6.488568672839506
5265,00:01:27.733,5.0574678497942385,25.51869212962963,2.650073302469136,6.373375771604938,6.148954475308642
5266,00:01:27.750,6.01612204218107,29.86707175925926,3.1536149691358024,7.642199074074074,7.252552083333334
5267,00:01:27.767,0.04690779320987654,0.6006076388888889,0.027633101851851853,0.04420524691358025,0.06888503086419753
5268,00:01:27.783,5.5636914866255145,27.328385416666666,2.759440586419753,7.201857638888889,6.729776234567901
5269,00:01:27.800,4.894758230452675,23.63767361111111,2.351350308641975,6.320582561728395,6.012341820987654
5270,00:01:27.817,5.958813657407408,27.849305555555556,2.8801601080246915,7.776593364197531,7.2196875
5271,00:01:27.833,4.347872942386831,19.05859375,1.971826774691358,5.7088425925925925,5.3629494598765435
5272,00:01:27.850,5.687979038065843,23.430092592592594,2.615621141975309,7.513416280864197,6.934899691358025
5273,00:01:27.867,4.94646412037037,20.56724537037037,2.232752700617284,6.618082561728395,5.988557098765432
5274,00:01:27.883,5.06927404835391,20.316869212962963,2.371905864197531,6.7683584104938275,6.06755787037037
5275,00:01:27.900,4.502033822016461,18.81166087962963,2.0622820216049385,5.965283564814815,5.4785358796296295
5276,00:01:27.917,5.6483924897119335,22.364641203703705,2.5840605709876545,7.5983680555555555,6.762748842592592
5277,00:01:27.933,4.3370698302469135,16.722569444444446,1.9265856481481483,5.8655131172839505,5.219110725308642
5278,00:01:27.950,10.740691872427982,55.30017361111111,5.599463734567901,14.785322145061729,11.837289737654322
5279,00:01:27.967,10.687624742798354,55.90963541666667,5.545719521604938,14.687426697530864,11.82972800925926
5280,00:01:27.983,10.874983281893003,55.30066550925926,5.605337577160494,15.001425540123456,12.018186728395062
5281,00:01:28.000,11.762730838477367,50.263136574074075,6.743368055555556,14.673622685185185,13.871201774691357
5282,00:01:28.017,9.969311342592592,48.6349537037037,5.008186728395062,13.956934799382717,10.9428125
5283,00:01:28.033,9.949650205761316,48.62462384259259,5.05201774691358,13.788715277777778,11.008217592592592
5284,00:01:28.050,10.516810056584363,52.231712962962966,5.372650462962963,14.531608796296297,11.646170910493828
5285,00:01:28.067,9.843050411522634,46.432233796296295,4.838601466049383,13.42417824074074,11.266371527777778
5286,00:01:28.083,9.281978523662552,42.12025462962963,4.44032600308642,12.691014660493828,10.714594907407408
5287,00:01:28.100,7.765653292181071,31.39441550925926,3.57225887345679,10.459627700617284,9.265073302469135
5288,00:01:28.117,0.061350951646090536,0.35810185185185184,0.03455825617283951,0.057922453703703705,0.0915721450617284
5289,00:01:28.133,7.694259902263375,29.565538194444443,3.6329398148148146,10.29944637345679,9.150393518518518
5290,00:01:28.150,7.439639917695473,25.729224537037037,3.5755401234567903,9.743414351851852,8.999965277777777
5291,00:01:28.167,6.762346965020576,22.61993634259259,3.3021026234567903,8.932494212962963,8.052444058641976
5292,00:01:28.183,7.835167181069958,31.996990740740742,3.7566377314814816,10.318659336419753,9.430204475308642
5293,00:01:28.200,9.746453832304526,35.45060763888889,5.43308063271605,12.040015432098766,11.766265432098766
5294,00:01:28.217,9.114755015432099,32.47757523148148,5.146614583333333,11.101323302469137,11.096327160493827
5295,00:01:28.233,5.539487525720165,20.07583912037037,2.7332870370370372,6.727934027777778,7.157241512345679
5296,00:01:28.250,6.982687757201646,32.46822916666667,3.4979533179012345,8.532291666666667,8.917818287037036
5297,00:01:28.267,7.103927469135802,36.97204861111111,3.582235725308642,8.433024691358025,9.296521990740741
5298,00:01:28.283,6.923710133744856,35.81166087962963,3.398487654320988,8.10720486111111,9.26543788580247
5299,00:01:28.300,7.0835468106995885,31.37867476851852,3.4313425925925927,8.661797839506173,9.1575
5300,00:01:28.317,6.8313599537037035,28.91377314814815,3.182094907407407,8.03937885802469,9.272606095679013
5301,00:01:28.333,7.414483024691358,37.985358796296296,3.738431712962963,8.669550540123456,9.835466820987655
5302,00:01:28.350,10.117336033950616,39.38677662037037,6.273454861111111,12.292797067901235,11.785756172839505
5303,00:01:28.367,10.701628729423868,47.16614583333333,6.136875,12.742181712962964,13.225829475308641
5304,00:01:28.383,11.4178420781893,52.38420138888889,6.622337962962963,13.862355324074073,13.768832947530864
5305,00:01:28.400,0.04399691358024691,0.39253472222222224,0.031049382716049383,0.0389429012345679,0.06199845679012346
5306,00:01:28.417,10.288348765432099,55.59236111111111,5.97214313271605,11.841286651234569,13.05161651234568
5307,00:01:28.433,7.693604681069959,32.99308449074074,4.46774112654321,8.861543209876544,9.751529706790123
5308,00:01:28.450,5.436680812757202,18.272540509259258,3.3487712191358026,6.659440586419753,6.301830632716049
5309,00:01:28.467,4.80119470164609,15.838628472222222,2.9912692901234568,5.955023148148148,5.457291666666666
5310,00:01:28.483,5.156743184156379,17.939525462962962,3.2057561728395063,6.191213348765432,6.073260030864198
5311,00:01:28.500,8.139906764403293,25.65396412037037,6.11904899691358,7.746047453703704,10.554623842592592
5312,00:01:28.517,4.3658307613168725,22.043431712962963,2.5915895061728396,5.055185185185185,5.450717592592593
5313,00:01:28.533,4.468057484567901,23.7203125,2.792139274691358,5.28254050925926,5.329492669753086
5314,00:01:28.550,5.825277777777778,21.881105324074074,3.6923533950617284,6.850125385802469,6.933354552469136
5315,00:01:28.567,3.880032793209877,14.810069444444444,2.480331790123457,4.570034722222222,4.589731867283951
5316,00:01:28.583,6.448771219135803,22.71339699074074,4.530171682098765,7.500653935185185,7.315488040123457
5317,00:01:28.600,5.3581957304526755,19.979427083333334,3.8758082561728395,5.947756558641975,6.25102237654321
5318,00:01:28.617,5.836759902263374,21.33509837962963,4.1832465277777775,6.613858024691358,6.713175154320988
5319,00:01:28.633,8.136242926954731,34.029513888888886,5.814845679012346,9.12256172839506,9.47132137345679
5320,00:01:28.650,6.492473636831275,23.284982638888888,4.513883101851852,7.361003086419753,7.602534722222222
5321,00:01:28.667,4.136667309670782,13.160734953703704,2.8063908179012347,4.862505787037037,4.741105324074074
5322,00:01:28.683,5.454822530864196,18.06791087962963,3.7444502314814816,6.308532021604938,6.311485339506173
5323,00:01:28.700,4.511999742798355,17.00787037037037,3.068292824074074,5.239851466049383,5.227854938271605
5324,00:01:28.717,4.157240869341564,17.768344907407407,2.710077160493827,4.874072145061729,4.887573302469136
5325,00:01:28.733,4.5042907664609055,20.23865740740741,3.104440586419753,5.250736882716049,5.157694830246913
5326,00:01:28.750,0.03952417695473251,0.5096064814814815,0.019112654320987653,0.04146026234567901,0.057999614197530865
5327,00:01:28.767,4.172262088477367,18.65523726851852,2.63866512345679,4.9874170524691355,4.890704089506173
5328,00:01:28.783,5.251918724279835,19.76741898148148,3.487559799382716,6.198186728395061,6.070009645061728
5329,00:01:28.800,4.485347865226338,16.99754050925926,3.1165451388888887,5.161894290123457,5.177604166666667
5330,00:01:28.817,3.9408179012345683,13.616724537037037,2.707980324074074,4.541967592592592,4.572505787037037
5331,00:01:28.833,4.71176054526749,16.44464699074074,3.309627700617284,5.502123842592592,5.323530092592593
5332,00:01:28.850,5.022701903292181,13.872511574074075,3.2338290895061728,5.54920524691358,6.28507137345679
5333,00:01:28.867,4.35083654835391,14.02745949074074,3.2174247685185184,4.912563657407407,4.9225212191358025
5334,00:01:28.883,4.332386188271605,15.16423611111111,2.971701388888889,5.018134645061728,5.007322530864197
5335,00:01:28.900,5.717117412551441,17.94641203703704,3.8500212191358023,6.739581404320988,6.561749614197531
5336,00:01:28.917,4.283100565843621,15.393952546296296,2.794722222222222,5.048051697530864,5.0065277777777775
5337,00:01:28.933,4.381628729423869,15.444618055555555,2.737397762345679,5.309699074074074,5.097789351851852
5338,00:01:28.950,4.602606095679012,15.430353009259258,2.584351851851852,5.687457561728395,5.53600887345679
5339,00:01:28.967,4.725613425925926,15.399855324074075,2.467210648148148,5.694048996913581,6.015580632716049
5340,00:01:28.983,4.446677597736626,14.924681712962963,2.4388425925925925,5.467945601851852,5.433244598765432
5341,00:01:29.000,7.280997299382716,17.40581597222222,5.742395833333333,6.790742669753087,9.309853395061728
5342,00:01:29.017,3.6463425925925925,16.37037037037037,1.9580729166666666,4.708483796296297,4.272471064814815
5343,00:01:29.033,5.210763245884773,20.015827546296297,3.1677179783950615,6.409486882716049,6.0550848765432095
5344,00:01:29.050,6.968079989711934,27.373640046296295,4.317112268518518,8.245520833333334,8.34160686728395
5345,00:01:29.067,6.33507265946502,23.750810185185184,3.997029320987654,7.459153163580247,7.54903549382716
5346,00:01:29.083,5.566795267489712,19.66166087962963,3.4275038580246915,6.581076388888889,6.691805555555556
5347,00:01:29.100,5.590885416666667,19.711834490740742,3.228597608024691,6.616305941358025,6.927752700617284
5348,00:01:29.117,4.5293171296296295,16.76929976851852,2.7196527777777777,5.3409355709876545,5.527363040123457
5349,00:01:29.133,4.524740869341564,17.617332175925927,2.515675154320988,5.60662037037037,5.4519270833333335
5350,00:01:29.150,0.05379629629629629,0.27152777777777776,0.036604938271604937,0.04947145061728395,0.0753125
5351,00:01:29.167,4.255377443415638,14.024508101851852,2.2194328703703703,5.376278935185185,5.170420524691358
5352,00:01:29.183,4.115833333333334,14.119444444444444,2.1872280092592593,5.174899691358025,4.985372299382716
5353,00:01:29.200,4.558625900205762,16.022106481481483,2.50657600308642,5.774444444444445,5.394857253086419
5354,00:01:29.217,4.246046810699589,14.48443287037037,2.2912905092592593,5.337609953703704,5.109239969135802
5355,00:01:29.233,3.9027989969135803,13.327488425925926,2.125059799382716,4.940671296296296,4.642665895061729
5356,00:01:29.250,4.583585390946502,15.425925925925926,2.6667901234567903,5.645424382716049,5.438541666666667
5357,00:01:29.267,3.7151215277777774,12.982175925925926,2.166815200617284,4.627644675925926,4.350904706790123
5358,00:01:29.283,3.926216563786008,13.672309027777779,2.3732561728395063,4.827008101851852,4.578385416666666
5359,00:01:29.300,5.04870691872428,16.329050925925927,3.011315586419753,6.04931712962963,6.085488040123457
5360,00:01:29.317,4.486491769547325,15.998495370370371,2.788954475308642,5.462559799382716,5.2079610339506175
5361,00:01:29.333,4.838690200617284,16.06736111111111,3.1587287808641977,5.853798225308642,5.503543595679012
5362,00:01:29.350,3.2691094393004114,10.641724537037037,2.0317226080246913,3.9379976851851852,3.837608024691358
5363,00:01:29.367,5.482235725308642,18.23220486111111,3.5964506172839505,6.656251929012345,6.19400462962963
5364,00:01:29.383,4.670260416666667,14.36490162037037,3.065001929012346,5.646726466049382,5.299052854938272
5365,00:01:29.400,5.048074202674897,15.885358796296297,3.143761574074074,6.200925925925926,5.799535108024691
5366,00:01:29.417,4.472132844650205,13.451446759259259,2.8424131944444446,5.466350308641975,5.107635030864198
5367,00:01:29.433,4.657716049382716,14.715625,2.8665007716049384,5.721950231481482,5.384697145061728
5368,00:01:29.450,6.645101594650206,15.773206018518518,3.841304012345679,8.548246527777778,7.545754243827161
5369,00:01:29.467,6.862107767489712,22.203298611111112,4.396913580246913,8.725457175925927,7.463952546296296
5370,00:01:29.483,0.05469135802469136,0.24742476851851852,0.03616512345679012,0.05076581790123457,0.07714313271604939
5371,00:01:29.500,14.300009002057614,53.83234953703704,9.969695216049383,15.397283950617284,17.53304783950617
5372,00:01:29.517,11.787328960905349,46.716059027777774,7.013155864197531,14.151612654320987,14.19721836419753
5373,00:01:29.533,9.424303626543209,30.27583912037037,5.457004243827161,11.728618827160494,11.087287808641975
5374,00:01:29.550,6.404614197530864,19.569184027777776,3.5451755401234566,8.356963734567902,7.311703317901235
5375,00:01:29.567,5.957143132716049,19.10335648148148,3.2402314814814814,7.9816975308641975,6.649500385802469
5376,00:01:29.583,5.385684799382716,18.84609375,2.784201388888889,7.41758487654321,5.955268132716049
5377,00:01:29.600,3.186359953703704,10.740104166666667,1.7298090277777778,4.523001543209877,3.3062692901234567
5378,00:01:29.617,3.91313850308642,13.516869212962963,2.280505401234568,5.125885416666667,4.333024691358025
5379,00:01:29.633,3.3969540895061727,11.633391203703704,1.8194502314814816,4.678707561728395,3.6927044753086418
5380,00:01:29.650,2.7802996399176956,8.836458333333333,1.527565586419753,3.851255787037037,2.9620775462962965
5381,00:01:29.667,4.267278163580247,7.492592592592593,1.5482233796296296,5.659365354938272,5.59424575617284
5382,00:01:29.683,3.539402649176955,9.534461805555555,1.81304012345679,4.388798225308642,4.416369598765432
5383,00:01:29.700,2.8112236368312757,7.184664351851852,1.6793460648148149,3.5847935956790122,3.16953125
5384,00:01:29.717,3.042698688271605,8.839409722222221,1.573491512345679,3.738755787037037,3.815848765432099
5385,00:01:29.733,3.9266377314814815,13.271412037037036,2.072619598765432,5.0004128086419755,4.706880787037037
5386,00:01:29.750,4.625806327160494,14.55083912037037,2.477409336419753,5.857849151234568,5.5421604938271605
5387,00:01:29.767,5.678324331275721,19.942042824074075,2.9656577932098767,7.196412037037037,6.872903163580247
5388,00:01:29.783,6.324171167695472,21.49447337962963,3.2037442129629627,7.905626929012346,7.8631423611111115
5389,00:01:29.800,6.695437242798353,22.24117476851852,3.4182561728395062,8.209272762345678,8.458782793209876
5390,00:01:29.817,0.04667502572016461,0.17806712962962962,0.029870756172839505,0.04332175925925926,0.06683256172839507
5391,00:01:29.833,7.726142618312757,26.46116898148148,3.7895177469135803,9.620434027777778,9.768476080246913
5392,00:01:29.850,7.087818287037038,25.74398148148148,3.392573302469136,8.980592206790124,8.890289351851852
5393,00:01:29.867,6.890518261316873,23.158072916666665,3.2919039351851853,8.731728395061728,8.647922453703703
5394,00:01:29.883,8.247493569958847,24.340596064814815,4.1138869598765435,10.299311342592592,10.329282407407407
5395,00:01:29.900,8.770738811728394,30.601475694444446,4.422264660493827,11.041383101851851,10.848568672839507
5396,00:01:29.917,6.258592463991769,19.585908564814815,3.3841319444444444,7.838242669753086,7.5534027777777775
5397,00:01:29.933,0.05272247942386831,0.34482060185185187,0.03203703703703704,0.04820408950617284,0.07792631172839506
5398,00:01:29.950,6.7600135030864195,19.39603587962963,4.221934799382716,8.436680169753087,7.6214255401234565
5399,00:01:29.967,7.4827064043209885,24.279600694444444,5.211130401234568,9.178892746913581,8.058096064814816
5400,00:01:29.983,6.591907793209876,21.66171875,4.79671875,7.910499614197531,7.068505015432099
