Frame Number,Timecode,content_val,delta_edges,delta_hue,delta_lum,delta_sat
2,00:00:00.017,2.094428168402778,12.188313802083334,1.4915093315972223,1.9673936631944444,2.8243815104166665
3,00:00:00.033,1.9099573206018519,12.049967447916666,1.2527669270833333,1.8665635850694444,2.6105414496527777
4,00:00:00.050,2.3108995225694446,13.260498046875,1.8531087239583333,2.139187282986111,2.940402560763889
5,00:00:00.067,2.6453993055555554,15.128173828125,2.080837673611111,2.3888346354166665,3.466525607638889
6,00:00:00.083,2.7871907552083335,12.624104817708334,2.2933213975694446,2.4737413194444446,3.594509548611111
7,00:00:00.100,3.099672670717593,15.39794921875,2.5049370659722223,2.697726779513889,4.096354166666667
8,00:00:00.117,2.8827944155092595,16.221110026041668,2.1494683159722223,2.6375054253472223,3.8614095052083335
9,00:00:00.133,2.7724609375,15.494791666666666,2.039794921875,2.503445095486111,3.774142795138889
10,00:00:00.150,2.823359736689815,13.101399739583334,2.006103515625,2.754665798611111,3.7093098958333335
11,00:00:00.167,2.8004376446759256,15.100504557291666,2.0262586805555554,2.7020670572916665,3.6729871961805554
12,00:00:00.183,3.3476381655092595,15.81298828125,2.706271701388889,3.066162109375,4.270480685763889
13,00:00:00.200,3.1841905381944446,14.367268880208334,2.092800564236111,2.99951171875,4.460259331597222
14,00:00:00.217,0.004322193287037038,0.11759440104166667,0.003173828125,0.0035264756944444445,0.006266276041666667
15,00:00:00.233,2.8698549623842595,12.651774088541666,1.6109483506944444,2.8690592447916665,4.129557291666667
16,00:00:00.250,2.853144892939815,14.720052083333334,1.6317003038194444,2.7305501302083335,4.197184244791667
17,00:00:00.267,2.781105324074074,14.076741536458334,1.7260199652777777,2.4901801215277777,4.127115885416667
18,00:00:00.283,2.8245804398148144,12.686360677083334,1.8522677951388888,2.4411078559027777,4.180365668402778
19,00:00:00.300,3.7797489872685186,15.81298828125,2.7019585503472223,3.2698838975694446,5.367404513888889
20,00:00:00.317,3.415590639467593,15.598551432291666,2.2533637152777777,3.1806098090277777,4.812798394097222
21,00:00:00.333,3.483461733217593,15.501708984375,2.2958441840277777,3.3427191840277777,4.811821831597222
22,00:00:00.350,3.3814652054398144,16.72607421875,2.2847493489583335,3.2948676215277777,4.564778645833333
23,00:00:00.367,3.3162977430555554,15.771484375,2.200927734375,3.3128255208333335,4.435139973958333
24,00:00:00.383,3.0629973234953702,12.969970703125,2.1354437934027777,3.007107204861111,4.046440972222222
25,00:00:00.400,3.609013310185185,14.809977213541666,2.6285264756944446,3.544406467013889,4.654106987847222
26,00:00:00.417,3.586489076967593,15.432535807291666,2.447509765625,3.604248046875,4.707709418402778
27,00:00:00.433,4.3082501446759265,21.595865885416668,3.2823079427083335,4.179931640625,5.462510850694445
28,00:00:00.450,3.533546730324074,17.97119140625,2.768337673611111,3.3652886284722223,4.467013888888889
29,00:00:00.467,4.296413845486111,21.056315104166668,3.7037489149305554,4.053765190972222,5.131727430555555
30,00:00:00.483,4.193305121527778,22.156168619791668,3.3781195746527777,4.060112847222222,5.141682942708333
31,00:00:00.500,8.694959852430555,17.652994791666668,11.919325086805555,5.008029513888889,9.157524956597221
32,00:00:00.517,3.3363082320601856,14.851481119791666,2.6395670572916665,3.3325737847222223,4.036783854166667
33,00:00:00.533,3.9626645688657405,20.21240234375,3.4783257378472223,4.028428819444445,4.381239149305555
34,00:00:00.550,3.922544126157407,19.8388671875,3.4952799479166665,4.018473307291667,4.253879123263889
35,00:00:00.567,3.3509837962962963,14.256591796875,2.983371310763889,3.2736002604166665,3.7959798177083335
36,00:00:00.583,3.9570222077546298,19.022623697916668,3.70703125,3.951416015625,4.212619357638889
37,00:00:00.600,3.2006655092592595,15.736897786458334,2.9796006944444446,3.1959364149305554,3.4264594184027777
38,00:00:00.617,0.04228153935185185,3.8045247395833335,0.052435980902777776,0.02880859375,0.045600043402777776
39,00:00:00.633,3.9708749276620368,19.160970052083332,3.9745279947916665,3.877685546875,4.060411241319445
40,00:00:00.650,3.2082881221064814,14.111328125,3.248996310763889,3.103244357638889,3.2726236979166665
41,00:00:00.667,3.8670247395833335,18.282470703125,4.134982638888889,3.740695529513889,3.7253960503472223
42,00:00:00.683,3.303005642361111,15.010579427083334,3.5405815972222223,3.1968858506944446,3.1715494791666665
43,00:00:00.700,3.269594545717593,14.118245442708334,3.5889756944444446,3.0744086371527777,3.1453993055555554
44,00:00:00.717,3.052671079282407,12.589518229166666,3.309787326388889,2.8607313368055554,2.9874945746527777
45,00:00:00.733,3.484754774305556,13.336588541666666,3.878689236111111,3.2574055989583335,3.3181694878472223
46,00:00:00.750,3.3828577112268516,10.230712890625,3.866183810763889,3.1131456163194446,3.1692437065972223
47,00:00:00.767,3.4457646122685186,12.126057942708334,4.110975477430555,3.020751953125,3.20556640625
48,00:00:00.783,3.3202311197916665,13.371175130208334,3.977783203125,2.8475748697916665,3.1353352864583335
49,00:00:00.800,3.5701768663194446,13.848470052083334,4.398356119791667,2.9837510850694446,3.3284233940972223
50,00:00:00.817,3.625614872685185,13.57177734375,4.386555989583333,3.0655110677083335,3.424777560763889
51,00:00:00.833,3.8546639901620368,14.837646484375,4.701334635416667,3.213406032986111,3.6492513020833335
52,00:00:00.850,4.30469654224537,14.630126953125,5.416883680555555,3.5304633246527777,3.9667426215277777
53,00:00:00.867,4.549877025462963,14.969075520833334,5.810546875,3.6504448784722223,4.188639322916667
54,00:00:00.883,4.397153501157407,11.468912760416666,5.66650390625,3.5055338541666665,4.019422743055555
55,00:00:00.900,5.441469545717593,16.255696614583332,7.1875,4.279134114583333,4.857774522569445
56,00:00:00.917,0.04601598668981482,0.4427083333333333,0.050971137152777776,0.028428819444444444,0.058648003472222224
57,00:00:00.933,5.300419560185185,16.553141276041668,7.015462239583333,4.137803819444445,4.747992621527778
58,00:00:00.950,5.7675600405092595,20.738118489583332,7.738498263888889,4.418755425347222,5.145426432291667
59,00:00:00.967,5.264087818287037,16.822916666666668,6.7685546875,4.148708767361111,4.875
60,00:00:00.983,4.086290147569444,13.793131510416666,4.805826822916667,3.4924858940972223,3.9605577256944446
61,00:00:01.000,9.508743851273147,21.893310546875,13.547119140625,5.485460069444445,9.49365234375
62,00:00:01.017,3.8157552083333335,16.781412760416668,3.855224609375,3.7271050347222223,3.8649359809027777
63,00:00:01.033,3.8558756510416665,18.994954427083332,3.539279513888889,3.7227918836805554,4.305555555555555
64,00:00:01.050,3.808042173032408,16.234944661458332,3.3628743489583335,3.5948350694444446,4.466417100694445
65,00:00:01.067,3.336154513888889,14.422607421875,2.6081000434027777,3.134548611111111,4.265814887152778
66,00:00:01.083,3.3378182870370368,16.006673177083332,2.651828342013889,3.0223524305555554,4.339274088541667
67,00:00:01.100,3.1824273003472228,17.950439453125,2.2201605902777777,3.0110405815972223,4.316080729166667
68,00:00:01.117,3.1588270399305554,15.280354817708334,2.1918402777777777,3.0384114583333335,4.246229383680555
69,00:00:01.133,2.869077329282407,13.855387369791666,1.8374294704861112,2.7882486979166665,3.9815538194444446
70,00:00:01.150,3.383355034722222,19.119466145833332,2.2594672309027777,3.291720920138889,4.598876953125
71,00:00:01.167,3.0954047309027772,19.057210286458332,2.112575954861111,2.932156032986111,4.241482204861111
72,00:00:01.183,3.6892903645833335,19.693603515625,2.5867784288194446,3.4971245659722223,4.983968098958333
73,00:00:01.200,3.288691767939815,17.652994791666668,2.3513726128472223,2.9796549479166665,4.535047743055555
74,00:00:01.217,3.2393663194444446,17.978108723958332,2.2953287760416665,2.94189453125,4.480875651041667
75,00:00:01.233,3.2070222077546298,18.275553385416668,2.2026909722222223,2.883517795138889,4.534857855902778
76,00:00:01.250,3.2501356336805554,20.475260416666668,2.3303765190972223,2.861300998263889,4.558729383680555
77,00:00:01.267,0.03842954282407408,0.20751953125,0.028971354166666668,0.024305555555555556,0.06201171875
78,00:00:01.283,4.106662326388888,24.61181640625,3.25830078125,3.5519205729166665,5.509765625
79,00:00:01.300,0.0314037181712963,1.0860188802083333,0.032145182291666664,0.022325303819444444,0.039740668402777776
80,00:00:01.317,2.9576099537037037,16.262613932291668,2.112277560763889,2.5933973524305554,4.167154947916667
81,00:00:01.333,3.2062174479166665,15.48095703125,2.4640299479166665,2.7930772569444446,4.361545138888889
82,00:00:01.350,2.6941189236111107,16.048177083333332,1.7599283854166667,2.4117567274305554,3.910671657986111
83,00:00:01.367,3.313295717592592,16.864420572916668,2.4213053385416665,3.006130642361111,4.512451171875
84,00:00:01.383,2.7197175202546298,14.996744791666666,1.8006727430555556,2.473361545138889,3.8851182725694446
85,00:00:01.400,3.062255859375,14.540201822916666,2.0891927083333335,2.825656467013889,4.271918402777778
86,00:00:01.417,2.7349537037037037,11.378987630208334,1.7341037326388888,2.5777452256944446,3.8930121527777777
87,00:00:01.433,3.5746346932870368,17.237955729166668,2.778347439236111,3.3069390190972223,4.638617621527778
88,00:00:01.450,3.14990234375,14.062906901041666,2.3106825086805554,2.9393446180555554,4.199679904513889
89,00:00:01.467,3.7480016637731484,18.6767578125,3.099338107638889,3.422634548611111,4.722032335069445
90,00:00:01.483,3.8013780381944446,19.271647135416668,3.4122992621527777,3.3675130208333335,4.624321831597222
91,00:00:01.500,8.56396484375,19.320068359375,12.354573567708334,4.430067274305555,8.90725368923611
92,00:00:01.517,3.5851869936342595,21.4990234375,3.233425564236111,3.2208930121527777,4.301242404513889
93,00:00:01.533,2.603823061342593,12.209065755208334,2.2330186631944446,2.372314453125,3.2061360677083335
94,00:00:01.550,3.250379774305556,15.771484375,3.0540635850694446,2.898654513888889,3.7984212239583335
95,00:00:01.567,2.7742784288194446,12.610270182291666,2.546413845486111,2.476318359375,3.3001030815972223
96,00:00:01.583,0.05523907696759259,0.53955078125,0.0849609375,0.03176540798611111,0.048990885416666664
97,00:00:01.600,2.769956235532408,11.939290364583334,2.5264485677083335,2.503390842013889,3.280029296875
98,00:00:01.617,2.3969364872685186,11.358235677083334,2.263943142361111,2.107150607638889,2.8197157118055554
99,00:00:01.633,1.8293728298611114,8.314615885416666,1.4850802951388888,1.6728515625,2.3301866319444446
100,00:00:01.650,2.1623896846064814,9.462890625,1.91259765625,1.9293891059027777,2.6451822916666665
101,00:00:01.667,1.8828938802083333,7.816569010416667,1.69775390625,1.5639105902777777,2.3870171440972223
102,00:00:01.683,2.2265534577546293,8.30078125,2.0267740885416665,1.8638509114583333,2.789035373263889
103,00:00:01.700,1.8300148292824074,7.996419270833333,1.6515570746527777,1.508544921875,2.3299424913194446
104,00:00:01.717,2.044949001736111,8.501383463541666,1.8689778645833333,1.6872016059027777,2.5786675347222223
105,00:00:01.733,1.9771502459490737,5.35400390625,1.9404568142361112,1.5218641493055556,2.4691297743055554
106,00:00:01.750,1.2372233072916667,5.035807291666667,1.0380859375,1.1417914496527777,1.5317925347222223
107,00:00:01.767,1.402126736111111,7.104085286458333,1.43115234375,1.160888671875,1.6143391927083333
108,00:00:01.783,1.3407660590277777,6.10107421875,1.2741427951388888,1.18359375,1.5645616319444444
109,00:00:01.800,1.5336552372685184,8.293863932291666,1.6464029947916667,1.2098253038194444,1.7447374131944444
110,00:00:01.817,2.2726508246527777,8.522135416666666,2.5281846788194446,1.7355414496527777,2.554226345486111
111,00:00:01.833,2.0228859230324074,6.917317708333333,2.0952690972222223,1.5801323784722223,2.3932562934027777
112,00:00:01.850,2.7679398148148144,9.303792317708334,3.0274793836805554,2.0972222222222223,3.1791178385416665
113,00:00:01.867,2.878644024884259,7.034912109375,3.0772026909722223,2.1212565104166665,3.437472873263889
114,00:00:01.883,2.141701027199074,7.8857421875,1.991455078125,1.8617078993055556,2.5719401041666665
115,00:00:01.900,2.532335069444444,8.162434895833334,2.641140407986111,2.1000162760416665,2.8558485243055554
116,00:00:01.917,2.5349030671296298,10.673421223958334,2.5994737413194446,2.1417643229166665,2.8634711371527777
117,00:00:01.933,2.541124131944444,8.480631510416666,2.5477973090277777,2.0852593315972223,2.9903157552083335
118,00:00:01.950,2.5267831307870368,9.262288411458334,2.3015679253472223,2.1604817708333335,3.1182996961805554
119,00:00:01.967,3.0006419994212963,9.469807942708334,2.613037109375,2.6072862413194446,3.7816026475694446
120,00:00:01.983,2.5003255208333335,8.847249348958334,1.8460828993055556,2.3531358506944446,3.3017578125
121,00:00:02.000,7.7062807436342595,14.581705729166666,10.41286892361111,4.202799479166667,8.503173828125
122,00:00:02.017,2.372341579861111,10.472819010416666,1.4274359809027777,2.4743109809027777,3.2152777777777777
123,00:00:02.033,0.028112340856481483,0.062255859375,0.03390842013888889,0.017632378472222224,0.032796223958333336
124,00:00:02.050,2.7963505497685186,10.369059244791666,2.3076714409722223,2.5635579427083335,3.517822265625
125,00:00:02.067,0.22506148726851857,2.4348958333333335,0.2782389322916667,0.13631184895833334,0.2606336805555556
126,00:00:02.083,2.271873191550926,8.01025390625,1.7284342447916667,2.0670572916666665,3.0201280381944446
127,00:00:02.100,2.4810293692129632,7.982584635416667,2.002170138888889,2.1592881944444446,3.2816297743055554
128,00:00:02.117,3.3822518807870368,11.074625651041666,2.9019097222222223,2.971218532986111,4.273627387152778
129,00:00:02.133,3.3473578559027772,11.365152994791666,2.841281467013889,2.8602701822916665,4.340521918402778
130,00:00:02.150,3.3183955439814814,10.064697265625,3.0883246527777777,2.665744357638889,4.201117621527778
131,00:00:02.167,2.261935763888889,7.698974609375,1.8626573350694444,2.0760633680555554,2.8470865885416665
132,00:00:02.183,2.243353949652778,8.452962239583334,1.9388020833333333,1.9723849826388888,2.818874782986111
133,00:00:02.200,2.1489438657407405,7.131754557291667,1.8927951388888888,1.9398328993055556,2.6142035590277777
134,00:00:02.217,2.051739728009259,7.111002604166667,1.8030598958333333,1.826171875,2.5259874131944446
135,00:00:02.233,2.3809678819444446,9.179280598958334,2.111789279513889,2.144802517361111,2.8863118489583335
136,00:00:02.250,2.129530164930556,6.640625,1.9281684027777777,1.7946234809027777,2.665798611111111
137,00:00:02.267,2.542109736689815,8.791910807291666,2.4176161024305554,2.115939670138889,3.0927734375
138,00:00:02.283,2.3287037037037037,7.878824869791667,2.12939453125,1.8982747395833333,2.9584418402777777
139,00:00:02.300,3.0355360243055554,8.245442708333334,3.023220486111111,2.4496256510416665,3.633761935763889
140,00:00:02.317,0.21729419849537038,2.6216634114583335,0.277587890625,0.10655381944444445,0.2677408854166667
141,00:00:02.333,2.3872884114583335,8.404541015625,2.0017903645833335,2.2160101996527777,2.944064670138889
142,00:00:02.350,2.565547236689815,9.912516276041666,2.3651801215277777,2.269504123263889,3.0619574652777777
143,00:00:02.367,2.8327907986111107,10.0439453125,2.774441189236111,2.4251844618055554,3.2987467447916665
144,00:00:02.383,2.477656611689815,7.18017578125,2.2933756510416665,2.1192491319444446,3.0203450520833335
145,00:00:02.400,3.108208550347222,8.992513020833334,3.0553385416666665,2.607693142361111,3.661593967013889
146,00:00:02.417,1.9295699508101853,7.297770182291667,1.5714246961805556,1.8204752604166667,2.3968098958333335
147,00:00:02.433,2.7141565393518516,10.030110677083334,2.598388671875,2.4868977864583335,3.0571831597222223
148,00:00:02.450,1.6093388310185184,6.218668619791667,1.2392035590277777,1.5584309895833333,2.0303819444444446
149,00:00:02.467,2.6343496817129632,9.815673828125,2.413113064236111,2.387179904513889,3.102756076388889
150,00:00:02.483,2.0566315827546298,8.397623697916666,1.7992350260416667,1.8658311631944444,2.5048285590277777
151,00:00:02.500,6.558883101851851,14.111328125,8.71438259548611,3.724093967013889,7.238172743055555
152,00:00:02.517,2.2176920572916665,9.746500651041666,1.5610080295138888,2.16748046875,2.924587673611111
153,00:00:02.533,2.620524088541667,11.883951822916666,2.1910264756944446,2.3787163628472223,3.2918294270833335
154,00:00:02.550,2.675663700810185,10.106201171875,2.368625217013889,2.3233778211805554,3.334988064236111
155,00:00:02.567,2.7532190393518516,10.099283854166666,2.5111219618055554,2.3045518663194446,3.4439832899305554
156,00:00:02.583,1.489963107638889,6.813557942708333,0.9111599392361112,1.5862901475694444,1.9724392361111112
157,00:00:02.600,3.002794053819444,12.582600911458334,2.8429090711805554,2.916015625,3.2494574652777777
158,00:00:02.617,1.9440556278935184,8.96484375,1.5351291232638888,2.0189073350694446,2.2781304253472223
159,00:00:02.633,2.4512351707175926,10.2099609375,2.2506510416666665,2.3761664496527777,2.7268880208333335
160,00:00:02.650,2.2805627893518516,10.230712890625,2.0274793836805554,2.1820746527777777,2.6321343315972223
161,00:00:02.667,2.384620949074074,8.072509765625,2.2316080729166665,2.280544704861111,2.6417100694444446
162,00:00:02.683,0.14989330150462962,1.78466796875,0.1583930121527778,0.10069444444444445,0.19059244791666666
163,00:00:02.700,2.156792534722222,8.335367838541666,1.8634982638888888,2.125515407986111,2.4813639322916665
164,00:00:02.717,2.758183232060185,9.767252604166666,2.7919108072916665,2.4835883246527777,2.999050564236111
165,00:00:02.733,2.4454843026620368,8.459879557291666,2.291720920138889,2.271484375,2.7732476128472223
166,00:00:02.750,3.0461244936342595,10.770263671875,3.227023654513889,2.665771484375,3.245578342013889
167,00:00:02.767,2.210919415509259,6.211751302083333,1.9968532986111112,2.204833984375,2.4310709635416665
168,00:00:02.783,2.6594057436342595,9.801839192708334,2.6751302083333335,2.5472005208333335,2.755886501736111
169,00:00:02.800,2.4441822193287037,9.013264973958334,2.328640407986111,2.4104817708333335,2.5934244791666665
170,00:00:02.817,2.4530617042824074,8.605143229166666,2.365505642361111,2.4034288194444446,2.5902506510416665
171,00:00:02.833,2.7090747974537037,9.096272786458334,2.76513671875,2.5056694878472223,2.856418185763889
172,00:00:02.850,3.2612666377314814,10.3759765625,3.1419270833333335,3.2110460069444446,3.4308268229166665
173,00:00:02.867,2.5936595775462963,7.996419270833333,2.1917046440972223,2.69482421875,2.8944498697916665
174,00:00:02.883,2.8348253038194446,8.224690755208334,2.673312717013889,2.841824001736111,2.9893391927083335
175,00:00:02.900,2.6260036892361107,8.653564453125,2.204345703125,2.7985026041666665,2.8751627604166665
176,00:00:02.917,2.538275824652778,11.109212239583334,2.1407335069444446,2.6837022569444446,2.7903917100694446
177,00:00:02.933,2.897732204861111,9.435221354166666,2.684299045138889,2.992648654513889,3.0162489149305554
178,00:00:02.950,2.5380045572916665,10.016276041666666,1.9735785590277777,2.7869194878472223,2.853515625
179,00:00:02.967,2.6370352285879632,8.079427083333334,2.206027560763889,2.7948133680555554,2.9102647569444446
180,00:00:02.983,2.7282262731481475,8.67431640625,2.3328993055555554,2.9098578559027777,2.941921657986111
181,00:00:03.000,7.72095630787037,12.070719401041666,11.13357204861111,4.350423177083333,7.678873697916667
182,00:00:03.017,2.433657045717593,8.390706380208334,1.8352322048611112,2.8250596788194446,2.6406792534722223
183,00:00:03.033,2.1040491174768516,7.09716796875,1.6219618055555556,2.3362901475694446,2.3538953993055554
184,00:00:03.050,2.685194227430556,10.3759765625,2.2244466145833335,2.94384765625,2.8872884114583335
185,00:00:03.067,0.034242983217592594,0.13834635416666666,0.032660590277777776,0.028021918402777776,0.042046440972222224
186,00:00:03.083,2.414478443287037,9.462890625,1.961669921875,2.5517035590277777,2.7300618489583335
187,00:00:03.100,2.6967050057870376,9.17236328125,2.3340928819444446,2.7774251302083335,2.9785970052083335
188,00:00:03.117,2.2841344762731484,7.947998046875,1.6527506510416667,2.603271484375,2.5963812934027777
189,00:00:03.133,2.3840422453703702,8.515218098958334,1.8494194878472223,2.5721842447916665,2.7305230034722223
190,00:00:03.150,2.498661747685185,8.84033203125,1.9826117621527777,2.6256510416666665,2.887722439236111
191,00:00:03.167,1.9242802372685184,6.211751302083333,1.3097330729166667,2.1015082465277777,2.361599392361111
192,00:00:03.183,2.3699634693287037,8.59130859375,1.7678765190972223,2.5083550347222223,2.8336588541666665
193,00:00:03.200,2.032859519675926,8.30078125,1.5268283420138888,2.1615125868055554,2.4102376302083335
194,00:00:03.217,1.9438295717592593,7.200927734375,1.4816623263888888,2.002468532986111,2.3473578559027777
195,00:00:03.233,2.887839988425926,10.970865885416666,2.705539279513889,2.86376953125,3.094211154513889
196,00:00:03.250,2.7166793258101856,9.08935546875,2.3995225694444446,2.7064887152777777,3.0440266927083335
197,00:00:03.267,2.5732331452546298,13.502604166666666,2.2904459635416665,2.5694444444444446,2.8598090277777777
198,00:00:03.283,2.449444806134259,10.687255859375,2.172824435763889,2.430691189236111,2.7448187934027777
199,00:00:03.300,2.2908528645833335,9.794921875,2.0299750434027777,2.2835015190972223,2.55908203125
200,00:00:03.317,2.5274341724537037,9.898681640625,2.4287923177083335,2.402072482638889,2.751437717013889
201,00:00:03.333,2.510959201388889,10.154622395833334,2.297336154513889,2.3770887586805554,2.8584526909722223
202,00:00:03.350,2.4192617910879632,11.738688151041666,2.1727973090277777,2.293701171875,2.791286892361111
203,00:00:03.367,2.439570674189815,10.279134114583334,2.0726996527777777,2.3806966145833335,2.8653157552083335
204,00:00:03.383,2.398193359375,10.223795572916666,2.0350748697916665,2.3201226128472223,2.839382595486111
205,00:00:03.400,2.5919686776620368,12.264404296875,2.1773003472222223,2.5423177083333335,3.0562879774305554
206,00:00:03.417,2.6515661168981484,11.2890625,2.618896484375,2.430881076388889,2.9049207899305554
207,00:00:03.433,0.07205765335648148,1.4249674479166667,0.1125759548611111,0.03746202256944445,0.0661349826388889
208,00:00:03.450,2.6569462528935186,10.493570963541666,2.368381076388889,2.6175130208333335,2.9849446614583335
209,00:00:03.467,3.4441370081018516,12.720947265625,3.3467339409722223,3.2508138020833335,3.73486328125
210,00:00:03.483,3.0549678096064814,11.385904947916666,2.619113498263889,3.066623263888889,3.4791666666666665
211,00:00:03.500,8.465585214120368,13.177490234375,11.84231228298611,5.003038194444445,8.551405164930555
212,00:00:03.517,2.7638888888888893,9.850260416666666,1.7542046440972223,3.1649848090277777,3.3724772135416665
213,00:00:03.533,3.7198621961805554,12.886962890625,2.7908257378472223,4.110677083333333,4.258083767361111
214,00:00:03.550,3.556495949074074,13.516438802083334,2.3673231336805554,3.967529296875,4.334635416666667
215,00:00:03.567,3.1563313802083335,11.883951822916666,2.189181857638889,3.3352593315972223,3.944552951388889
216,00:00:03.583,3.5317292390046298,13.440348307291666,2.227783203125,3.8956705729166665,4.471733940972222
217,00:00:03.600,3.4997377748842595,16.138102213541668,2.2105848524305554,3.8299696180555554,4.458658854166667
218,00:00:03.617,3.4243706597222228,15.723063151041666,2.0570746527777777,3.838134765625,4.377902560763889
219,00:00:03.633,3.2832121672453702,11.752522786458334,1.9305013020833333,3.7293294270833335,4.189805772569445
220,00:00:03.650,3.168845847800926,10.963948567708334,1.855712890625,3.5496690538194446,4.101155598958333
221,00:00:03.667,3.0874294704861107,11.475830078125,1.7847493489583333,3.432345920138889,4.045193142361111
222,00:00:03.683,3.3091724537037037,13.135986328125,1.9811197916666667,3.5338541666666665,4.412543402777778
223,00:00:03.700,3.2292932581018516,12.292073567708334,2.3159993489583335,3.1490342881944446,4.222846137152778
224,00:00:03.717,2.851318359375,11.821695963541666,1.9456922743055556,2.7447645399305554,3.863498263888889
225,00:00:03.733,2.3002477575231484,11.150716145833334,1.5201551649305556,2.1696234809027777,3.210964626736111
226,00:00:03.750,3.032615379050926,15.135091145833334,2.231201171875,2.7816297743055554,4.085015190972222
227,00:00:03.767,2.764404296875,16.400960286458332,1.8865559895833333,2.5962727864583335,3.8103841145833335
228,00:00:03.783,2.6946524160879632,13.65478515625,1.708740234375,2.5680338541666665,3.8071831597222223
229,00:00:03.800,2.5285554108796293,11.309814453125,1.5280219184027777,2.4515516493055554,3.6060926649305554
230,00:00:03.817,2.370867693865741,10.611165364583334,1.4469129774305556,2.2682020399305554,3.397488064236111
231,00:00:03.833,2.4915997540509256,10.154622395833334,1.625732421875,2.2718912760416665,3.577175564236111
232,00:00:03.850,2.303891782407408,11.199137369791666,1.341064453125,2.134494357638889,3.4361165364583335
233,00:00:03.867,2.413140190972222,10.458984375,1.7699381510416667,2.127414279513889,3.342068142361111
234,00:00:03.883,2.7875886140046298,12.361246744791666,2.4769694010416665,2.232394748263889,3.6534016927083335
235,00:00:03.900,2.4816442418981484,9.096272786458334,2.1929253472222223,2.0136176215277777,3.2383897569444446
236,00:00:03.917,4.035291883680555,14.325764973958334,3.8089192708333335,3.221218532986111,5.075737847222222
237,00:00:03.933,0.018192997685185185,0.013834635416666666,0.020182291666666668,0.007893880208333334,0.026502821180555556
238,00:00:03.950,2.7600549768518516,10.5419921875,1.9548611111111112,2.6040852864583335,3.721218532986111
239,00:00:03.967,3.6227213541666665,12.603352864583334,2.9346516927083335,3.2908528645833335,4.642659505208333
240,00:00:03.983,3.3794668692129632,12.527262369791666,2.4944932725694446,3.213351779513889,4.430555555555555
241,00:00:04.000,7.907425491898149,14.498697916666666,10.033799913194445,4.660373263888889,9.02810329861111
242,00:00:04.017,3.540925202546296,12.070719401041666,2.5323893229166665,3.6693522135416665,4.421034071180555
243,00:00:04.033,3.342655888310185,11.441243489583334,2.1037055121527777,3.3445366753472223,4.579725477430555
244,00:00:04.050,3.5927010995370368,11.628011067708334,2.185818142361111,3.6579047309027777,4.934380425347222
245,00:00:04.067,2.811704282407408,8.114013671875,1.5525173611111112,2.853244357638889,4.029351128472222
246,00:00:04.083,2.901728877314815,10.528157552083334,1.8689507378472223,2.7291395399305554,4.107096354166667
247,00:00:04.100,2.5337999131944446,9.981689453125,1.4579264322916667,2.5462510850694446,3.5972222222222223
248,00:00:04.117,3.422480830439815,13.461100260416666,2.0838758680555554,3.4475911458333335,4.735975477430555
249,00:00:04.133,3.1618471498842595,12.720947265625,1.7764214409722223,3.2647026909722223,4.444417317708333
250,00:00:04.150,3.1748951099537037,12.091471354166666,1.8070203993055556,3.2865668402777777,4.431098090277778
251,00:00:04.167,2.9706307870370368,12.651774088541666,1.4895290798611112,3.126736111111111,4.295627170138889
252,00:00:04.183,3.0232295283564814,13.212076822916666,1.5534939236111112,3.142795138888889,4.373399522569445
253,00:00:04.200,3.090630425347222,12.942301432291666,1.6067979600694444,3.165310329861111,4.499782986111111
254,00:00:04.217,3.3726671006944446,13.495686848958334,1.8460828993055556,3.496120876736111,4.775797526041667
255,00:00:04.233,3.041811342592593,13.23974609375,1.6133626302083333,3.1698133680555554,4.342258029513889
256,00:00:04.250,3.2464192708333335,13.917643229166666,1.7049967447916667,3.388427734375,4.645833333333333
257,00:00:04.267,3.2143735532407405,13.57177734375,1.7200249565972223,3.3218858506944446,4.601209852430555
258,00:00:04.283,0.046612774884259266,1.1067708333333333,0.042154947916666664,0.03219943576388889,0.06548394097222222
259,00:00:04.300,3.328857421875,15.211181640625,1.7598741319444444,3.492214626736111,4.734483506944445
260,00:00:04.317,3.0380045572916665,13.952229817708334,1.5642903645833333,3.1373155381944446,4.412407769097222
261,00:00:04.333,3.4369665075231484,15.474039713541666,1.8052842881944444,3.5807020399305554,4.924913194444445
262,00:00:04.350,3.2382722077546298,14.042154947916666,1.7389594184027777,3.288601345486111,4.687255859375
263,00:00:04.367,3.7069860387731475,16.262613932291668,2.0997721354166665,3.8046061197916665,5.216579861111111
264,00:00:04.383,3.394775390625,15.225016276041666,1.8629828559027777,3.4767523871527777,4.844590928819445
265,00:00:04.400,3.902651186342592,17.63916015625,2.3497721354166665,4.037733289930555,5.320448133680555
266,00:00:04.417,3.213885271990741,13.855387369791666,1.7571343315972223,3.3152669270833335,4.569254557291667
267,00:00:04.433,3.4442635995370368,14.187418619791666,2.0354546440972223,3.5002983940972223,4.797037760416667
268,00:00:04.450,3.4117838541666665,15.259602864583334,1.9881184895833333,3.470675998263889,4.776557074652778
269,00:00:04.467,3.7389051649305554,16.961263020833332,2.367892795138889,3.822536892361111,5.026285807291667
270,00:00:04.483,3.6798140914351856,16.608479817708332,2.434597439236111,3.7716742621527777,4.833170572916667
271,00:00:04.500,7.9769513165509265,19.05029296875,9.635552300347221,4.768419053819445,9.52688259548611
272,00:00:04.517,3.375027126736111,17.044270833333332,1.7569444444444444,3.732666015625,4.635470920138889
273,00:00:04.533,3.0545247395833335,14.809977213541666,1.5696614583333333,3.3404676649305554,4.253445095486111
274,00:00:04.550,3.391728153935185,15.128173828125,2.0771484375,3.591335720486111,4.506700303819445
275,00:00:04.567,3.4017379195601856,14.5263671875,2.1143120659722223,3.5325792100694446,4.558322482638889
276,00:00:04.583,3.1807544849537037,17.300211588541668,1.9520941840277777,3.3189561631944446,4.271213107638889
277,00:00:04.600,3.322536892361111,15.543212890625,1.9265679253472223,3.530490451388889,4.510552300347222
278,00:00:04.617,0.040608723958333336,0.726318359375,0.030192057291666668,0.03274197048611111,0.058892144097222224
279,00:00:04.633,3.7284342447916665,18.282470703125,2.2486979166666665,4.072564019097222,4.864040798611111
280,00:00:04.650,3.383933738425926,15.107421875,2.01123046875,3.67041015625,4.470160590277778
281,00:00:04.667,3.0125235098379632,12.008463541666666,1.8766276041666667,3.25146484375,3.9094780815972223
282,00:00:04.683,3.6070873119212963,14.173583984375,2.2301161024305554,4.001003689236111,4.590142144097222
283,00:00:04.700,2.7749565972222228,10.113118489583334,1.6573621961805556,3.0133734809027777,3.6541341145833335
284,00:00:04.717,3.018256293402778,10.458984375,1.8891872829861112,3.201171875,3.9644097222222223
285,00:00:04.733,2.808476200810185,10.327555338541666,1.8924696180555556,2.872314453125,3.66064453125
286,00:00:04.750,3.2199254918981484,12.167561848958334,2.156005859375,3.2537163628472223,4.250054253472222
287,00:00:04.767,2.670545789930556,10.860188802083334,1.8783365885416667,2.591552734375,3.541748046875
288,00:00:04.783,2.8395634403935186,11.99462890625,1.8710394965277777,2.8297254774305554,3.8179253472222223
289,00:00:04.800,3.4445981626157405,14.796142578125,2.636962890625,3.2773980034722223,4.41943359375
290,00:00:04.817,2.3857060185185186,8.570556640625,1.5857204861111112,2.3143717447916665,3.2570258246527777
291,00:00:04.833,3.3858506944444446,11.8701171875,2.477511935763889,3.3043077256944446,4.375732421875
292,00:00:04.850,3.0147298177083335,11.904703776041666,2.1432562934027777,3.0141059027777777,3.8868272569444446
293,00:00:04.867,0.05944372106481482,0.830078125,0.06165907118055555,0.043212890625,0.0734592013888889
294,00:00:04.883,4.035246672453703,14.491780598958334,2.6209309895833335,4.141384548611111,5.343424479166667
295,00:00:04.900,1.496003327546296,7.657470703125,0.8287760416666666,1.5275065104166667,2.1317274305555554
296,00:00:04.917,5.103153935185186,15.736897786458334,3.6810709635416665,5.285454644097222,6.342936197916667
297,00:00:04.933,3.905336733217593,13.253580729166666,2.49755859375,4.043836805555555,5.174614800347222
298,00:00:04.950,3.552589699074074,11.219889322916666,2.124728732638889,3.6919487847222223,4.841091579861111
299,00:00:04.967,3.5514684606481484,10.445149739583334,2.1837293836805554,3.675021701388889,4.795654296875
300,00:00:04.983,3.904161241319444,11.697184244791666,2.5321723090277777,4.085286458333333,5.095024956597222
301,00:00:05.000,8.291621455439815,17.258707682291668,10.010009765625,5.279568142361111,9.585286458333334
302,00:00:05.017,5.147614655671297,20.855712890625,3.7262641059027777,5.208713107638889,6.507866753472222
303,00:00:05.033,4.828405309606482,15.702311197916666,3.4374186197916665,4.7734375,6.274359809027778
304,00:00:05.050,5.532063802083333,18.586832682291668,4.279676649305555,5.475477430555555,6.841037326388889
305,00:00:05.067,4.965368200231482,16.034342447916668,3.682345920138889,4.854899088541667,6.358859592013889
306,00:00:05.083,5.362141927083333,18.144124348958332,4.011447482638889,5.315294053819445,6.759684244791667
307,00:00:05.100,4.877197265625,16.8505859375,3.5114203559027777,4.819552951388889,6.300618489583333
308,00:00:05.117,5.230052806712963,17.819010416666668,3.8985188802083335,5.155327690972222,6.636311848958333
309,00:00:05.133,4.932165075231482,13.502604166666666,3.459011501736111,4.978054470486111,6.359429253472222
310,00:00:05.150,5.4388653790509265,16.407877604166668,4.062228732638889,5.445556640625,6.808810763888889
311,00:00:05.167,4.584771050347222,12.167561848958334,3.1336534288194446,4.627061631944445,5.993598090277778
312,00:00:05.183,5.332067418981482,15.709228515625,3.9536946614583335,5.378634982638889,6.663872612847222
313,00:00:05.200,4.7812319155092595,13.461100260416666,3.3548990885416665,4.847710503472222,6.141086154513889
314,00:00:05.217,5.101752387152778,14.616292317708334,3.6049262152777777,5.284912109375,6.415418836805555
315,00:00:05.233,4.4649432146990735,12.748616536458334,3.095974392361111,4.656494140625,5.642361111111111
316,00:00:05.250,0.7002495659722222,2.98828125,0.8165690104166666,0.4434136284722222,0.8407660590277778
317,00:00:05.267,5.811839916087963,19.852701822916668,4.491509331597222,5.931613498263889,7.012396918402778
318,00:00:05.283,0.03842954282407408,1.0237630208333333,0.03431532118055555,0.029595269097222224,0.05137803819444445
319,00:00:05.300,4.575638382523148,15.56396484375,3.533203125,4.805881076388889,5.387830946180555
320,00:00:05.317,4.970033998842593,15.861409505208334,4.15478515625,5.072292751736111,5.683024088541667
321,00:00:05.333,3.665310329861111,10.811767578125,2.86474609375,3.8402506510416665,4.290934244791667
322,00:00:05.350,4.3675763165509265,12.880045572916666,3.9553765190972223,4.381808810763889,4.765543619791667
323,00:00:05.367,4.07787181712963,11.918538411458334,3.8216688368055554,4.050862630208333,4.361083984375
324,00:00:05.383,3.8697102864583335,11.33056640625,3.41455078125,3.958034939236111,4.236545138888889
325,00:00:05.400,3.73095703125,11.16455078125,3.15380859375,3.8580457899305554,4.181016710069445
326,00:00:05.417,0.054949725115740734,1.03759765625,0.059488932291666664,0.04153103298611111,0.06382921006944445
327,00:00:05.433,5.980993200231482,17.708333333333332,5.292154947916667,6.112765842013889,6.538058810763889
328,00:00:05.450,5.612612123842593,19.333902994791668,4.779703776041667,5.740315755208333,6.317816840277778
329,00:00:05.467,6.134801793981481,20.143229166666668,5.102620442708333,6.32470703125,6.977077907986111
330,00:00:05.483,4.180049189814815,12.665608723958334,3.4037543402777777,4.306287977430555,4.830105251736111
331,00:00:05.500,8.501039858217593,14.498697916666666,10.78957790798611,5.441758897569445,9.271782769097221
332,00:00:05.517,4.344889322916667,14.512532552083334,3.2931043836805554,4.675835503472222,5.065728081597222
333,00:00:05.533,3.795934606481481,12.298990885416666,2.747531467013889,4.218831380208333,4.421440972222222
334,00:00:05.550,4.491753472222222,13.523356119791666,3.6292588975694446,4.748833550347222,5.09716796875
335,00:00:05.567,0.049822771990740734,0.684814453125,0.0400390625,0.04286024305555555,0.06656901041666667
336,00:00:05.583,5.113217954282407,16.373291015625,3.7700737847222223,5.607286241319445,5.962293836805555
337,00:00:05.600,3.3183503327546298,11.399739583333334,2.260986328125,3.8003472222222223,3.8937174479166665
338,00:00:05.617,4.01123951099537,11.385904947916666,2.8149956597222223,4.665174696180555,4.553548177083333
339,00:00:05.633,3.8744845920138893,10.362141927083334,2.708957248263889,4.529025607638889,4.385470920138889
340,00:00:05.650,4.991328486689815,14.311930338541666,3.621365017361111,5.898546006944445,5.454074435763889
341,00:00:05.667,4.487259476273148,13.295084635416666,3.086208767361111,5.311143663194445,5.064425998263889
342,00:00:05.683,4.999593098958333,14.125162760416666,3.6593695746527777,5.661512586805555,5.677897135416667
343,00:00:05.700,3.6413212528935186,13.039143880208334,2.7178548177083335,3.9981553819444446,4.207953559027778
344,00:00:05.717,4.361056857638889,13.710123697916666,3.1739637586805554,4.799994574652778,5.109212239583333
345,00:00:05.733,4.448070384837963,15.211181640625,3.2987467447916665,4.857096354166667,5.188368055555555
346,00:00:05.750,4.436704282407407,14.042154947916666,2.9976671006944446,5.113009982638889,5.199435763888889
347,00:00:05.767,4.6064633969907405,14.955240885416666,3.206325954861111,5.158040364583333,5.455023871527778
348,00:00:05.783,4.141574435763888,12.935384114583334,2.945285373263889,4.496202256944445,4.983235677083333
349,00:00:05.800,4.330168547453703,15.48095703125,3.2784288194444446,4.592664930555555,5.119411892361111
350,00:00:05.817,4.106029369212963,14.533284505208334,3.2869466145833335,4.226155598958333,4.804985894097222
351,00:00:05.833,4.378146701388888,15.923665364583334,3.352023654513889,4.598008897569445,5.184407552083333
352,00:00:05.850,4.14844654224537,17.397054036458332,3.1576334635416665,4.316948784722222,4.970757378472222
353,00:00:05.867,4.502857349537037,16.449381510416668,3.46533203125,4.642225477430555,5.401014539930555
354,00:00:05.883,4.731119791666667,18.960367838541668,3.645534939236111,4.893446180555555,5.654378255208333
355,00:00:05.900,4.894666883680556,18.151041666666668,3.6902940538194446,5.116265190972222,5.87744140625
356,00:00:05.917,4.266239872685184,15.577799479166666,3.2225748697916665,4.440375434027778,5.135769314236111
357,00:00:05.933,7.2885561342592595,23.076171875,6.672878689236111,7.080349392361111,8.112440321180555
358,00:00:05.950,6.124068648726851,16.878255208333332,4.864827473958333,6.189263237847222,7.318115234375
359,00:00:05.967,3.5278501157407405,9.981689453125,2.7403700086805554,3.551784939236111,4.291395399305555
360,00:00:05.983,3.8027434172453702,10.908610026041666,3.048095703125,3.7352430555555554,4.624891493055555
361,00:00:06.000,9.610894097222221,16.649983723958332,11.776774088541666,6.471923828125,10.583984375
362,00:00:06.017,5.917769820601852,18.898111979166668,4.921793619791667,6.126112196180555,6.705403645833333
363,00:00:06.033,6.068142361111112,15.093587239583334,5.300211588541667,6.306857638888889,6.597357855902778
364,00:00:06.050,6.399685329861112,14.754638671875,5.580864800347222,6.762668185763889,6.855523003472222
365,00:00:06.067,5.87085865162037,12.783203125,5.301188151041667,6.157389322916667,6.153998480902778
366,00:00:06.083,6.69092701099537,13.993733723958334,6.310112847222222,6.891438802083333,6.871229383680555
367,00:00:06.100,0.0514232494212963,0.13834635416666666,0.05677625868055555,0.034586588541666664,0.06290690104166667
368,00:00:06.117,5.890254267939814,13.551025390625,5.412353515625,6.156575520833333,6.101833767361111
369,00:00:06.133,7.459020543981481,16.1865234375,7.806884765625,7.276014539930555,7.294162326388889
370,00:00:06.150,8.203287760416666,19.243977864583332,8.912760416666666,7.954996744791667,7.742106119791667
371,00:00:06.167,8.471435546875,21.284586588541668,9.650689019097221,8.10129123263889,7.662326388888889
372,00:00:06.183,7.517252604166667,15.826822916666666,8.535047743055555,7.251736111111111,6.764973958333333
373,00:00:06.200,9.685501663773149,19.230143229166668,11.719590928819445,8.92843967013889,8.40847439236111
374,00:00:06.217,0.0545337818287037,0.352783203125,0.0768771701388889,0.034369574652777776,0.05235460069444445
375,00:00:06.233,7.130253544560186,13.40576171875,7.916042751736111,6.925726996527778,6.548990885416667
376,00:00:06.250,8.54934353298611,19.223225911458332,10.264567057291666,7.708821614583333,7.674641927083333
377,00:00:06.267,6.8941514756944455,13.585611979166666,7.800211588541667,6.437608506944445,6.444634331597222
378,00:00:06.283,6.706859447337963,13.433430989583334,7.811469184027778,6.031765407986111,6.27734375
379,00:00:06.300,6.43675853587963,13.481852213541666,7.080891927083333,5.939534505208333,6.289849175347222
380,00:00:06.317,6.065728081597222,12.644856770833334,6.808810763888889,5.527750651041667,5.860622829861111
381,00:00:06.333,5.610794632523148,10.977783203125,6.349907769097222,5.054958767361111,5.427517361111111
382,00:00:06.350,5.406430844907407,12.810872395833334,6.085693359375,4.827365451388889,5.306233723958333
383,00:00:06.367,5.959192346643518,12.554931640625,6.976589626736111,5.057156032986111,5.843831380208333
384,00:00:06.383,4.53687427662037,9.767252604166666,4.915879991319445,4.045057508680555,4.649685329861111
385,00:00:06.400,4.7193739149305545,10.756429036458334,5.291314019097222,4.094563802083333,4.772243923611111
386,00:00:06.417,4.1084979021990735,11.399739583333334,4.637830946180555,3.5648600260416665,4.122802734375
387,00:00:06.433,5.575774016203703,12.478841145833334,6.675971137152778,4.609130859375,5.442220052083333
388,00:00:06.450,0.10159866898148147,0.5879720052083334,0.16935221354166666,0.046685112847222224,0.08875868055555555
389,00:00:06.467,4.421956380208333,10.929361979166666,5.045111762152778,3.7197265625,4.501030815972222
390,00:00:06.483,4.063033492476852,11.655680338541666,4.688015407986111,3.3580729166666665,4.143012152777778
391,00:00:06.500,10.834870515046296,14.498697916666666,17.598524305555557,5.347819010416667,9.558268229166666
392,00:00:06.517,3.1685474537037037,9.857177734375,3.0772026909722223,2.9390190972222223,3.4894205729166665
393,00:00:06.533,6.166675708912037,14.498697916666666,6.314778645833333,5.769232855902778,6.416015625
394,00:00:06.550,5.412416811342593,12.790120442708334,5.004069010416667,5.178358289930555,6.054823133680555
395,00:00:06.567,4.635217737268518,11.531168619791666,3.760959201388889,4.534450954861111,5.610243055555555
396,00:00:06.583,4.622214988425926,11.890869140625,3.617892795138889,4.492567274305555,5.756184895833333
397,00:00:06.600,4.025481047453703,10.348307291666666,3.0838216145833335,3.8839518229166665,5.108669704861111
398,00:00:06.617,4.536503544560185,11.655680338541666,3.4223090277777777,4.387586805555555,5.799614800347222
399,00:00:06.633,3.844184027777778,9.864095052083334,2.692654079861111,3.7915852864583335,5.048312717013889
400,00:00:06.650,4.298312717013888,9.552815755208334,3.1417643229166665,4.137179904513889,5.615993923611111
401,00:00:06.667,4.4816713686342595,9.642740885416666,3.2531195746527777,4.242702907986111,5.949191623263889
402,00:00:06.683,3.9707212094907405,8.653564453125,2.626247829861111,3.8873969184027777,5.398518880208333
403,00:00:06.700,3.7165165653935186,11.019287109375,2.3855794270833335,3.674560546875,5.089409722222222
404,00:00:06.717,4.287443938078703,10.618082682291666,2.8592664930555554,4.002875434027778,6.000189887152778
405,00:00:06.733,0.07311559606481481,0.6294759114583334,0.10801866319444445,0.04055447048611111,0.0707736545138889
406,00:00:06.750,3.5400028935185186,8.826497395833334,2.209228515625,3.2733289930555554,5.137451171875
407,00:00:06.767,3.1352448640046298,9.532063802083334,1.9957953559027777,2.869357638888889,4.540581597222222
408,00:00:06.783,4.44776294849537,12.174479166666666,3.1132269965277777,3.967502170138889,6.262559678819445
409,00:00:06.800,2.9995478877314814,9.17236328125,1.9501953125,2.7091742621527777,4.339274088541667
410,00:00:06.817,3.9844835069444446,10.126953125,2.856906467013889,3.524142795138889,5.572401258680555
411,00:00:06.833,3.5813802083333335,9.594319661458334,2.5535481770833335,3.1250813802083335,5.065511067708333
412,00:00:06.850,3.947157118055556,10.860188802083334,3.1162651909722223,3.2395562065972223,5.485649956597222
413,00:00:06.867,3.1295301649305554,9.857177734375,2.4688313802083335,2.5697428385416665,4.350016276041667
414,00:00:06.883,3.2656159577546298,7.775065104166667,2.8567979600694446,2.5769585503472223,4.363091362847222
415,00:00:06.900,3.184687861689815,6.751302083333333,2.78125,2.4854058159722223,4.287407769097222
416,00:00:06.917,4.118498625578703,8.252360026041666,3.853786892361111,3.1222601996527777,5.379448784722222
417,00:00:06.933,3.293149594907407,8.432210286458334,2.8878309461805554,2.6446126302083335,4.347005208333333
418,00:00:06.950,3.2733561197916665,8.369954427083334,3.0127495659722223,2.595730251736111,4.211588541666667
419,00:00:06.967,3.1852484809027772,9.193115234375,3.2008192274305554,2.3967827690972223,3.9581434461805554
420,00:00:06.983,2.8826045283564814,7.740478515625,2.8355305989583335,2.1680230034722223,3.644259982638889
421,00:00:07.000,9.03733543113426,11.628011067708334,13.92428927951389,4.1201171875,9.06759982638889
422,00:00:07.017,2.3086027922453702,7.692057291666667,2.1040581597222223,2.0033365885416665,2.8184136284722223
423,00:00:07.033,3.548683449074074,8.570556640625,3.1563042534722223,3.0304090711805554,4.459337022569445
424,00:00:07.050,3.386782045717592,8.134765625,2.7796766493055554,2.8890787760416665,4.491590711805555
425,00:00:07.067,4.710168909143518,11.738688151041666,3.797336154513889,4.023084852430555,6.310085720486111
426,00:00:07.083,3.6747504340277772,10.908610026041666,2.5646430121527777,3.1943359375,5.265272352430555
427,00:00:07.100,5.684868706597222,13.288167317708334,4.484049479166667,4.759358723958333,7.811197916666667
428,00:00:07.117,5.047562210648148,13.419596354166666,3.578396267361111,4.281602647569445,7.282687717013889
429,00:00:07.133,0.07500542534722222,1.5010579427083333,0.09906684027777778,0.040120442708333336,0.08582899305555555
430,00:00:07.150,3.6623806423611107,8.84033203125,2.3042534722222223,3.134521484375,5.548366970486111
431,00:00:07.167,8.006311487268519,12.49267578125,5.895209418402778,6.700059678819445,11.423665364583334
432,00:00:07.183,7.824408637152779,13.509521484375,6.000189887152778,6.332194010416667,11.14084201388889
433,00:00:07.200,6.7620985243055545,12.458089192708334,4.527859157986111,5.616807725694445,10.14162868923611
434,00:00:07.217,0.0721752025462963,1.3627115885416667,0.06328667534722222,0.046685112847222224,0.10655381944444445
435,00:00:07.233,7.727991174768518,12.921549479166666,5.598687065972222,6.405056423611111,11.180230034722221
436,00:00:07.250,8.549705222800926,16.822916666666668,5.853705512152778,7.365098741319445,12.430311414930555
437,00:00:07.267,8.971281828703704,16.380208333333332,6.124131944444445,7.73828125,13.051432291666666
438,00:00:07.283,6.899667245370371,14.06982421875,4.524875217013889,5.852023654513889,10.322102864583334
439,00:00:07.300,5.429036458333333,12.188313802083334,2.4005533854166665,4.817464192708333,9.069091796875
440,00:00:07.317,5.765742549189816,12.49267578125,2.6655815972222223,5.334635416666667,9.297010633680555
441,00:00:07.333,6.3440936053240735,12.82470703125,2.9063585069444446,6.177273220486111,9.948649088541666
442,00:00:07.350,6.065474898726852,12.880045572916666,2.9367133246527777,5.921847873263889,9.33786349826389
443,00:00:07.367,6.821732132523148,13.205159505208334,3.372585720486111,6.654975043402778,10.437635633680555
444,00:00:07.383,5.584780092592593,12.852376302083334,2.5357259114583335,5.428141276041667,8.790473090277779
445,00:00:07.400,5.844654224537037,12.416585286458334,2.9235297309027777,5.509250217013889,9.101182725694445
446,00:00:07.417,5.571732132523148,13.371175130208334,2.6481391059027777,5.326171875,8.740885416666666
447,00:00:07.433,5.843677662037037,12.271321614583334,2.7428114149305554,5.707546657986111,9.080674913194445
448,00:00:07.450,5.5495786313657405,13.018391927083334,2.6671278211805554,5.422770182291667,8.558837890625
449,00:00:07.467,6.312192563657407,13.661702473958334,3.1014268663194446,6.153510199652778,9.681640625
450,00:00:07.483,5.330105251736111,14.436442057291666,2.609619140625,5.115993923611111,8.264702690972221
451,00:00:07.500,7.079029224537037,10.465901692708334,10.3095703125,2.594021267361111,8.33349609375
452,00:00:07.517,5.9677553530092595,17.535400390625,2.7744954427083335,5.966878255208333,9.16189236111111
453,00:00:07.533,5.011429398148148,12.831624348958334,2.162380642361111,4.889946831597222,7.981960720486111
454,00:00:07.550,5.304497612847222,14.353434244791666,2.511962890625,5.199788411458333,8.201741536458334
455,00:00:07.567,6.006944444444444,14.519449869791666,2.8682996961805554,5.974934895833333,9.177598741319445
456,00:00:07.583,5.321750217013889,15.142008463541666,2.5426703559027777,5.219943576388889,8.20263671875
457,00:00:07.600,5.715856481481481,14.519449869791666,2.8775770399305554,5.661485460069445,8.608506944444445
458,00:00:07.617,4.949607566550926,14.284261067708334,2.4500868055555554,4.952772352430555,7.445963541666667
459,00:00:07.633,5.8708315248842595,16.207275390625,3.017333984375,5.927354600694445,8.667805989583334
460,00:00:07.650,5.783402054398148,15.342610677083334,2.9815809461805554,5.848714192708333,8.519911024305555
461,00:00:07.667,5.410210503472222,14.367268880208334,2.803738064236111,5.409125434027778,8.017768012152779
462,00:00:07.683,6.0378237123842595,16.421712239583332,3.1423882378472223,6.303982204861111,8.667100694444445
463,00:00:07.700,4.986707899305555,13.018391927083334,2.515869140625,5.070909288194445,7.373345269097222
464,00:00:07.717,0.055636935763888895,0.3389485677083333,0.05881076388888889,0.03561740451388889,0.0724826388888889
465,00:00:07.733,6.440520109953703,16.442464192708332,3.441921657986111,6.786973741319445,9.092664930555555
466,00:00:07.750,5.04198314525463,13.426513671875,2.6078016493055554,5.219075520833333,7.299072265625
467,00:00:07.767,5.0919415509259265,13.07373046875,2.6088053385416665,5.301188151041667,7.365831163194445
468,00:00:07.783,5.83496997974537,14.450276692708334,3.065945095486111,6.135145399305555,8.303819444444445
469,00:00:07.800,3.540165653935185,11.980794270833334,1.7195909288194444,3.5284830729166665,5.372422960069445
470,00:00:07.817,6.25635669849537,14.747721354166666,3.2121039496527777,6.714328342013889,8.842637803819445
471,00:00:07.833,4.8231427228009265,14.422607421875,2.373263888888889,5.034640842013889,7.0615234375
472,00:00:07.850,4.798366970486111,13.786214192708334,2.3529459635416665,4.967610677083333,7.074544270833333
473,00:00:07.867,4.960865162037037,13.827718098958334,2.2918836805555554,5.221652560763889,7.369059244791667
474,00:00:07.883,4.795057508680556,12.423502604166666,2.308078342013889,5.006781684027778,7.0703125
475,00:00:07.900,5.627839265046297,13.806966145833334,2.6431206597222223,5.942925347222222,8.297471788194445
476,00:00:07.917,4.3501157407407405,10.597330729166666,1.9618598090277777,4.492892795138889,6.595594618055555
477,00:00:07.933,5.863859953703703,15.799153645833334,2.7481825086805554,6.342339409722222,8.501057942708334
478,00:00:07.950,4.7383807146990735,13.350423177083334,2.0889756944444446,5.141059027777778,6.985107421875
479,00:00:07.967,0.0453197337962963,0.7747395833333334,0.04432508680555555,0.03309461805555555,0.058539496527777776
480,00:00:07.983,4.872920283564815,12.6171875,2.2476942274305554,5.278537326388889,7.092529296875
481,00:00:08.000,8.661810980902779,15.5224609375,8.22751193576389,6.560438368055555,11.19748263888889
482,00:00:08.017,4.398835358796296,13.212076822916666,1.6383734809027777,5.019911024305555,6.538221571180555
483,00:00:08.033,4.443404586226851,14.775390625,1.8598904079861112,4.960774739583333,6.509548611111111
484,00:00:08.050,3.762550636574074,11.655680338541666,1.5506727430555556,4.106906467013889,5.630072699652778
485,00:00:08.067,5.1455258969907405,16.878255208333332,2.258056640625,5.865505642361111,7.313015407986111
486,00:00:08.083,4.137758608217593,15.287272135416666,1.798095703125,4.488525390625,6.126654730902778
487,00:00:08.100,3.7493760850694446,14.353434244791666,1.5093858506944444,4.111300998263889,5.62744140625
488,00:00:08.117,4.969518590856482,16.691487630208332,2.3428276909722223,5.627088758680555,6.938639322916667
489,00:00:08.133,3.5485749421296298,14.388020833333334,1.5388454861111112,3.9171278211805554,5.189751519097222
490,00:00:08.150,4.799587673611112,13.876139322916666,2.3195258246527777,5.439073350694445,6.640163845486111
491,00:00:08.167,0.14029947916666666,1.639404296875,0.0954861111111111,0.1142849392361111,0.2111273871527778
492,00:00:08.183,3.8601345486111107,13.841552734375,1.7896321614583333,4.407362196180555,5.383409288194445
493,00:00:08.200,5.319607204861112,16.179606119791668,2.7201605902777777,6.137668185763889,7.100992838541667
494,00:00:08.217,3.873725043402778,12.755533854166666,1.9109157986111112,4.281711154513889,5.428548177083333
495,00:00:08.233,5.093171296296297,15.072835286458334,2.56640625,5.795627170138889,6.91748046875
496,00:00:08.250,4.249403211805555,16.22802734375,2.0361870659722223,4.875081380208333,5.836941189236111
497,00:00:08.267,3.8330258969907405,12.499593098958334,1.8430718315972223,4.307698567708333,5.348307291666667
498,00:00:08.283,4.577582465277778,13.1982421875,2.3367784288194446,5.284749348958333,6.111219618055555
499,00:00:08.300,3.7696126302083335,12.94921875,1.7818467881944444,4.285074869791667,5.241916232638889
500,00:00:08.317,4.589237919560185,14.761555989583334,2.3069390190972223,5.287977430555555,6.172797309027778
501,00:00:08.333,3.8561830873842595,13.274332682291666,1.8492567274305556,4.365424262152778,5.353868272569445
502,00:00:08.350,5.068196614583333,15.280354817708334,2.6017252604166665,5.808566623263889,6.794297960069445
503,00:00:08.367,4.218623408564814,12.112223307291666,2.1014539930555554,4.736653645833333,5.817762586805555
504,00:00:08.383,0.039134837962962965,1.1690266927083333,0.028700086805555556,0.032280815972222224,0.05642361111111111
505,00:00:08.400,3.6734212239583335,11.0400390625,1.7902018229166667,4.045274522569445,5.184787326388889
506,00:00:08.417,4.960991753472222,14.844563802083334,2.6534559461805554,5.618191189236111,6.611328125
507,00:00:08.433,4.273310908564815,13.592529296875,2.2355414496527777,4.786756727430555,5.797634548611111
508,00:00:08.450,4.492485894097222,13.800048828125,2.4315321180555554,5.107394748263889,5.938530815972222
509,00:00:08.467,3.474916811342593,11.551920572916666,1.6628960503472223,4.022732204861111,4.739122178819445
510,00:00:08.483,4.43163158275463,14.588623046875,2.4476996527777777,5.082790798611111,5.764404296875
511,00:00:08.500,8.104211877893519,15.308024088541666,8.71120876736111,5.845133463541667,9.756293402777779
512,00:00:08.517,4.061722366898148,13.135986328125,1.8454047309027777,4.941596137152778,5.398166232638889
513,00:00:08.533,4.191514756944445,12.305908203125,1.9653862847222223,5.195366753472222,5.413791232638889
514,00:00:08.550,3.7311650028935186,12.264404296875,1.7183973524305556,4.604926215277778,4.870171440972222
515,00:00:08.567,3.429090711805556,12.40966796875,1.5987413194444444,4.0947265625,4.593804253472222
516,00:00:08.583,4.608506944444444,14.305013020833334,2.575222439236111,5.513264973958333,5.737033420138889
517,00:00:08.600,3.4501862702546298,12.499593098958334,1.7060275607638888,4.299207899305555,4.345323350694445
518,00:00:08.617,0.05212854456018518,0.4012044270833333,0.05710177951388889,0.035970052083333336,0.06331380208333333
519,00:00:08.633,3.4825484664351856,13.841552734375,1.8641221788194444,4.314317491319445,4.269205729166667
520,00:00:08.650,3.8406123408564814,12.0361328125,1.9946017795138888,4.836181640625,4.691053602430555
521,00:00:08.667,3.615171079282407,10.41748046875,2.0411783854166665,4.422444661458333,4.381890190972222
522,00:00:08.683,3.2800654658564814,8.411458333333334,2.0811903211805554,3.882595486111111,3.8764105902777777
523,00:00:08.700,3.285789207175926,10.548909505208334,2.085693359375,3.9423828125,3.8292914496527777
524,00:00:08.717,3.3774323640046298,9.013264973958334,2.1102159288194446,4.038682725694445,3.9833984375
525,00:00:08.733,3.3771882233796298,8.708902994791666,2.096462673611111,4.029052734375,4.006049262152778
526,00:00:08.750,3.363407841435185,10.25146484375,2.2044813368055554,3.977566189236111,3.908175998263889
527,00:00:08.767,3.3908781828703702,11.102294921875,2.329806857638889,3.9721137152777777,3.8707139756944446
528,00:00:08.783,3.4941767939814814,9.62890625,2.52978515625,3.9815538194444446,3.97119140625
529,00:00:08.800,3.4351038049768516,10.611165364583334,2.4779459635416665,3.9385308159722223,3.8888346354166665
530,00:00:08.817,3.7280996817129632,10.355224609375,2.7389051649305554,4.202663845486111,4.242730034722222
531,00:00:08.833,3.0437463831018525,10.396728515625,1.9521484375,3.6423882378472223,3.5367024739583335
532,00:00:08.850,3.610496238425926,10.58349609375,2.3875325520833335,4.316270616319445,4.127685546875
533,00:00:08.867,3.024784794560185,10.66650390625,1.9298502604166667,3.652804904513889,3.49169921875
534,00:00:08.883,0.06029369212962962,1.2312825520833333,0.06624348958333333,0.03990342881944445,0.0747341579861111
535,00:00:08.900,4.056233723958333,11.24755859375,2.8826768663194446,4.767713758680555,4.518310546875
536,00:00:08.917,3.445683232060185,12.831624348958334,2.27783203125,4.103786892361111,3.9554307725694446
537,00:00:08.933,3.2217791521990744,9.801839192708334,2.0586751302083335,3.878146701388889,3.728515625
538,00:00:08.950,3.6874276620370368,10.41748046875,2.5473090277777777,4.346896701388889,4.168077256944445
539,00:00:08.967,3.2671169704861107,8.944091796875,2.1723090277777777,3.9479437934027777,3.6810980902777777
540,00:00:08.983,3.3931025752314814,11.033121744791666,2.2054036458333335,4.143853081597222,3.830050998263889
541,00:00:09.000,7.705475983796297,13.129069010416666,7.467909071180555,6.499593098958333,9.14892578125
542,00:00:09.017,3.2722258391203702,8.598225911458334,1.6716579861111112,4.423394097222222,3.7216254340277777
543,00:00:09.033,3.0114655671296298,8.335367838541666,1.7410753038194444,3.8585069444444446,3.434814453125
544,00:00:09.050,3.319580078125,10.140787760416666,1.9323187934027777,4.24755859375,3.7788628472222223
545,00:00:09.067,2.8879937065972228,7.449951171875,1.58056640625,3.7335069444444446,3.3499077690972223
546,00:00:09.083,3.8396176938657405,9.303792317708334,2.372314453125,4.762424045138889,4.384114583333333
547,00:00:09.100,0.04663990162037037,0.7332356770833334,0.033610026041666664,0.0361328125,0.07017686631944445
548,00:00:09.117,4.4784161603009265,9.62890625,2.904324001736111,5.5068359375,5.024088541666667
549,00:00:09.133,0.06639720775462962,0.4703776041666667,0.05859375,0.056559244791666664,0.08403862847222222
550,00:00:09.150,3.2404423466435186,8.432210286458334,1.8764919704861112,4.020779079861111,3.8240559895833335
551,00:00:09.167,3.4779730902777772,9.00634765625,2.1507161458333335,4.253824869791667,4.029378255208333
552,00:00:09.183,3.3234139901620368,8.992513020833334,2.029025607638889,4.158420138888889,3.7827962239583335
553,00:00:09.200,3.646366825810185,9.871012369791666,2.2642144097222223,4.499294704861111,4.175591362847222
554,00:00:09.217,3.4629720052083335,8.466796875,2.1153700086805554,4.289388020833333,3.984157986111111
555,00:00:09.233,3.943413628472222,8.96484375,2.5709092881944446,4.826687282986111,4.432644314236111
556,00:00:09.250,3.7001862702546298,8.501383463541666,2.31396484375,4.617974175347222,4.168619791666667
557,00:00:09.267,3.5899341724537037,11.095377604166666,2.0791829427083335,4.520887586805555,4.169731987847222
558,00:00:09.283,3.8900643807870368,8.791910807291666,2.430447048611111,4.763563368055555,4.476182725694445
559,00:00:09.300,3.4950991030092595,7.615966796875,2.030002170138889,4.369222005208333,4.086073133680555
560,00:00:09.317,4.043393735532407,9.559733072916666,2.559054904513889,4.984998914930555,4.586127387152778
561,00:00:09.333,3.8120930989583335,9.559733072916666,2.3932291666666665,4.711073133680555,4.331976996527778
562,00:00:09.350,3.5095124421296298,9.075520833333334,2.046847873263889,4.409450954861111,4.072238498263889
563,00:00:09.367,3.7035409432870368,9.767252604166666,2.1583116319444446,4.619466145833333,4.332845052083333
564,00:00:09.383,4.172480830439815,9.67041015625,2.4556206597222223,5.251953125,4.809868706597222
565,00:00:09.400,3.4208532262731475,9.33837890625,1.9433865017361112,4.302571614583333,4.0166015625
566,00:00:09.417,4.5968243634259265,9.117024739583334,2.954562717013889,5.380588107638889,5.455322265625
567,00:00:09.433,3.7903736255787037,8.612060546875,2.174099392361111,4.753987630208333,4.443033854166667
568,00:00:09.450,0.02350079571759259,0.186767578125,0.020263671875,0.0185546875,0.031684027777777776
569,00:00:09.467,4.386845341435185,10.507405598958334,2.5790473090277777,5.554036458333333,5.027452256944445
570,00:00:09.483,3.8174008969907405,8.847249348958334,2.2077094184027777,4.804931640625,4.439561631944445
571,00:00:09.500,9.399377893518517,15.370279947916666,8.731255425347221,8.276774088541666,11.190104166666666
572,00:00:09.517,4.912299262152778,12.098388671875,2.075900607638889,6.776394314236111,5.884602864583333
573,00:00:09.533,5.471462673611112,13.101399739583334,2.499240451388889,7.357313368055555,6.557834201388889
574,00:00:09.550,4.708685980902778,10.548909505208334,2.0528428819444446,6.292670355902778,5.780544704861111
575,00:00:09.567,5.454381872106481,11.178385416666666,2.56201171875,7.209092881944445,6.592041015625
576,00:00:09.583,4.796667028356482,10.078531901041666,2.1365288628472223,6.250406901041667,6.003065321180555
577,00:00:09.600,4.812255859375,11.378987630208334,2.0640733506944446,6.208224826388889,6.164469401041667
578,00:00:09.617,6.458948206018518,12.935384114583334,3.2282172309027777,8.114312065972221,8.034315321180555
579,00:00:09.633,6.20704029224537,12.644856770833334,2.9989420572916665,7.663248697916667,7.958930121527778
580,00:00:09.650,5.727566189236111,10.548909505208334,2.8377821180555554,6.900146484375,7.444769965277778
581,00:00:09.667,6.374972873263889,12.956136067708334,3.3167317708333335,7.593668619791667,8.214518229166666
582,00:00:09.683,5.526457609953703,11.199137369791666,2.569118923611111,6.546522352430555,7.463731553819445
583,00:00:09.700,6.059443721064814,12.714029947916666,3.16943359375,6.966091579861111,8.042805989583334
584,00:00:09.717,0.06660517939814814,0.4219563802083333,0.07801649305555555,0.04372829861111111,0.07807074652777778
585,00:00:09.733,5.72974537037037,11.987711588541666,2.9210340711805554,6.521348741319445,7.746853298611111
586,00:00:09.750,6.172435619212963,11.7041015625,3.3058539496527777,6.988959418402778,8.222493489583334
587,00:00:09.767,5.480251736111112,12.250569661458334,2.62060546875,6.292100694444445,7.528049045138889
588,00:00:09.783,5.4624204282407405,11.856282552083334,2.756130642361111,6.131401909722222,7.499728732638889
589,00:00:09.800,5.050808376736112,9.289957682291666,2.456515842013889,5.655381944444445,7.04052734375
590,00:00:09.817,5.164849175347222,11.683349609375,2.6598036024305554,5.655436197916667,7.179307725694445
591,00:00:09.833,4.518446180555556,10.140787760416666,2.2623426649305554,4.950113932291667,6.342881944444445
592,00:00:09.850,3.405128761574074,9.7119140625,1.6407335069444444,3.6608344184027777,4.913818359375
593,00:00:09.867,0.0477611400462963,0.2974446614583333,0.037109375,0.037109375,0.0690646701388889
594,00:00:09.883,4.573938440393519,9.442138671875,2.4931640625,4.895968967013889,6.332682291666667
595,00:00:09.900,3.6912977430555554,8.411458333333334,1.9829372829861112,3.8392469618055554,5.251708984375
596,00:00:09.917,3.562807436342592,7.505289713541667,2.202121310763889,3.573757595486111,4.912543402777778
597,00:00:09.933,3.7776692708333335,8.819580078125,2.4663899739583335,3.739040798611111,5.127577039930555
598,00:00:09.950,3.611698857060185,8.349202473958334,2.4581976996527777,3.5396050347222223,4.837293836805555
599,00:00:09.967,3.4801522714120368,9.393717447916666,2.5375434027777777,3.3962944878472223,4.506618923611111
600,00:00:09.983,3.2461660879629632,10.009358723958334,2.3289930555555554,3.1886121961805554,4.220893012152778
601,00:00:10.000,8.238226996527777,12.257486979166666,8.616834852430555,5.600667317708333,10.497178819444445
602,00:00:10.017,3.0744176793981484,10.244547526041666,1.7154947916666667,3.26513671875,4.242621527777778
603,00:00:10.033,5.349157262731481,12.319742838541666,3.294162326388889,5.791232638888889,6.962076822916667
604,00:00:10.050,5.4029767071759265,15.107421875,3.1536729600694446,5.860921223958333,7.1943359375
605,00:00:10.067,0.05798791956018518,0.4219563802083333,0.07362196180555555,0.031222873263888888,0.0691189236111111
606,00:00:10.083,5.665735315393519,16.829833984375,3.345974392361111,6.048448350694445,7.602783203125
607,00:00:10.100,4.598750361689815,11.766357421875,2.4707845052083335,4.853244357638889,6.472222222222222
608,00:00:10.117,6.736011646412037,15.757649739583334,3.9732259114583335,7.418782552083333,8.816026475694445
609,00:00:10.133,6.777967664930556,15.875244140625,3.9168565538194446,7.338487413194445,9.078559027777779
610,00:00:10.150,6.128092447916667,13.461100260416666,3.48388671875,6.514594184027778,8.385796440972221
611,00:00:10.167,6.914496527777779,14.339599609375,3.7913411458333335,7.414523654513889,9.53762478298611
612,00:00:10.183,6.0142596209490735,12.921549479166666,3.1392144097222223,6.415879991319445,8.487684461805555
613,00:00:10.200,7.516691984953703,19.015706380208332,4.363932291666667,7.954779730902778,10.231363932291666
614,00:00:10.217,7.2884747540509265,17.902018229166668,3.8865831163194446,7.774549696180555,10.204291449652779
615,00:00:10.233,3.42041015625,10.223795572916666,1.7253960503472223,3.4583062065972223,5.077528211805555
616,00:00:10.250,5.293176721643518,15.453287760416666,2.2841796875,5.834120008680555,7.76123046875
617,00:00:10.267,0.042543764467592594,1.0099283854166667,0.017985026041666668,0.036810980902777776,0.07283528645833333
618,00:00:10.283,7.134485315393519,17.383219401041668,3.2494032118055554,8.20974392361111,9.94430881076389
619,00:00:10.300,0.0640281394675926,0.435791015625,0.042670355902777776,0.04861111111111111,0.1008029513888889
620,00:00:10.317,5.041802300347222,13.23974609375,2.0096842447916665,5.546929253472222,7.568793402777778
621,00:00:10.333,6.642225477430556,16.89208984375,2.803738064236111,7.486273871527778,9.636664496527779
622,00:00:10.350,4.493941695601852,13.094482421875,1.8205023871527777,4.683756510416667,6.977566189236111
623,00:00:10.367,5.111237702546297,13.910725911458334,2.2994791666666665,5.334147135416667,7.700086805555555
624,00:00:10.383,5.174560546875,14.89990234375,2.1731499565972223,5.640163845486111,7.710367838541667
625,00:00:10.400,5.404604311342593,15.14892578125,2.3319498697916665,5.915879991319445,7.965983072916667
626,00:00:10.417,5.445990668402779,15.702311197916666,2.4014756944444446,5.974853515625,7.961642795138889
627,00:00:10.433,5.633626302083333,16.546223958333332,2.605251736111111,6.199191623263889,8.096435546875
628,00:00:10.450,5.310329861111111,16.172688802083332,2.4523111979166665,5.830376519097222,7.648301866319445
629,00:00:10.467,5.682526765046297,15.72998046875,2.7195909288194446,6.361436631944445,7.966552734375
630,00:00:10.483,7.504692925347221,21.346842447916668,3.974636501736111,8.605604383680555,9.933837890625
631,00:00:10.500,10.17674877025463,19.762776692708332,8.34521484375,8.7734375,13.41159396701389
632,00:00:10.517,6.809290002893519,17.0166015625,3.338623046875,8.12472873263889,8.964518229166666
633,00:00:10.533,6.1884584780092595,18.289388020833332,2.8502061631944446,7.332926432291667,8.382242838541666
634,00:00:10.550,6.936640986689814,21.070149739583332,3.2899034288194446,8.349283854166666,9.170735677083334
635,00:00:10.567,0.04673032407407408,0.830078125,0.041666666666666664,0.034505208333333336,0.06401909722222222
636,00:00:10.583,6.4264051649305545,16.532389322916668,2.9634331597222223,7.574083116319445,8.74169921875
637,00:00:10.600,5.9869158709490735,14.367268880208334,2.7211371527777777,6.774468315972222,8.465142144097221
638,00:00:10.617,6.558657045717593,15.045166015625,3.0460340711805554,7.657389322916667,8.972547743055555
639,00:00:10.633,5.6209942853009265,15.245768229166666,2.576416015625,6.428087022569445,7.858479817708333
640,00:00:10.650,6.414668330439814,16.380208333333332,2.9204644097222223,7.517903645833333,8.80563693576389
641,00:00:10.667,5.306839554398148,14.464111328125,2.2715928819444446,6.156277126736111,7.492648654513889
642,00:00:10.683,6.461841724537037,18.192545572916668,3.00048828125,7.647623697916667,8.737413194444445
643,00:00:10.700,5.350613064236111,17.293294270833332,2.377956814236111,6.177408854166667,7.496473524305555
644,00:00:10.717,6.338758680555556,20.5859375,2.701443142361111,7.695366753472222,8.619466145833334
645,00:00:10.733,4.717809606481481,15.183512369791666,2.0199110243055554,5.457546657986111,6.675971137152778
646,00:00:10.750,5.968822337962963,18.96728515625,2.5802408854166665,7.337266710069445,7.988959418402778
647,00:00:10.767,4.581416377314815,14.906819661458334,1.8938802083333333,5.259385850694445,6.590983072916667
648,00:00:10.783,6.7380551938657405,21.388346354166668,2.9949815538194446,8.377332899305555,8.841851128472221
649,00:00:10.800,6.8585069444444455,19.96337890625,3.1332194010416665,8.23752170138889,9.204779730902779
650,00:00:10.817,5.6554181134259265,17.106526692708332,2.4164496527777777,6.554850260416667,7.994954427083333
651,00:00:10.833,6.68018482349537,24.286702473958332,2.977322048611111,7.947618272569445,9.115614149305555
652,00:00:10.850,5.43750904224537,16.629231770833332,2.37548828125,6.246283637152778,7.690755208333333
653,00:00:10.867,0.04024703414351852,0.87158203125,0.021945529513888888,0.03567165798611111,0.06312391493055555
654,00:00:10.883,6.551296657986112,18.13720703125,2.9428168402777777,7.639756944444445,9.07131618923611
655,00:00:10.900,5.216778790509259,16.0205078125,2.355251736111111,5.789577907986111,7.505506727430555
656,00:00:10.917,6.186342592592593,18.5107421875,2.7823350694444446,7.055636935763889,8.721055772569445
657,00:00:10.933,5.424985532407407,14.560953776041666,2.366427951388889,5.956895616319445,7.951633029513889
658,00:00:10.950,5.402307581018519,15.570882161458334,2.5344780815972223,5.967393663194445,7.705050998263889
659,00:00:10.967,4.955747251157407,14.886067708333334,2.3583441840277777,5.401692708333333,7.107204861111111
660,00:00:10.983,4.6822283709490735,14.298095703125,2.155300564236111,5.120985243055555,6.770399305555555
661,00:00:11.000,8.485197844328704,16.324869791666668,7.910210503472222,6.178982204861111,11.366400824652779
662,00:00:11.017,3.6474066840277772,10.922444661458334,1.8364800347222223,3.9784613715277777,5.127278645833333
663,00:00:11.033,3.5801685474537037,9.808756510416666,1.8590223524305556,3.9483235677083335,4.933159722222222
664,00:00:11.050,3.2410391348379632,9.110107421875,1.7566460503472223,3.576443142361111,4.390028211805555
665,00:00:11.067,6.035590277777779,17.452392578125,2.906005859375,7.636338975694445,7.564425998263889
666,00:00:11.083,5.109727647569444,15.695393880208334,2.3974609375,6.316975911458333,6.61474609375
667,00:00:11.100,3.960177951388889,11.849365234375,1.8069390190972223,4.665120442708333,5.408474392361111
668,00:00:11.117,4.48876953125,13.557942708333334,2.1370985243055554,5.20556640625,6.123643663194445
669,00:00:11.133,3.6683756510416665,11.24755859375,1.6948513454861112,4.114230685763889,5.196044921875
670,00:00:11.150,3.9217755353009256,11.717936197916666,1.9524739583333333,4.371609157986111,5.441243489583333
671,00:00:11.167,4.234347873263889,12.790120442708334,2.0958116319444446,4.950330946180555,5.656901041666667
672,00:00:11.183,4.240921585648148,13.689371744791666,2.0110948350694446,5.049533420138889,5.662136501736111
673,00:00:11.200,4.50023509837963,14.083658854166666,2.1246202256944446,5.368326822916667,6.007758246527778
674,00:00:11.217,0.05117006655092592,0.5326334635416666,0.033854166666666664,0.039794921875,0.0798611111111111
675,00:00:11.233,3.9958767361111107,13.661702473958334,1.8670789930555556,4.702067057291667,5.418484157986111
676,00:00:11.250,5.122676142939815,18.019612630208332,2.5282389322916665,6.236436631944445,6.603352864583333
677,00:00:11.267,4.640100549768518,14.630126953125,2.1945258246527777,5.620903862847222,6.104871961805555
678,00:00:11.283,4.837112991898149,15.619303385416666,2.433837890625,5.824164496527778,6.253336588541667
679,00:00:11.300,5.069028501157407,16.193440755208332,2.5939127604166665,6.191786024305555,6.42138671875
680,00:00:11.317,4.358534071180555,14.291178385416666,2.1569010416666665,5.235975477430555,5.682725694444445
681,00:00:11.333,5.470947265625,16.982014973958332,2.7058648003472223,6.777370876736111,6.929606119791667
682,00:00:11.350,6.271647135416667,21.37451171875,3.2674153645833335,7.935763888888889,7.611762152777778
683,00:00:11.367,7.3398256655092595,24.549560546875,3.989718967013889,9.41916232638889,8.610595703125
684,00:00:11.383,7.088740596064814,22.405192057291668,3.846218532986111,9.05368381076389,8.366319444444445
685,00:00:11.400,6.253445095486111,19.361572265625,3.2857801649305554,7.699462890625,7.775092230902778
686,00:00:11.417,6.664957682291667,19.790445963541668,3.401611328125,8.289794921875,8.303466796875
687,00:00:11.433,0.038836443865740734,0.2628580729166667,0.020073784722222224,0.035319010416666664,0.061116536458333336
688,00:00:11.450,7.02857349537037,20.198567708333332,3.7183159722222223,8.508599175347221,8.858805338541666
689,00:00:11.467,0.03332971643518519,0.21443684895833334,0.019259982638888888,0.029947916666666668,0.05078125
690,00:00:11.483,7.126094111689814,22.37060546875,4.075330946180555,8.481825086805555,8.821126302083334
691,00:00:11.500,9.284577546296296,19.942626953125,7.452039930555555,8.484781901041666,11.916910807291666
692,00:00:11.517,4.867377387152778,17.59765625,2.334689670138889,6.213406032986111,6.054036458333333
693,00:00:11.533,0.017216435185185185,0.13834635416666666,0.010769314236111112,0.017144097222222224,0.023735894097222224
694,00:00:11.550,6.0049008969907405,20.329996744791668,3.17724609375,7.684054904513889,7.153401692708333
695,00:00:11.567,4.711362485532407,16.234944661458332,2.364040798611111,5.735731336805555,6.034315321180555
696,00:00:11.583,5.528889973958333,18.074951171875,2.831814236111111,6.976182725694445,6.778672960069445
697,00:00:11.600,4.498408564814814,15.923665364583334,2.203640407986111,5.595784505208333,5.69580078125
698,00:00:11.617,5.4673032407407405,21.485188802083332,2.7360026041666665,6.969346788194445,6.696560329861111
699,00:00:11.633,4.659767433449074,16.200358072916668,2.3523491753472223,5.761610243055555,5.865342881944445
700,00:00:11.650,6.1572265625,23.214518229166668,3.2416178385416665,7.839057074652778,7.391004774305555
701,00:00:11.667,6.163538049768518,25.158284505208332,3.35595703125,7.750325520833333,7.384331597222222
702,00:00:11.683,6.842158564814814,25.379638671875,3.99072265625,8.637451171875,7.898301866319445
703,00:00:11.700,6.637885199652778,22.757975260416668,3.9313151041666665,8.16091579861111,7.821424696180555
704,00:00:11.717,6.036241319444444,20.537516276041668,3.6627061631944446,7.347737630208333,7.098280164930555
705,00:00:11.733,6.219853153935186,19.444580078125,3.8424207899305554,7.486273871527778,7.330864800347222
706,00:00:11.750,6.400942201967593,18.92578125,4.016493055555555,7.604953342013889,7.581380208333333
707,00:00:11.767,5.887288411458333,17.189534505208332,3.77587890625,6.869194878472222,7.016791449652778
708,00:00:11.783,6.0792462384259265,16.594645182291668,4.144965277777778,6.993218315972222,7.099555121527778
709,00:00:11.800,5.5935239438657405,15.003662109375,3.9076063368055554,6.351236979166667,6.521728515625
710,00:00:11.817,5.64354564525463,15.958251953125,4.058892144097222,6.298041449652778,6.573703342013889
711,00:00:11.833,5.061234085648149,13.876139322916666,3.5925835503472223,5.523871527777778,6.067247178819445
712,00:00:11.850,5.844627097800925,17.749837239583332,4.288601345486111,6.457845052083333,6.787434895833333
713,00:00:11.867,4.683629918981482,16.304117838541668,3.3787163628472223,5.126871744791667,5.545301649305555
714,00:00:11.883,5.746419270833333,17.922770182291668,4.297553168402778,6.331461588541667,6.610243055555555
715,00:00:11.900,4.371030454282407,14.913736979166666,3.277316623263889,4.648790147569445,5.186984592013889
716,00:00:11.917,5.295003255208333,16.234944661458332,3.9549153645833335,5.861897786458333,6.068196614583333
717,00:00:11.933,4.5771665219907405,13.675537109375,3.489230685763889,4.904866536458333,5.33740234375
718,00:00:11.950,0.048565899884259266,1.0860188802083333,0.04600694444444445,0.036078559027777776,0.06361219618055555
719,00:00:11.967,4.518979673032407,13.163655598958334,3.4907769097222223,4.883707682291667,5.182454427083333
720,00:00:11.983,3.824462890625,12.388916015625,3.0319281684027777,4.102511935763889,4.338948567708333
721,00:00:12.000,9.450014467592593,21.768798828125,8.11520724826389,9.08273654513889,11.152099609375
722,00:00:12.017,4.907280815972222,15.6884765625,3.0907118055555554,6.199896918402778,5.431233723958333
723,00:00:12.033,6.310230396412038,21.8310546875,4.160861545138889,8.140082465277779,6.629747178819445
724,00:00:12.050,5.346706814236112,17.203369140625,3.4984809027777777,6.674045138888889,5.867594401041667
725,00:00:12.067,5.514693648726852,19.3408203125,3.8760850694444446,6.578152126736111,6.08984375
726,00:00:12.083,4.547535083912037,17.839762369791668,3.240478515625,5.159613715277778,5.242513020833333
727,00:00:12.100,5.862729673032407,19.624430338541668,4.268310546875,6.928900824652778,6.390977647569445
728,00:00:12.117,4.628083405671297,15.411783854166666,3.039767795138889,5.504747178819445,5.339735243055555
729,00:00:12.133,6.098072193287037,19.624430338541668,4.186306423611111,7.552517361111111,6.555392795138889
730,00:00:12.150,5.305655020254629,19.825032552083332,3.5329047309027777,6.326795789930555,6.057264539930555
731,00:00:12.167,4.084291811342593,15.681559244791666,2.7592230902777777,4.573025173611111,4.920627170138889
732,00:00:12.183,5.702184606481481,18.227132161458332,4.078531901041667,6.54833984375,6.479682074652778
733,00:00:12.200,4.259078414351852,15.045166015625,2.9061957465277777,4.703396267361111,5.167643229166667
734,00:00:12.217,5.4754412615740735,16.456298828125,3.828342013888889,6.212266710069445,6.385715060763889
735,00:00:12.233,5.181197554976852,15.114339192708334,3.6697591145833335,5.760850694444445,6.112982855902778
736,00:00:12.250,5.206787109375,13.786214192708334,3.5607096354166665,5.844943576388889,6.214708116319445
737,00:00:12.267,5.150942201967593,13.952229817708334,3.4544542100694446,5.647162543402778,6.351209852430555
738,00:00:12.283,0.046160662615740734,0.7539876302083334,0.028076171875,0.04220920138888889,0.06819661458333333
739,00:00:12.300,6.1417462384259265,17.189534505208332,4.328803168402778,6.981038411458333,7.115397135416667
740,00:00:12.317,4.134033203125,13.0322265625,2.7920735677083335,4.45458984375,5.155436197916667
741,00:00:12.333,6.548168041087963,16.380208333333332,4.757703993055555,7.420708550347222,7.466091579861111
742,00:00:12.350,5.915617766203703,16.497802734375,4.479465060763889,6.397867838541667,6.869520399305555
743,00:00:12.367,5.418827763310186,13.717041015625,4.123643663194445,5.861707899305555,6.271131727430555
744,00:00:12.383,6.339427806712963,16.504720052083332,4.920600043402778,7.051323784722222,7.046359592013889
745,00:00:12.400,5.22266529224537,13.65478515625,4.085123697916667,5.530219184027778,6.052652994791667
746,00:00:12.417,6.371907552083333,16.26953125,5.124104817708333,6.809136284722222,7.182481553819445
747,00:00:12.433,5.551793981481481,13.544108072916666,4.392252604166667,5.888427734375,6.374701605902778
748,00:00:12.450,5.673864293981481,13.23974609375,4.672037760416667,5.933892144097222,6.415662977430555
749,00:00:12.467,5.462456597222222,13.308919270833334,4.516140407986111,5.687689887152778,6.183539496527778
750,00:00:12.483,4.585856119791667,12.963053385416666,3.8893229166666665,4.642659505208333,5.2255859375
751,00:00:12.500,6.853587962962965,8.743489583333334,8.451985677083334,2.9308539496527777,9.177924262152779
752,00:00:12.517,6.40087890625,16.615397135416668,5.759711371527778,6.786024305555555,6.656901041666667
753,00:00:12.533,6.249575014467593,16.165771484375,5.688612196180555,6.421902126736111,6.638210720486111
754,00:00:12.550,5.2553530092592595,14.173583984375,4.640597873263889,5.488932291666667,5.636528862847222
755,00:00:12.567,6.7240216290509265,16.089680989583332,6.104112413194445,7.036756727430555,7.031195746527778
756,00:00:12.583,6.561008029513888,15.612386067708334,6.115695529513889,6.759385850694445,6.807942708333333
757,00:00:12.600,6.678493923611112,15.245768229166666,6.335693359375,6.905137803819445,6.794650607638889
758,00:00:12.617,6.015190972222222,14.242757161458334,5.633816189236111,6.298800998263889,6.112955729166667
759,00:00:12.633,7.710874204282407,16.97509765625,7.374674479166667,8.225721571180555,7.5322265625
760,00:00:12.650,6.759431061921297,15.882161458333334,6.421196831597222,7.247992621527778,6.609103732638889
761,00:00:12.667,7.612250434027779,18.144124348958332,7.379258897569445,8.140462239583334,7.317030164930555
762,00:00:12.683,6.8610658998842595,16.871337890625,6.499918619791667,7.492024739583333,6.591254340277778
763,00:00:12.700,6.614673755787037,15.902913411458334,6.415988498263889,7.174153645833333,6.253879123263889
764,00:00:12.717,5.201723451967593,10.299886067708334,5.159071180555555,5.406575520833333,5.039523654513889
765,00:00:12.733,7.125560619212963,13.336588541666666,7.854465060763889,7.063666449652778,6.458550347222222
766,00:00:12.750,6.151701750578703,13.163655598958334,6.499376085069445,6.243055555555555,5.712673611111111
767,00:00:12.767,6.087320963541667,13.142903645833334,6.651828342013889,6.080946180555555,5.529188368055555
768,00:00:12.783,6.145462601273148,11.628011067708334,7.047526041666667,5.853814019097222,5.535047743055555
769,00:00:12.800,0.07954463252314814,0.45654296875,0.10457356770833333,0.056342230902777776,0.07771809895833333
770,00:00:12.817,6.057689525462963,12.624104817708334,6.977647569444445,5.734049479166667,5.461371527777778
771,00:00:12.833,6.8257921006944455,14.408772786458334,7.591824001736111,6.638563368055555,6.246988932291667
772,00:00:12.850,7.43382884837963,16.1865234375,7.924126519097222,7.632486979166667,6.744873046875
773,00:00:12.867,7.3224103009259265,17.985026041666668,8.128553602430555,7.229926215277778,6.608751085069445
774,00:00:12.883,0.07275390625000001,0.8854166666666666,0.08707682291666667,0.046468098958333336,0.084716796875
775,00:00:12.900,6.914577907986112,17.915852864583332,7.587537977430555,6.717393663194445,6.438802083333333
776,00:00:12.917,6.793981481481481,18.6767578125,7.672661675347222,6.345838758680555,6.363444010416667
777,00:00:12.933,5.941722728587963,14.305013020833334,6.526719835069445,5.621717664930555,5.676730685763889
778,00:00:12.950,7.18262622974537,17.189534505208332,8.199137369791666,6.686713324652778,6.662027994791667
779,00:00:12.967,6.703007450810186,16.006673177083332,7.554823133680555,6.164577907986111,6.389621310763889
780,00:00:12.983,5.239076967592593,15.003662109375,5.77197265625,4.827528211805555,5.117730034722222
781,00:00:13.000,11.964536313657407,16.712239583333332,15.878173828125,8.478841145833334,11.53659396701389
782,00:00:13.017,6.055492259837963,10.908610026041666,6.50048828125,5.978759765625,5.687228732638889
783,00:00:13.033,4.713912398726852,9.822591145833334,4.451850043402778,5.0078125,4.682074652777778
784,00:00:13.050,3.999810112847222,9.905598958333334,3.625461154513889,4.294189453125,4.079779730902778
785,00:00:13.067,5.221950954861112,11.033121744791666,5.05224609375,5.569797092013889,5.043809678819445
786,00:00:13.083,5.11962890625,9.691162109375,5.055745442708333,5.391818576388889,4.911322699652778
787,00:00:13.100,7.1553729021990735,12.852376302083334,7.866509331597222,7.160047743055555,6.439561631944445
788,00:00:13.117,4.967013888888889,9.414469401041666,5.062120225694445,5.076361762152778,4.762559678819445
789,00:00:13.133,5.272533275462963,9.739583333333334,5.255425347222222,5.529893663194445,5.032280815972222
790,00:00:13.150,4.1642885561342595,8.556722005208334,4.101101345486111,4.289008246527778,4.102756076388889
791,00:00:13.167,5.794126157407407,12.112223307291666,5.961669921875,5.879747178819445,5.540961371527778
792,00:00:13.183,4.473343460648149,9.794921875,4.189534505208333,4.701822916666667,4.528672960069445
793,00:00:13.200,0.054506655092592594,1.4388020833333333,0.047607421875,0.04831271701388889,0.0675998263888889
794,00:00:13.217,6.154613353587962,13.260498046875,6.598198784722222,5.999159071180555,5.866482204861111
795,00:00:13.233,4.512903284143518,9.386800130208334,4.718071831597222,4.448567708333333,4.3720703125
796,00:00:13.250,6.128354673032407,12.32666015625,6.836100260416667,5.686306423611111,5.862657335069445
797,00:00:13.267,5.9353208188657405,12.561848958333334,6.704264322916667,5.505859375,5.595838758680555
798,00:00:13.283,5.694010416666667,10.943196614583334,6.381429036458333,5.249267578125,5.451334635416667
799,00:00:13.300,5.371636284722222,10.714925130208334,6.055094401041667,4.938774956597222,5.121039496527778
800,00:00:13.317,6.892288773148149,11.08154296875,8.257269965277779,6.109103732638889,6.310492621527778
801,00:00:13.333,0.065673828125,0.7954915364583334,0.08829752604166667,0.04031032986111111,0.06841362847222222
802,00:00:13.350,5.259792751736112,11.877034505208334,6.029541015625,4.707872178819445,5.041965060763889
803,00:00:13.367,10.305528428819445,21.090901692708332,12.95266384548611,9.558973524305555,8.404947916666666
804,00:00:13.383,3.7436794704861107,8.937174479166666,2.8097059461805554,4.471950954861111,3.9493815104166665
805,00:00:13.400,3.9320927372685186,10.078531901041666,2.98291015625,4.629231770833333,4.184136284722222
806,00:00:13.417,3.8250777633101856,10.625,2.907986111111111,4.493598090277778,4.073649088541667
807,00:00:13.433,3.368344907407408,11.849365234375,2.5662706163194446,3.941379123263889,3.597384982638889
808,00:00:13.450,3.561631944444444,12.298990885416666,2.489501953125,4.307020399305555,3.8883734809027777
809,00:00:13.467,4.553340205439815,13.018391927083334,3.6312391493055554,5.212158203125,4.816623263888889
810,00:00:13.483,3.6343225549768516,10.83251953125,2.563747829861111,4.377658420138889,3.9615614149305554
811,00:00:13.500,9.394938151041666,13.806966145833334,10.911566840277779,6.774685329861111,10.49856228298611
812,00:00:13.517,0.008635344328703705,0.0830078125,0.011393229166666666,0.006618923611111111,0.007893880208333334
813,00:00:13.533,4.048782913773148,9.345296223958334,3.0786675347222223,4.933566623263889,4.134114583333333
814,00:00:13.550,4.360722294560185,10.922444661458334,3.3972710503472223,5.210205078125,4.474690755208333
815,00:00:13.567,4.446840639467593,10.777180989583334,3.5443250868055554,5.152533637152778,4.643663194444445
816,00:00:13.583,4.432689525462963,9.767252604166666,3.5244683159722223,4.855170355902778,4.918429904513889
817,00:00:13.600,5.245090060763889,12.727864583333334,4.634087456597222,5.734429253472222,5.366753472222222
818,00:00:13.617,3.8198603877314814,10.631917317708334,3.1219075520833335,4.319932725694445,4.017740885416667
819,00:00:13.633,5.05615234375,12.381998697916666,4.423502604166667,5.590060763888889,5.154893663194445
820,00:00:13.650,4.149540653935185,10.25146484375,3.3644476996527777,4.687798394097222,4.396375868055555
821,00:00:13.667,4.802182798032407,9.559733072916666,4.078016493055555,5.369167751736111,4.959364149305555
822,00:00:13.683,4.641908998842593,10.66650390625,3.7888997395833335,5.329047309027778,4.807779947916667
823,00:00:13.700,4.52635814525463,12.790120442708334,3.736111111111111,5.167154947916667,4.675808376736111
824,00:00:13.717,4.680419921875,11.683349609375,4.013888888888889,5.263861762152778,4.763509114583333
825,00:00:13.733,3.7490234375,7.996419270833333,3.033718532986111,4.256401909722222,3.9569498697916665
826,00:00:13.750,4.630253544560185,11.510416666666666,3.9212510850694446,5.272108289930555,4.697401258680555
827,00:00:13.767,4.3420591001157405,11.316731770833334,3.6487358940972223,5.022759331597222,4.354682074652778
828,00:00:13.783,0.06872106481481481,0.4634602864583333,0.06922743055555555,0.05422634548611111,0.08270941840277778
829,00:00:13.800,4.54150390625,11.33056640625,3.8876410590277777,5.123616536458333,4.613254123263889
830,00:00:13.817,3.7301522714120368,8.114013671875,3.1527506510416665,4.144694010416667,3.8930121527777777
831,00:00:13.833,4.782271773726852,12.769368489583334,4.218478732638889,5.300428602430555,4.827907986111111
832,00:00:13.850,4.434642650462963,10.597330729166666,3.867919921875,4.811333550347222,4.624674479166667
833,00:00:13.867,4.193033854166667,10.95703125,3.772705078125,4.519585503472222,4.286810980902778
834,00:00:13.883,3.953984013310185,9.414469401041666,3.568359375,4.162706163194445,4.130886501736111
835,00:00:13.900,4.8694842303240735,13.350423177083334,4.533854166666667,5.035427517361111,5.039171006944445
836,00:00:13.917,3.8515353732638893,10.611165364583334,3.4104817708333335,4.058539496527778,4.085584852430555
837,00:00:13.933,5.4602231626157405,13.426513671875,4.994466145833333,5.681586371527778,5.704616970486111
838,00:00:13.950,4.349491825810186,11.531168619791666,3.9874674479166665,4.422281901041667,4.638726128472222
839,00:00:13.967,4.855405454282407,15.536295572916666,4.437337239583333,4.922553168402778,5.206325954861111
840,00:00:13.983,5.011565031828703,12.381998697916666,4.789876302083333,4.925971137152778,5.31884765625
841,00:00:14.000,10.007496021412036,13.149820963541666,12.048882378472221,6.585015190972222,11.388590494791666
842,00:00:14.017,5.312852647569445,12.333577473958334,5.111626519097222,5.409884982638889,5.417046440972222
843,00:00:14.033,4.986355251736112,11.628011067708334,4.808729383680555,5.033420138888889,5.116916232638889
844,00:00:14.050,4.850043402777778,11.99462890625,4.616889105902778,4.8408203125,5.092420789930555
845,00:00:14.067,5.300464771412037,12.935384114583334,5.258870442708333,5.208360460069445,5.434163411458333
846,00:00:14.083,4.667163990162037,10.791015625,4.531765407986111,4.441813151041667,5.027913411458333
847,00:00:14.100,5.63671875,12.513427734375,5.830512152777778,5.232096354166667,5.847547743055555
848,00:00:14.117,4.966878255208333,11.3720703125,4.978190104166667,4.640896267361111,5.281548394097222
849,00:00:14.133,0.027750651041666668,0.352783203125,0.018473307291666668,0.022976345486111112,0.041802300347222224
850,00:00:14.150,7.414125795717593,18.157958984375,7.486300998263889,7.328152126736111,7.427924262152778
851,00:00:14.167,0.0642722800925926,0.8231608072916666,0.05471462673611111,0.04307725694444445,0.09502495659722222
852,00:00:14.183,4.794487847222222,11.448160807291666,4.454399956597222,4.744683159722222,5.184380425347222
853,00:00:14.200,5.645480685763889,17.051188151041668,5.215738932291667,5.579399956597222,6.141303168402778
854,00:00:14.217,5.621961805555556,15.56396484375,5.015597873263889,5.739230685763889,6.111056857638889
855,00:00:14.233,4.928358289930555,10.818684895833334,4.408393012152778,4.917019314236111,5.459662543402778
856,00:00:14.250,5.268419053819445,11.766357421875,4.53955078125,5.399875217013889,5.865831163194445
857,00:00:14.267,4.321099175347222,9.704996744791666,3.5853407118055554,4.417209201388889,4.960747612847222
858,00:00:14.283,5.331380208333333,12.063802083333334,4.266899956597222,5.467936197916667,6.259304470486111
859,00:00:14.300,3.5639105902777772,8.494466145833334,2.7728135850694446,3.6806098090277777,4.238308376736111
860,00:00:14.317,5.821804470486111,11.821695963541666,4.876302083333333,5.830023871527778,6.759087456597222
861,00:00:14.333,4.352611400462963,12.679443359375,3.4876573350694446,4.491129557291667,5.079047309027778
862,00:00:14.350,5.023735894097222,11.026204427083334,4.121609157986111,5.172743055555555,5.77685546875
863,00:00:14.367,4.21044017650463,11.648763020833334,3.1771647135416665,4.552815755208333,4.901340060763889
864,00:00:14.383,4.558168764467593,10.597330729166666,3.3719075520833335,4.961805555555555,5.340793185763889
865,00:00:14.400,4.31127025462963,9.691162109375,2.974853515625,4.7880859375,5.170871310763889
866,00:00:14.417,4.688449435763889,11.517333984375,3.360080295138889,5.160698784722222,5.544569227430555
867,00:00:14.433,0.0741283275462963,0.45654296875,0.05959743923611111,0.051595052083333336,0.11119249131944445
868,00:00:14.450,4.205168547453703,8.542887369791666,2.885715060763889,4.736219618055555,4.993570963541667
869,00:00:14.467,4.73631908275463,10.382893880208334,3.3521592881944446,5.299696180555555,5.557101779513889
870,00:00:14.483,3.9626012731481484,9.082438151041666,2.5615234375,4.449761284722222,4.876519097222222
871,00:00:14.500,10.200195312500002,12.043050130208334,11.003173828125,7.256510416666667,12.340901692708334
872,00:00:14.517,4.605803313078703,8.937174479166666,3.3087565104166665,5.203776041666667,5.304877387152778
873,00:00:14.533,4.392713758680556,9.2138671875,3.279324001736111,4.808295355902778,5.090521918402778
874,00:00:14.550,5.027443214699074,9.947102864583334,3.7564561631944446,5.401340060763889,5.924533420138889
875,00:00:14.567,4.400770399305556,10.458984375,3.3640679253472223,4.629150390625,5.209092881944445
876,00:00:14.583,5.94921875,12.381998697916666,4.884060329861111,6.141710069444445,6.821885850694445
877,00:00:14.600,5.210394965277779,12.82470703125,4.280626085069445,5.277506510416667,6.073052300347222
878,00:00:14.617,4.76000072337963,10.265299479166666,3.9122992621527777,4.738064236111111,5.629638671875
879,00:00:14.633,6.195737485532407,13.834635416666666,5.192789713541667,6.304307725694445,7.090115017361111
880,00:00:14.650,0.047444661458333336,0.809326171875,0.037109375,0.035319010416666664,0.06990559895833333
881,00:00:14.667,5.620677806712963,9.310709635416666,4.77734375,5.615668402777778,6.469021267361111
882,00:00:14.683,5.7512026186342595,9.815673828125,4.958821614583333,5.609592013888889,6.685194227430555
883,00:00:14.700,6.691035517939814,10.818684895833334,6.072401258680555,6.443712022569445,7.556993272569445
884,00:00:14.717,8.53074363425926,17.957356770833332,8.289442274305555,8.584038628472221,8.71875
885,00:00:14.733,5.431170428240741,9.822591145833334,4.152994791666667,6.024576822916667,6.115939670138889
886,00:00:14.750,4.355984157986112,8.999430338541666,3.149142795138889,4.963514539930555,4.955295138888889
887,00:00:14.767,4.8647280092592595,8.542887369791666,3.6710883246527777,5.436279296875,5.48681640625
888,00:00:14.783,4.154097945601852,8.273111979166666,2.982937282986111,4.729112413194445,4.750244140625
889,00:00:14.800,4.748625578703703,8.764241536458334,3.6329481336805554,5.263102213541667,5.349826388888889
890,00:00:14.817,5.322699652777778,10.74951171875,4.127197265625,5.950005425347222,5.890896267361111
891,00:00:14.833,4.352783203125,9.767252604166666,3.30615234375,4.78857421875,4.963623046875
892,00:00:14.850,5.260606553819444,9.248453776041666,4.279079861111111,5.679226345486111,5.823513454861111
893,00:00:14.867,4.821714048032407,9.642740885416666,3.8466254340277777,5.164225260416667,5.454291449652778
894,00:00:14.883,0.0542896412037037,0.29052734375,0.044677734375,0.03941514756944445,0.07877604166666667
895,00:00:14.900,5.010470920138888,10.58349609375,4.028401692708333,5.337212456597222,5.665798611111111
896,00:00:14.917,4.768871166087963,10.092366536458334,3.9140625,5.049858940972222,5.342692057291667
897,00:00:14.933,5.9278790509259265,12.465006510416666,4.532524956597222,6.251383463541667,6.999728732638889
898,00:00:14.950,5.386872468171295,14.325764973958334,4.29443359375,5.426161024305555,6.440022786458333
899,00:00:14.967,5.129023799189815,17.410888671875,4.076741536458333,5.278049045138889,6.032280815972222
900,00:00:14.983,5.76830150462963,15.958251953125,4.594265407986111,5.938178168402778,6.7724609375
901,00:00:15.000,9.998101128472221,15.833740234375,10.311089409722221,7.040120442708333,12.64309353298611
902,00:00:15.017,5.42481372974537,11.890869140625,4.530137803819445,5.766411675347222,5.977891710069445
903,00:00:15.033,6.465784143518518,12.769368489583334,5.508924696180555,6.787679036458333,7.100748697916667
904,00:00:15.050,5.099546079282407,10.08544921875,4.2783203125,5.304172092013889,5.716145833333333
905,00:00:15.067,5.981734664351851,11.800944010416666,5.092095269097222,6.174370659722222,6.678738064236111
906,00:00:15.083,0.044071903935185196,0.29052734375,0.033772786458333336,0.037407769097222224,0.06103515625
907,00:00:15.100,5.883128978587963,10.223795572916666,5.049370659722222,6.039306640625,6.560709635416667
908,00:00:15.117,5.751708984375,11.821695963541666,4.812934027777778,5.96484375,6.477349175347222
909,00:00:15.133,5.1549298321759265,10.120035807291666,4.243733723958333,5.2822265625,5.938829210069445
910,00:00:15.150,5.649929470486112,11.399739583333334,4.636962890625,5.789442274305555,6.523383246527778
911,00:00:15.167,5.958043981481482,12.015380859375,4.977756076388889,6.117404513888889,6.778971354166667
912,00:00:15.183,5.145345052083333,11.046956380208334,4.268934461805555,5.163601345486111,6.003499348958333
913,00:00:15.200,5.8176088686342595,12.886962890625,4.809461805555555,5.939832899305555,6.703531901041667
914,00:00:15.217,5.715178313078703,11.503499348958334,4.577528211805555,5.913167317708333,6.654839409722222
915,00:00:15.233,5.100992838541667,12.783203125,4.108832465277778,5.196967230902778,5.997178819444445
916,00:00:15.250,5.174036096643519,10.25146484375,4.102213541666667,5.338812934027778,6.081081814236111
917,00:00:15.267,5.622233072916667,10.514322916666666,4.439778645833333,5.812228732638889,6.614691840277778
918,00:00:15.283,0.054443359375,0.17985026041666666,0.057291666666666664,0.038519965277777776,0.06751844618055555
919,00:00:15.300,6.757188585069444,11.295979817708334,5.032443576388889,7.401882595486111,7.837239583333333
920,00:00:15.317,5.130660445601852,9.400634765625,3.6405436197916665,5.565782335069445,6.185655381944445
921,00:00:15.333,4.663284866898149,7.961832682291667,3.1472710503472223,5.101481119791667,5.741102430555555
922,00:00:15.350,5.727837456597222,9.559733072916666,4.086859809027778,6.257080078125,6.839572482638889
923,00:00:15.367,4.3563458478009265,10.057779947916666,3.0321451822916665,4.764594184027778,5.272298177083333
924,00:00:15.383,5.841344762731481,10.569661458333334,4.343505859375,6.374321831597222,6.806206597222222
925,00:00:15.400,4.992323133680556,9.435221354166666,3.505886501736111,5.459798177083333,6.011284722222222
926,00:00:15.417,4.840521918402778,9.511311848958334,3.3812662760416665,5.328965928819445,5.811333550347222
927,00:00:15.433,5.01099537037037,11.475830078125,3.575412326388889,5.468370225694445,5.989203559027778
928,00:00:15.450,4.253571686921297,8.736572265625,2.8876410590277777,4.707302517361111,5.165771484375
929,00:00:15.467,5.754331235532407,13.509521484375,4.252902560763889,6.171440972222222,6.838650173611111
930,00:00:15.483,4.142605251736112,7.173258463541667,2.804172092013889,4.493028428819445,5.130615234375
931,00:00:15.500,7.5035626446759265,7.09716796875,9.665283203125,3.1257866753472223,9.719618055555555
932,00:00:15.517,5.50902416087963,8.203938802083334,4.163330078125,5.962510850694445,6.401231553819445
933,00:00:15.533,4.89769603587963,7.290852864583333,3.6002061631944446,5.394965277777778,5.697916666666667
934,00:00:15.550,4.837691695601852,7.290852864583333,3.5372721354166665,5.226915147569445,5.748887803819445
935,00:00:15.567,4.845630787037037,7.567545572916667,3.508517795138889,5.269395616319445,5.758978949652778
936,00:00:15.583,4.387125651041667,7.906494140625,3.0348578559027777,4.807373046875,5.319146050347222
937,00:00:15.600,5.7547743055555545,10.244547526041666,4.469753689236111,6.051622178819445,6.742947048611111
938,00:00:15.617,3.9461172598379632,7.851155598958333,2.685763888888889,4.245062934027778,4.907524956597222
939,00:00:15.633,5.499719690393519,9.2138671875,4.069525824652778,5.735487196180555,6.694146050347222
940,00:00:15.650,4.77074291087963,9.013264973958334,3.319851345486111,5.136990017361111,5.855387369791667
941,00:00:15.667,5.7493670428240735,9.386800130208334,4.365804036458333,5.953938802083333,6.928358289930555
942,00:00:15.683,3.8713017216435186,6.170247395833333,2.6171332465277777,4.159098307291667,4.837673611111111
943,00:00:15.700,6.186306423611112,9.940185546875,4.7275390625,6.367106119791667,7.464274088541667
944,00:00:15.717,4.852936921296297,8.155517578125,3.6368815104166665,5.054307725694445,5.867621527777778
945,00:00:15.733,5.167028356481482,9.891764322916666,3.8890245225694446,5.239230685763889,6.372829861111111
946,00:00:15.750,5.984998914930556,9.511311848958334,4.508843315972222,6.070231119791667,7.375922309027778
947,00:00:15.767,0.05124240451388889,0.6917317708333334,0.04823133680555555,0.03634982638888889,0.06914605034722222
948,00:00:15.783,5.3504864728009265,7.339274088541667,3.972927517361111,5.438259548611111,6.640272352430555
949,00:00:15.800,7.313521773726852,9.947102864583334,5.661241319444445,7.429741753472222,8.84958224826389
950,00:00:15.817,0.060971860532407406,0.4911295572916667,0.05577256944444445,0.043863932291666664,0.0832790798611111
951,00:00:15.833,6.845856843171297,7.878824869791667,5.148546006944445,6.987440321180555,8.40158420138889
952,00:00:15.850,5.9472837094907405,7.657470703125,4.480577256944445,5.984809027777778,7.37646484375
953,00:00:15.867,6.901177300347222,7.152506510416667,5.090576171875,6.905463324652778,8.70749240451389
954,00:00:15.883,6.518744574652778,8.577473958333334,4.799560546875,6.436333550347222,8.32033962673611
955,00:00:15.900,6.179723668981481,6.3916015625,4.460042317708333,6.106418185763889,7.972710503472222
956,00:00:15.917,7.374638310185186,8.791910807291666,5.507161458333333,7.137641059027778,9.479112413194445
957,00:00:15.933,6.660201461226851,6.855061848958333,4.947672526041667,6.397271050347222,8.635660807291666
958,00:00:15.950,6.891908998842593,8.231608072916666,5.314344618055555,6.470974392361111,8.89040798611111
959,00:00:15.967,6.866536458333333,7.01416015625,5.274468315972222,6.365424262152778,8.959716796875
960,00:00:15.983,6.683946397569444,6.951904296875,5.205674913194445,6.118218315972222,8.727945963541666
961,00:00:16.000,11.454128689236109,9.33837890625,11.427870008680555,7.845431857638889,15.08908420138889
962,00:00:16.017,6.40381763599537,6.204833984375,5.056911892361111,5.71435546875,8.440185546875
963,00:00:16.033,7.744357638888888,8.695068359375,6.308186848958333,6.882215711805555,10.042670355902779
964,00:00:16.050,7.264196325231481,7.816569010416667,5.850613064236111,6.439290364583333,9.502685546875
965,00:00:16.067,8.101236979166666,9.220784505208334,6.802435980902778,7.019422743055555,10.481852213541666
966,00:00:16.083,7.298963758680556,6.495361328125,5.908799913194445,6.313802083333333,9.67428927951389
967,00:00:16.100,8.26027199074074,9.137776692708334,7.136827256944445,6.991780598958333,10.652208116319445
968,00:00:16.117,7.736744068287038,10.320638020833334,6.599582248263889,6.508490668402778,10.102159288194445
969,00:00:16.133,8.387080439814815,9.601236979166666,7.267605251736111,7.032145182291667,10.861490885416666
970,00:00:16.150,7.969202112268519,8.30078125,6.858181423611111,6.578803168402778,10.470621744791666
971,00:00:16.167,0.06707537615740741,0.2974446614583333,0.05813259548611111,0.04210069444444445,0.10099283854166667
972,00:00:16.183,10.151168258101851,10.25146484375,8.54196506076389,8.55129665798611,13.360243055555555
973,00:00:16.200,0.065185546875,0.145263671875,0.055501302083333336,0.04543728298611111,0.09461805555555555
974,00:00:16.217,8.442672164351853,9.144694010416666,7.079942491319445,6.801947699652778,11.446126302083334
975,00:00:16.233,7.864384403935186,9.684244791666666,6.716200086805555,6.260932074652778,10.616021050347221
976,00:00:16.250,8.916992187500002,10.922444661458334,8.024115668402779,7.044894748263889,11.681966145833334
977,00:00:16.267,7.908474392361111,9.103190104166666,6.868191189236111,6.216606987847222,10.640625
978,00:00:16.283,8.792100694444445,9.400634765625,7.727376302083333,6.973605685763889,11.67532009548611
979,00:00:16.300,7.8847837094907405,9.013264973958334,6.420003255208333,6.459282769097222,10.775065104166666
980,00:00:16.317,8.753137659143517,10.2099609375,6.831678602430555,7.449435763888889,11.97829861111111
981,00:00:16.333,7.843867549189814,10.770263671875,5.639973958333333,6.818088107638889,11.073540581597221
982,00:00:16.350,7.5920229311342595,9.476725260416666,5.198350694444445,6.683159722222222,10.89455837673611
983,00:00:16.367,7.947871455439816,11.295979817708334,5.165201822916667,7.046115451388889,11.63229709201389
984,00:00:16.383,0.06311487268518519,0.13834635416666666,0.03152126736111111,0.050211588541666664,0.10761176215277778
985,00:00:16.400,7.570556640625,10.237630208333334,4.819146050347222,6.790825737847222,11.101698133680555
986,00:00:16.417,8.513084129050926,12.983805338541666,5.617892795138889,7.651936848958333,12.269422743055555
987,00:00:16.433,6.879756221064814,8.992513020833334,4.329074435763889,6.091281467013889,10.218912760416666
988,00:00:16.450,8.037018952546298,10.901692708333334,5.302354600694445,7.012342664930555,11.79635959201389
989,00:00:16.467,3.8251410590277772,6.274007161458333,2.309326171875,3.3576117621527777,5.808485243055555
990,00:00:16.483,8.24219654224537,11.178385416666666,5.351426866319445,7.417697482638889,11.957465277777779
991,00:00:16.500,12.35302734375,13.993733723958334,10.281656901041666,9.032823350694445,17.74460177951389
992,00:00:16.517,8.225016276041666,9.739583333333334,5.474962022569445,7.523573133680555,11.676513671875
993,00:00:16.533,6.754204644097222,9.483642578125,4.391628689236111,6.193305121527778,9.677680121527779
994,00:00:16.550,8.269811559606483,12.250569661458334,5.553982204861111,7.513888888888889,11.741563585069445
995,00:00:16.567,7.548837167245371,10.355224609375,5.105929904513889,6.818088107638889,10.722493489583334
996,00:00:16.583,6.208532262731481,9.815673828125,4.010932074652778,5.711669921875,8.902994791666666
997,00:00:16.600,7.691858362268518,12.229817708333334,4.853759765625,7.111897786458333,11.109917534722221
998,00:00:16.617,6.803430627893519,11.053873697916666,4.309678819444445,6.147894965277778,9.952718098958334
999,00:00:16.633,7.009205005787037,11.060791015625,4.344509548611111,6.389892578125,10.293212890625
1000,00:00:16.650,0.06929072627314815,0.6640625,0.045220269097222224,0.04635959201388889,0.11629231770833333
1001,00:00:16.667,6.627414279513889,10.604248046875,4.044080946180555,5.998372395833333,9.839789496527779
1002,00:00:16.683,7.24950267650463,12.693277994791666,4.485487196180555,6.470079210069445,10.79294162326389
1003,00:00:16.700,6.587239583333333,13.723958333333334,4.0771484375,5.761393229166667,9.923177083333334
1004,00:00:16.717,6.5489728009259265,12.707112630208334,4.026014539930555,5.656277126736111,9.96462673611111
1005,00:00:16.733,7.516574435763889,14.291178385416666,4.446912977430555,6.505452473958333,11.597357855902779
1006,00:00:16.750,8.19628002025463,14.471028645833334,4.870388454861111,7.023654513888889,12.69479709201389
1007,00:00:16.767,8.700150101273147,15.328776041666666,5.344184027777778,7.341118706597222,13.415147569444445
1008,00:00:16.783,7.905490451388888,15.640055338541666,4.930257161458333,6.529893663194445,12.25632052951389
1009,00:00:16.800,7.449372468171297,12.769368489583334,4.67724609375,6.038764105902778,11.63210720486111
1010,00:00:16.817,0.06715675636574074,1.016845703125,0.054524739583333336,0.042805989583333336,0.10413953993055555
1011,00:00:16.833,7.9257631655092595,15.121256510416666,4.914794921875,6.422037760416667,12.44045681423611
1012,00:00:16.850,7.383418330439816,12.755533854166666,4.659966362847222,5.898627387152778,11.591661241319445
1013,00:00:16.867,8.397705078125,15.045166015625,5.662190755208333,6.689344618055555,12.84157986111111
1014,00:00:16.883,7.342203776041667,12.167561848958334,4.884006076388889,5.878146701388889,11.264458550347221
1015,00:00:16.900,8.103759765625,13.1982421875,5.616482204861111,6.504747178819445,12.190049913194445
1016,00:00:16.917,8.057083695023149,12.250569661458334,5.764702690972222,6.424750434027778,11.981797960069445
1017,00:00:16.933,8.097755714699074,13.3642578125,6.089328342013889,6.449788411458333,11.754150390625
1018,00:00:16.950,7.255768952546297,11.468912760416666,5.405897352430555,5.762532552083333,10.598876953125
1019,00:00:16.967,7.729021990740741,13.149820963541666,5.981906467013889,6.195719401041667,11.009440104166666
1020,00:00:16.983,6.166666666666667,11.683349609375,4.571343315972222,4.825737847222222,9.102918836805555
1021,00:00:17.000,11.496211299189815,11.586507161458334,10.806098090277779,7.088406032986111,16.594129774305557
1022,00:00:17.017,7.81004955150463,11.212972005208334,6.260986328125,6.174262152777778,10.99490017361111
1023,00:00:17.033,7.36646412037037,10.106201171875,6.007731119791667,5.683376736111111,10.408284505208334
1024,00:00:17.050,6.976598668981481,8.30078125,5.703721788194445,5.278293185763889,9.94778103298611
1025,00:00:17.067,0.19434497974537038,0.933837890625,0.1361762152777778,0.132568359375,0.3142903645833333
1026,00:00:17.083,7.356237340856481,7.8857421875,5.980414496527778,5.575005425347222,10.513292100694445
1027,00:00:17.100,7.332130714699075,7.657470703125,5.941921657986111,5.546305338541667,10.508165147569445
1028,00:00:17.117,7.408492476851852,7.899576822916667,5.9345703125,5.643473307291667,10.64743381076389
1029,00:00:17.133,7.4229871961805545,8.231608072916666,5.820366753472222,5.810682508680555,10.63791232638889
1030,00:00:17.150,7.2313368055555545,8.286946614583334,5.829372829861111,5.487847222222222,10.376790364583334
1031,00:00:17.167,7.1963071469907405,9.857177734375,5.703314887152778,5.462429470486111,10.423177083333334
1032,00:00:17.183,7.437626591435184,7.92724609375,5.718288845486111,5.707302517361111,10.887288411458334
1033,00:00:17.200,6.9901258680555545,10.58349609375,5.308620876736111,5.360568576388889,10.301188151041666
1034,00:00:17.217,7.544885706018519,13.495686848958334,5.776828342013889,5.827880859375,11.029947916666666
1035,00:00:17.233,6.675726996527779,12.444254557291666,5.156494140625,4.964111328125,9.906575520833334
1036,00:00:17.250,8.155562789351851,11.551920572916666,7.122341579861111,6.053927951388889,11.290418836805555
1037,00:00:17.267,7.407741970486111,10.963948567708334,6.694932725694445,5.333550347222222,10.194742838541666
1038,00:00:17.283,6.368462456597221,9.42138671875,5.921929253472222,4.417778862847222,8.765679253472221
1039,00:00:17.300,7.404947916666665,10.327555338541666,7.24658203125,5.287923177083333,9.680338541666666
1040,00:00:17.317,0.07799840856481481,0.166015625,0.0859103732638889,0.041748046875,0.10633680555555555
1041,00:00:17.333,6.994411892361111,9.573567708333334,6.885877821180555,5.018825954861111,9.078531901041666
1042,00:00:17.350,6.49634693287037,9.850260416666666,6.219889322916667,4.744439019097222,8.524712456597221
1043,00:00:17.367,6.6014630353009265,10.410563151041666,6.01220703125,5.069878472222222,8.722303602430555
1044,00:00:17.383,5.711615668402779,9.850260416666666,4.885226779513889,4.573486328125,7.676133897569445
1045,00:00:17.400,5.960566767939814,14.429524739583334,4.716444227430555,5.063395182291667,8.101860894097221
1046,00:00:17.417,4.913773148148148,10.680338541666666,3.545138888888889,4.294921875,6.901258680555555
1047,00:00:17.433,5.975721571180556,10.977783203125,4.359429253472222,5.473388671875,8.094346788194445
1048,00:00:17.450,4.717601634837963,9.137776692708334,3.3089735243055554,4.382080078125,6.461751302083333
1049,00:00:17.467,4.959174262152778,10.659586588541666,3.2875162760416665,4.690673828125,6.899332682291667
1050,00:00:17.483,4.661901403356482,10.140787760416666,3.253200954861111,4.28857421875,6.443929036458333
1051,00:00:17.500,9.718578197337964,12.312825520833334,9.985161675347221,6.139350043402778,13.03122287326389
1052,00:00:17.517,4.099157262731481,8.778076171875,2.375271267361111,4.026312934027778,5.895887586805555
1053,00:00:17.533,4.8692400896990735,10.023193359375,3.0104437934027777,4.773410373263889,6.823866102430555
1054,00:00:17.550,4.094609013310186,8.473714192708334,2.3631456163194446,4.016520182291667,5.904161241319445
1055,00:00:17.567,4.615071614583333,10.016276041666666,2.839599609375,4.463921440972222,6.541693793402778
1056,00:00:17.583,4.514955873842593,8.286946614583334,2.8280164930555554,4.242377387152778,6.474473741319445
1057,00:00:17.600,5.199987340856482,8.086344401041666,3.3569878472222223,4.885715060763889,7.357259114583333
1058,00:00:17.617,4.527515552662037,9.67041015625,2.873779296875,4.232611762152778,6.476155598958333
1059,00:00:17.633,5.970612702546297,9.62890625,4.034261067708333,5.593044704861111,8.284532335069445
1060,00:00:17.650,0.06499565972222222,0.5741373697916666,0.051920572916666664,0.046929253472222224,0.09613715277777778
1061,00:00:17.667,5.2886736834490735,7.532958984375,3.3939615885416665,4.999674479166667,7.472384982638889
1062,00:00:17.683,5.449752242476852,7.975667317708333,3.6875813802083335,5.049397786458333,7.612277560763889
1063,00:00:17.700,4.812183521412037,7.138671875,3.1006673177083335,4.513861762152778,6.822021484375
1064,00:00:17.717,5.801956741898148,8.930257161458334,4.064778645833333,5.387532552083333,7.953559027777778
1065,00:00:17.733,4.6323061342592595,7.26318359375,3.0509440104166665,4.372233072916667,6.473741319444445
1066,00:00:17.750,6.6722186053240735,9.462890625,5.017768012152778,5.941107855902778,9.057779947916666
1067,00:00:17.767,4.85743091724537,7.76123046875,3.3917100694444446,4.349934895833333,6.830647786458333
1068,00:00:17.783,6.4278428819444455,8.114013671875,4.980333116319445,5.778076171875,8.52511935763889
1069,00:00:17.800,5.659378616898148,7.325439453125,4.253851996527778,5.116563585069445,7.607720269097222
1070,00:00:17.817,5.702039930555556,7.297770182291667,4.481011284722222,5.093071831597222,7.532036675347222
1071,00:00:17.833,6.015670211226852,8.003336588541666,4.712863498263889,5.366129557291667,7.968017578125
1072,00:00:17.850,6.038664641203703,8.978678385416666,4.780571831597222,5.317816840277778,8.01760525173611
1073,00:00:17.867,5.941514756944444,9.538981119791666,4.908610026041667,5.162407769097222,7.753526475694445
1074,00:00:17.883,6.897171585648149,11.82861328125,5.960666232638889,6.002848307291667,8.72800021701389
1075,00:00:17.900,5.67481372974537,8.162434895833334,5.254123263888889,4.697238498263889,7.073079427083333
1076,00:00:17.917,0.051025390625,0.29052734375,0.049641927083333336,0.036946614583333336,0.06648763020833333
1077,00:00:17.933,8.783591941550927,16.248779296875,8.756917317708334,7.439615885416667,10.154242621527779
1078,00:00:17.950,6.272162543402779,8.286946614583334,5.249701605902778,5.554117838541667,8.01266818576389
1079,00:00:17.967,5.654125072337963,8.210856119791666,4.864556206597222,4.800889756944445,7.296929253472222
1080,00:00:17.983,6.845061125578703,9.206949869791666,6.192789713541667,5.892659505208333,8.44973415798611
1081,00:00:18.000,11.234203197337962,12.40966796875,12.294921875,7.105278862847222,14.302408854166666
1082,00:00:18.017,5.3463270399305545,5.796712239583333,4.600151909722222,4.548963758680555,6.889865451388889
1083,00:00:18.033,6.724537037037037,8.646647135416666,6.189127604166667,5.678005642361111,8.306477864583334
1084,00:00:18.050,6.280526620370371,8.501383463541666,5.783854166666667,5.250379774305555,7.807345920138889
1085,00:00:18.067,6.135208695023148,8.369954427083334,5.523546006944445,5.203748914930555,7.678331163194445
1086,00:00:18.083,5.910038700810186,8.750406901041666,5.264675564236111,5.002604166666667,7.462836371527778
1087,00:00:18.100,6.869068287037037,9.967854817708334,6.400254991319445,5.741861979166667,8.465087890625
1088,00:00:18.117,6.10010669849537,10.147705078125,5.542290581597222,5.069064670138889,7.68896484375
1089,00:00:18.133,6.512152777777778,10.050862630208334,5.957085503472222,5.385959201388889,8.193413628472221
1090,00:00:18.150,6.922941984953703,7.629801432291667,6.565077039930555,5.571153428819445,8.63259548611111
1091,00:00:18.167,6.704390914351851,8.487548828125,6.512478298611111,5.336480034722222,8.264214409722221
1092,00:00:18.183,6.80858470775463,8.411458333333334,6.531331380208333,5.571750217013889,8.322672526041666
1093,00:00:18.200,0.07105396412037036,0.830078125,0.07291666666666667,0.045111762152777776,0.09513346354166667
1094,00:00:18.217,7.1086244936342595,10.126953125,6.852376302083333,5.775987413194445,8.697509765625
1095,00:00:18.233,6.643102575231482,10.569661458333334,6.415988498263889,5.319878472222222,8.193440755208334
1096,00:00:18.250,7.7275390625,10.604248046875,7.798990885416667,6.163384331597222,9.22024197048611
1097,00:00:18.267,8.141122323495372,10.804850260416666,8.49899631076389,6.355902777777778,9.568467881944445
1098,00:00:18.283,7.287281177662038,9.469807942708334,7.447455512152778,5.721055772569445,8.69333224826389
1099,00:00:18.300,8.234284577546296,11.275227864583334,8.951551649305555,6.311930338541667,9.439371744791666
1100,00:00:18.317,7.182165075231481,9.871012369791666,7.789577907986111,5.261528862847222,8.49538845486111
1101,00:00:18.333,6.099428530092593,8.356119791666666,6.703830295138889,4.231255425347222,7.363199869791667
1102,00:00:18.350,0.10218641493055557,0.19368489583333334,0.10370551215277778,0.061469184027777776,0.1413845486111111
1103,00:00:18.367,0.05213758680555556,0.12451171875,0.06743706597222222,0.028374565972222224,0.060601128472222224
1104,00:00:18.383,12.034514250578704,18.351643880208332,14.248426649305555,8.693739149305555,13.161376953125
1105,00:00:18.400,9.089210792824074,14.796142578125,10.29587131076389,6.586941189236111,10.384819878472221
1106,00:00:18.417,8.492865668402779,11.724853515625,9.541937934027779,6.080674913194445,9.85598415798611
1107,00:00:18.433,10.557978877314815,15.107421875,12.042914496527779,7.758680555555555,11.87234157986111
1108,00:00:18.450,7.051179108796297,9.075520833333334,7.894449869791667,5.030083550347222,8.22900390625
1109,00:00:18.467,10.771818938078704,15.377197265625,12.28903537326389,8.4052734375,11.621148003472221
1110,00:00:18.483,9.630515769675926,13.876139322916666,10.86618381076389,7.446912977430555,10.578450520833334
1111,00:00:18.500,12.56642433449074,13.419596354166666,16.228678385416668,7.150716145833333,14.319878472222221
1112,00:00:18.517,8.614303023726851,14.325764973958334,10.288492838541666,6.455729166666667,9.098687065972221
1113,00:00:18.533,0.0663158275462963,0.5672200520833334,0.08086480034722222,0.04294162326388889,0.07514105902777778
1114,00:00:18.550,22.056957103587962,48.248291015625,31.361490885416668,13.597466362847221,21.2119140625
1115,00:00:18.567,9.169867621527779,13.917643229166666,11.159342447916666,6.589491102430555,9.76076931423611
1116,00:00:18.583,11.680410879629628,16.380208333333332,14.361952039930555,8.514946831597221,12.16433376736111
1117,00:00:18.600,9.727466724537036,12.983805338541666,11.97705078125,6.891221788194445,10.314127604166666
1118,00:00:18.617,11.605351200810185,14.505615234375,13.915852864583334,8.607720269097221,12.29248046875
1119,00:00:18.633,11.15185546875,13.564860026041666,13.361735026041666,8.374620225694445,11.71921115451389
1120,00:00:18.650,11.336507161458334,12.222900390625,13.619710286458334,8.579644097222221,11.810167100694445
1121,00:00:18.667,10.975188078703704,12.112223307291666,13.211995442708334,8.383436414930555,11.330132378472221
1122,00:00:18.683,11.071460865162038,12.236735026041666,13.301106770833334,8.518608940972221,11.394666883680555
1123,00:00:18.700,8.843415436921296,9.518229166666666,10.192545572916666,6.770480685763889,9.567220052083334
1124,00:00:18.717,11.662326388888888,12.319742838541666,14.216932508680555,9.203776041666666,11.566270616319445
1125,00:00:18.733,9.198386863425927,9.746500651041666,11.100179036458334,7.051432291666667,9.443549262152779
1126,00:00:18.750,0.10285554108796297,1.0652669270833333,0.11433919270833333,0.05588107638888889,0.13834635416666666
1127,00:00:18.767,10.779595269097221,11.856282552083334,13.107720269097221,8.552544487847221,10.678521050347221
1128,00:00:18.783,9.90719943576389,10.175374348958334,12.063232421875,7.698893229166667,9.95947265625
1129,00:00:18.800,8.655689380787036,9.00634765625,10.550401475694445,6.589192708333333,8.827473958333334
1130,00:00:18.817,10.622260199652779,11.309814453125,13.194200303819445,8.366346571180555,10.306233723958334
1131,00:00:18.833,9.340196397569445,10.901692708333334,11.604329427083334,7.125922309027778,9.290337456597221
1132,00:00:18.850,9.605712890625,10.7080078125,11.830891927083334,7.452446831597222,9.533799913194445
1133,00:00:18.867,9.25830078125,10.272216796875,11.431694878472221,7.160834418402778,9.182373046875
1134,00:00:18.883,9.763834635416666,10.5419921875,11.88332790798611,7.733561197916667,9.674614800347221
1135,00:00:18.900,8.839626736111112,9.455973307291666,10.880533854166666,6.851209852430555,8.78713650173611
1136,00:00:18.917,8.875958478009258,7.581380208333333,10.89870876736111,6.873806423611111,8.855360243055555
1137,00:00:18.933,8.673990885416666,9.573567708333334,10.496229383680555,6.755018446180555,8.77072482638889
1138,00:00:18.950,9.911910445601853,11.019287109375,12.301893446180555,7.732286241319445,9.701551649305555
1139,00:00:18.967,9.306287977430555,9.781087239583334,11.608154296875,7.067220052083333,9.243489583333334
1140,00:00:18.983,10.331425419560185,9.7119140625,12.705512152777779,8.28396267361111,10.004801432291666
1141,00:00:19.000,15.317735460069443,11.697184244791666,22.722005208333332,8.896158854166666,14.335042317708334
1142,00:00:19.017,10.180826822916668,9.698079427083334,13.200520833333334,7.789225260416667,9.552734375
1143,00:00:19.033,7.447310836226851,8.266194661458334,9.41701931423611,5.668728298611111,7.256184895833333
1144,00:00:19.050,10.936342592592593,13.115234375,14.576497395833334,8.236518012152779,9.996012369791666
1145,00:00:19.067,8.253454137731481,9.428304036458334,10.492133246527779,6.326470269097222,7.941758897569445
1146,00:00:19.083,0.23687970196759256,1.4872233072916667,0.2962510850694444,0.1513671875,0.2630208333333333
1147,00:00:19.100,13.6513671875,16.829833984375,17.49167209201389,10.927300347222221,12.53512912326389
1148,00:00:19.117,0.06996889467592592,0.767822265625,0.08219401041666667,0.04163953993055555,0.08607313368055555
1149,00:00:19.133,10.24585865162037,10.092366536458334,13.41064453125,7.698025173611111,9.62890625
1150,00:00:19.150,9.861671730324074,10.445149739583334,12.67214626736111,7.497395833333333,9.415473090277779
1151,00:00:19.167,9.468740957754628,10.991617838541666,12.098822699652779,7.245713975694445,9.061686197916666
1152,00:00:19.183,10.399341724537038,11.427408854166666,13.000922309027779,8.198350694444445,9.99875217013889
1153,00:00:19.200,8.653284143518519,8.736572265625,10.679551866319445,6.807915581597222,8.47238498263889
1154,00:00:19.217,9.567138671875,9.400634765625,11.869791666666666,7.507514105902778,9.324110243055555
1155,00:00:19.233,6.397017867476852,5.499267578125,7.494981553819445,4.988145616319445,6.707926432291667
1156,00:00:19.250,0.057056568287037035,0.145263671875,0.05384657118055555,0.04017469618055555,0.0771484375
1157,00:00:19.267,27.14401584201389,53.429361979166664,29.300618489583332,29.86599392361111,22.26543511284722
1158,00:00:19.283,12.367422598379628,9.096272786458334,13.883436414930555,9.677408854166666,13.541422526041666
1159,00:00:19.300,11.13405128761574,7.290852864583333,12.603678385416666,8.302001953125,12.496473524305555
1160,00:00:19.317,11.116156684027779,7.775065104166667,12.648301866319445,8.366563585069445,12.333604600694445
1161,00:00:19.333,10.46727611400463,7.954915364583333,11.67409939236111,7.896402994791667,11.83132595486111
1162,00:00:19.350,13.102602358217593,9.995524088541666,14.966715494791666,10.036458333333334,14.304633246527779
1163,00:00:19.367,11.722050419560185,8.452962239583334,13.315836588541666,8.69387478298611,13.156439887152779
1164,00:00:19.383,12.468071831597221,8.563639322916666,14.36203342013889,9.208143446180555,13.834038628472221
1165,00:00:19.400,13.03782371238426,7.685139973958333,14.880506727430555,9.654351128472221,14.57861328125
1166,00:00:19.417,13.180709273726853,11.157633463541666,15.666341145833334,9.751302083333334,14.12448459201389
1167,00:00:19.433,24.10225875289352,28.499348958333332,28.757188585069443,20.209391276041668,23.340196397569443
1168,00:00:19.450,0.05854853877314815,0.027669270833333332,0.0707736545138889,0.037760416666666664,0.0671115451388889
1169,00:00:19.467,27.306061921296294,27.046712239583332,32.751790364583336,22.130750868055557,27.03564453125
1170,00:00:19.483,37.079996744791664,44.499104817708336,43.287082248263886,30.76877170138889,37.18413628472222
1171,00:00:19.500,38.52919741030093,46.11083984375,42.368082682291664,30.827067057291668,42.39244249131944
1172,00:00:19.517,42.3074634693287,39.9267578125,38.79161241319444,39.62708875868056,48.503689236111114
1173,00:00:19.533,29.848063151041668,30.67138671875,26.561360677083332,26.02853732638889,36.95429144965278
1174,00:00:19.550,39.90163845486111,159.55485026041666,30.30205620659722,41.783365885416664,47.61949327256944
1175,00:00:19.567,41.179361979166664,171.13444010416666,34.268473307291664,39.700276692708336,49.5693359375
1176,00:00:19.583,26.110921223958332,31.390787760416668,25.50558810763889,20.634602864583332,32.19257269965278
1177,00:00:19.600,20.274151837384256,21.685791015625,20.678331163194443,15.298448350694445,24.84567599826389
1178,00:00:19.617,21.687355324074076,27.662353515625,24.126329210069443,14.976019965277779,25.959716796875
1179,00:00:19.633,23.32447193287037,23.235270182291668,25.92165798611111,16.203993055555557,27.847764756944443
1180,00:00:19.650,23.176830150462962,23.090006510416668,25.78179253472222,16.54025607638889,27.20844184027778
1181,00:00:19.667,25.886818214699076,23.975423177083332,26.705322265625,20.55910915798611,30.39602322048611
1182,00:00:19.683,19.14947735821759,19.354654947916668,19.802164713541668,14.475911458333334,23.17035590277778
1183,00:00:19.700,0.17360206886574073,0.5257161458333334,0.2214084201388889,0.09130859375,0.20808919270833334
1184,00:00:19.717,25.94915545428241,23.733317057291668,26.24319118923611,21.289659288194443,30.314615885416668
1185,00:00:19.733,22.895426432291668,19.472249348958332,22.74978298611111,19.219889322916668,26.71660698784722
1186,00:00:19.750,19.78130425347222,16.64306640625,20.00849066840278,16.043321397569443,23.292100694444443
1187,00:00:19.767,21.466742621527775,16.878255208333332,21.98361545138889,17.52978515625,24.886827256944443
1188,00:00:19.783,15.977285879629628,12.82470703125,16.46747504340278,12.37893337673611,19.08544921875
1189,00:00:19.800,14.136185257523147,11.517333984375,15.004448784722221,10.784559461805555,16.619547526041668
1190,00:00:19.817,11.758237485532407,10.389811197916666,12.33884006076389,8.944091796875,13.991780598958334
1191,00:00:19.833,16.14651150173611,12.091471354166666,16.981825086805557,12.2158203125,19.24188910590278
1192,00:00:19.850,16.15181025752315,10.535074869791666,16.97148980034722,12.310356987847221,19.173583984375
1193,00:00:19.867,14.50830078125,10.880940755208334,14.925835503472221,11.102105034722221,17.496961805555557
1194,00:00:19.883,16.640869140625,10.3759765625,17.219807942708332,12.738226996527779,19.96457248263889
1195,00:00:19.900,14.632921006944443,11.766357421875,14.883680555555555,11.15285915798611,17.862223307291668
1196,00:00:19.917,18.855839482060187,12.596435546875,19.669053819444443,14.354356553819445,22.544108072916668
1197,00:00:19.933,18.472954644097225,12.319742838541666,19.24582248263889,14.060682508680555,22.11235894097222
1198,00:00:19.950,0.10359700520833333,0.560302734375,0.1056857638888889,0.060112847222222224,0.1449924045138889
1199,00:00:19.967,19.83101851851852,14.512532552083334,21.114610460069443,14.814344618055555,23.564100477430557
1200,00:00:19.983,18.339545355902775,15.176595052083334,19.363606770833332,13.39724392361111,22.25778537326389
1201,00:00:20.000,21.72533275462963,16.864420572916668,23.79315863715278,15.081108940972221,26.30173068576389
1202,00:00:20.017,17.034297236689813,13.295084635416666,17.219482421875,12.631022135416666,21.25238715277778
1203,00:00:20.033,20.02268699363426,17.078857421875,20.671739366319443,14.654351128472221,24.74197048611111
1204,00:00:20.050,19.45844184027778,15.584716796875,20.244222005208332,14.228325737847221,23.90277777777778
1205,00:00:20.067,19.73118308738426,14.491780598958334,20.25680881076389,14.870659722222221,24.066080729166668
1206,00:00:20.083,22.69632523148148,19.88037109375,20.34247504340278,20.657958984375,27.088541666666668
1207,00:00:20.100,23.744656032986114,24.494222005208332,22.104600694444443,20.85649956597222,28.272867838541668
1208,00:00:20.117,21.307255497685187,20.565185546875,19.063639322916668,19.111436631944443,25.746690538194443
1209,00:00:20.133,22.011420355902775,17.784423828125,20.91457790798611,17.961751302083332,27.15793185763889
1210,00:00:20.150,18.15069806134259,15.667724609375,18.254720052083332,13.58447265625,22.612901475694443
1211,00:00:20.167,20.42891890914352,17.549235026041668,19.85820855034722,16.44140625,24.987141927083332
1212,00:00:20.183,18.826316550925927,14.422607421875,18.331136067708332,15.235188802083334,22.91262478298611
1213,00:00:20.200,21.11175311053241,14.892985026041666,20.75490993923611,17.297715928819443,25.282633463541668
1214,00:00:20.217,19.440483940972225,13.495686848958334,19.381239149305557,15.62331814236111,23.31689453125
1215,00:00:20.233,22.824725115740744,17.265625,22.33954535590278,19.73141818576389,26.403211805555557
1216,00:00:20.250,18.967131438078706,18.8427734375,18.44135199652778,16.62939453125,21.830647786458332
1217,00:00:20.267,18.392198350694446,22.280680338541668,17.70651584201389,16.409559461805557,21.06051974826389
1218,00:00:20.283,16.37771267361111,17.922770182291668,15.880533854166666,14.775824652777779,18.47677951388889
1219,00:00:20.300,0.1259132667824074,0.7609049479166666,0.1518012152777778,0.08075629340277778,0.14518229166666666
1220,00:00:20.317,28.851806640625,46.81640625,25.558213975694443,30.47214084201389,30.525065104166668
1221,00:00:20.333,25.548927589699076,35.6103515625,22.795030381944443,21.376844618055557,32.47490776909722
1222,00:00:20.350,31.357783564814813,39.034423828125,27.53000217013889,26.86574978298611,39.67759874131944
1223,00:00:20.367,32.467520254629626,34.019368489583336,31.20307074652778,27.00027126736111,39.19921875
1224,00:00:20.383,38.64215313946759,32.898763020833336,39.72162543402778,33.7783203125,42.426513671875
1225,00:00:20.400,34.497061270254626,24.930013020833332,37.49579535590278,28.18435329861111,37.81103515625
1226,00:00:20.417,36.40866427951389,23.954671223958332,40.780598958333336,29.56692165798611,38.87847222222222
1227,00:00:20.433,31.906042028356485,16.096598307291668,36.76152886284722,22.66189236111111,36.294704861111114
1228,00:00:20.450,26.73075810185185,14.969075520833334,29.484022352430557,19.49240451388889,31.21584743923611
1229,00:00:20.467,24.257387514467595,16.165771484375,27.84320746527778,18.138834635416668,26.790120442708332
1230,00:00:20.483,27.39718062789352,22.730305989583332,29.95016818576389,20.88132052951389,31.36005316840278
1231,00:00:20.500,26.311378761574073,23.352864583333332,27.778889973958332,18.411485460069443,32.74376085069444
1232,00:00:20.517,21.34533239293982,23.878580729166668,19.24240451388889,17.02851019965278,27.76508246527778
1233,00:00:20.533,17.99200665509259,25.303548177083332,15.148193359375,13.535101996527779,25.292724609375
1234,00:00:20.550,24.14840133101852,33.320719401041664,23.113932291666668,19.1435546875,30.18771701388889
1235,00:00:20.567,0.1536820023148148,0.601806640625,0.1836208767361111,0.12559678819444445,0.1518283420138889
1236,00:00:20.583,23.859492549189813,34.385986328125,23.217881944444443,19.57961697048611,28.78097873263889
1237,00:00:20.600,22.94730179398148,30.636800130208332,22.114854600694443,19.95168728298611,26.77536349826389
1238,00:00:20.617,22.000298394097225,31.1279296875,21.56610785590278,19.629638671875,24.80514865451389
1239,00:00:20.633,23.161919487847225,34.019368489583336,22.945882161458332,21.40334743923611,25.13652886284722
1240,00:00:20.650,19.43208369502315,29.84130859375,19.090006510416668,18.11040581597222,21.095838758680557
1241,00:00:20.667,17.52585177951389,32.99560546875,15.058159722222221,16.26657443576389,21.252821180555557
1242,00:00:20.683,26.181776258680557,43.565266927083336,30.846842447916668,24.853162977430557,22.845323350694443
1243,00:00:20.700,28.552996600115744,47.694905598958336,36.310329861111114,27.55425347222222,21.79440646701389
1244,00:00:20.717,29.03830295138889,44.333089192708336,37.85582139756944,28.41482204861111,20.84426540798611
1245,00:00:20.733,32.36291051793982,45.15625,38.25379774305556,35.04424370659722,23.790690104166668
1246,00:00:20.750,0.057779947916666664,0.020751953125,0.07972547743055555,0.036946614583333336,0.05666775173611111
1247,00:00:20.767,34.104971426504626,46.622721354166664,41.162624782986114,37.28662109375,23.86566840277778
1248,00:00:20.783,31.896574797453706,43.392333984375,39.88427734375,32.07915581597222,23.72629123263889
1249,00:00:20.800,25.04083478009259,26.714680989583332,30.58249240451389,24.96091037326389,19.5791015625
1250,00:00:20.817,21.43086299189815,22.847900390625,24.84526909722222,21.00409613715278,18.443223741319443
1251,00:00:20.833,18.97758427372685,25.310465494791668,20.78976779513889,18.845296223958332,17.297688802083332
1252,00:00:20.850,17.06563765914352,20.855712890625,18.545654296875,17.47897677951389,15.172281901041666
1253,00:00:20.867,18.51973017939815,24.23828125,20.70290798611111,18.350233289930557,16.50604926215278
1254,00:00:20.883,17.222005208333332,22.107747395833332,19.836181640625,16.183512369791668,15.646321614583334
1255,00:00:20.900,17.41700122974537,26.458740234375,20.21685112847222,16.1650390625,15.86911349826389
1256,00:00:20.917,14.235161675347223,20.433756510416668,16.27756076388889,12.69091796875,13.737006293402779
1257,00:00:20.933,17.830195674189813,26.693929036458332,20.777506510416668,16.116563585069443,16.596516927083332
1258,00:00:20.950,15.293872974537038,21.111653645833332,17.45437282986111,13.368896484375,15.058349609375
1259,00:00:20.967,18.03437861689815,27.261149088541668,21.259874131944443,16.21213107638889,16.63113064236111
1260,00:00:20.983,0.5634223090277778,3.4379069010416665,0.7445746527777778,0.3472493489583333,0.5984429253472222
1261,00:00:21.000,20.082763671875,24.210611979166668,24.761610243055557,16.647569444444443,18.839111328125
1262,00:00:21.017,14.828522858796296,19.742024739583332,16.08197699652778,13.34814453125,15.05544704861111
1263,00:00:21.033,18.78080692997685,25.56640625,21.56686740451389,17.363199869791668,17.412353515625
1264,00:00:21.050,18.25880714699074,23.463541666666668,21.07790798611111,16.869384765625,16.82912868923611
1265,00:00:21.067,16.837040653935183,20.924886067708332,18.859998914930557,15.480875651041666,16.170247395833332
1266,00:00:21.083,16.801884403935187,22.003987630208332,18.92041015625,15.546223958333334,15.939019097222221
1267,00:00:21.100,16.578007450810187,20.765787760416668,18.62505425347222,15.40939670138889,15.699571397569445
1268,00:00:21.117,17.93264431423611,24.763997395833332,20.884847005208332,16.74997287326389,16.16311306423611
1269,00:00:21.133,17.69500506365741,22.681884765625,20.523573133680557,16.54836697048611,16.013075086805557
1270,00:00:21.150,16.68577293113426,21.04248046875,19.286458333333332,15.604437934027779,15.166422526041666
1271,00:00:21.167,16.26238787615741,18.061116536458332,18.886067708333332,15.220052083333334,14.681043836805555
1272,00:00:21.183,15.15623191550926,18.704427083333332,17.633707682291668,14.126546223958334,13.708441840277779
1273,00:00:21.200,15.356580946180555,18.600667317708332,17.74172634548611,14.543836805555555,13.7841796875
1274,00:00:21.217,19.919053819444443,22.674967447916668,24.09784613715278,19.163926866319443,16.49538845486111
1275,00:00:21.233,15.41357421875,17.80517578125,18.36455620659722,14.389295789930555,13.486870659722221
1276,00:00:21.250,0.15229853877314817,1.3350423177083333,0.2158203125,0.09806315104166667,0.1430121527777778
1277,00:00:21.267,17.163917824074073,20.71044921875,20.746826171875,16.463758680555557,14.281168619791666
1278,00:00:21.283,17.767243561921294,18.566080729166668,21.5966796875,17.06548394097222,14.639567057291666
1279,00:00:21.300,25.278953269675924,25.580240885416668,31.317789713541668,25.818929036458332,18.70014105902778
1280,00:00:21.317,34.39768699363426,40.065104166666664,45.140950520833336,34.986165364583336,23.06594509548611
1281,00:00:21.333,42.752586082175924,42.666015625,60.35625542534722,43.07500542534722,24.826497395833332
1282,00:00:21.350,40.97877785011574,40.528564453125,61.81309678819444,38.16596137152778,22.957275390625
1283,00:00:21.367,0.06244574652777778,0.08992513020833333,0.086669921875,0.04701063368055555,0.053656684027777776
1284,00:00:21.383,38.07246455439815,64.36564127604167,50.04698350694444,42.933675130208336,21.236735026041668
1285,00:00:21.400,26.041802300347225,53.726806640625,35.513509114583336,26.380723741319443,16.23117404513889
1286,00:00:21.417,36.336868851273145,76.00056966145833,42.963134765625,42.341064453125,23.706407335069443
1287,00:00:21.433,14.737865306712962,37.256673177083336,19.14694552951389,14.320176866319445,10.746473524305555
1288,00:00:21.450,12.182508680555555,32.220865885416664,14.539605034722221,12.085991753472221,9.921929253472221
1289,00:00:21.467,13.16064453125,33.638916015625,15.720540364583334,13.337348090277779,10.42404513888889
1290,00:00:21.483,10.10374168113426,23.415120442708332,11.661946614583334,10.273084852430555,8.37619357638889
1291,00:00:21.500,15.546477141203704,28.132731119791668,21.654215494791668,12.85983615451389,12.125379774305555
1292,00:00:21.517,14.03908058449074,34.973958333333336,16.7392578125,14.229437934027779,11.148546006944445
1293,00:00:21.533,0.14622214988425927,0.6986490885416666,0.20979817708333334,0.0979275173611111,0.13094075520833334
1294,00:00:21.550,12.154088903356481,30.318603515625,14.016303168402779,12.720404730902779,9.72555881076389
1295,00:00:21.567,11.053050853587962,24.556477864583332,12.912760416666666,11.431504991319445,8.814887152777779
1296,00:00:21.583,11.527135778356481,26.009114583333332,13.76516384548611,11.792182074652779,9.024061414930555
1297,00:00:21.600,9.552164713541666,22.854817708333332,11.274169921875,9.621744791666666,7.760579427083333
1298,00:00:21.617,12.505172164351853,28.160400390625,15.584065755208334,12.427870008680555,9.503580729166666
1299,00:00:21.633,12.18359375,28.540852864583332,15.07082790798611,12.359266493055555,9.120686848958334
1300,00:00:21.650,12.112006293402779,25.836181640625,15.467230902777779,11.963189019097221,8.905598958333334
1301,00:00:21.667,9.980287905092593,22.508951822916668,12.231526692708334,9.998833550347221,7.710503472222222
1302,00:00:21.683,11.235604745370368,23.1591796875,13.982042100694445,11.276774088541666,8.447998046875
1303,00:00:21.700,10.876085069444445,20.572102864583332,13.55615234375,10.811604817708334,8.260498046875
1304,00:00:21.717,0.10026041666666667,0.20060221354166666,0.1384819878472222,0.06483289930555555,0.09746636284722222
1305,00:00:21.733,10.76340964988426,22.488199869791668,13.504964192708334,10.57614474826389,8.209120008680555
1306,00:00:21.750,11.754159432870372,23.843994140625,15.079210069444445,11.247748480902779,8.93551974826389
1307,00:00:21.767,12.142885561342593,23.484293619791668,16.19680447048611,11.269694010416666,8.962158203125
1308,00:00:21.783,12.50050636574074,25.165201822916668,16.328694661458332,11.825792100694445,9.347032335069445
1309,00:00:21.800,12.037660951967593,24.065348307291668,16.33734809027778,11.12765842013889,8.64797634548611
1310,00:00:21.817,12.154685691550926,25.220540364583332,17.19802517361111,10.949055989583334,8.316975911458334
1311,00:00:21.833,11.330367476851853,25.130615234375,16.890733506944443,9.61184353298611,7.488525390625
1312,00:00:21.850,11.706325954861112,25.974527994791668,18.21481662326389,9.489501953125,7.414659288194445
1313,00:00:21.867,7.4560546875,17.065022786458332,11.69607204861111,5.789523654513889,4.882568359375
1314,00:00:21.883,0.08461733217592593,0.5464680989583334,0.13956705729166666,0.04787868923611111,0.06640625
1315,00:00:21.900,15.637921368634258,36.219075520833336,24.861409505208332,12.563096788194445,9.4892578125
1316,00:00:21.917,26.067310474537038,63.009847005208336,39.05506727430556,23.400146484375,15.746717664930555
1317,00:00:21.933,19.05373806423611,43.468424479166664,30.53936089409722,15.401177300347221,11.22067599826389
1318,00:00:21.950,11.015860098379628,20.828043619791668,18.781331380208332,7.791748046875,6.474500868055555
1319,00:00:21.967,8.044759114583334,14.228922526041666,13.70290798611111,5.782335069444445,4.649034288194445
1320,00:00:21.983,8.025716145833334,13.841552734375,13.366753472222221,6.037706163194445,4.672688802083333
1321,00:00:22.000,10.539785879629628,9.684244791666666,22.551839192708332,3.0445421006944446,6.022976345486111
1322,00:00:22.017,10.119457103587964,19.188639322916668,16.632948133680557,7.854437934027778,5.870985243055555
1323,00:00:22.033,9.815022786458334,18.780517578125,15.9951171875,7.594590928819445,5.855360243055555
1324,00:00:22.050,9.369882089120372,15.72998046875,15.183539496527779,7.298502604166667,5.627604166666667
1325,00:00:22.067,9.102891710069445,15.377197265625,14.776041666666666,7.088460286458333,5.444173177083333
1326,00:00:22.083,10.040147569444445,18.068033854166668,15.89114040798611,8.14792209201389,6.081380208333333
1327,00:00:22.100,10.082447193287036,15.72998046875,16.45798068576389,7.832790798611111,5.956570095486111
1328,00:00:22.117,10.171251085069445,19.576009114583332,16.40776909722222,7.995741102430555,6.110243055555555
1329,00:00:22.133,9.326271339699074,16.622314453125,15.149359809027779,7.324462890625,5.504991319444445
1330,00:00:22.150,9.906665943287036,17.860514322916668,16.10446506076389,7.833414713541667,5.782118055555555
1331,00:00:22.167,9.433783637152777,15.799153645833334,14.95046657986111,7.588894314236111,5.761990017361111
1332,00:00:22.183,9.343876591435185,16.39404296875,14.60110134548611,7.640245225694445,5.790283203125
1333,00:00:22.200,9.136682581018519,15.902913411458334,14.112711588541666,7.615912543402778,5.681423611111111
1334,00:00:22.217,10.44751880787037,20.011800130208332,16.03192816840278,8.75490993923611,6.555718315972222
1335,00:00:22.233,9.928611472800926,17.286376953125,15.337944878472221,8.225992838541666,6.221896701388889
1336,00:00:22.250,9.8076171875,16.940511067708332,15.089274088541666,8.096923828125,6.236653645833333
1337,00:00:22.267,9.284089265046296,15.114339192708334,14.254231770833334,7.674858940972222,5.923177083333333
1338,00:00:22.283,10.296992549189815,16.006673177083332,15.67526584201389,8.651123046875,6.564588758680555
1339,00:00:22.300,0.07722077546296298,0.6087239583333334,0.1098361545138889,0.053059895833333336,0.06876627604166667
1340,00:00:22.317,9.513310185185185,14.381103515625,14.15261501736111,8.092583550347221,6.294731987847222
1341,00:00:22.333,11.698757595486112,18.669840494791668,18.119303385416668,9.593912760416666,7.383056640625
1342,00:00:22.350,9.833713107638888,15.211181640625,14.77880859375,8.220811631944445,6.501519097222222
1343,00:00:22.367,9.806315104166666,16.14501953125,14.803032769097221,8.10525173611111,6.510660807291667
1344,00:00:22.383,10.43772605613426,15.9375,15.808729383680555,8.649848090277779,6.854600694444445
1345,00:00:22.400,9.76833767361111,13.516438802083334,14.366753472222221,8.31613498263889,6.622124565972222
1346,00:00:22.417,9.310619212962964,11.268310546875,13.310845269097221,8.194580078125,6.426432291666667
1347,00:00:22.433,14.653049045138888,21.692708333333332,22.090901692708332,12.383436414930555,9.484809027777779
1348,00:00:22.450,0.07902018229166667,0.4842122395833333,0.1289333767361111,0.04831271701388889,0.059814453125
1349,00:00:22.467,18.22757523148148,26.078287760416668,28.20635308159722,14.966661241319445,11.509711371527779
1350,00:00:22.483,13.75075050636574,15.847574869791666,21.19680447048611,11.248046875,8.80740017361111
1351,00:00:22.500,11.000036168981481,5.990397135416667,22.890489366319443,3.1110026041666665,6.998616536458333
1352,00:00:22.517,16.68597186053241,21.927897135416668,25.65115017361111,13.640028211805555,10.766737196180555
1353,00:00:22.533,21.03493019386574,29.066569010416668,32.406901041666664,17.326904296875,13.370985243055555
1354,00:00:22.550,14.490062572337964,18.614501953125,21.050944010416668,12.637559678819445,9.781684027777779
1355,00:00:22.567,15.280499493634261,19.852701822916668,22.08100043402778,13.52639431423611,10.23410373263889
1356,00:00:22.583,11.623508029513888,13.0322265625,15.561686197916666,11.008978949652779,8.299858940972221
1357,00:00:22.600,15.159776475694443,18.282470703125,20.986897786458332,13.993326822916666,10.499104817708334
1358,00:00:22.617,12.329128689236109,12.527262369791666,16.156846788194443,11.933024088541666,8.897515190972221
1359,00:00:22.633,13.698441116898147,15.072835286458334,18.650472005208332,12.879231770833334,9.565619574652779
1360,00:00:22.650,12.262152777777779,15.114339192708334,16.155653211805557,11.75830078125,8.872504340277779
1361,00:00:22.667,14.682156032986109,18.787434895833332,19.318115234375,13.91238064236111,10.815972222222221
1362,00:00:22.683,24.361481843171294,40.189615885416664,33.145670572916664,23.01459418402778,16.924180772569443
1363,00:00:22.700,32.009756582754626,52.7099609375,41.84092881944444,33.14569769965278,21.042643229166668
1364,00:00:22.717,29.62260380497685,44.623616536458336,40.13226996527778,29.080430772569443,19.655110677083332
1365,00:00:22.733,32.16418909143518,44.9072265625,43.93785264756944,31.440266927083332,21.11444769965278
1366,00:00:22.750,0.1318630642361111,0.435791015625,0.18603515625,0.09456380208333333,0.114990234375
1367,00:00:22.767,23.400074146412038,29.709879557291668,33.48350694444444,20.40115017361111,16.315565321180557
1368,00:00:22.783,12.204508463541666,12.008463541666666,13.934217664930555,12.90847439236111,9.770833333333334
1369,00:00:22.800,11.673068576388891,11.648763020833334,13.28173828125,12.43356662326389,9.303900824652779
1370,00:00:22.817,14.359790943287038,20.551350911458332,17.76369900173611,14.34006076388889,10.97561306423611
1371,00:00:22.833,14.590549045138891,19.403076171875,18.772379557291668,13.772298177083334,11.226969401041666
1372,00:00:22.850,13.289794921875,18.30322265625,16.948838975694443,12.836724175347221,10.083821614583334
1373,00:00:22.867,0.1167263454861111,0.5741373697916666,0.1774359809027778,0.0732693142361111,0.09947374131944445
1374,00:00:22.883,17.373878761574073,28.6376953125,23.45041232638889,15.781548394097221,12.88967556423611
1375,00:00:22.900,12.486825448495372,16.103515625,15.301432291666666,12.42160373263889,9.737440321180555
1376,00:00:22.917,0.12019856770833333,0.5118815104166666,0.1743435329861111,0.0798611111111111,0.10639105902777778
1377,00:00:22.933,13.750316478587962,17.258707682291668,17.530843098958332,13.148274739583334,10.571831597222221
1378,00:00:22.950,10.406801576967592,12.292073567708334,11.979627821180555,10.91286892361111,8.32790798611111
1379,00:00:22.967,15.930582682291666,20.392252604166668,20.67575412326389,15.04733615451389,12.068657769097221
1380,00:00:22.983,14.259693287037038,17.424723307291668,18.70014105902778,13.675157335069445,10.40378146701389
1381,00:00:23.000,20.90845630787037,16.553141276041668,34.03211805555556,15.200113932291666,13.49313693576389
1382,00:00:23.017,7.001898871527779,8.473714192708334,7.673692491319445,7.667371961805555,5.664632161458333
1383,00:00:23.033,15.094419126157407,21.934814453125,18.85302734375,15.010091145833334,11.42013888888889
1384,00:00:23.050,11.463252314814815,12.278238932291666,13.45681423611111,12.24392361111111,8.689019097222221
1385,00:00:23.067,14.231680410879628,15.633138020833334,17.813395182291668,14.15090603298611,10.73074001736111
1386,00:00:23.083,13.34519675925926,14.118245442708334,16.89130316840278,13.235405815972221,9.908881293402779
1387,00:00:23.100,12.117332175925926,12.2021484375,15.078043619791666,12.333658854166666,8.940294053819445
1388,00:00:23.117,0.08364076967592593,0.9684244791666666,0.13419596354166666,0.05137803819444445,0.06534830729166667
1389,00:00:23.133,13.475007233796298,13.661702473958334,17.18630642361111,13.058675130208334,10.180040147569445
1390,00:00:23.150,12.124457465277779,13.260498046875,15.122938368055555,12.104112413194445,9.146321614583334
1391,00:00:23.167,14.261402271412038,17.22412109375,17.99517144097222,13.853461371527779,10.93557400173611
1392,00:00:23.183,13.610080295138888,13.682454427083334,16.893229166666668,13.382921006944445,10.554090711805555
1393,00:00:23.200,13.055655020254632,12.139892578125,16.45437282986111,12.872639973958334,9.839952256944445
1394,00:00:23.217,14.106743706597221,13.087565104166666,17.746690538194443,13.746337890625,10.827202690972221
1395,00:00:23.233,14.394630714699074,13.07373046875,17.91970486111111,14.0849609375,11.17922634548611
1396,00:00:23.250,14.365614149305557,13.710123697916666,18.308756510416668,13.73489040798611,11.05319552951389
1397,00:00:23.267,14.884223090277777,14.73388671875,19.160264756944443,14.064751519097221,11.427652994791666
1398,00:00:23.283,14.527217158564815,14.159749348958334,18.475450303819443,13.83642578125,11.269775390625
1399,00:00:23.300,14.859573929398147,13.620198567708334,19.103922526041668,14.05270724826389,11.42209201388889
1400,00:00:23.317,14.072482638888888,13.246663411458334,17.723470052083332,13.57177734375,10.922200520833334
1401,00:00:23.333,14.276665581597223,14.3603515625,17.44192165798611,14.07326931423611,11.314805772569445
1402,00:00:23.350,0.14114945023148148,0.7747395833333334,0.22376844618055555,0.0863986545138889,0.11328125
1403,00:00:23.367,17.497938368055554,18.572998046875,21.50897894965278,17.13642035590278,13.84841579861111
1404,00:00:23.383,0.3171929253472222,1.3834635416666667,0.5347764756944444,0.18025716145833334,0.2365451388888889
1405,00:00:23.400,14.629059968171296,13.3642578125,17.984483506944443,14.297498914930555,11.60519748263889
1406,00:00:23.417,15.827265986689815,16.407877604166668,19.127197265625,15.459771050347221,12.894829644097221
1407,00:00:23.433,14.804967809606481,15.674641927083334,17.75629340277778,14.52414279513889,12.134467230902779
1408,00:00:23.450,13.857837818287036,14.180501302083334,16.19892035590278,13.800699869791666,11.573893229166666
1409,00:00:23.467,17.32930953414352,19.79736328125,21.006727430555557,16.75830078125,14.222900390625
1410,00:00:23.483,14.675193504050926,15.135091145833334,16.839029947916668,14.724690755208334,12.461859809027779
1411,00:00:23.500,20.27540870949074,16.815999348958332,29.76513671875,15.769368489583334,15.29172092013889
1412,00:00:23.517,12.701813874421296,14.007568359375,13.398681640625,13.55856662326389,11.148193359375
1413,00:00:23.533,14.518120659722223,15.985921223958334,16.34198676215278,14.792561848958334,12.419813368055555
1414,00:00:23.550,0.0694896556712963,0.166015625,0.10517035590277778,0.045844184027777776,0.057454427083333336
1415,00:00:23.567,14.051133897569445,14.720052083333334,16.071912977430557,14.04294162326389,12.03854709201389
1416,00:00:23.583,13.449074074074074,14.166666666666666,15.152153862847221,13.609754774305555,11.585313585069445
1417,00:00:23.600,12.35691550925926,10.071614583333334,13.43093532986111,12.810302734375,10.829508463541666
1418,00:00:23.617,14.289161964699074,14.637044270833334,16.286756727430557,14.29345703125,12.287272135416666
1419,00:00:23.633,32.632360387731474,52.294921875,38.06971571180556,32.469156901041664,27.35820855034722
1420,00:00:23.650,32.130271629050924,50.171305338541664,38.04975043402778,32.68828667534722,25.65277777777778
1421,00:00:23.667,25.18041087962963,36.516520182291664,30.409098307291668,24.67987738715278,20.452256944444443
1422,00:00:23.683,23.793339482060187,31.038004557291668,29.153564453125,23.091634114583332,19.13481987847222
1423,00:00:23.700,17.669677734375,18.538411458333332,22.311604817708332,16.578287760416668,14.119140625
1424,00:00:23.717,19.565321180555557,23.062337239583332,24.023084852430557,18.865804036458332,15.807074652777779
1425,00:00:23.733,0.06657805266203705,0.12451171875,0.08368598090277778,0.04966905381944445,0.0663791232638889
1426,00:00:23.750,12.288755063657407,13.717041015625,13.556342230902779,12.921685112847221,10.388237847222221
1427,00:00:23.767,11.87522605613426,11.57958984375,13.00925021701389,12.66946072048611,9.946967230902779
1428,00:00:23.783,14.758888527199074,16.546223958333332,16.82107204861111,15.393961588541666,12.061631944444445
1429,00:00:23.800,17.448585792824073,16.573893229166668,20.61357964409722,17.71308051215278,14.019097222222221
1430,00:00:23.817,17.30199291087963,17.915852864583332,20.787272135416668,17.299207899305557,13.819498697916666
1431,00:00:23.833,16.699824580439813,20.931803385416668,19.962320963541668,16.591715494791668,13.54543728298611
1432,00:00:23.850,16.137306495949073,17.521565755208332,19.55759006076389,15.858696831597221,12.99563259548611
1433,00:00:23.867,16.00921404803241,17.611490885416668,19.601915147569443,15.652153862847221,12.773573133680555
1434,00:00:23.883,18.50362594039352,19.126383463541668,23.211263020833332,17.70949978298611,14.59011501736111
1435,00:00:23.900,17.578025535300924,16.774495442708332,22.029947916666668,16.80002170138889,13.904106987847221
1436,00:00:23.917,0.08033130787037036,0.37353515625,0.11943901909722222,0.05457899305555555,0.06697591145833333
1437,00:00:23.933,18.06863064236111,18.6767578125,22.952284071180557,17.22995334201389,14.02365451388889
1438,00:00:23.950,17.922535083912038,18.081868489583332,22.750379774305557,17.149495442708332,13.867730034722221
1439,00:00:23.967,15.389747902199074,15.169677734375,19.25046115451389,14.81494140625,12.103841145833334
1440,00:00:23.983,16.21437355324074,15.114339192708334,20.711751302083332,15.384928385416666,12.546440972222221
1441,00:00:24.000,20.331108940972225,16.954345703125,29.02802191840278,16.44387478298611,15.521430121527779
1442,00:00:24.017,16.20343243634259,16.926676432291668,20.418050130208332,15.360975477430555,12.83127170138889
1443,00:00:24.033,15.531901041666666,16.93359375,20.121663411458332,14.305121527777779,12.16891818576389
1444,00:00:24.050,13.396565755208334,16.940511067708332,16.63058810763889,12.615641276041666,10.943467881944445
1445,00:00:24.067,16.40969509548611,21.25,21.692545572916668,14.608072916666666,12.928466796875
1446,00:00:24.083,13.58082863136574,19.928792317708332,17.45537651909722,12.419542100694445,10.867567274305555
1447,00:00:24.100,11.908528645833334,20.592854817708332,14.877061631944445,11.153266059027779,9.695258246527779
1448,00:00:24.117,13.472005208333334,20.413004557291668,17.70513237847222,12.060167100694445,10.650716145833334
1449,00:00:24.133,0.08971715856481483,0.7954915364583334,0.1364203559027778,0.057291666666666664,0.075439453125
1450,00:00:24.150,11.21728515625,20.053304036458332,14.279541015625,10.347601996527779,9.024712456597221
1451,00:00:24.167,13.226625795717593,18.517659505208332,17.99587673611111,11.546278211805555,10.13772243923611
1452,00:00:24.183,10.09254738136574,16.663818359375,12.8046875,9.406087239583334,8.06686740451389
1453,00:00:24.200,9.681586371527779,17.3486328125,12.703694661458334,8.718885633680555,7.622178819444445
1454,00:00:24.217,13.157335069444443,22.052408854166668,18.06987847222222,11.604844835069445,9.797281901041666
1455,00:00:24.233,11.288465711805557,17.943522135416668,15.416883680555555,10.045735677083334,8.402777777777779
1456,00:00:24.250,9.505036530671296,18.683675130208332,12.723985460069445,8.679850260416666,7.111273871527778
1457,00:00:24.267,10.317183883101851,19.347737630208332,14.05813259548611,9.267876519097221,7.625542534722222
1458,00:00:24.283,0.1047724971064815,0.7747395833333334,0.16658528645833334,0.060465494791666664,0.08726671006944445
1459,00:00:24.300,11.663718894675926,20.509847005208332,16.59421115451389,10.086100260416666,8.310845269097221
1460,00:00:24.317,13.730911820023147,28.893636067708332,17.03957790798611,12.981011284722221,11.17214626736111
1461,00:00:24.333,23.669325086805557,53.726806640625,29.35687934027778,23.46218532986111,18.18891059027778
1462,00:00:24.350,33.126699942129626,73.399658203125,41.61089409722222,33.82435438368056,23.94485134548611
1463,00:00:24.367,33.719826027199076,91.142578125,44.502224392361114,33.086100260416664,23.571153428819443
1464,00:00:24.383,42.417091652199076,85.31819661458333,53.33930121527778,49.382568359375,24.529405381944443
1465,00:00:24.400,47.16399016203704,80.09562174479167,59.00390625,57.15098741319444,25.337076822916668
1466,00:00:24.417,24.670491536458332,57.835693359375,28.730387369791668,24.097547743055557,21.18353949652778
1467,00:00:24.433,24.058033130787038,52.260335286458336,29.78152126736111,20.917860243055557,21.474717881944443
1468,00:00:24.450,20.05783420138889,44.125569661458336,23.99346245659722,15.829264322916666,20.35077582465278
1469,00:00:24.467,13.858091001157407,18.3447265625,16.89767795138889,11.65625,13.020345052083334
1470,00:00:24.483,14.953920717592593,18.38623046875,17.063802083333332,13.986463758680555,13.81149631076389
1471,00:00:24.500,15.945258246527779,17.832845052083332,20.608289930555557,12.03125,15.196234809027779
1472,00:00:24.517,0.05961552372685185,1.1136881510416667,0.0697970920138889,0.04258897569444445,0.06646050347222222
1473,00:00:24.533,13.406349464699074,20.226236979166668,15.868543836805555,11.949951171875,12.400553385416666
1474,00:00:24.550,13.361644603587962,25.877685546875,15.32565646701389,11.937418619791666,12.821858723958334
1475,00:00:24.567,10.911078559027779,21.70654296875,12.442274305555555,9.906005859375,10.384955512152779
1476,00:00:24.583,12.210783781828704,25.144449869791668,13.52048068576389,11.39010959201389,11.721761067708334
1477,00:00:24.600,8.973271122685183,17.853597005208332,9.649468315972221,8.563639322916666,8.706705729166666
1478,00:00:24.617,11.61305519386574,19.29931640625,12.30514865451389,10.982042100694445,11.55197482638889
1479,00:00:24.633,12.665518301504628,22.723388671875,11.024088541666666,12.958984375,14.013481987847221
1480,00:00:24.650,9.647397641782407,32.345377604166664,10.074164496527779,8.223307291666666,10.644721137152779
1481,00:00:24.667,9.29079861111111,37.111409505208336,8.96164279513889,7.875298394097222,11.035454644097221
1482,00:00:24.683,17.39554398148148,64.48323567708333,16.199137369791668,14.809434678819445,21.178059895833332
1483,00:00:24.700,14.494475188078704,47.667236328125,13.081000434027779,13.259358723958334,17.14306640625
1484,00:00:24.717,12.581931785300926,38.653971354166664,12.217447916666666,11.229139539930555,14.299207899305555
1485,00:00:24.733,17.227439597800927,46.186930338541664,14.91946072048611,17.238932291666668,19.52392578125
1486,00:00:24.750,22.60568576388889,52.357177734375,20.354139539930557,23.89773220486111,23.565185546875
1487,00:00:24.767,23.027000144675924,54.439290364583336,21.368815104166668,24.28559027777778,23.426595052083332
1488,00:00:24.783,17.451244212962965,31.2939453125,16.36550564236111,19.11688910590278,16.871337890625
1489,00:00:24.800,19.117558232060187,44.589029947916664,16.96367730034722,20.057264539930557,20.33173285590278
1490,00:00:24.817,24.346254701967595,63.431803385416664,19.47775607638889,27.147379557291668,26.41362847222222
1491,00:00:24.833,30.727385344328706,58.347574869791664,21.343505859375,31.652967664930557,39.18568250868056
1492,00:00:24.850,13.704562717013888,27.392578125,12.990587022569445,12.195719401041666,15.927381727430555
1493,00:00:24.867,8.869059244791666,16.912841796875,8.466959635416666,8.972819010416666,9.167399088541666
1494,00:00:24.883,7.755461516203703,18.572998046875,7.502251519097222,7.7919921875,7.972140842013889
1495,00:00:24.900,7.203007450810186,16.290283203125,6.319797092013889,7.816216362847222,7.473008897569445
1496,00:00:24.917,6.485812717013889,13.73779296875,6.157579210069445,6.77490234375,6.524956597222222
1497,00:00:24.933,21.4764087818287,50.371907552083336,21.460774739583332,21.193440755208332,21.775010850694443
1498,00:00:24.950,31.13619429976852,59.39208984375,35.583251953125,32.58978949652778,25.23554144965278
1499,00:00:24.967,0.14855504918981483,0.4427083333333333,0.1991644965277778,0.1005588107638889,0.1459418402777778
1500,00:00:24.983,29.59368670428241,48.857014973958336,36.812337239583336,28.850748697916668,23.11797417534722
1501,00:00:25.000,44.64018192997685,57.517496744791664,56.576443142361114,46.34141710069444,31.002685546875
1502,00:00:25.017,42.17620623553241,53.837483723958336,58.36146375868056,40.848225911458336,27.318929036458332
1503,00:00:25.033,34.355079933449076,43.212483723958336,49.711642795138886,31.711588541666668,21.642008463541668
1504,00:00:25.050,21.153202763310187,31.404622395833332,26.559950086805557,19.031819661458332,17.867838541666668
1505,00:00:25.067,0.0947898582175926,0.726318359375,0.1362575954861111,0.07145182291666667,0.07666015625
1506,00:00:25.083,18.363959418402775,20.862630208333332,26.84011501736111,16.919921875,11.331841362847221
1507,00:00:25.100,15.329517505787036,23.636474609375,21.11669921875,14.986735026041666,9.885118272569445
1508,00:00:25.117,21.697663483796294,41.116536458333336,25.01665581597222,21.427137586805557,18.64919704861111
1509,00:00:25.133,15.476417824074076,28.582356770833332,23.224039713541668,13.66623263888889,9.538981119791666
1510,00:00:25.150,13.285852502893519,25.268961588541668,19.861083984375,10.85989040798611,9.136583116319445
1511,00:00:25.167,12.199300130208334,20.323079427083332,15.95217556423611,10.92092556423611,9.724799262152779
1512,00:00:25.183,9.165780526620368,13.640950520833334,11.743516710069445,8.968180338541666,6.78564453125
1513,00:00:25.200,8.651746961805555,13.101399739583334,10.659044053819445,8.584418402777779,6.711778428819445
1514,00:00:25.217,6.528862847222221,9.58740234375,8.174126519097221,6.33154296875,5.080919053819445
1515,00:00:25.233,7.569444444444444,8.321533203125,9.46096462673611,7.544216579861111,5.703152126736111
1516,00:00:25.250,0.6659342447916667,1.2174479166666667,1.060791015625,0.3627115885416667,0.5743001302083334
1517,00:00:25.267,6.866762514467593,8.321533203125,7.761420355902778,8.05813259548611,4.780734592013889
1518,00:00:25.283,9.489465784143519,12.783203125,10.77099609375,10.663519965277779,7.033881293402778
1519,00:00:25.300,10.775996455439815,18.59375,13.341986762152779,10.42849392361111,8.557508680555555
1520,00:00:25.317,6.942292390046297,13.896891276041666,8.81350368923611,6.902506510416667,5.110866970486111
1521,00:00:25.333,7.460159866898148,9.206949869791666,9.083251953125,7.147325303819445,6.14990234375
1522,00:00:25.350,4.902904369212963,4.530843098958333,5.922498914930555,5.295979817708333,3.490234375
1523,00:00:25.367,0.07065610532407407,0.21443684895833334,0.10799153645833333,0.045111762152777776,0.05886501736111111
1524,00:00:25.383,4.5436017071759265,5.706787109375,5.594645182291667,4.751519097222222,3.284640842013889
1525,00:00:25.400,4.2983579282407405,4.060465494791667,4.904486762152778,4.666883680555555,3.323703342013889
1526,00:00:25.417,4.1229474103009265,4.655354817708333,4.775472005208333,4.486762152777778,3.1066080729166665
1527,00:00:25.433,4.0494610821759265,5.589192708333333,4.626627604166667,4.454508463541667,3.0672471788194446
1528,00:00:25.450,4.8454770688657405,3.2926432291666665,6.803304036458333,4.317654079861111,3.4154730902777777
1529,00:00:25.467,2.011691623263889,2.490234375,2.8980034722222223,1.6439887152777777,1.4930826822916667
1530,00:00:25.483,19.57640697337963,14.263509114583334,28.313585069444443,16.120930989583332,14.29470486111111
1531,00:00:25.500,23.047101056134256,14.768473307291666,33.837320963541664,18.071614583333332,17.23236762152778
1532,00:00:25.517,22.199381510416668,15.294189453125,32.57874891493056,18.646077473958332,15.37331814236111
1533,00:00:25.533,12.775924117476853,10.839436848958334,17.025499131944443,11.71701388888889,9.585259331597221
1534,00:00:25.550,21.379530164930557,18.918863932291668,31.01727973090278,18.356526692708332,14.764784071180555
1535,00:00:25.567,21.43112521701389,18.517659505208332,30.86235894097222,18.37790256076389,15.053114149305555
1536,00:00:25.583,10.892406322337962,9.497477213541666,15.430853949652779,9.43264431423611,7.813720703125
1537,00:00:25.600,15.195936414930555,11.434326171875,21.466172960069443,13.52392578125,10.597710503472221
1538,00:00:25.617,0.03372757523148148,0.4911295572916667,0.05466037326388889,0.019883897569444444,0.026638454861111112
1539,00:00:25.633,21.383906611689813,17.729085286458332,31.28610568576389,18.481526692708332,14.384087456597221
1540,00:00:25.650,0.07752821180555555,0.8231608072916666,0.11640082465277778,0.05430772569444445,0.06187608506944445
1541,00:00:25.667,23.01827437789352,20.662027994791668,33.513916015625,19.85769314236111,15.683213975694445
1542,00:00:25.683,25.180817780671294,25.511067708333332,37.20404730902778,20.8935546875,17.44485134548611
1543,00:00:25.700,28.08863208912037,34.247639973958336,43.084499782986114,22.340684678819443,18.840711805555557
1544,00:00:25.717,29.124638310185187,36.115315755208336,45.59925672743056,23.371744791666668,18.402913411458332
1545,00:00:25.733,31.449245876736114,39.020589192708336,49.037624782986114,25.28168402777778,20.028428819444443
1546,00:00:25.750,30.772479021990744,36.668701171875,47.479573567708336,24.83417426215278,20.00368923611111
1547,00:00:25.767,24.45243778935185,26.306559244791668,38.260172526041664,18.946424696180557,16.150716145833332
1548,00:00:25.783,25.680365668402782,25.407307942708332,40.07354058159722,19.93036566840278,17.037190755208332
1549,00:00:25.800,25.264286747685187,24.438883463541668,39.471028645833336,19.78851996527778,16.533311631944443
1550,00:00:25.817,17.17359302662037,15.882161458333334,26.232774522569443,14.22073025173611,11.067274305555555
1551,00:00:25.833,15.685067635995372,12.0361328125,24.14130316840278,12.61789279513889,10.296006944444445
1552,00:00:25.850,21.81153247974537,17.47314453125,34.54212782118056,17.159749348958332,13.732720269097221
1553,00:00:25.867,21.869764539930557,19.188639322916668,35.36591254340278,16.899007161458332,13.344373914930555
1554,00:00:25.883,26.410545066550924,22.578125,41.971164279513886,20.91240776909722,16.348063151041668
1555,00:00:25.900,22.07783564814815,18.434651692708332,35.09461805555556,17.49386935763889,13.64501953125
1556,00:00:25.917,0.1578595196759259,1.0030110677083333,0.2571614583333333,0.0837673611111111,0.13264973958333334
1557,00:00:25.933,26.90966796875,28.056640625,41.82855902777778,22.26266818576389,16.637776692708332
1558,00:00:25.950,25.167851200810187,23.629557291666668,39.19873046875,20.563883463541668,15.74093967013889
1559,00:00:25.967,26.592664930555557,25.296630859375,42.201416015625,20.87521701388889,16.70136176215278
1560,00:00:25.983,29.14303023726852,32.947184244791664,46.027750651041664,23.160020616319443,18.241319444444443
1561,00:00:26.000,31.349509910300924,35.167643229166664,50.83091905381944,23.57107204861111,19.64653862847222
1562,00:00:26.017,29.012595847800924,35.73486328125,45.25547960069444,23.50442165798611,18.27788628472222
1563,00:00:26.033,27.409261067708332,35.887044270833336,42.89838324652778,21.973470052083332,17.35592990451389
1564,00:00:26.050,27.136121961805557,32.974853515625,42.49188910590278,21.92282443576389,16.99365234375
1565,00:00:26.067,23.04072627314815,30.602213541666668,36.44721137152778,18.511338975694443,14.163628472222221
1566,00:00:26.083,26.712393301504633,35.90087890625,41.989529079861114,21.48659939236111,16.661051432291668
1567,00:00:26.100,25.573748553240744,33.486735026041664,39.608371310763886,21.21796332465278,15.894911024305555
1568,00:00:26.117,22.28048140914352,25.268961588541668,34.978841145833336,18.244140625,13.618462456597221
1569,00:00:26.133,27.788709852430554,32.767333984375,42.649088541666664,23.75485568576389,16.96218532986111
1570,00:00:26.150,0.11094835069444446,0.311279296875,0.16441514756944445,0.07554796006944445,0.09288194444444445
1571,00:00:26.167,24.53421585648148,24.106852213541668,38.855197482638886,20.040771484375,14.706678602430555
1572,00:00:26.183,23.504973234953706,20.316162109375,37.27430555555556,18.937391493055557,14.30322265625
1573,00:00:26.200,27.15789568865741,25.386555989583332,42.14287651909722,22.367811414930557,16.962999131944443
1574,00:00:26.217,25.667588975694446,23.594970703125,39.5341796875,21.18109809027778,16.287489149305557
1575,00:00:26.233,24.015552662037038,22.529703776041668,37.079752604166664,19.506754557291668,15.460150824652779
1576,00:00:26.250,26.987431278935187,25.345052083333332,41.54136827256944,21.852213541666668,17.568712022569443
1577,00:00:26.267,26.90332935474537,25.628662109375,41.174397786458336,21.785291883680557,17.75029839409722
1578,00:00:26.283,23.77002857349537,19.852701822916668,36.890299479166664,18.890516493055557,15.52926974826389
1579,00:00:26.300,26.362476490162038,23.539632161458332,40.083279079861114,21.535997178819443,17.468153211805557
1580,00:00:26.317,22.16157588252315,17.535400390625,34.24310980902778,17.69802517361111,14.543592664930555
1581,00:00:26.333,24.397650824652782,21.95556640625,37.469563802083336,19.73358832465278,15.989800347222221
1582,00:00:26.350,22.471589265046294,22.515869140625,33.62201605902778,18.96514214409722,14.82760959201389
1583,00:00:26.367,0.14228877314814814,0.13834635416666666,0.2278103298611111,0.07777235243055555,0.12128363715277778
1584,00:00:26.383,22.603678385416668,18.441569010416668,34.350802951388886,18.34369574652778,15.116536458333334
1585,00:00:26.400,21.933991608796294,17.044270833333332,33.01331922743056,17.786756727430557,15.001898871527779
1586,00:00:26.417,20.881212022569443,16.982014973958332,31.33523220486111,17.21750217013889,14.090901692708334
1587,00:00:26.433,19.34840675636574,17.749837239583332,29.55268012152778,15.687174479166666,12.805365668402779
1588,00:00:26.450,0.1266185619212963,0.3597005208333333,0.1955023871527778,0.0754665798611111,0.10888671875
1589,00:00:26.467,14.073739510995372,16.068929036458332,21.15578884548611,11.498101128472221,9.567328559027779
1590,00:00:26.483,27.095802589699073,29.370930989583332,39.47471788194444,22.49289279513889,19.31979709201389
1591,00:00:26.500,35.445068359375,49.34814453125,52.285183376736114,27.76934136284722,26.280680338541668
1592,00:00:26.517,32.71456344039352,46.871744791666664,46.089436848958336,26.50075954861111,25.55349392361111
1593,00:00:26.533,31.78777850115741,46.422119140625,43.76622178819444,26.97393120659722,24.623182508680557
1594,00:00:26.550,30.633798104745367,42.0849609375,41.935763888888886,27.406575520833332,22.55905490451389
1595,00:00:26.567,23.274332682291668,30.470784505208332,30.40304904513889,21.96164279513889,17.45830620659722
1596,00:00:26.583,12.002350983796296,13.343505859375,16.33376736111111,10.885633680555555,8.787651909722221
1597,00:00:26.600,0.1554000289351852,0.103759765625,0.2596571180555556,0.0764431423611111,0.1300998263888889
1598,00:00:26.617,13.399739583333334,13.703206380208334,18.73442925347222,11.321370442708334,10.143419053819445
1599,00:00:26.633,0.12920464409722224,0.311279296875,0.1920844184027778,0.07807074652777778,0.1174587673611111
1600,00:00:26.650,12.167652271412038,13.952229817708334,16.686686197916668,10.403998480902779,9.412272135416666
1601,00:00:26.667,0.392406322337963,0.850830078125,0.5867513020833334,0.21256510416666666,0.3779025607638889
1602,00:00:26.683,7.647035951967593,7.982584635416667,10.659559461805555,6.143039279513889,6.138509114583333
1603,00:00:26.700,22.54983181423611,19.46533203125,32.63897026909722,18.370469835069443,16.640055338541668
1604,00:00:26.717,23.97137225115741,21.070149739583332,33.60498046875,19.85479058159722,18.454345703125
1605,00:00:26.733,21.585186993634263,21.229248046875,29.79958767361111,18.160563151041668,16.79541015625
1606,00:00:26.750,22.631998697916668,23.636474609375,31.371907552083332,19.086290147569443,17.43779839409722
1607,00:00:26.767,22.100287543402775,23.719482421875,31.092149522569443,18.73489040798611,16.47382269965278
1608,00:00:26.783,20.03364619502315,19.700520833333332,28.081461588541668,16.988199869791668,15.03127712673611
1609,00:00:26.800,0.05676721643518518,0.11067708333333333,0.07904730902777778,0.037109375,0.054144965277777776
1610,00:00:26.817,22.923430266203706,22.923990885416668,32.095675998263886,19.29242621527778,17.382188585069443
1611,00:00:26.833,24.040545428240744,25.780843098958332,33.71820746527778,20.07524956597222,18.32817925347222
1612,00:00:26.850,22.703224464699076,26.956787109375,31.891520182291668,18.92385525173611,17.294297960069443
1613,00:00:26.867,19.567057291666668,23.249104817708332,27.55829535590278,16.14556206597222,14.997314453125
1614,00:00:26.883,25.668963396990737,30.477701822916668,34.936252170138886,22.12521701388889,19.945421006944443
1615,00:00:26.900,28.567003038194446,40.694580078125,38.581298828125,24.394911024305557,22.72479926215278
1616,00:00:26.917,34.956253616898145,55.5322265625,46.831949869791664,30.33449978298611,27.702311197916668
1617,00:00:26.933,37.08011429398148,64.60774739583333,47.771511501736114,31.886094835069443,31.58273654513889
1618,00:00:26.950,0.1165455005787037,0.103759765625,0.1672905815972222,0.0644259982638889,0.117919921875
1619,00:00:26.967,34.10071252893518,60.339762369791664,41.40977647569444,29.65890842013889,31.23345269097222
1620,00:00:26.983,32.3416431568287,53.284098307291664,37.86835394965278,27.73171657986111,31.42485894097222
1621,00:00:27.000,23.986744068287038,28.686116536458332,30.361653645833332,18.287000868055557,23.31157769097222
1622,00:00:27.017,13.12029803240741,13.378092447916666,16.285807291666668,11.447211371527779,11.627875434027779
1623,00:00:27.033,11.738715277777779,12.167561848958334,14.318223741319445,10.615370008680555,10.282552083333334
1624,00:00:27.050,12.674063223379628,13.710123697916666,15.516520182291666,11.52536349826389,10.980305989583334
1625,00:00:27.067,16.781376591435187,16.124267578125,20.707926432291668,15.46923828125,14.16696506076389
1626,00:00:27.083,17.92940719039352,16.553141276041668,22.67947048611111,15.99216037326389,15.116590711805555
1627,00:00:27.100,19.20550311053241,17.148030598958332,24.589708116319443,16.885145399305557,16.14165581597222
1628,00:00:27.117,20.64404296875,20.447591145833332,26.54641384548611,17.98923068576389,17.396484375
1629,00:00:27.133,21.436686197916668,22.446695963541668,27.947998046875,18.272840711805557,18.089219835069443
1630,00:00:27.150,20.74072265625,20.136311848958332,27.275309244791668,17.79546440972222,17.15139431423611
1631,00:00:27.167,0.10479962384259257,0.601806640625,0.1294216579861111,0.06258138020833333,0.12239583333333333
1632,00:00:27.183,31.085521556712962,34.73876953125,38.720865885416664,28.499891493055557,26.035807291666668
1633,00:00:27.200,15.972629123263888,13.267415364583334,20.949951171875,14.448649088541666,12.519287109375
1634,00:00:27.217,0.11706995081018519,0.477294921875,0.15757921006944445,0.06700303819444445,0.12662760416666666
1635,00:00:27.233,24.551839192708332,37.14599609375,28.885335286458332,21.99953884548611,22.770643446180557
1636,00:00:27.250,35.062319155092595,58.776448567708336,40.488308376736114,33.114013671875,31.584635416666668
1637,00:00:27.267,37.50125687210649,59.578857421875,45.774983723958336,35.84722222222222,30.88156467013889
1638,00:00:27.283,34.73341652199074,50.475667317708336,45.822238498263886,31.380262586805557,26.99774848090278
1639,00:00:27.300,38.93268952546296,58.748779296875,52.99199761284722,35.46031358506944,28.34575737847222
1640,00:00:27.317,31.6708080150463,41.905110677083336,46.20244683159722,27.303141276041668,21.5068359375
1641,00:00:27.333,17.45778175636574,19.569091796875,25.14350043402778,15.033935546875,12.195909288194445
1642,00:00:27.350,23.037055121527782,22.930908203125,35.238064236111114,18.84233940972222,15.03076171875
1643,00:00:27.367,14.937662760416666,15.453287760416666,21.97243923611111,12.658935546875,10.18161349826389
1644,00:00:27.383,0.14332863136574073,0.4012044270833333,0.2366265190972222,0.07845052083333333,0.11490885416666667
1645,00:00:27.400,15.425898799189815,16.110432942708332,23.217041015625,12.508544921875,10.552110460069445
1646,00:00:27.417,21.39400679976852,22.128499348958332,32.467068142361114,17.38962131076389,14.325330946180555
1647,00:00:27.433,20.297254774305554,19.610595703125,31.371202256944443,16.552870008680557,12.967692057291666
1648,00:00:27.450,19.228633174189813,17.023518880208332,29.67190212673611,15.797254774305555,12.216742621527779
1649,00:00:27.467,14.008147063078704,14.775390625,21.259874131944443,11.97922092013889,8.785346137152779
1650,00:00:27.483,17.829779730902775,14.630126953125,27.16840277777778,15.04440646701389,11.276529947916666
1651,00:00:27.500,15.810827184606481,15.038248697916666,25.77761501736111,10.200819227430555,11.454047309027779
1652,00:00:27.517,12.053267867476853,13.129069010416666,17.605875651041668,9.942030164930555,8.611897786458334
1653,00:00:27.533,12.902398003472223,12.714029947916666,18.91354709201389,10.85598415798611,8.937662760416666
1654,00:00:27.550,12.703694661458334,11.109212239583334,18.435709635416668,11.070936414930555,8.604437934027779
1655,00:00:27.567,12.799958405671296,10.818684895833334,18.517496744791668,11.42843967013889,8.453938802083334
1656,00:00:27.583,6.7280454282407405,8.701985677083334,9.314751519097221,5.81201171875,5.057373046875
1657,00:00:27.600,8.522768373842593,9.704996744791666,12.15603298611111,6.944932725694445,6.467339409722222
1658,00:00:27.617,8.004801432291666,9.760335286458334,11.36572265625,6.665120442708333,5.983561197916667
1659,00:00:27.633,8.913456669560185,8.944091796875,12.82150607638889,7.543674045138889,6.375189887152778
1660,00:00:27.650,6.059714988425925,7.539876302083333,8.62307400173611,5.258138020833333,4.297932942708333
1661,00:00:27.667,7.567825882523149,9.317626953125,10.412434895833334,6.484646267361111,5.806396484375
1662,00:00:27.683,3.913791232638889,4.800618489583333,5.229220920138889,3.440456814236111,3.0716959635416665
1663,00:00:27.700,0.14774124710648148,0.477294921875,0.2606608072916667,0.07655164930555555,0.10601128472222222
1664,00:00:27.717,8.006501374421296,8.957926432291666,11.36911349826389,6.650661892361111,5.999728732638889
1665,00:00:27.733,6.993760850694444,9.532063802083334,9.875895182291666,5.973931206597222,5.131456163194445
1666,00:00:27.750,7.569182219328703,9.580485026041666,10.684651692708334,6.662353515625,5.360541449652778
1667,00:00:27.767,5.524106626157407,4.945882161458333,7.831027560763889,4.826904296875,3.9143880208333335
1668,00:00:27.783,4.029604311342593,5.008138020833333,5.644911024305555,3.4666069878472223,2.977294921875
1669,00:00:27.800,4.35228587962963,5.907389322916667,6.012179904513889,3.8160807291666665,3.2285970052083335
1670,00:00:27.817,3.2382993344907405,5.132649739583333,4.288384331597222,2.9149576822916665,2.5115559895833335
1671,00:00:27.833,4.564001012731481,6.944986979166667,6.059109157986111,4.175130208333333,3.457763671875
1672,00:00:27.850,4.835557725694445,6.004231770833333,6.267985026041667,4.423800998263889,3.8148871527777777
1673,00:00:27.867,3.9215856481481484,3.8944498697916665,4.729573567708333,3.772243923611111,3.262939453125
1674,00:00:27.883,2.6928439670138893,3.1266276041666665,2.9769151475694446,2.738009982638889,2.3636067708333335
1675,00:00:27.900,3.6694064670138893,3.0851236979166665,3.9927842881944446,3.7615831163194446,3.2538519965277777
1676,00:00:27.917,8.036440248842593,10.74951171875,10.202012803819445,6.971137152777778,6.936170789930555
1677,00:00:27.933,32.62646484375,38.467203776041664,46.79814995659722,27.290391710069443,23.790852864583332
1678,00:00:27.950,40.26457609953704,66.28173828125,53.68809678819444,36.25995551215278,30.84567599826389
1679,00:00:27.967,0.028130425347222224,0.013834635416666666,0.029975043402777776,0.018120659722222224,0.036295572916666664
1680,00:00:27.983,46.09025969328704,60.996907552083336,52.65869140625,43.953097873263886,41.65898980034722
1681,00:00:28.000,9.116039134837964,7.982584635416667,14.872938368055555,3.1006673177083335,9.37451171875
1682,00:00:28.017,52.952962239583336,62.442626953125,59.96034071180556,56.039876302083336,42.858669704861114
1683,00:00:28.033,61.86357964409723,70.203857421875,71.22148980034723,74.03841145833333,40.330837673611114
1684,00:00:28.050,42.97169777199074,61.204427083333336,54.86737738715278,43.386393229166664,30.66132269965278
1685,00:00:28.067,32.75251374421296,52.772216796875,42.03765190972222,29.780381944444443,26.43950737847222
1686,00:00:28.083,8.870053891782408,16.124267578125,10.013997395833334,8.19436306423611,8.401801215277779
1687,00:00:28.100,8.401041666666666,9.954020182291666,9.77175564236111,7.719753689236111,7.711615668402778
1688,00:00:28.117,8.203170211226853,14.208170572916666,10.163411458333334,7.396375868055555,7.049723307291667
1689,00:00:28.133,8.564661096643519,12.340494791666666,11.255289713541666,7.638563368055555,6.800130208333333
1690,00:00:28.150,8.912914134837964,14.06982421875,11.92654079861111,7.874593098958333,6.937608506944445
1691,00:00:28.167,12.196967230902777,18.420817057291668,16.835801866319443,10.823676215277779,8.93142361111111
1692,00:00:28.183,3.2718189380787037,4.392496744791667,4.642903645833333,2.775146484375,2.3974066840277777
1693,00:00:28.200,0.09141710069444446,0.4703776041666667,0.13509114583333334,0.05848524305555555,0.08067491319444445
1694,00:00:28.217,14.672055844907407,20.91796875,20.835801866319443,12.57956271701389,10.60080295138889
1695,00:00:28.233,18.833288122106485,40.016682942708336,21.28683810763889,17.23505316840278,17.97797309027778
1696,00:00:28.250,9.056957103587964,19.001871744791668,13.840386284722221,6.929633246527778,6.400851779513889
1697,00:00:28.267,14.905797887731483,24.508056640625,22.581705729166668,11.429280598958334,10.706407335069445
1698,00:00:28.283,11.374150028935185,23.712565104166668,16.47466362847222,9.204399956597221,8.44338650173611
1699,00:00:28.300,15.724030671296296,29.785970052083332,21.681396484375,12.95705837673611,12.533637152777779
1700,00:00:28.317,13.054985894097223,22.903238932291668,17.52533637152778,10.91946072048611,10.720160590277779
1701,00:00:28.333,14.636112919560185,29.647623697916668,19.421305338541668,12.75656467013889,11.73046875
1702,00:00:28.350,21.126591435185187,46.581217447916664,27.91767035590278,18.416829427083332,17.045274522569443
1703,00:00:28.367,30.008680555555554,62.421875,39.314615885416664,29.14984809027778,21.56157769097222
1704,00:00:28.383,0.07732024016203703,0.17293294270833334,0.10782877604166667,0.056396484375,0.06773546006944445
1705,00:00:28.400,29.889747902199076,55.78125,39.548068576388886,29.764322916666668,20.356852213541668
1706,00:00:28.417,35.4886158130787,58.866373697916664,44.601888020833336,37.11876085069444,24.745198567708332
1707,00:00:28.433,42.081552010995374,72.52115885416667,48.65321180555556,47.18896484375,30.402479383680557
1708,00:00:28.450,28.535734953703706,59.634195963541664,32.739230685763886,31.354736328125,21.51323784722222
1709,00:00:28.467,21.96868670428241,36.9384765625,25.72344292534722,23.11542426215278,17.06719292534722
1710,00:00:28.483,15.474500868055557,17.521565755208332,18.02582465277778,16.436767578125,11.96091037326389
1711,00:00:28.500,18.415879991319443,20.060221354166668,24.385172526041668,16.403672960069443,14.458794487847221
1712,00:00:28.517,11.632071035879628,16.407877604166668,13.05495876736111,12.203179253472221,9.638075086805555
1713,00:00:28.533,0.17020218460648148,1.4180501302083333,0.22054036458333334,0.1386990017361111,0.1513671875
1714,00:00:28.550,16.18902813946759,18.081868489583332,18.701768663194443,17.91889105902778,11.946424696180555
1715,00:00:28.567,15.592845775462962,16.034342447916668,17.699544270833332,17.13799370659722,11.940999348958334
1716,00:00:28.583,14.046205873842593,16.504720052083332,16.433186848958332,14.868815104166666,10.836615668402779
1717,00:00:28.600,17.339744285300927,25.787760416666668,20.149576822916668,17.419352213541668,14.450303819444445
1718,00:00:28.617,20.50932255497685,32.947184244791664,24.05856662326389,20.55693901909722,16.912462022569443
1719,00:00:28.633,18.342176649305557,31.197102864583332,21.120930989583332,18.45993381076389,15.445665147569445
1720,00:00:28.650,17.404694733796298,24.473470052083332,21.04025607638889,17.01019965277778,14.163628472222221
1721,00:00:28.667,17.07393844039352,18.199462890625,20.291395399305557,16.70806206597222,14.222357855902779
1722,00:00:28.683,20.73895037615741,24.563395182291668,24.139784071180557,21.102457682291668,16.974609375
1723,00:00:28.700,20.568377459490744,22.979329427083332,24.00043402777778,21.201090494791668,16.50360785590278
1724,00:00:28.717,25.701750578703706,32.054850260416664,30.89157443576389,26.187825520833332,20.02585177951389
1725,00:00:28.733,25.394911024305557,33.030192057291664,30.79763454861111,25.5908203125,19.796278211805557
1726,00:00:28.750,0.13393373842592593,0.3804524739583333,0.1707085503472222,0.09906684027777778,0.1320258246527778
1727,00:00:28.767,27.870496961805557,38.667805989583336,33.894504123263886,28.170084635416668,21.54690212673611
1728,00:00:28.783,30.548122829861114,43.551432291666664,36.260986328125,32.242757161458336,23.140625
1729,00:00:28.800,26.93604419849537,38.72314453125,32.07080078125,27.392198350694443,21.345133463541668
1730,00:00:28.817,46.31891095196759,58.492838541666664,58.88026258680556,47.6962890625,32.38018120659722
1731,00:00:28.833,38.84699616608796,46.5673828125,48.007405598958336,38.73741319444444,29.79616970486111
1732,00:00:28.850,32.88463903356482,43.959554036458336,39.57085503472222,30.898518880208332,28.18454318576389
1733,00:00:28.867,23.15751591435185,26.915283203125,29.615125868055557,21.249864366319443,18.607557508680557
1734,00:00:28.883,25.662109375,31.376953125,33.885715060763886,23.078721788194443,20.021891276041668
1735,00:00:28.900,23.32061993634259,25.490315755208332,31.85723198784722,20.212537977430557,17.89208984375
1736,00:00:28.917,24.695014105902775,33.590494791666664,32.255099826388886,22.537245008680557,19.29269748263889
1737,00:00:28.933,22.909586588541668,28.51318359375,30.95893012152778,20.35503472222222,17.414794921875
1738,00:00:28.950,25.751519097222225,33.41064453125,33.686116536458336,22.92133246527778,20.647108289930557
1739,00:00:28.967,25.915726273148152,32.511393229166664,33.964626736111114,23.025770399305557,20.75678168402778
1740,00:00:28.983,23.769874855324076,28.990478515625,30.768446180555557,21.31589084201389,19.22528754340278
1741,00:00:29.000,29.31783492476852,35.126139322916664,38.901150173611114,25.00954861111111,24.042805989583332
1742,00:00:29.017,31.446370442708332,40.646158854166664,37.54505750868056,29.5302734375,27.263780381944443
1743,00:00:29.033,0.11622902199074074,0.3873697916666667,0.1637641059027778,0.07628038194444445,0.108642578125
1744,00:00:29.050,35.118453414351855,45.266927083333336,43.9853515625,32.898220486111114,28.471788194444443
1745,00:00:29.067,35.63243272569445,54.646809895833336,45.101806640625,33.693522135416664,28.101969401041668
1746,00:00:29.083,33.900390625,48.331298828125,44.83997938368056,30.25729709201389,26.603895399305557
1747,00:00:29.100,36.400363498263886,52.723795572916664,44.69420030381944,31.629475911458332,32.877414279513886
1748,00:00:29.117,30.423511646412038,50.447998046875,38.174886067708336,26.069091796875,27.02655707465278
1749,00:00:29.133,28.208966290509256,41.289469401041664,35.82988823784722,22.923963758680557,25.873046875
1750,00:00:29.150,19.49632884837963,30.187174479166668,26.04071723090278,15.0986328125,17.34963650173611
1751,00:00:29.167,18.752604166666668,24.577229817708332,26.15234375,14.017388237847221,16.08808051215278
1752,00:00:29.183,18.69219292534722,20.897216796875,26.37109375,14.122233072916666,15.583251953125
1753,00:00:29.200,21.29545536747685,21.6650390625,30.33913845486111,15.933919270833334,17.61330837673611
1754,00:00:29.217,21.075557002314817,24.19677734375,30.52362738715278,16.44916449652778,16.25387912326389
1755,00:00:29.233,17.32618091724537,20.018717447916668,25.579671223958332,13.431803385416666,12.96706814236111
1756,00:00:29.250,19.27466724537037,21.118570963541668,27.31515842013889,15.760877821180555,14.747965494791666
1757,00:00:29.267,9.516059027777777,12.043050130208334,13.85595703125,7.118733723958333,7.573486328125
1758,00:00:29.283,0.15864619502314814,0.166015625,0.259521484375,0.087158203125,0.12925889756944445
1759,00:00:29.300,13.871066623263891,16.774495442708332,19.88156467013889,10.79806857638889,10.93356662326389
1760,00:00:29.317,7.88330982349537,13.454182942708334,11.182562934027779,5.858669704861111,6.608696831597222
1761,00:00:29.333,16.14385308159722,21.007893880208332,23.124376085069443,12.6904296875,12.616753472222221
1762,00:00:29.350,13.419533058449074,16.691487630208332,19.7060546875,10.018120659722221,10.534423828125
1763,00:00:29.367,12.273744936342593,15.598551432291666,17.79340277777778,9.388319227430555,9.639512803819445
1764,00:00:29.383,16.40937861689815,21.4990234375,23.84125434027778,12.864447699652779,12.52243381076389
1765,00:00:29.400,16.97235785590278,21.450602213541668,24.05254448784722,13.709662543402779,13.154866536458334
1766,00:00:29.417,15.412471064814815,20.738118489583332,22.00116644965278,12.330430772569445,11.905815972222221
1767,00:00:29.433,17.287498191550924,20.067138671875,26.257432725694443,14.154703776041666,11.450358072916666
1768,00:00:29.450,8.207103587962962,9.082438151041666,12.009575737847221,6.570665147569445,6.041069878472222
1769,00:00:29.467,24.389313874421294,26.534830729166668,36.152859157986114,20.269856770833332,16.745225694444443
1770,00:00:29.483,26.254249855324076,35.368245442708336,38.256754557291664,22.39971245659722,18.106282552083332
1771,00:00:29.500,23.48710575810185,30.408528645833332,35.938232421875,17.70090060763889,16.822184244791668
1772,00:00:29.517,18.92818648726852,24.162190755208332,28.54877387152778,15.64453125,12.591254340277779
1773,00:00:29.533,21.30692093460648,23.774820963541668,31.90573459201389,17.793863932291668,14.22116427951389
1774,00:00:29.550,0.0865162037037037,0.6571451822916666,0.126953125,0.054009331597222224,0.0785861545138889
1775,00:00:29.567,17.63433159722222,17.466227213541668,26.772840711805557,14.480278862847221,11.64987521701389
1776,00:00:29.583,28.75121166087963,29.281005859375,40.819118923611114,25.975911458333332,19.458604600694443
1777,00:00:29.600,21.183159722222218,17.507731119791668,31.13237847222222,18.000325520833332,14.41677517361111
1778,00:00:29.617,23.423258463541668,19.582926432291668,33.67963324652778,20.320448133680557,16.269694010416668
1779,00:00:29.633,20.72589337384259,15.038248697916666,29.629286024305557,17.81133355034722,14.737060546875
1780,00:00:29.650,19.79778826678241,15.342610677083334,28.87131076388889,16.93145073784722,13.59060329861111
1781,00:00:29.667,17.836570457175927,13.0322265625,25.35297309027778,15.357313368055555,12.799424913194445
1782,00:00:29.683,22.245759186921294,24.36279296875,29.16767035590278,19.835557725694443,17.734049479166668
1783,00:00:29.700,21.312906901041668,30.284016927083332,27.28347439236111,18.58053927951389,18.07470703125
1784,00:00:29.717,21.839246961805554,30.166422526041668,28.527235243055557,18.60137261284722,18.38913302951389
1785,00:00:29.733,25.846417462384256,34.005533854166664,34.666259765625,22.222412109375,20.65058051215278
1786,00:00:29.750,24.339409722222218,32.054850260416664,33.43793402777778,20.77300347222222,18.807291666666668
1787,00:00:29.767,24.15059859664352,30.844319661458332,33.60869683159722,20.36981879340278,18.473280164930557
1788,00:00:29.783,27.187255859375,36.6064453125,38.125461154513886,23.229654947916668,20.206651475694443
1789,00:00:29.800,0.1362033420138889,0.22135416666666666,0.20100911458333334,0.08637152777777778,0.12122938368055555
1790,00:00:29.817,27.142885561342595,32.608235677083336,38.022786458333336,23.25173611111111,20.154134114583332
1791,00:00:29.833,18.449580439814813,16.947428385416668,25.55126953125,15.73684353298611,14.060628255208334
1792,00:00:29.850,26.62870732060185,29.868977864583332,36.33677842881944,23.458360460069443,20.090983072916668
1793,00:00:29.867,26.629566333912038,29.114990234375,36.19585503472222,23.85394965277778,19.83889431423611
1794,00:00:29.883,24.29390914351852,23.173014322916668,33.065456814236114,21.557752821180557,18.25851779513889
1795,00:00:29.900,23.24896014178241,20.053304036458332,31.869276258680557,20.449083116319443,17.42852105034722
1796,00:00:29.917,20.66680230034722,16.345621744791668,28.468858506944443,18.23993598090278,15.291612413194445
1797,00:00:29.933,17.609130859375,14.3603515625,24.51630316840278,15.385172526041666,12.925916883680555
1798,00:00:29.950,22.598072193287038,21.346842447916668,31.683837890625,19.770670572916668,16.339708116319443
1799,00:00:29.967,19.414903428819443,17.030436197916668,27.828477647569443,16.572618272569443,13.843614366319445
1800,00:00:29.983,17.513997395833332,14.726969401041666,25.823350694444443,14.931939019097221,11.786702473958334
1801,00:00:30.000,11.446786385995372,7.768147786458333,20.70412868923611,4.339979383680555,9.296251085069445
1802,00:00:30.017,18.40598777488426,14.298095703125,27.53347439236111,15.378119574652779,12.30636935763889
1803,00:00:30.033,20.109004267939813,18.026529947916668,30.066324869791668,16.384629991319443,13.876057942708334
1804,00:00:30.050,21.250018084490737,18.863525390625,31.55517578125,17.351399739583332,14.84347873263889
1805,00:00:30.067,33.33100043402778,56.459147135416664,52.51036241319444,28.734130859375,18.74850802951389
1806,00:00:30.083,28.380280671296294,47.328287760416664,49.166585286458336,23.25238715277778,12.721869574652779
1807,00:00:30.100,15.935329861111112,22.9931640625,24.95846896701389,12.120551215277779,10.726969401041666
1808,00:00:30.117,18.212890625,28.423258463541668,26.53298611111111,13.66162109375,14.44406467013889
1809,00:00:30.133,21.837890625,33.306884765625,32.53773328993056,14.722710503472221,18.25322808159722
1810,00:00:30.150,25.009015118634256,47.203776041666664,38.259684244791664,16.736328125,20.03103298611111
1811,00:00:30.167,25.20647967303241,54.418538411458336,37.628499348958336,18.442220052083332,19.548719618055557
1812,00:00:30.183,19.575086805555554,41.898193359375,29.33474392361111,14.731255425347221,14.659261067708334
1813,00:00:30.200,0.08430989583333333,0.352783203125,0.15185546875,0.040825737847222224,0.060248480902777776
1814,00:00:30.217,25.537434895833332,52.703043619791664,39.125732421875,19.014512803819443,18.472059461805557
1815,00:00:30.233,26.089201750578706,52.101236979166664,42.04649522569444,19.26323784722222,16.957872178819443
1816,00:00:30.250,21.647831669560187,42.230224609375,35.30921766493056,15.407877604166666,14.226399739583334
1817,00:00:30.267,17.58888527199074,35.31982421875,29.454752604166668,12.576578776041666,10.73532443576389
1818,00:00:30.283,15.964898003472221,32.262369791666664,27.300944010416668,11.273844401041666,9.319905598958334
1819,00:00:30.300,12.497459129050926,24.895426432291668,21.231770833333332,8.776014539930555,7.484592013888889
1820,00:00:30.317,15.51629412615741,35.1953125,26.47311740451389,10.66965060763889,9.406114366319445
1821,00:00:30.333,11.531810619212962,30.028076171875,19.84716796875,7.780436197916667,6.967827690972222
1822,00:00:30.350,11.561659071180555,26.1474609375,19.50588650173611,7.993001302083333,7.186089409722222
1823,00:00:30.367,9.467655888310185,19.154052734375,15.639946831597221,6.281195746527778,6.481825086805555
1824,00:00:30.383,12.159966362847223,28.423258463541668,18.80023871527778,9.37771267361111,8.301947699652779
1825,00:00:30.400,11.946623625578704,20.267740885416668,18.352213541666668,9.157850477430555,8.32980685763889
1826,00:00:30.417,10.381736472800926,17.943522135416668,16.31911892361111,7.802164713541667,7.02392578125
1827,00:00:30.433,10.833658854166666,20.246988932291668,16.836290147569443,8.11862521701389,7.546061197916667
1828,00:00:30.450,0.15178313078703703,1.6463216145833333,0.2478569878472222,0.08658854166666667,0.12090386284722222
1829,00:00:30.467,7.871627242476851,15.5224609375,12.488905164930555,5.689019097222222,5.436957465277778
1830,00:00:30.483,12.290590639467593,21.443684895833332,18.09941948784722,9.691731770833334,9.080620659722221
1831,00:00:30.500,17.223063151041668,21.436767578125,24.66408962673611,12.440809461805555,14.564290364583334
1832,00:00:30.517,8.599763093171296,15.238850911458334,12.7841796875,7.111762152777778,5.903347439236111
1833,00:00:30.533,12.404550057870368,21.512858072916668,18.56792534722222,10.306559244791666,8.339165581597221
1834,00:00:30.550,10.076488353587964,17.320963541666668,15.173475477430555,8.14499240451389,6.910997178819445
1835,00:00:30.567,12.123589409722223,19.333902994791668,18.112548828125,10.03805881076389,8.220160590277779
1836,00:00:30.583,11.403121383101853,22.28759765625,16.978515625,9.39572482638889,7.835123697916667
1837,00:00:30.600,13.25026222511574,22.875569661458332,19.770372178819443,10.86545138888889,9.11496310763889
1838,00:00:30.617,0.1065357349537037,1.4180501302083333,0.1545952690972222,0.06388346354166667,0.10112847222222222
1839,00:00:30.633,12.566216362847221,23.415120442708332,18.620198567708332,10.333794487847221,8.74465603298611
1840,00:00:30.650,12.676929615162038,22.771809895833332,18.92556423611111,10.294026692708334,8.811197916666666
1841,00:00:30.667,12.683485243055555,22.834065755208332,18.770833333333332,10.298828125,8.980794270833334
1842,00:00:30.683,12.382830584490742,20.689697265625,18.704237196180557,9.64572482638889,8.798529730902779
1843,00:00:30.700,11.647144458912038,19.977213541666668,17.274332682291668,9.28317599826389,8.383924696180555
1844,00:00:30.717,11.609709563078704,20.579020182291668,16.964219835069443,9.352864583333334,8.512044270833334
1845,00:00:30.733,11.958912037037038,21.243082682291668,17.517985026041668,9.493272569444445,8.865478515625
1846,00:00:30.750,11.196867766203704,20.136311848958332,16.343587239583332,8.89743381076389,8.34958224826389
1847,00:00:30.767,11.224301938657407,18.822021484375,16.13617621527778,8.987196180555555,8.54953342013889
1848,00:00:30.783,8.315890842013888,16.172688802083332,11.703179253472221,6.774766710069445,6.4697265625
1849,00:00:30.800,12.674678096064815,24.480387369791668,18.433186848958332,9.92702907986111,9.663818359375
1850,00:00:30.817,9.619231047453704,15.840657552083334,13.615098741319445,7.626871744791667,7.61572265625
1851,00:00:30.833,11.909496166087962,23.726399739583332,17.203450520833332,9.286539713541666,9.23849826388889
1852,00:00:30.850,9.610984519675926,20.79345703125,13.393174913194445,7.733506944444445,7.706271701388889
1853,00:00:30.867,9.262089482060185,19.188639322916668,13.306315104166666,7.234727647569445,7.245225694444445
1854,00:00:30.883,0.1222240306712963,0.9130859375,0.19740125868055555,0.06396484375,0.10530598958333333
1855,00:00:30.900,9.391248914930555,18.434651692708332,13.458984375,7.274441189236111,7.440321180555555
1856,00:00:30.917,9.451732494212964,17.763671875,13.49026150173611,7.314643012152778,7.55029296875
1857,00:00:30.933,9.27125831886574,18.787434895833332,13.177598741319445,7.202745225694445,7.433430989583333
1858,00:00:30.950,11.436387803819445,22.232259114583332,16.615152994791668,8.763536241319445,8.930474175347221
1859,00:00:30.967,10.863434968171296,17.106526692708332,15.474446614583334,8.44873046875,8.667127821180555
1860,00:00:30.983,19.988362630208336,31.798909505208332,28.12448459201389,15.754964192708334,16.08563910590278
1861,00:00:31.000,28.13556134259259,43.523763020833336,40.33154296875,21.854139539930557,22.22100151909722
1862,00:00:31.017,28.592791521990744,46.934000651041664,40.41205512152778,23.71137152777778,21.654947916666668
1863,00:00:31.033,25.474265769675924,39.622395833333336,37.235080295138886,20.7177734375,18.46994357638889
1864,00:00:31.050,31.035997178819443,45.9033203125,44.754177517361114,26.385850694444443,21.96796332465278
1865,00:00:31.067,23.20755570023148,30.263264973958332,34.32977973090278,19.087537977430557,16.20534939236111
1866,00:00:31.083,21.087908709490744,26.092122395833332,31.16606987847222,17.466471354166668,14.631184895833334
1867,00:00:31.100,15.712266710069445,15.142008463541666,23.108561197916668,12.733289930555555,11.29494900173611
1868,00:00:31.117,14.432418258101853,15.972086588541666,21.044352213541668,11.855523003472221,10.397379557291666
1869,00:00:31.133,13.638346354166666,14.844563802083334,19.978624131944443,11.098388671875,9.838026258680555
1870,00:00:31.150,0.17777054398148148,0.9130859375,0.3141818576388889,0.08732096354166667,0.1318088107638889
1871,00:00:31.167,14.81591796875,17.798258463541668,21.64643012152778,11.99853515625,10.802788628472221
1872,00:00:31.183,10.15305808738426,12.755533854166666,15.29416232638889,7.959011501736111,7.206000434027778
1873,00:00:31.200,12.974265769675924,14.616292317708334,19.447021484375,10.32522243923611,9.150553385416666
1874,00:00:31.217,15.172562210648147,15.833740234375,22.410780164930557,12.250732421875,10.85617404513889
1875,00:00:31.233,9.28640407986111,11.254475911458334,13.655680338541666,7.303738064236111,6.899793836805555
1876,00:00:31.250,15.061948423032407,16.172688802083332,21.65188259548611,12.474907769097221,11.05905490451389
1877,00:00:31.267,12.009476273148147,12.6171875,17.792344835069443,9.444715711805555,8.791368272569445
1878,00:00:31.283,12.84446433738426,15.238850911458334,18.69623480902778,10.295274522569445,9.541883680555555
1879,00:00:31.300,0.13881655092592593,0.6502278645833334,0.23079427083333334,0.0759548611111111,0.10970052083333333
1880,00:00:31.317,15.707754629629628,16.151936848958332,22.765245225694443,12.928114149305555,11.42990451388889
1881,00:00:31.333,11.650725188078704,10.839436848958334,16.82221137152778,9.531060112847221,8.59890407986111
1882,00:00:31.350,17.14692744502315,16.968180338541668,25.21609157986111,14.07815212673611,12.146538628472221
1883,00:00:31.367,13.296052155671296,15.785319010416666,19.55230034722222,10.606825086805555,9.72903103298611
1884,00:00:31.383,13.607837818287038,16.435546875,19.310872395833332,11.345160590277779,10.16748046875
1885,00:00:31.400,13.651756004050926,20.087890625,20.019639756944443,11.036078559027779,9.899549696180555
1886,00:00:31.417,15.959074797453702,17.812093098958332,23.856526692708332,12.714301215277779,11.306396484375
1887,00:00:31.433,9.792435257523149,12.817789713541666,14.922471788194445,7.267306857638889,7.187527126736111
1888,00:00:31.450,0.14265950520833334,0.7124837239583334,0.2365180121527778,0.08072916666666667,0.11073133680555555
1889,00:00:31.467,14.356816044560185,18.372395833333332,21.635606553819443,11.180799696180555,10.254041883680555
1890,00:00:31.483,10.450575086805555,17.80517578125,15.041097005208334,8.261773003472221,8.04885525173611
1891,00:00:31.500,18.49516239872685,26.887613932291668,29.29766167534722,11.657904730902779,14.529920789930555
1892,00:00:31.517,14.601815682870372,27.10205078125,21.83547634548611,11.215711805555555,10.754258897569445
1893,00:00:31.533,11.206461588541666,22.6611328125,17.23141818576389,8.207085503472221,8.18088107638889
1894,00:00:31.550,11.273527922453704,19.444580078125,17.46044921875,8.435655381944445,7.924479166666667
1895,00:00:31.567,28.634123625578706,42.333984375,42.42005750868056,23.38764105902778,20.09467230902778
1896,00:00:31.583,0.09058521412037036,0.45654296875,0.1552734375,0.052300347222222224,0.0641818576388889
1897,00:00:31.600,37.99708839699074,52.744547526041664,54.194797092013886,31.664225260416668,28.132242838541668
1898,00:00:31.617,42.29616970486111,69.09708658854167,58.056315104166664,38.078097873263886,30.75409613715278
1899,00:00:31.633,43.28046332465277,60.88623046875,57.86273871527778,39.146891276041664,32.831759982638886
1900,00:00:31.650,32.00962999131944,55.331624348958336,40.033908420138886,29.290174696180557,26.70480685763889
1901,00:00:31.667,35.03737160011574,69.61588541666667,42.40611436631944,32.23914930555556,30.46685112847222
1902,00:00:31.683,26.455792462384256,53.7060546875,30.99077690972222,22.66449652777778,25.71210394965278
1903,00:00:31.700,30.162633825231485,57.496744791666664,32.740505642361114,26.74981011284722,30.99758572048611
1904,00:00:31.717,19.358018663194443,42.721354166666664,20.14520941840278,16.65920681423611,21.269639756944443
1905,00:00:31.733,14.654685691550926,23.28369140625,16.909098307291668,12.05126953125,15.00368923611111
1906,00:00:31.750,8.444733796296296,10.071614583333334,11.286512586805555,6.909233940972222,7.138454861111111
1907,00:00:31.767,12.903672960069443,18.38623046875,17.212076822916668,10.50124782986111,10.997694227430555
1908,00:00:31.783,0.15512876157407407,0.4012044270833333,0.21641710069444445,0.0947265625,0.1542426215277778
1909,00:00:31.800,15.425003616898147,19.71435546875,20.455674913194443,12.52053493923611,13.29880099826389
1910,00:00:31.817,0.16252531828703703,0.2836100260416667,0.2170681423611111,0.1003689236111111,0.1701388888888889
1911,00:00:31.833,11.184913917824076,15.280354817708334,14.611463758680555,9.49289279513889,9.450385199652779
1912,00:00:31.850,9.84865089699074,15.875244140625,13.169379340277779,7.994764539930555,8.38180881076389
1913,00:00:31.867,12.769115306712964,16.954345703125,16.559733072916668,10.574300130208334,11.17331271701389
1914,00:00:31.883,11.223442925347221,14.962158203125,14.69265407986111,9.385362413194445,9.59231228298611
1915,00:00:31.900,8.686161747685185,9.372965494791666,11.408067491319445,7.127875434027778,7.522542317708333
1916,00:00:31.917,10.884774667245368,13.357340494791666,13.83327907986111,9.098551432291666,9.722493489583334
1917,00:00:31.933,8.521638093171296,9.91943359375,11.037651909722221,7.217556423611111,7.309705946180555
1918,00:00:31.950,10.796811704282407,15.930582682291666,13.851942274305555,9.102674696180555,9.43581814236111
1919,00:00:31.967,8.341344762731481,13.481852213541666,10.919921875,7.092366536458333,7.011745876736111
1920,00:00:31.983,12.911440248842593,18.704427083333332,17.049696180555557,10.884575737847221,10.800048828125
1921,00:00:32.000,17.098497178819446,20.060221354166668,23.700086805555557,11.37942165798611,16.215983072916668
1922,00:00:32.017,8.069878472222223,11.455078125,10.351508246527779,7.414957682291667,6.443169487847222
1923,00:00:32.033,11.575819227430555,17.47314453125,15.18820529513889,10.117106119791666,9.42214626736111
1924,00:00:32.050,11.223262080439815,12.139892578125,14.620524088541666,9.792127821180555,9.257134331597221
1925,00:00:32.067,0.09496166087962964,0.3458658854166667,0.12166341145833333,0.05954318576388889,0.10367838541666667
1926,00:00:32.083,11.279730902777777,16.470133463541668,14.72414822048611,9.665581597222221,9.449462890625
1927,00:00:32.100,9.748933015046296,12.596435546875,12.924696180555555,8.277533637152779,8.044569227430555
1928,00:00:32.117,14.448187934027777,15.494791666666666,18.860595703125,12.28908962673611,12.194878472222221
1929,00:00:32.133,12.695059317129628,17.113444010416668,16.785508897569443,10.751274956597221,10.548394097222221
1930,00:00:32.150,11.420943648726853,13.419596354166666,14.869249131944445,9.8330078125,9.56057400173611
1931,00:00:32.167,14.742494936342593,15.460205078125,18.65302191840278,13.032823350694445,12.541639539930555
1932,00:00:32.183,12.94189453125,15.840657552083334,16.618082682291668,11.436197916666666,10.771402994791666
1933,00:00:32.200,11.394721137152779,14.159749348958334,14.44284396701389,10.102945963541666,9.638373480902779
1934,00:00:32.217,14.466371889467593,18.1787109375,17.594156901041668,12.506401909722221,13.29855685763889
1935,00:00:32.233,13.279468677662036,17.549235026041668,16.52349175347222,10.894341362847221,12.420572916666666
1936,00:00:32.250,13.047643590856481,17.936604817708332,16.895263671875,11.073377821180555,11.17428927951389
1937,00:00:32.267,9.815465856481481,16.608479817708332,12.892469618055555,8.135335286458334,8.418592664930555
1938,00:00:32.283,0.08485243055555557,1.1275227864583333,0.099609375,0.061930338541666664,0.093017578125
1939,00:00:32.300,15.762821903935185,19.513753255208332,20.39084201388889,13.254584418402779,13.64303927951389
1940,00:00:32.317,0.11814597800925926,0.24210611979166666,0.1679416232638889,0.06971571180555555,0.11678059895833333
1941,00:00:32.333,12.191731770833334,17.618408203125,16.182752821180557,10.532633463541666,9.859809027777779
1942,00:00:32.350,11.030508535879628,12.3681640625,14.907579210069445,9.259331597222221,8.924614800347221
1943,00:00:32.367,9.645905671296298,13.267415364583334,13.016954210069445,8.193006727430555,7.727756076388889
1944,00:00:32.383,12.83762839988426,14.754638671875,16.76877170138889,11.114312065972221,10.629801432291666
1945,00:00:32.400,11.382722077546296,15.418701171875,14.912190755208334,9.796196831597221,9.439778645833334
1946,00:00:32.417,9.959743923611112,13.419596354166666,13.276611328125,8.314046223958334,8.28857421875
1947,00:00:32.433,13.858488859953704,14.906819661458334,17.991617838541668,11.868815104166666,11.715033637152779
1948,00:00:32.450,0.1249095775462963,0.3458658854166667,0.1762152777777778,0.0639377170138889,0.1345757378472222
1949,00:00:32.467,10.384819878472221,13.357340494791666,14.390082465277779,8.616617838541666,8.147759331597221
1950,00:00:32.483,11.912172670717593,14.664713541666666,16.083414713541668,10.069227430555555,9.583875868055555
1951,00:00:32.500,16.66015625,15.9375,23.27121310763889,11.913764105902779,14.795491536458334
1952,00:00:32.517,8.892216435185185,12.65869140625,12.14651150173611,7.572319878472222,6.957817925347222
1953,00:00:32.533,14.161892361111112,21.54052734375,18.51510959201389,12.169379340277779,11.801188151041666
1954,00:00:32.550,29.23173466435185,57.967122395833336,34.060031467013886,27.156901041666668,26.478271484375
1955,00:00:32.567,30.371247468171294,61.280517578125,35.59605577256944,28.649793836805557,26.86789279513889
1956,00:00:32.583,29.49654586226852,52.357177734375,36.055447048611114,27.84575737847222,24.58843315972222
1957,00:00:32.600,27.89690936053241,43.738199869791664,34.517116970486114,25.61300998263889,23.56060112847222
1958,00:00:32.617,31.0810546875,48.013102213541664,38.01470269097222,29.457166883680557,25.77129448784722
1959,00:00:32.633,26.260904947916668,39.788411458333336,33.62212456597222,23.979899088541668,21.18069118923611
1960,00:00:32.650,23.71553096064815,36.412760416666664,31.452012803819443,20.820068359375,18.87451171875
1961,00:00:32.667,17.016022858796294,26.846110026041668,21.97946506076389,14.678955078125,14.3896484375
1962,00:00:32.683,13.883201316550926,23.643391927083332,18.34130859375,12.105550130208334,11.202745225694445
1963,00:00:32.700,0.13944950810185183,0.78857421875,0.21693250868055555,0.0725368923611111,0.1288791232638889
1964,00:00:32.717,15.043203848379628,25.019938151041668,22.108751085069443,12.68014865451389,10.340711805555555
1965,00:00:32.733,11.881899233217593,18.213297526041668,17.265706380208332,9.984781901041666,8.395209418402779
1966,00:00:32.750,15.631130642361112,21.810302734375,22.097330729166668,13.346137152777779,11.44992404513889
1967,00:00:32.767,14.415726273148147,22.792561848958332,20.655924479166668,12.30319552951389,10.28805881076389
1968,00:00:32.783,13.744303385416666,22.059326171875,18.03078884548611,11.860432942708334,11.341688368055555
1969,00:00:32.800,18.216588903356485,29.709879557291668,23.755995008680557,15.447211371527779,15.44656032986111
1970,00:00:32.817,17.341145833333332,24.680989583333332,22.853841145833332,14.671766493055555,14.49782986111111
1971,00:00:32.833,17.916151258680557,26.929117838541668,23.016438802083332,15.22531467013889,15.506700303819445
1972,00:00:32.850,15.83543113425926,25.303548177083332,20.206949869791668,13.208251953125,14.09109157986111
1973,00:00:32.867,15.420835141782407,24.390462239583332,19.237169053819443,12.965142144097221,14.060194227430555
1974,00:00:32.883,17.26434100115741,29.149576822916668,21.68218315972222,14.642279730902779,15.468560112847221
1975,00:00:32.900,17.41166630497685,29.972737630208332,21.55270724826389,14.834662543402779,15.84762912326389
1976,00:00:32.917,0.10497142650462964,1.1966959635416667,0.1603461371527778,0.057318793402777776,0.09724934895833333
1977,00:00:32.933,22.069652416087962,41.4208984375,28.206190321180557,18.66403537326389,19.338731553819443
1978,00:00:32.950,23.92577220775463,39.809163411458336,31.403564453125,20.21291775173611,20.16083441840278
1979,00:00:32.967,24.258879484953706,41.538492838541664,32.79139539930556,20.07326931423611,19.911973741319443
1980,00:00:32.983,22.728434244791668,37.159830729166664,30.82522243923611,18.59795464409722,18.762125651041668
1981,00:00:33.000,25.970513237847218,33.486735026041664,36.14922417534722,20.05693901909722,21.70537651909722
1982,00:00:33.017,19.192473234953706,28.610026041666668,25.996256510416668,15.620686848958334,15.96047634548611
1983,00:00:33.033,22.745261863425924,35.271402994791664,31.425401475694443,18.542317708333332,18.26806640625
1984,00:00:33.050,25.17267071759259,34.842529296875,34.614284939236114,21.05278862847222,19.850938585069443
1985,00:00:33.067,18.895905671296294,24.03076171875,25.52878146701389,15.880967881944445,15.277967664930555
1986,00:00:33.083,0.1873734085648148,0.9476725260416666,0.2813313802083333,0.11650933159722222,0.1642795138888889
1987,00:00:33.100,23.711335358796294,28.229573567708332,31.30422634548611,20.774576822916668,19.05520290798611
1988,00:00:33.117,27.273247612847225,33.65966796875,36.48725043402778,24.48122829861111,20.85126410590278
1989,00:00:33.133,24.355712890625,29.613037109375,32.53651258680556,22.02029079861111,18.510335286458332
1990,00:00:33.150,18.14068829571759,23.885498046875,24.626057942708332,16.22629123263889,13.569715711805555
1991,00:00:33.167,18.44825122974537,22.598876953125,24.75925021701389,16.708631727430557,13.876871744791666
1992,00:00:33.183,8.137514467592593,8.5498046875,10.90085177951389,7.089328342013889,6.42236328125
1993,00:00:33.200,11.227530020254628,11.807861328125,15.317735460069445,9.95949978298611,8.405354817708334
1994,00:00:33.217,10.732485170717593,11.053873697916666,14.247450086805555,9.489122178819445,8.460883246527779
1995,00:00:33.233,13.348913122106481,11.57958984375,17.821858723958332,11.82956271701389,10.395317925347221
1996,00:00:33.250,0.19253653067129628,1.1966959635416667,0.3062608506944444,0.11094835069444445,0.160400390625
1997,00:00:33.267,0.0888400607638889,0.352783203125,0.1317816840277778,0.057861328125,0.0768771701388889
1998,00:00:33.283,14.238425925925926,14.31884765625,18.893663194444443,12.801622178819445,11.01999240451389
1999,00:00:33.300,11.68797019675926,11.475830078125,15.607557508680555,10.409559461805555,9.046793619791666
2000,00:00:33.317,12.179624204282407,13.585611979166666,15.946207682291666,10.945475260416666,9.64718967013889
2001,00:00:33.333,14.321361400462964,17.023518880208332,19.132975260416668,12.585150824652779,11.245958116319445
2002,00:00:33.350,22.577953197337962,29.191080729166668,30.29397243923611,20.28241644965278,17.157470703125
2003,00:00:33.367,24.58470775462963,30.574544270833332,33.18115234375,22.037679036458332,18.535291883680557
2004,00:00:33.383,0.138427734375,0.5741373697916666,0.20198567708333334,0.08338758680555555,0.1299099392361111
2005,00:00:33.400,22.95121708622685,32.400716145833336,30.85454644097222,20.362684461805557,17.63642035590278
2006,00:00:33.417,27.717936197916668,37.028401692708336,37.10584852430556,24.79421657986111,21.253743489583332
2007,00:00:33.433,30.527660228587962,44.014892578125,40.91777886284722,27.58688693576389,23.07831488715278
2008,00:00:33.450,26.090549045138886,39.816080729166664,34.84467230902778,23.62920464409722,19.797770182291668
2009,00:00:33.467,18.21994357638889,25.504150390625,24.571533203125,16.2626953125,13.825602213541666
2010,00:00:33.483,17.18923611111111,20.800374348958332,23.049072265625,15.370551215277779,13.148084852430555
2011,00:00:33.500,17.722285517939813,16.802164713541668,23.924153645833332,14.67453342013889,14.568169487847221
2012,00:00:33.517,6.229871961805556,8.868001302083334,7.097547743055555,6.252658420138889,5.339409722222222
2013,00:00:33.533,0.0779441550925926,0.6156412760416666,0.09868706597222222,0.0625271267361111,0.07261827256944445
2014,00:00:33.550,12.984013310185185,16.580810546875,15.86447482638889,12.341010199652779,10.74655490451389
2015,00:00:33.567,9.852611400462962,12.8662109375,12.278021918402779,9.089762369791666,8.190049913194445
2016,00:00:33.583,9.471507884837964,11.863199869791666,11.72238498263889,8.76486545138889,7.927273220486111
2017,00:00:33.600,12.742847583912038,13.398844401041666,15.928521050347221,11.725667317708334,10.574354383680555
2018,00:00:33.617,10.794514973958334,13.938395182291666,13.432210286458334,9.70095486111111,9.250379774305555
2019,00:00:33.633,8.597574869791666,11.060791015625,10.717041015625,7.909369574652778,7.166314019097222
2020,00:00:33.650,11.67136863425926,14.699300130208334,14.811116536458334,10.533935546875,9.669053819444445
2021,00:00:33.667,8.154495804398149,10.7080078125,10.106038411458334,7.560004340277778,6.797444661458333
2022,00:00:33.683,11.576081452546296,12.610270182291666,14.53713650173611,10.618109809027779,9.572998046875
2023,00:00:33.700,9.399866174768519,12.527262369791666,12.187093098958334,8.381510416666666,7.630995008680555
2024,00:00:33.717,12.683006004050926,14.699300130208334,16.20464409722222,11.370198567708334,10.474175347222221
2025,00:00:33.733,0.14444986979166666,0.9822591145833334,0.20833333333333334,0.09502495659722222,0.12999131944444445
2026,00:00:33.750,12.962049696180555,15.2734375,16.96435546875,11.439317491319445,10.482476128472221
2027,00:00:33.767,11.160183376736112,13.668619791666666,14.846055772569445,9.763020833333334,8.871473524305555
2028,00:00:33.783,9.817780671296298,14.000651041666666,12.952012803819445,8.723036024305555,7.778293185763889
2029,00:00:33.800,14.561939380787036,14.31884765625,19.515001085069443,12.969889322916666,11.200927734375
2030,00:00:33.817,9.674452039930555,11.780192057291666,13.126871744791666,8.356797960069445,7.539686414930555
2031,00:00:33.833,12.928059895833334,15.321858723958334,17.760986328125,11.035400390625,9.98779296875
2032,00:00:33.850,9.810610170717593,13.869222005208334,13.340901692708334,8.472466362847221,7.618462456597222
2033,00:00:33.867,10.675003616898147,12.707112630208334,14.58053927951389,9.107747395833334,8.336724175347221
2034,00:00:33.883,13.022650824652777,15.391031901041666,18.17355685763889,11.00802951388889,9.886366102430555
2035,00:00:33.900,13.136085792824074,12.803955078125,18.02094184027778,10.890380859375,10.496934678819445
2036,00:00:33.917,0.09760199652777779,0.5257161458333334,0.1401909722222222,0.06871202256944445,0.08390299479166667
2037,00:00:33.933,18.12480107060185,19.38232421875,25.339952256944443,15.68747287326389,13.346978081597221
2038,00:00:33.950,17.25047019675926,16.47705078125,24.067491319444443,14.632378472222221,13.05154079861111
2039,00:00:33.967,20.91604275173611,20.025634765625,29.324571397569443,17.608479817708332,15.815077039930555
2040,00:00:33.983,20.40898980034722,19.084879557291668,28.55471462673611,17.470947265625,15.201307508680555
2041,00:00:34.000,20.46245659722222,16.64306640625,29.66482204861111,15.602349175347221,16.120198567708332
2042,00:00:34.017,17.723813657407405,18.80126953125,24.543077256944443,15.00735134548611,13.621012369791666
2043,00:00:34.033,22.982340494791668,23.830159505208332,32.928304036458336,19.19580078125,16.822916666666668
2044,00:00:34.050,22.591191044560187,21.602783203125,32.66644965277778,18.83818901909722,16.268934461805557
2045,00:00:34.067,0.10822663483796298,0.3389485677083333,0.1733127170138889,0.06117078993055555,0.09019639756944445
2046,00:00:34.083,23.307110821759256,25.206705729166668,32.95147026909722,19.4833984375,17.486463758680557
2047,00:00:34.100,45.929298683449076,50.766194661458336,65.20450846354167,40.97357855902778,31.60980902777778
2048,00:00:34.117,41.996365017361114,43.260904947916664,63.39716254340278,35.263590494791664,27.32834201388889
2049,00:00:34.133,49.14229781539351,59.910888671875,68.64447699652777,44.48741319444444,34.295003255208336
2050,00:00:34.150,37.83306206597222,47.328287760416664,51.891194661458336,32.23578559027778,29.372205946180557
2051,00:00:34.167,0.15110496238425927,0.17293294270833334,0.2221137152777778,0.08365885416666667,0.14754231770833334
2052,00:00:34.183,22.39208080150463,22.737223307291668,29.34621853298611,17.502061631944443,20.327962239583332
2053,00:00:34.200,21.716191044560187,19.859619140625,29.38083224826389,17.70114474826389,18.06659613715278
2054,00:00:34.217,17.955430772569446,17.812093098958332,23.326063368055557,14.917643229166666,15.62258572048611
2055,00:00:34.233,17.51657443576389,15.439453125,23.269422743055557,14.637261284722221,14.64303927951389
2056,00:00:34.250,23.82197627314815,23.546549479166668,33.19574652777778,19.764078776041668,18.506103515625
2057,00:00:34.267,23.386393229166668,21.575113932291668,32.922634548611114,19.344862196180557,17.891682942708332
2058,00:00:34.283,20.31441695601852,17.217203776041668,29.11933051215278,16.308458116319443,15.515462239583334
2059,00:00:34.300,17.92357494212963,14.8583984375,26.500732421875,13.98952907986111,13.280463324652779
2060,00:00:34.317,16.16409866898148,13.080647786458334,23.74880642361111,12.834852430555555,11.908637152777779
2061,00:00:34.333,0.06272605613425926,0.13834635416666666,0.07465277777777778,0.044514973958333336,0.06901041666666667
2062,00:00:34.350,19.500813802083332,16.470133463541668,28.470106336805557,15.681939019097221,14.350396050347221
2063,00:00:34.367,21.75955765335648,18.621419270833332,31.80560980902778,17.673258463541668,15.7998046875
2064,00:00:34.383,19.557300708912038,18.462320963541668,28.95944552951389,15.73654513888889,13.975911458333334
2065,00:00:34.400,16.102376302083332,13.786214192708334,23.905164930555557,12.952311197916666,11.449652777777779
2066,00:00:34.417,16.359881365740744,13.260498046875,24.19854058159722,12.88845486111111,11.99264865451389
2067,00:00:34.433,23.980333116319446,20.29541015625,35.94615342881944,19.14130316840278,16.85354275173611
2068,00:00:34.450,0.5206524884259259,1.0791015625,0.8185763888888888,0.2641059027777778,0.4792751736111111
2069,00:00:34.467,42.63331886574074,52.965901692708336,60.393771701388886,37.990451388888886,29.515733506944443
2070,00:00:34.483,0.018825954861111112,0.027669270833333332,0.027126736111111112,0.012668185763888888,0.016682942708333332
2071,00:00:34.500,41.741654007523145,56.874186197916664,55.541585286458336,38.639322916666664,31.044053819444443
2072,00:00:34.517,36.148934823495374,62.5048828125,44.07001410590278,35.76171875,28.615071614583332
2073,00:00:34.533,37.156982421875,68.045654296875,44.57402886284722,37.111355251736114,29.785563151041668
2074,00:00:34.550,32.80992296006944,58.679606119791664,39.354736328125,32.720458984375,26.354573567708332
2075,00:00:34.567,29.124864366319443,52.17041015625,34.8271484375,29.9091796875,22.638264973958332
2076,00:00:34.583,21.118236400462962,41.144205729166664,26.63335503472222,19.817952473958332,16.903401692708332
2077,00:00:34.600,25.22285517939815,50.634765625,31.72992621527778,23.871826171875,20.066813151041668
2078,00:00:34.617,14.461299189814815,25.829264322916668,19.42681206597222,12.23337131076389,11.723714192708334
2079,00:00:34.633,11.76588722511574,16.947428385416668,15.73318142361111,9.671685112847221,9.89279513888889
2080,00:00:34.650,14.100350839120372,18.6767578125,19.331217447916668,11.507649739583334,11.46218532986111
2081,00:00:34.667,9.594609013310185,11.489664713541666,13.277099609375,7.971028645833333,7.535698784722222
2082,00:00:34.683,10.366455078125,12.029215494791666,14.718939887152779,8.68337673611111,7.697048611111111
2083,00:00:34.700,11.464084201388891,13.371175130208334,16.19208441840278,9.73849826388889,8.461669921875
2084,00:00:34.717,12.272216796875,15.411783854166666,17.5810546875,10.479600694444445,8.755995008680555
2085,00:00:34.733,12.155372902199074,17.210286458333332,17.22431098090278,10.357747395833334,8.88406032986111
2086,00:00:34.750,0.1711968315972222,0.5810546875,0.2717556423611111,0.10460069444444445,0.1372341579861111
2087,00:00:34.767,9.542344835069445,13.1982421875,13.661295572916666,8.057074652777779,6.908664279513889
2088,00:00:34.783,12.706986038773147,15.321858723958334,17.43703884548611,11.13818359375,9.545735677083334
2089,00:00:34.800,10.330114293981483,11.800944010416666,14.386827256944445,9.00973849826389,7.593777126736111
2090,00:00:34.817,11.233931929976853,14.346516927083334,15.743055555555555,9.579888237847221,8.378851996527779
2091,00:00:34.833,10.441795066550926,10.853271484375,14.63479275173611,9.034722222222221,7.655870225694445
2092,00:00:34.850,8.956615306712964,12.354329427083334,12.506239149305555,7.722873263888889,6.640733506944445
2093,00:00:34.867,11.058620876736112,11.503499348958334,14.58127170138889,9.775499131944445,8.819091796875
2094,00:00:34.883,6.530002170138888,7.830403645833333,8.37356228298611,5.623779296875,5.592664930555555
2095,00:00:34.900,10.57496925636574,12.416585286458334,13.378743489583334,9.097710503472221,9.248453776041666
2096,00:00:34.917,8.153772424768517,9.608154296875,10.51516384548611,7.013943142361111,6.932210286458333
2097,00:00:34.933,7.420717592592593,8.328450520833334,9.416829427083334,6.672309027777778,6.173014322916667
2098,00:00:34.950,5.820240162037037,5.865885416666667,7.331624348958333,5.268039279513889,4.861056857638889
2099,00:00:34.967,5.642144097222221,6.190999348958333,7.094401041666667,5.048936631944445,4.783094618055555
2100,00:00:34.983,4.3732729311342595,5.865885416666667,5.458387586805555,4.021918402777778,3.6395128038194446
2101,00:00:35.000,13.448875144675924,9.462890625,22.75469292534722,7.167019314236111,10.424913194444445
2102,00:00:35.017,5.019504123263889,9.151611328125,5.814425998263889,4.869330512152778,4.374755859375
2103,00:00:35.033,12.878662109375,20.205485026041668,15.147081163194445,11.729193793402779,11.759711371527779
2104,00:00:35.050,0.07703993055555557,0.20751953125,0.09855143229166667,0.054633246527777776,0.07793511284722222
2105,00:00:35.067,49.436984592013886,71.64957682291667,62.269015842013886,54.700846354166664,31.34109157986111
2106,00:00:35.083,0.058186848958333336,0.45654296875,0.07533094618055555,0.04050021701388889,0.05872938368055555
2107,00:00:35.100,36.2654712818287,60.491943359375,48.042805989583336,34.22862413194444,26.524983723958332
2108,00:00:35.117,48.31487811053241,68.958740234375,65.62537977430556,46.438883463541664,32.88037109375
2109,00:00:35.133,46.320068359375,60.671793619791664,61.36431206597222,45.24951171875,32.34638129340278
2110,00:00:35.150,39.72351526331018,62.622477213541664,58.17860243055556,33.115207248263886,27.87673611111111
2111,00:00:35.167,32.48198784722222,44.070231119791664,48.91566297743056,26.291341145833332,22.23895941840278
2112,00:00:35.183,19.258192274305554,24.425048828125,28.09130859375,16.013292100694443,13.669976128472221
2113,00:00:35.200,6.8703794126157405,9.366048177083334,9.688286675347221,5.784233940972222,5.138617621527778
2114,00:00:35.217,8.556586371527779,11.835530598958334,12.438151041666666,6.983018663194445,6.248589409722222
2115,00:00:35.233,0.349220558449074,2.61474609375,0.54638671875,0.2167697482638889,0.2845052083333333
2116,00:00:35.250,8.887270326967592,14.228922526041666,12.888916015625,7.215901692708333,6.556993272569445
2117,00:00:35.267,9.258490668402779,11.966959635416666,13.275037977430555,7.651746961805555,6.848687065972222
2118,00:00:35.283,7.3461733217592595,11.738688151041666,10.521918402777779,5.990017361111111,5.526584201388889
2119,00:00:35.300,8.887930410879628,11.883951822916666,12.989067925347221,7.139539930555555,6.535183376736111
2120,00:00:35.317,8.20655201099537,10.057779947916666,12.109537760416666,6.378228081597222,6.131890190972222
2121,00:00:35.333,10.044234664351851,11.593424479166666,14.777587890625,7.963216145833333,7.391899956597222
2122,00:00:35.350,10.217285156249998,12.976888020833334,15.273084852430555,7.997151692708333,7.381618923611111
2123,00:00:35.367,9.011338975694445,11.814778645833334,13.497233072916666,7.095377604166667,6.44140625
2124,00:00:35.383,11.434362340856481,13.592529296875,17.121690538194443,9.114691840277779,8.066704644097221
2125,00:00:35.400,9.472719545717593,11.586507161458334,14.002495659722221,7.688449435763889,6.727213541666667
2126,00:00:35.417,0.13546187789351852,0.352783203125,0.2310112847222222,0.06998697916666667,0.10538736979166667
2127,00:00:35.433,12.360270182291666,13.634033203125,18.610677083333332,9.930121527777779,8.54001193576389
2128,00:00:35.450,9.934190538194445,11.614176432291666,15.181993272569445,7.793429904513889,6.8271484375
2129,00:00:35.467,12.129584418402777,15.003662109375,18.25002712673611,9.73074001736111,8.40798611111111
2130,00:00:35.483,10.27072482638889,13.253580729166666,15.611762152777779,8.135064019097221,7.065348307291667
2131,00:00:35.500,18.126057942708332,16.131184895833332,30.716417100694443,10.855387369791666,12.80636935763889
2132,00:00:35.517,11.954372829861109,14.325764973958334,17.952501085069443,9.690538194444445,8.220079210069445
2133,00:00:35.533,9.956967954282407,15.750732421875,14.993055555555555,8.00146484375,6.876383463541667
2134,00:00:35.550,12.436839916087962,17.175699869791668,19.19482421875,9.77926974826389,8.33642578125
2135,00:00:35.567,9.825023509837964,15.695393880208334,14.92483181423611,7.77587890625,6.774359809027778
2136,00:00:35.583,13.492748119212962,15.6884765625,21.028076171875,10.436089409722221,9.014078776041666
2137,00:00:35.600,10.807074652777777,14.256591796875,16.57842339409722,8.373453776041666,7.469346788194445
2138,00:00:35.617,11.800229673032407,17.071940104166668,18.15717230902778,9.130859375,8.112657335069445
2139,00:00:35.633,13.628526475694445,17.092692057291668,21.30490451388889,10.345865885416666,9.234809027777779
2140,00:00:35.650,0.054135923032407406,0.20751953125,0.0952419704861111,0.029541015625,0.03762478298611111
2141,00:00:35.667,11.086434823495372,14.554036458333334,17.154703776041668,8.486192491319445,7.618408203125
2142,00:00:35.683,13.969184027777779,17.770589192708332,21.69485134548611,10.569471571180555,9.643229166666666
2143,00:00:35.700,11.951831958912038,15.328776041666666,18.298177083333332,9.22414822048611,8.333170572916666
2144,00:00:35.717,11.740749782986109,13.931477864583334,18.206407335069443,8.910942925347221,8.104899088541666
2145,00:00:35.733,12.027009186921296,14.042154947916666,18.623453776041668,9.178385416666666,8.279188368055555
2146,00:00:35.750,12.678674768518519,14.768473307291666,18.78615993923611,10.135362413194445,9.114501953125
2147,00:00:35.767,12.352973090277777,14.581705729166666,18.13479275173611,9.95412868923611,8.96999782986111
2148,00:00:35.783,13.441984953703704,15.640055338541666,19.917860243055557,10.635389539930555,9.772705078125
2149,00:00:35.800,12.155815972222223,15.23193359375,17.989908854166668,9.548149956597221,8.929389105902779
2150,00:00:35.817,0.05008499710648148,0.06917317708333333,0.08577473958333333,0.026231553819444444,0.038248697916666664
2151,00:00:35.833,14.544135199652779,16.56005859375,21.176920572916668,11.6669921875,10.788492838541666
2152,00:00:35.850,13.125560619212964,16.732991536458332,19.17230902777778,10.474989149305555,9.729383680555555
2153,00:00:35.867,13.150146484375,12.914632161458334,19.19894748263889,10.560167100694445,9.691324869791666
2154,00:00:35.883,13.946931061921296,13.447265625,20.662434895833332,11.18166775173611,9.996690538194445
2155,00:00:35.900,12.691541883680557,15.764567057291666,18.40448676215278,10.340413411458334,9.329725477430555
2156,00:00:35.917,13.014512803819445,13.308919270833334,18.966796875,10.43896484375,9.637776692708334
2157,00:00:35.933,13.952428747106481,14.865315755208334,20.708143446180557,11.029405381944445,10.119737413194445
2158,00:00:35.950,0.1116355613425926,0.4842122395833333,0.181640625,0.060356987847222224,0.09290907118055555
2159,00:00:35.967,13.764576099537038,15.418701171875,20.10894097222222,10.991780598958334,10.193006727430555
2160,00:00:35.983,15.317708333333334,15.591634114583334,22.375651041666668,12.391221788194445,11.18625217013889
2161,00:00:36.000,17.810420283564817,14.65087890625,28.188612196180557,11.462239583333334,13.780409071180555
2162,00:00:36.017,12.789424189814815,13.682454427083334,18.17141384548611,10.53439670138889,9.662462022569445
2163,00:00:36.033,10.97412109375,12.603352864583334,15.405327690972221,9.056830512152779,8.460205078125
2164,00:00:36.050,12.962800202546296,13.90380859375,18.648356119791668,10.56716579861111,9.67287868923611
2165,00:00:36.067,11.531810619212962,14.989827473958334,16.834554036458332,9.270562065972221,8.490315755208334
2166,00:00:36.083,14.611129195601853,14.73388671875,21.23725043402778,12.017957899305555,10.578179253472221
2167,00:00:36.100,12.080765335648147,14.000651041666666,17.61252170138889,9.81179470486111,8.817979600694445
2168,00:00:36.117,11.758156105324074,14.415690104166666,17.480360243055557,9.303873697916666,8.490234375
2169,00:00:36.133,11.082103587962962,13.433430989583334,16.09125434027778,9.034478081597221,8.12057834201389
2170,00:00:36.150,8.721137152777779,12.188313802083334,12.71017795138889,6.958848741319445,6.494384765625
2171,00:00:36.167,10.567012080439815,13.827718098958334,15.367323133680555,8.514594184027779,7.819118923611111
2172,00:00:36.183,8.224916811342593,9.158528645833334,11.74045138888889,6.744791666666667,6.189507378472222
2173,00:00:36.200,0.1258499710648148,0.228271484375,0.2099609375,0.0713161892361111,0.09627278645833333
2174,00:00:36.217,10.432255497685185,11.752522786458334,14.795084635416666,8.648518880208334,7.853162977430555
2175,00:00:36.233,7.67724609375,10.161539713541666,10.758382161458334,6.328179253472222,5.945176866319445
2176,00:00:36.250,9.93092628761574,13.23974609375,13.710584852430555,8.216634114583334,7.865559895833333
2177,00:00:36.267,9.204508463541666,12.797037760416666,12.497422960069445,7.77978515625,7.336317274305555
2178,00:00:36.283,10.563132957175926,14.73388671875,14.397786458333334,8.87917751736111,8.412434895833334
2179,00:00:36.300,7.225784866898148,10.770263671875,9.93020290798611,6.016547309027778,5.730604383680555
2180,00:00:36.317,9.593080873842593,12.817789713541666,13.231635199652779,7.950873480902778,7.596733940972222
2181,00:00:36.333,8.882884837962964,13.101399739583334,12.052924262152779,7.356553819444445,7.239176432291667
2182,00:00:36.350,15.311966507523147,19.230143229166668,21.77167426215278,12.77978515625,11.384440104166666
2183,00:00:36.367,0.41938838252314814,2.510986328125,0.7232259114583334,0.21826171875,0.3166775173611111
2184,00:00:36.383,14.916901765046296,14.775390625,21.431532118055557,12.24924045138889,11.069932725694445
2185,00:00:36.400,17.827709056712962,17.431640625,26.231201171875,14.301513671875,12.95041232638889
2186,00:00:36.417,17.761800130208332,17.30712890625,25.87448459201389,14.478162977430555,12.932752821180555
2187,00:00:36.433,15.437120225694443,18.330891927083332,22.25775824652778,12.64211697048611,11.411485460069445
2188,00:00:36.450,12.354338469328704,14.8583984375,17.784342447916668,9.955810546875,9.322862413194445
2189,00:00:36.467,14.716516565393517,16.525472005208332,21.359727647569443,11.976182725694445,10.813639322916666
2190,00:00:36.483,12.12839988425926,13.170572916666666,17.73027886284722,9.583170572916666,9.07175021701389
2191,00:00:36.500,20.620469835069446,20.558268229166668,31.05685763888889,15.409993489583334,15.39455837673611
2192,00:00:36.517,19.04900896990741,24.418131510416668,27.573621961805557,15.56936306423611,14.004041883680555
2193,00:00:36.533,14.642957899305555,16.414794921875,20.62969292534722,12.117241753472221,11.181939019097221
2194,00:00:36.550,0.09248408564814814,0.477294921875,0.1461859809027778,0.05604383680555555,0.0752224392361111
2195,00:00:36.567,11.850206163194445,15.667724609375,16.786756727430557,9.72702365451389,9.03683810763889
2196,00:00:36.583,14.516447844328704,17.943522135416668,20.96554904513889,11.877088758680555,10.706705729166666
2197,00:00:36.600,12.983651620370372,19.105631510416668,18.64572482638889,10.647298177083334,9.65793185763889
2198,00:00:36.617,12.030372902199074,16.380208333333332,17.20315212673611,9.792805989583334,9.095160590277779
2199,00:00:36.633,13.469880280671298,21.817220052083332,19.697157118055557,10.701551649305555,10.010932074652779
2200,00:00:36.650,12.214011863425924,20.364583333333332,18.31133355034722,9.32516818576389,9.005533854166666
2201,00:00:36.667,19.636574074074076,25.677083333333332,28.76125759548611,15.74123806423611,14.4072265625
2202,00:00:36.683,19.62724247685185,23.539632161458332,28.53073459201389,16.37177191840278,13.97922092013889
2203,00:00:36.700,16.381510416666668,21.319173177083332,23.610514322916668,13.258192274305555,12.275824652777779
2204,00:00:36.717,0.13675491898148148,0.4288736979166667,0.234130859375,0.07628038194444445,0.099853515625
2205,00:00:36.733,26.327718098958332,27.911376953125,38.44032118055556,22.692545572916668,17.85028754340278
2206,00:00:36.750,18.94242802372685,20.302327473958332,28.184244791666668,15.502549913194445,13.140489366319445
2207,00:00:36.767,15.298692491319445,17.0166015625,22.496229383680557,12.359781901041666,11.04006618923611
2208,00:00:36.783,20.047969111689817,20.136311848958332,30.311197916666668,16.06732855902778,13.765380859375
2209,00:00:36.800,19.98956524884259,19.769694010416668,30.76760525173611,15.583116319444445,13.617974175347221
2210,00:00:36.817,23.610541449652782,23.193766276041668,36.330322265625,18.828504774305557,15.672797309027779
2211,00:00:36.833,20.233317057291668,20.205485026041668,30.924072265625,15.875135633680555,13.900743272569445
2212,00:00:36.850,17.505443431712962,16.470133463541668,25.2451171875,14.26369900173611,13.007514105902779
2213,00:00:36.867,13.158293547453704,13.599446614583334,19.56591796875,10.395345052083334,9.513617621527779
2214,00:00:36.883,40.29706488715278,36.350504557291664,62.97938368055556,30.950792100694443,26.961018880208332
2215,00:00:36.900,46.55838577835649,46.657307942708336,68.40009223090277,38.435139973958336,32.839925130208336
2216,00:00:36.917,45.02527307581018,44.595947265625,67.24782986111111,36.59412977430556,31.23385959201389
2217,00:00:36.933,37.67894603587963,45.045572916666664,52.746853298611114,31.939100477430557,28.35088433159722
2218,00:00:36.950,31.667878327546294,38.1005859375,43.541476779513886,26.583387586805557,24.878770616319443
2219,00:00:36.967,19.33248336226852,18.898111979166668,27.30938042534722,15.119764539930555,15.568305121527779
2220,00:00:36.983,13.136393229166666,10.147705078125,17.977213541666668,10.608100043402779,10.823866102430555
2221,00:00:37.000,24.136908637152775,14.678548177083334,32.948947482638886,15.509928385416666,23.95185004340278
2222,00:00:37.017,18.813422309027775,14.388020833333334,26.817491319444443,15.459147135416666,14.163628472222221
2223,00:00:37.033,21.121753833912038,18.144124348958332,31.230712890625,16.224039713541668,15.910508897569445
2224,00:00:37.050,20.21896701388889,14.720052083333334,30.094970703125,15.39111328125,15.170817057291666
2225,00:00:37.067,0.16462311921296297,0.4634602864583333,0.2463921440972222,0.08856879340277778,0.1589084201388889
2226,00:00:37.083,18.77386248553241,13.813883463541666,28.54668511284722,13.879828559027779,13.895073784722221
2227,00:00:37.100,15.646068431712964,12.478841145833334,23.81122504340278,12.190131293402779,10.936848958333334
2228,00:00:37.117,19.195194950810187,15.446370442708334,29.353162977430557,14.62185329861111,13.61056857638889
2229,00:00:37.133,19.338740596064813,17.673746744791668,28.5009765625,15.841172960069445,13.674072265625
2230,00:00:37.150,15.858298972800926,15.612386067708334,23.353597005208332,13.229410807291666,10.991889105902779
2231,00:00:37.167,15.73628291377315,13.481852213541666,23.238606770833332,12.871175130208334,11.099066840277779
2232,00:00:37.183,13.645091869212964,11.123046875,19.75632052951389,11.344373914930555,9.834581163194445
2233,00:00:37.200,18.357367621527775,16.324869791666668,27.360432942708332,14.35910373263889,13.35256618923611
2234,00:00:37.217,16.334852430555557,13.931477864583334,23.76123046875,13.34714084201389,11.896185980902779
2235,00:00:37.233,13.374475549768519,13.052978515625,19.12839084201389,10.958251953125,10.036783854166666
2236,00:00:37.250,14.063295717592595,15.031331380208334,20.106336805555557,11.73044162326389,10.353108723958334
2237,00:00:37.267,11.833369502314815,12.451171875,16.28681098090278,10.15036349826389,9.062934027777779
2238,00:00:37.283,0.5098560474537037,1.5633138020833333,0.8640679253472222,0.2692057291666667,0.3962944878472222
2239,00:00:37.300,13.261067708333334,15.135091145833334,19.085069444444443,10.989664713541666,9.70846896701389
2240,00:00:37.317,11.846932870370372,14.222005208333334,16.79022894965278,9.921766493055555,8.828803168402779
2241,00:00:37.333,16.51366283275463,18.59375,24.49077690972222,13.305230034722221,11.744981553819445
2242,00:00:37.350,23.845775462962962,25.711669921875,36.443142361111114,18.80523003472222,16.288953993055557
2243,00:00:37.367,29.967402705439813,41.476236979166664,44.73388671875,25.919080946180557,19.24924045138889
2244,00:00:37.383,34.1681224681713,46.484375,51.2744140625,29.523057725694443,21.706895616319443
2245,00:00:37.400,28.43111617476852,40.341796875,42.230495876736114,24.002794053819443,19.06005859375
2246,00:00:37.417,28.30448857060185,37.830810546875,41.896755642361114,23.60031467013889,19.416395399305557
2247,00:00:37.433,23.485369646990744,32.58056640625,35.379557291666664,19.079237196180557,15.997314453125
2248,00:00:37.450,0.12744140625,0.8369954427083334,0.21907552083333334,0.06526692708333333,0.09798177083333333
2249,00:00:37.467,22.63818359375,32.428385416666664,33.318820529513886,19.02495659722222,15.57077365451389
2250,00:00:37.483,18.111671730324073,25.199788411458332,26.524251302083332,15.081787109375,12.72897677951389
2251,00:00:37.500,24.855758101851848,26.458740234375,38.926920572916664,18.877549913194443,16.762803819444443
2252,00:00:37.517,13.586534288194443,18.13720703125,18.94118923611111,12.127604166666666,9.690809461805555
2253,00:00:37.533,13.904152199074076,18.559163411458332,19.955702039930557,11.95309787326389,9.803656684027779
2254,00:00:37.550,26.045744719328706,41.261800130208336,36.887939453125,23.13373480902778,18.115559895833332
2255,00:00:37.567,24.16255244502315,40.846761067708336,34.94159613715278,20.960069444444443,16.58599175347222
2256,00:00:37.583,30.51073314525463,53.66455078125,43.63226996527778,27.34174262152778,20.558186848958332
2257,00:00:37.600,25.703595196759263,44.554443359375,36.63750542534722,22.926676432291668,17.54660373263889
2258,00:00:37.617,0.2693775318287037,1.0721842447916667,0.4427625868055556,0.1555447048611111,0.20982530381944445
2259,00:00:37.633,28.662959346064813,60.319010416666664,41.360622829861114,25.634141710069443,18.99411349826389
2260,00:00:37.650,25.901774088541668,53.678385416666664,37.92711046006944,22.25702582465278,17.52118598090278
2261,00:00:37.667,23.845314308449076,45.474446614583336,36.315999348958336,19.460611979166668,15.759331597222221
2262,00:00:37.683,21.673303674768515,42.396240234375,33.776584201388886,16.91010199652778,14.33322482638889
2263,00:00:37.700,12.907931857638888,22.052408854166668,19.60549587673611,10.289632161458334,8.828667534722221
2264,00:00:37.717,13.718560112847223,21.409098307291668,20.314832899305557,11.846028645833334,8.994818793402779
2265,00:00:37.733,0.13401511863425924,0.726318359375,0.21573893229166666,0.07796223958333333,0.10834418402777778
2266,00:00:37.750,9.52197265625,14.104410807291666,14.121500651041666,8.19436306423611,6.250054253472222
2267,00:00:37.767,8.988082320601853,14.3603515625,12.986273871527779,7.903428819444445,6.074544270833333
2268,00:00:37.783,10.330602575231481,15.771484375,15.527262369791666,8.53005642361111,6.934488932291667
2269,00:00:37.800,11.70363136574074,18.289388020833332,17.514322916666668,9.686170789930555,7.910400390625
2270,00:00:37.817,12.181794343171296,17.0166015625,18.349853515625,10.074083116319445,8.121446397569445
2271,00:00:37.833,11.901575159143519,14.996744791666666,17.730550130208332,9.85500759548611,8.11916775173611
2272,00:00:37.850,13.503083405671298,17.590738932291668,20.794569227430557,10.745551215277779,8.969129774305555
2273,00:00:37.867,9.31932689525463,10.880940755208334,13.991292317708334,7.655544704861111,6.311143663194445
2274,00:00:37.883,0.14957682291666666,0.726318359375,0.2765842013888889,0.07573784722222222,0.0964084201388889
2275,00:00:37.900,12.27099609375,13.993733723958334,19.12212456597222,9.63913302951389,8.05173068576389
2276,00:00:37.917,12.7705078125,15.985921223958334,20.042887369791668,10.00412326388889,8.264512803819445
2277,00:00:37.933,11.230604383680555,15.799153645833334,17.45852322048611,8.920817057291666,7.312472873263889
2278,00:00:37.950,35.4244068287037,30.75439453125,43.712809244791664,32.368625217013886,30.191786024305557
2279,00:00:37.967,31.600965711805557,30.21484375,38.29478624131944,30.06277126736111,26.44533962673611
2280,00:00:37.983,11.241491247106481,13.357340494791666,16.431559244791668,9.61423068576389,7.678683810763889
2281,00:00:38.000,16.806984230324073,13.378092447916666,28.658067491319443,8.807481553819445,12.955403645833334
2282,00:00:38.017,10.841887297453702,13.57177734375,15.642632378472221,9.447401258680555,7.435628255208333
2283,00:00:38.033,14.443305121527777,18.033447265625,21.139729817708332,12.127794053819445,10.062391493055555
2284,00:00:38.050,10.561469184027779,12.209065755208334,15.645399305555555,8.821967230902779,7.217041015625
2285,00:00:38.067,14.44191261574074,17.825927734375,21.78887261284722,11.806016710069445,9.730848524305555
2286,00:00:38.083,21.051658347800924,38.031412760416664,30.517903645833332,16.807237413194443,15.829833984375
2287,00:00:38.100,20.56953486689815,38.736979166666664,29.078260633680557,16.888916015625,15.74142795138889
2288,00:00:38.117,20.089771412037035,34.807942708333336,28.176676432291668,16.88457573784722,15.208062065972221
2289,00:00:38.133,0.034505208333333336,0.048421223958333336,0.06602647569444445,0.016547309027777776,0.020941840277777776
2290,00:00:38.150,16.631329571759256,28.367919921875,23.06838650173611,14.234239366319445,12.591362847222221
2291,00:00:38.167,21.46192310474537,39.712320963541664,28.414930555555557,19.39572482638889,16.575113932291668
2292,00:00:38.183,19.685682508680557,33.7841796875,25.48385959201389,18.29031032986111,15.282877604166666
2293,00:00:38.200,21.481391059027782,38.315022786458336,27.993896484375,19.75214301215278,16.698133680555557
2294,00:00:38.217,23.991626880787038,45.764973958333336,31.007568359375,22.363606770833332,18.60370551215278
2295,00:00:38.233,26.104899088541668,45.813395182291664,34.62193467881944,24.66815863715278,19.02460394965278
2296,00:00:38.250,27.380940755208332,46.4013671875,37.46337890625,25.96405707465278,18.71538628472222
2297,00:00:38.267,26.238914207175924,42.133382161458336,37.459147135416664,24.13983832465278,17.117757161458332
2298,00:00:38.283,27.64115849247685,40.272623697916664,41.23784722222222,24.63283962673611,17.05278862847222
2299,00:00:38.300,25.288718894675924,34.462076822916664,37.965603298611114,22.070556640625,15.829996744791666
2300,00:00:38.317,21.929633246527782,29.191080729166668,33.849446614583336,18.119032118055557,13.820421006944445
2301,00:00:38.333,0.2152144820601852,0.7124837239583334,0.3811577690972222,0.1135525173611111,0.1509331597222222
2302,00:00:38.350,22.06303349247685,31.91650390625,33.5078125,18.407850477430557,14.2734375
2303,00:00:38.367,16.09230324074074,17.590738932291668,24.29253472222222,13.338270399305555,10.646104600694445
2304,00:00:38.383,0.20304361979166666,0.3458658854166667,0.3672417534722222,0.10902235243055555,0.1328667534722222
2305,00:00:38.400,10.489990234375,15.6884765625,15.578559027777779,8.580023871527779,7.311387803819445
2306,00:00:38.417,13.695457175925926,17.14111328125,20.391357421875,11.318712022569445,9.376302083333334
2307,00:00:38.433,16.83421043113426,20.606689453125,24.835096571180557,14.203016493055555,11.464518229166666
2308,00:00:38.450,16.91142216435185,19.520670572916668,24.944742838541668,14.331732855902779,11.45779079861111
2309,00:00:38.467,18.02437789351852,18.26171875,27.06955295138889,15.01416015625,11.989420572916666
2310,00:00:38.483,24.91580765335648,27.779947916666668,36.707492404513886,21.693603515625,16.346327039930557
2311,00:00:38.500,34.416214554398145,39.490966796875,52.132486979166664,28.685628255208332,22.430528428819443
2312,00:00:38.517,27.526520905671294,32.981770833333336,40.39024522569444,24.12038845486111,18.068929036458332
2313,00:00:38.533,0.13525390625,0.4496256510416667,0.2152777777777778,0.07964409722222222,0.11083984375
2314,00:00:38.550,31.02337420428241,39.560139973958336,45.50037977430556,27.7998046875,19.769938151041668
2315,00:00:38.567,28.270534939236114,39.269612630208336,42.63140190972222,24.488905164930557,17.691297743055557
2316,00:00:38.583,29.79053638599537,42.430826822916664,45.41498480902778,25.30913628472222,18.64748806423611
2317,00:00:38.600,26.093994140625,36.163736979166664,39.511800130208336,22.136881510416668,16.63330078125
2318,00:00:38.617,20.98168041087963,22.979329427083332,31.751790364583332,17.358072916666668,13.83517795138889
2319,00:00:38.633,18.755253544560183,17.47314453125,28.357747395833332,15.566704644097221,12.34130859375
2320,00:00:38.650,12.236626519097221,12.361246744791666,17.881103515625,10.408067491319445,8.420708550347221
2321,00:00:38.667,10.489682798032407,10.154622395833334,15.667182074652779,8.703748914930555,7.098117404513889
2322,00:00:38.683,10.107828776041666,12.271321614583334,15.236409505208334,8.305230034722221,6.781846788194445
2323,00:00:38.700,0.10450122974537035,0.6709798177083334,0.1806911892361111,0.05796983506944445,0.07484266493055555
2324,00:00:38.717,12.794108072916666,11.614176432291666,19.14434136284722,10.76589626736111,8.472086588541666
2325,00:00:38.733,12.242431640625,13.90380859375,18.464002821180557,10.145453559027779,8.117838541666666
2326,00:00:38.750,11.928502965856481,12.831624348958334,18.36284722222222,9.579427083333334,7.843234592013889
2327,00:00:38.767,10.069028501157407,10.673421223958334,15.54079861111111,8.04153103298611,6.624755859375
2328,00:00:38.783,11.492711950231481,11.607259114583334,17.38454861111111,9.446858723958334,7.646728515625
2329,00:00:38.800,11.087284794560185,12.810872395833334,16.80832248263889,9.165961371527779,7.287570529513889
2330,00:00:38.817,11.061197916666666,12.146809895833334,16.840657552083332,9.137044270833334,7.205891927083333
2331,00:00:38.833,14.407497829861112,14.325764973958334,21.718641493055557,12.137559678819445,9.366292317708334
2332,00:00:38.850,12.562780309606481,13.315836588541666,18.70681423611111,10.705810546875,8.275716145833334
2333,00:00:38.867,8.041901765046296,9.781087239583334,11.768961588541666,6.801215277777778,5.555528428819445
2334,00:00:38.883,15.621609157986112,15.052083333333334,23.156819661458332,13.106255425347221,10.601752387152779
2335,00:00:38.900,0.132080078125,0.20060221354166666,0.2505154079861111,0.060709635416666664,0.08501519097222222
2336,00:00:38.917,12.501862702546296,12.5341796875,18.54443359375,10.437662760416666,8.523491753472221
2337,00:00:38.933,23.47215892650463,22.688802083333332,33.152180989583336,16.998914930555557,20.265380859375
2338,00:00:38.950,10.33204933449074,16.746826171875,13.507568359375,9.23583984375,8.252739800347221
2339,00:00:38.967,10.23512550636574,15.176595052083334,13.765869140625,8.912299262152779,8.027208116319445
2340,00:00:38.983,9.10354275173611,13.896891276041666,12.419976128472221,7.853705512152778,7.036946614583333
2341,00:00:39.000,16.323115596064813,15.89599609375,23.69482421875,11.02978515625,14.244737413194445
2342,00:00:39.017,7.734682436342593,12.610270182291666,9.463216145833334,7.697916666666667,6.042914496527778
2343,00:00:39.033,8.555338541666666,14.429524739583334,10.988416883680555,7.928032769097222,6.749565972222222
2344,00:00:39.050,8.770896629050926,13.267415364583334,11.11330837673611,7.956027560763889,7.243353949652778
2345,00:00:39.067,10.027940538194445,13.059895833333334,13.33713107638889,8.800916883680555,7.945773654513889
2346,00:00:39.083,8.09889503761574,8.0517578125,11.265570746527779,7.053982204861111,5.977132161458333
2347,00:00:39.100,11.177291304976853,11.468912760416666,16.28778754340278,9.368815104166666,7.875271267361111
2348,00:00:39.117,10.06273509837963,11.212972005208334,14.780598958333334,8.50973849826389,6.897867838541667
2349,00:00:39.133,10.671522352430557,10.050862630208334,16.24115668402778,8.654134114583334,7.119276258680555
2350,00:00:39.150,7.463134765625,8.162434895833334,11.10226779513889,6.138373480902778,5.148763020833333
2351,00:00:39.167,0.10565863715277778,0.19368489583333334,0.1933322482638889,0.05544704861111111,0.06819661458333333
2352,00:00:39.183,14.806712962962964,13.419596354166666,22.82294379340278,11.817220052083334,9.779975043402779
2353,00:00:39.200,13.504512080439815,12.312825520833334,20.84450954861111,10.816948784722221,8.85207790798611
2354,00:00:39.217,12.572627314814815,10.2099609375,19.435953776041668,9.81662326388889,8.46530490451389
2355,00:00:39.233,11.719274450231481,8.868001302083334,17.846544053819443,9.458875868055555,7.852403428819445
2356,00:00:39.250,14.404161241319445,13.385009765625,22.182047526041668,11.462348090277779,9.56808810763889
2357,00:00:39.267,12.556740089699076,10.95703125,19.17550998263889,10.01022677951389,8.484483506944445
2358,00:00:39.283,14.023989076967593,13.391927083333334,21.00458441840278,11.511040581597221,9.556342230902779
2359,00:00:39.300,10.587510850694445,11.08154296875,16.19723849826389,8.534722222222221,7.030571831597222
2360,00:00:39.317,12.256519458912038,15.64697265625,18.900146484375,9.60641818576389,8.262993706597221
2361,00:00:39.333,13.043050130208334,13.883056640625,20.39824761284722,10.318223741319445,8.412679036458334
2362,00:00:39.350,11.579201027199074,12.181396484375,17.845133463541668,9.2021484375,7.690321180555555
2363,00:00:39.367,12.030390986689815,13.066813151041666,18.85492621527778,9.418023003472221,7.818223741319445
2364,00:00:39.383,0.12336335358796297,0.29052734375,0.21891276041666666,0.06502278645833333,0.0861545138888889
2365,00:00:39.400,13.43450701678241,13.668619791666666,20.499647352430557,10.942464192708334,8.861409505208334
2366,00:00:39.417,18.09639033564815,18.822021484375,27.129530164930557,15.19192165798611,11.967719184027779
2367,00:00:39.433,26.188322844328706,37.443440755208336,39.69154188368056,22.08517795138889,16.788248697916668
2368,00:00:39.450,0.0864619502314815,0.12451171875,0.13853624131944445,0.04909939236111111,0.0717502170138889
2369,00:00:39.467,27.392415364583332,41.573079427083336,41.785074869791664,23.13571506076389,17.256456163194443
2370,00:00:39.483,17.18946216724537,19.403076171875,25.81399197048611,14.102620442708334,11.651774088541666
2371,00:00:39.500,19.40116825810185,18.275553385416668,33.003580729166664,11.400309244791666,13.799614800347221
2372,00:00:39.517,9.666838469328704,11.074625651041666,13.118055555555555,8.503851996527779,7.378607855902778
2373,00:00:39.533,10.589934172453704,13.744710286458334,14.589898003472221,8.737494574652779,8.44240993923611
2374,00:00:39.550,9.57470703125,12.174479166666666,13.236952039930555,8.20412868923611,7.283040364583333
2375,00:00:39.567,8.53517433449074,12.215983072916666,11.729844835069445,7.768256293402778,6.107421875
2376,00:00:39.583,8.541359230324074,12.153727213541666,11.536973741319445,7.888400607638889,6.198703342013889
2377,00:00:39.600,10.254114221643519,13.509521484375,14.158555772569445,9.24801974826389,7.355767144097222
2378,00:00:39.617,8.413610387731483,12.112223307291666,11.280517578125,7.694037543402778,6.266276041666667
2379,00:00:39.633,10.547951027199074,15.211181640625,14.610432942708334,9.413981119791666,7.619439019097222
2380,00:00:39.650,0.12254955150462964,0.7124837239583334,0.21541341145833334,0.06575520833333333,0.08648003472222222
2381,00:00:39.667,9.624900535300926,13.260498046875,13.355333116319445,8.561469184027779,6.957899305555555
2382,00:00:39.683,8.962682653356481,13.5302734375,12.451171875,7.758110894097222,6.678765190972222
2383,00:00:39.700,9.14161060474537,14.014485677083334,12.81564670138889,7.954671223958333,6.654513888888889
2384,00:00:39.717,11.202853732638888,16.172688802083332,16.050618489583332,9.495415581597221,8.06252712673611
2385,00:00:39.733,6.347746672453703,9.186197916666666,8.813395182291666,5.534016927083333,4.695827907986111
2386,00:00:39.750,12.315086082175924,16.027425130208332,17.600938585069443,10.656168619791666,8.688151041666666
2387,00:00:39.767,13.858642578125,18.628336588541668,21.08468967013889,11.09225802951389,9.398980034722221
2388,00:00:39.783,0.17057291666666666,0.5672200520833334,0.3223741319444444,0.079345703125,0.10999891493055555
2389,00:00:39.800,9.74634693287037,14.616292317708334,14.764458550347221,7.642388237847222,6.832194010416667
2390,00:00:39.817,22.870279947916668,35.40283203125,34.78949652777778,19.01974826388889,14.801595052083334
2391,00:00:39.833,11.469247323495372,15.038248697916666,17.243787977430557,9.349772135416666,7.814181857638889
2392,00:00:39.850,12.460340711805555,16.380208333333332,18.759928385416668,9.981553819444445,8.639539930555555
2393,00:00:39.867,8.434145326967593,12.513427734375,12.260823567708334,7.266086154513889,5.775526258680555
2394,00:00:39.883,8.399730541087964,13.205159505208334,12.35451931423611,7.036783854166667,5.807888454861111
2395,00:00:39.900,10.842230902777777,14.346516927083334,16.07912868923611,9.08935546875,7.358208550347222
2396,00:00:39.917,8.125415943287036,10.963948567708334,12.03982204861111,6.860107421875,5.476318359375
2397,00:00:39.933,8.678539134837964,13.218994140625,12.71706814236111,7.245822482638889,6.072726779513889
2398,00:00:39.950,8.144639756944445,12.693277994791666,12.392333984375,6.657552083333333,5.384033203125
2399,00:00:39.967,8.280092592592593,13.73779296875,12.66653103298611,6.656358506944445,5.517388237847222
2400,00:00:39.983,8.151303891782407,13.73779296875,12.914496527777779,6.312147352430555,5.227267795138889
2401,00:00:40.000,14.534487123842593,12.084554036458334,30.563123914930557,3.7853190104166665,9.255018446180555
2402,00:00:40.017,9.342131438078704,16.428629557291668,13.75100368923611,7.954399956597222,6.320990668402778
2403,00:00:40.033,9.85837131076389,18.586832682291668,14.86691623263889,8.160346137152779,6.5478515625
2404,00:00:40.050,8.15357349537037,15.508626302083334,12.420274522569445,6.612765842013889,5.427680121527778
2405,00:00:40.067,9.153275101273147,18.80126953125,14.17629665798611,7.410942925347222,5.872585720486111
2406,00:00:40.083,7.738905164930556,15.0244140625,12.144639756944445,6.147406684027778,4.924669053819445
2407,00:00:40.100,8.27342845775463,15.806070963541666,13.05075412326389,6.496500651041667,5.273030598958333
2408,00:00:40.117,6.776728877314814,13.910725911458334,10.830946180555555,5.156928168402778,4.342312282986111
2409,00:00:40.133,9.66309497974537,15.474039713541666,15.580078125,7.436360677083333,5.972846137152778
2410,00:00:40.150,7.804967809606482,15.183512369791666,12.64404296875,6.032172309027778,4.738688151041667
2411,00:00:40.167,8.953233506944445,17.286376953125,14.677435980902779,6.849582248263889,5.332682291666667
2412,00:00:40.183,7.877287688078703,16.539306640625,12.883138020833334,6.045817057291667,4.702907986111111
2413,00:00:40.200,8.494059244791666,17.791341145833332,14.165337456597221,6.420383029513889,4.896457248263889
2414,00:00:40.217,9.181803385416666,18.185628255208332,15.315511067708334,6.946614583333333,5.283284505208333
2415,00:00:40.233,10.17236328125,22.668050130208332,16.682264539930557,7.989800347222222,5.845024956597222
2416,00:00:40.250,10.567428023726853,23.920084635416668,17.08935546875,8.376356336805555,6.236572265625
2417,00:00:40.267,7.437319155092593,21.312255859375,12.079155815972221,5.727240668402778,4.505560980902778
2418,00:00:40.283,0.11472800925925924,0.6502278645833334,0.2398003472222222,0.043294270833333336,0.061089409722222224
2419,00:00:40.300,11.103153935185185,26.680094401041668,18.19338650173611,8.306939019097221,6.809136284722222
2420,00:00:40.317,12.529577184606481,28.070475260416668,20.568603515625,9.31393771701389,7.706190321180555
2421,00:00:40.333,14.370623553240742,31.307779947916668,23.664469401041668,10.60275607638889,8.844645182291666
2422,00:00:40.350,11.085675274884258,23.103841145833332,18.543077256944443,7.967746310763889,6.746202256944445
2423,00:00:40.367,11.329616970486112,24.826253255208332,18.95505099826389,8.313069661458334,6.720730251736111
2424,00:00:40.383,14.081922743055557,28.610026041666668,24.36349826388889,10.06399197048611,7.818277994791667
2425,00:00:40.400,11.601716218171296,24.307454427083332,19.69550238715278,8.541259765625,6.568386501736111
2426,00:00:40.417,13.045518663194443,25.656331380208332,22.597764756944443,9.165337456597221,7.373453776041667
2427,00:00:40.433,10.54200122974537,21.6650390625,18.46975368923611,7.178493923611111,5.977756076388889
2428,00:00:40.450,0.08093713831018519,0.8369954427083334,0.1504177517361111,0.04098849826388889,0.05140516493055555
2429,00:00:40.467,16.232367621527775,31.466878255208332,26.953287760416668,12.00710720486111,9.736707899305555
2430,00:00:40.483,6.655219184027778,17.203369140625,10.871744791666666,5.030327690972222,4.063585069444445
2431,00:00:40.500,21.476680049189813,36.06689453125,37.409098307291664,14.15576171875,12.865180121527779
2432,00:00:40.517,9.117684823495372,23.505045572916668,13.44064670138889,7.978162977430555,5.934244791666667
2433,00:00:40.533,10.444507740162036,20.924886067708332,16.29535590277778,8.39035373263889,6.647813585069445
2434,00:00:40.550,10.07594581886574,21.8310546875,14.932074652777779,8.53955078125,6.756212022569445
2435,00:00:40.567,8.145363136574074,18.55224609375,12.427870008680555,6.626980251736111,5.381239149305555
2436,00:00:40.583,7.693657769097222,17.486979166666668,11.65939670138889,6.279568142361111,5.142008463541667
2437,00:00:40.600,7.169361255787037,16.622314453125,10.64504665798611,5.997531467013889,4.865505642361111
2438,00:00:40.617,7.003571686921297,14.560953776041666,10.487657335069445,5.793619791666667,4.729437934027778
2439,00:00:40.633,0.0986961082175926,0.6502278645833334,0.1687554253472222,0.050048828125,0.07728407118055555
2440,00:00:40.650,6.576063368055556,12.707112630208334,9.6455078125,5.398844401041667,4.683837890625
2441,00:00:40.667,8.426215277777777,18.310139973958332,12.215006510416666,7.205729166666667,5.85791015625
2442,00:00:40.683,7.979040075231482,16.940511067708332,11.64013671875,6.704074435763889,5.592909071180555
2443,00:00:40.700,7.8172833478009265,20.703531901041668,11.730088975694445,6.441569010416667,5.280192057291667
2444,00:00:40.717,10.371238425925926,22.986246744791668,15.695475260416666,8.38720703125,7.031032986111111
2445,00:00:40.733,9.41991283275463,21.6650390625,14.437174479166666,7.562201605902778,6.260362413194445
2446,00:00:40.750,7.216995804398148,18.621419270833332,10.762749565972221,6.029730902777778,4.858506944444445
2447,00:00:40.767,11.351833767361112,24.94384765625,17.688368055555557,9.0986328125,7.268500434027778
2448,00:00:40.783,10.070945457175926,22.253011067708332,15.552652994791666,8.030463324652779,6.629720052083333
2449,00:00:40.800,9.648256655092593,23.539632161458332,15.203477647569445,7.592393663194445,6.148898654513889
2450,00:00:40.817,10.728524667245372,23.594970703125,17.423963758680557,8.061821831597221,6.699788411458333
2451,00:00:40.833,11.182671440972221,20.904134114583332,18.229356553819443,8.24123806423611,7.077419704861111
2452,00:00:40.850,9.931504991319445,17.071940104166668,16.194959852430557,7.432508680555555,6.167046440972222
2453,00:00:40.867,11.445936414930557,20.890299479166668,18.858778211805557,8.380560980902779,7.098470052083333
2454,00:00:40.883,0.0978099681712963,0.4634602864583333,0.1836208767361111,0.04494900173611111,0.06486002604166667
2455,00:00:40.900,10.019784432870368,15.72998046875,16.629258897569443,7.253797743055555,6.176296657986111
2456,00:00:40.917,14.205123336226853,20.751953125,23.48630099826389,10.23044162326389,8.898627387152779
2457,00:00:40.933,11.239556206597223,15.81298828125,18.626627604166668,8.005126953125,7.0869140625
2458,00:00:40.950,11.238254123263891,16.172688802083332,18.69867621527778,7.935139973958333,7.080946180555555
2459,00:00:40.967,12.328170211226853,19.735107421875,19.93410915798611,9.10595703125,7.944444444444445
2460,00:00:40.983,9.778058087384258,17.701416015625,16.080430772569443,6.935139973958333,6.318603515625
2461,00:00:41.000,20.03465892650463,25.462646484375,35.59535047743056,11.36355251736111,13.145073784722221
2462,00:00:41.017,15.628842954282407,29.080403645833332,24.93679470486111,11.814995659722221,10.13473849826389
2463,00:00:41.033,20.097032335069443,39.490966796875,32.559787326388886,14.994683159722221,12.736626519097221
2464,00:00:41.050,11.985270182291666,23.020833333333332,19.548719618055557,8.799126519097221,7.607964409722222
2465,00:00:41.067,7.576352719907407,15.038248697916666,12.378092447916666,5.555799696180555,4.795166015625
2466,00:00:41.083,8.73338035300926,19.472249348958332,14.284803602430555,6.400933159722222,5.514404296875
2467,00:00:41.100,6.313431351273148,19.665934244791668,10.34006076388889,4.628173828125,3.9720594618055554
2468,00:00:41.117,10.76611328125,24.079182942708332,18.231309678819443,7.584635416666667,6.482394748263889
2469,00:00:41.133,7.671341507523149,17.978108723958332,13.011827256944445,5.432562934027778,4.569634331597222
2470,00:00:41.150,7.986508969907407,20.067138671875,13.745469835069445,5.47802734375,4.736029730902778
2471,00:00:41.167,0.11504448784722222,1.1551920572916667,0.2236599392361111,0.056559244791666664,0.0649142795138889
2472,00:00:41.183,7.710648148148148,16.034342447916668,13.376410590277779,5.331353081597222,4.424180772569445
2473,00:00:41.200,9.534830729166666,20.523681640625,17.19582790798611,6.238444010416667,5.170220269097222
2474,00:00:41.217,8.72607421875,17.217203776041668,16.12494574652778,5.409857855902778,4.643419053819445
2475,00:00:41.233,13.942617910879628,22.986246744791668,26.15966796875,8.832085503472221,6.836100260416667
2476,00:00:41.250,8.805230034722223,20.018717447916668,15.031575520833334,6.435329861111111,4.948784722222222
2477,00:00:41.267,7.337836371527778,16.608479817708332,12.6201171875,5.348171657986111,4.045220269097222
2478,00:00:41.283,7.838053385416667,17.742919921875,13.57565646701389,5.617078993055555,4.321424696180555
2479,00:00:41.300,9.193160445601851,19.610595703125,16.17941623263889,6.430989583333333,4.969075520833333
2480,00:00:41.317,7.93456127025463,16.636149088541668,13.737928602430555,5.683675130208333,4.382080078125
2481,00:00:41.333,8.236463758680555,17.659912109375,14.28371853298611,5.854058159722222,4.571614583333333
2482,00:00:41.350,8.366889105902777,23.3251953125,14.682318793402779,5.916558159722222,4.501790364583333
2483,00:00:41.367,8.464147497106483,20.620524088541668,15.109076605902779,5.762668185763889,4.520697699652778
2484,00:00:41.383,6.753345630787038,21.25,11.93307834201389,4.652208116319445,3.6747504340277777
2485,00:00:41.400,11.556025752314815,24.106852213541668,20.66924370659722,7.800944010416667,6.197889539930555
2486,00:00:41.417,8.151186342592593,23.11767578125,14.673231336805555,5.459364149305555,4.320963541666667
2487,00:00:41.433,8.953414351851853,22.439778645833332,16.28173828125,5.786593967013889,4.791910807291667
2488,00:00:41.450,0.5037615740740741,2.220458984375,1.0361056857638888,0.19102647569444445,0.2841525607638889
2489,00:00:41.467,11.403953269675926,23.394368489583332,20.62502712673611,7.541937934027778,6.044894748263889
2490,00:00:41.483,10.150245949074074,20.157063802083332,18.88620334201389,6.153238932291667,5.411295572916667
2491,00:00:41.500,18.708414713541668,23.594970703125,39.064046223958336,7.577094184027778,9.48410373263889
2492,00:00:41.517,13.802218967013888,32.24853515625,21.600694444444443,11.602674696180555,8.203287760416666
2493,00:00:41.533,12.296368634259258,31.487630208333332,19.495713975694443,10.05810546875,7.335286458333333
2494,00:00:41.550,34.90953233506945,75.12898763020833,52.70396592881944,32.887966579861114,19.13666449652778
2495,00:00:41.567,36.004738136574076,79.72208658854167,52.780056423611114,35.903889973958336,19.33026801215278
2496,00:00:41.583,0.04088903356481482,0.15909830729166666,0.05504014756944445,0.025580512152777776,0.042046440972222224
2497,00:00:41.600,31.50194408275463,70.39754231770833,45.274576822916664,29.91232638888889,19.318929036458332
2498,00:00:41.617,27.643174913194446,50.09521484375,40.459798177083336,24.146728515625,18.322998046875
2499,00:00:41.633,14.453911675347221,21.37451171875,21.51850043402778,11.775309244791666,10.067925347222221
2500,00:00:41.650,11.706741898148147,17.666829427083332,17.65329318576389,9.534016927083334,7.932915581597222
2501,00:00:41.667,9.809497974537036,16.193440755208332,14.639404296875,8.19363064236111,6.595458984375
2502,00:00:41.683,11.842556423611109,16.179606119791668,16.915771484375,9.82741970486111,8.784478081597221
2503,00:00:41.700,13.844807942708334,18.116455078125,20.128282335069443,11.37424045138889,10.031901041666666
2504,00:00:41.717,11.676658347800926,14.934488932291666,17.302490234375,9.38864474826389,8.33884006076389
2505,00:00:41.733,0.1859447337962963,0.3181966145833333,0.3396267361111111,0.07771809895833333,0.14048936631944445
2506,00:00:41.750,0.06114366319444445,0.034586588541666664,0.11078559027777778,0.027425130208333332,0.045220269097222224
2507,00:00:41.767,19.385642722800924,22.806396484375,28.145589192708332,17.119493272569443,12.891845703125
2508,00:00:41.783,11.554117838541666,17.542317708333332,16.209147135416668,10.253553602430555,8.199652777777779
2509,00:00:41.800,8.680754484953704,12.520345052083334,11.744574652777779,7.6083984375,6.689290364583333
2510,00:00:41.817,9.933693214699074,11.939290364583334,14.2470703125,8.43551974826389,7.118489583333333
2511,00:00:41.833,9.157307942708334,11.019287109375,12.905707465277779,7.975613064236111,6.590603298611111
2512,00:00:41.850,8.397488064236112,10.0439453125,11.563829210069445,7.724500868055555,5.904134114583333
2513,00:00:41.867,7.624846281828705,9.732666015625,10.348795572916666,6.835340711805555,5.690402560763889
2514,00:00:41.883,18.83516890914352,51.374918619791664,22.785481770833332,19.493543836805557,14.226481119791666
2515,00:00:41.900,7.77881763599537,22.716471354166668,13.807020399305555,5.112847222222222,4.416585286458333
2516,00:00:41.917,0.06559244791666667,0.4150390625,0.1137966579861111,0.033257378472222224,0.049723307291666664
2517,00:00:41.933,5.8969545717592595,14.809977213541666,10.223741319444445,3.864013671875,3.6031087239583335
2518,00:00:41.950,9.072003399884258,22.508951822916668,13.881700303819445,6.542561848958333,6.791748046875
2519,00:00:41.967,7.222050419560184,22.502034505208332,10.41115993923611,5.782497829861111,5.472493489583333
2520,00:00:41.983,7.54541919849537,19.659016927083332,10.523003472222221,6.270697699652778,5.842556423611111
2521,00:00:42.000,15.246464482060185,22.751057942708332,25.728515625,8.387641059027779,11.623236762152779
2522,00:00:42.017,7.054172092013889,19.292399088541668,8.67483181423611,7.089029947916667,5.398654513888889
2523,00:00:42.033,6.451750578703703,15.079752604166666,8.239339192708334,6.062744140625,5.053168402777778
2524,00:00:42.050,7.889350043402778,15.944417317708334,10.739149305555555,7.032931857638889,5.895968967013889
2525,00:00:42.067,18.133599175347225,30.360107421875,25.05683051215278,16.197916666666668,13.146050347222221
2526,00:00:42.083,29.694887514467595,60.734049479166664,42.267361111111114,25.930582682291668,20.88671875
2527,00:00:42.100,35.49717881944444,59.378255208333336,49.41981336805556,31.638509114583332,25.433213975694443
2528,00:00:42.117,53.8255298755787,82.35758463541667,74.79123263888889,50.484293619791664,36.20106336805556
2529,00:00:42.133,0.10654477719907407,0.29052734375,0.1200900607638889,0.0852322048611111,0.11431206597222222
2530,00:00:42.150,54.15573459201389,76.33260091145833,72.04361979166667,56.71929253472222,33.70429144965278
2531,00:00:42.167,51.08743851273149,68.70279947916667,75.85476345486111,50.115397135416664,27.292154947916668
2532,00:00:42.183,6.634340639467593,8.978678385416666,9.613579644097221,6.129286024305555,4.16015625
2533,00:00:42.200,5.1875994646990735,5.43701171875,8.509819878472221,4.214436848958333,2.8385416666666665
2534,00:00:42.217,4.133834273726852,4.876708984375,7.077799479166667,3.2696940104166665,2.0540093315972223
2535,00:00:42.233,5.15990306712963,7.622884114583333,8.380262586805555,4.049886067708333,3.049560546875
2536,00:00:42.250,8.348587601273149,9.552815755208334,13.214219835069445,6.935221354166667,4.896321614583333
2537,00:00:42.267,12.141945167824074,12.65869140625,18.749267578125,10.235053168402779,7.441514756944445
2538,00:00:42.283,15.973614728009258,15.72998046875,24.970784505208332,12.544297960069445,10.40576171875
2539,00:00:42.300,0.5814706307870371,1.4111328125,1.0073784722222223,0.2427300347222222,0.4943033854166667
2540,00:00:42.317,17.663682725694443,16.93359375,27.96601019965278,13.52536349826389,11.499674479166666
2541,00:00:42.333,22.185167100694443,22.9931640625,34.86113823784722,17.36423068576389,14.330132378472221
2542,00:00:42.350,21.807526765046294,21.194661458333332,35.66522894965278,16.37787543402778,13.379475911458334
2543,00:00:42.367,25.439832899305557,24.674072265625,41.23255750868056,19.613199869791668,15.473741319444445
2544,00:00:42.383,23.789044415509256,25.559488932291668,36.017008463541664,19.657579210069443,15.692545572916666
2545,00:00:42.400,27.27757884837963,29.267171223958332,37.992268880208336,23.621907552083332,20.21856011284722
2546,00:00:42.417,17.59075701678241,15.501708984375,23.41897243923611,16.08132595486111,13.27197265625
2547,00:00:42.433,0.08185040509259259,0.45654296875,0.1228298611111111,0.04503038194444445,0.07769097222222222
2548,00:00:42.450,0.006157769097222221,0.0,0.012369791666666666,0.0017903645833333333,0.004313151041666667
2549,00:00:42.467,0.004602502893518518,0.0,0.008843315972222222,0.00146484375,0.0034993489583333335
2550,00:00:42.483,16.914161964699073,14.180501302083334,21.67721896701389,15.841118706597221,13.22414822048611
2551,00:00:42.500,36.397668909143526,52.83447265625,44.76152886284722,31.70342339409722,32.728054470486114
2552,00:00:42.517,21.5958568431713,37.837727864583336,21.324842664930557,21.392985026041668,22.069742838541668
2553,00:00:42.533,17.925690827546294,26.825358072916668,17.937093098958332,16.92770724826389,18.912272135416668
2554,00:00:42.550,0.062219690393518524,0.601806640625,0.09244791666666667,0.036919487847222224,0.057291666666666664
2555,00:00:42.567,29.747169777199076,52.730712890625,38.725368923611114,27.383653428819443,23.132486979166668
2556,00:00:42.583,35.8904712818287,75.19816080729167,48.40009223090278,33.21435546875,26.056966145833332
2557,00:00:42.600,54.176622178819436,88.06437174479167,62.368381076388886,64.48470052083333,35.676784939236114
2558,00:00:42.617,46.010986328125,79.4384765625,51.09540473090278,53.63481987847222,33.302734375
2559,00:00:42.633,54.7410300925926,102.77750651041667,71.16848415798611,59.383138020833336,33.671468098958336
2560,00:00:42.650,0.0984157986111111,0.6778971354166666,0.12367078993055555,0.08089192708333333,0.09068467881944445
2561,00:00:42.667,40.23083948206018,82.30916341145833,58.90380859375,36.82465277777778,24.96405707465278
2562,00:00:42.683,40.99230504918981,86.99910481770833,62.318766276041664,34.22089301215278,26.437255859375
2563,00:00:42.700,23.996175130208332,59.613444010416664,36.275797526041664,18.91558159722222,16.79714626736111
2564,00:00:42.717,0.13487413194444445,0.684814453125,0.2392578125,0.0719943576388889,0.09337022569444445
2565,00:00:42.733,12.451560691550926,32.988688151041664,18.27761501736111,9.582139756944445,9.494927300347221
2566,00:00:42.750,15.918004918981481,38.577880859375,23.866807725694443,11.617567274305555,12.269639756944445
2567,00:00:42.767,17.17989547164352,32.732747395833336,26.552001953125,12.782172309027779,12.205512152777779
2568,00:00:42.783,25.58418330439815,45.384521484375,40.924099392361114,19.122911241319443,16.70553927951389
2569,00:00:42.800,22.08496997974537,45.149332682291664,31.405436197916668,19.92778862847222,14.921685112847221
2570,00:00:42.817,30.326642071759256,74.61710611979167,47.01288519965278,22.808837890625,21.158203125
2571,00:00:42.833,21.654676649305557,44.921061197916664,32.076687282986114,17.16286892361111,15.724473741319445
2572,00:00:42.850,23.663140190972225,49.611002604166664,32.500081380208336,17.21902126736111,21.27031792534722
2573,00:00:42.867,0.1532027633101852,1.4111328125,0.23570421006944445,0.08805338541666667,0.13585069444444445
2574,00:00:42.883,23.624421296296294,36.620279947916664,36.88023546006944,14.597222222222221,19.39580620659722
2575,00:00:42.900,14.906032986111112,26.735432942708332,22.194091796875,9.179524739583334,13.344482421875
2576,00:00:42.917,18.17434353298611,30.788981119791668,26.71066623263889,12.851264105902779,14.961100260416666
2577,00:00:42.933,20.374683521412038,28.755289713541668,29.515543619791668,14.64792209201389,16.960584852430557
2578,00:00:42.950,11.756031177662038,25.912272135416668,16.82229275173611,8.370903862847221,10.074896918402779
2579,00:00:42.967,13.109564887152779,23.712565104166668,19.40549045138889,9.090766059027779,10.832438151041666
2580,00:00:42.983,17.342963324652775,25.10986328125,27.07329644097222,11.67409939236111,13.281494140625
2581,00:00:43.000,22.92622432002315,26.756184895833332,36.77015516493056,13.692789713541666,18.31572808159722
2582,00:00:43.017,16.105504918981485,23.885498046875,23.935791015625,11.894856770833334,12.48586697048611
2583,00:00:43.033,15.48164424189815,23.961588541666668,22.49514431423611,11.712239583333334,12.237548828125
2584,00:00:43.050,18.896339699074076,29.55078125,27.859022352430557,14.122884114583334,14.707112630208334
2585,00:00:43.067,18.03441478587963,25.220540364583332,26.92209201388889,13.393310546875,13.787841796875
2586,00:00:43.083,20.753490306712962,24.957682291666668,29.32888454861111,14.917724609375,18.01386176215278
2587,00:00:43.100,18.52070674189815,20.426839192708332,27.98464626736111,13.20608181423611,14.371392144097221
2588,00:00:43.117,17.733796296296298,19.970296223958332,26.198621961805557,12.665093315972221,14.33767361111111
2589,00:00:43.133,17.633174189814813,21.533610026041668,27.35744900173611,12.032362196180555,13.509711371527779
2590,00:00:43.150,15.358552155671298,18.697509765625,22.59600151909722,10.851643880208334,12.628011067708334
2591,00:00:43.167,14.756501374421296,21.713460286458332,20.747965494791668,10.77297634548611,12.74856228298611
2592,00:00:43.183,13.467366536458334,17.618408203125,18.88747829861111,9.58273654513889,11.931884765625
2593,00:00:43.200,11.995189525462962,18.572998046875,16.68598090277778,8.53366427951389,10.765923394097221
2594,00:00:43.217,10.139458550347221,14.533284505208334,13.75265842013889,7.175645616319445,9.490071614583334
2595,00:00:43.233,18.16432472511574,28.008219401041668,25.648681640625,12.834526909722221,16.009765625
2596,00:00:43.250,0.061785662615740734,0.933837890625,0.102783203125,0.026909722222222224,0.0556640625
2597,00:00:43.267,36.56897424768518,72.09920247395833,46.0224609375,31.145399305555557,32.5390625
2598,00:00:43.283,34.399088541666664,82.41292317708333,41.117892795138886,30.51508246527778,31.564290364583332
2599,00:00:43.300,38.3404857494213,74.73470052083333,44.91343858506944,36.02989366319444,34.078125
2600,00:00:43.317,40.15767867476851,70.99934895833333,47.720703125,40.025065104166664,32.727267795138886
2601,00:00:43.333,38.04150390625,66.44775390625,42.284695095486114,41.22119140625,30.61862521701389
2602,00:00:43.350,24.853669343171294,46.387532552083336,25.926405164930557,27.036756727430557,21.59784613715278
2603,00:00:43.367,6.460132740162037,14.906819661458334,7.340223524305555,6.068440755208333,5.971733940972222
2604,00:00:43.383,18.903492115162035,35.880126953125,19.165201822916668,19.81011284722222,17.73516167534722
2605,00:00:43.400,0.11661783854166667,0.394287109375,0.1427680121527778,0.0859103732638889,0.12117513020833333
2606,00:00:43.417,21.222882306134256,40.21728515625,20.59133572048611,22.537217881944443,20.54009331597222
2607,00:00:43.433,20.007694950810187,38.515625,19.38690863715278,21.100477430555557,19.53569878472222
2608,00:00:43.450,11.898555049189815,19.562174479166668,11.723741319444445,11.364339192708334,12.607584635416666
2609,00:00:43.467,13.922417534722221,23.103841145833332,14.033365885416666,13.957166883680555,13.776719835069445
2610,00:00:43.483,11.425220630787036,13.122151692708334,11.181070963541666,11.914415147569445,11.18017578125
2611,00:00:43.500,10.466842086226853,11.683349609375,16.70285373263889,4.055419921875,10.642252604166666
2612,00:00:43.517,10.675916883680557,21.305338541666668,9.482421875,11.109700520833334,11.435628255208334
2613,00:00:43.533,15.865505642361109,26.348063151041668,14.404649522569445,17.076280381944443,16.115587022569443
2614,00:00:43.550,17.016583478009263,28.056640625,15.61813693576389,18.001627604166668,17.42998589409722
2615,00:00:43.567,19.822193287037038,31.00341796875,18.080973307291668,22.26711697048611,19.118489583333332
2616,00:00:43.583,20.616753472222225,33.673502604166664,19.597032335069443,23.201795789930557,19.051432291666668
2617,00:00:43.600,18.09379521122685,32.296956380208336,17.56418185763889,19.97235785590278,16.74484592013889
2618,00:00:43.617,16.44036639178241,29.723714192708332,16.447184244791668,18.06521267361111,14.808702256944445
2619,00:00:43.633,17.978651258680557,33.140869140625,18.218668619791668,19.384195963541668,16.333089192708332
2620,00:00:43.650,15.392451533564815,28.063557942708332,15.077229817708334,17.035888671875,14.06423611111111
2621,00:00:43.667,15.677490234375,33.832600911458336,15.44650607638889,17.295979817708332,14.289984809027779
2622,00:00:43.683,18.126953125,33.708089192708336,18.033121744791668,20.07199435763889,16.275743272569443
2623,00:00:43.700,0.10664424189814814,0.4842122395833333,0.1518825954861111,0.06917317708333333,0.098876953125
2624,00:00:43.717,26.09674298321759,54.093424479166664,27.91257052951389,28.58175998263889,21.7958984375
2625,00:00:43.733,28.468189380787038,53.028157552083336,30.185872395833332,32.85517035590278,22.363525390625
2626,00:00:43.750,42.25584129050926,62.290445963541664,45.078640407986114,52.508029513888886,29.18085394965278
2627,00:00:43.767,36.80866608796296,61.993001302083336,42.79638671875,42.875027126736114,24.75458441840278
2628,00:00:43.783,32.3408203125,53.66455078125,38.431722005208336,36.170491536458336,22.420247395833332
2629,00:00:43.800,28.64554398148148,46.159261067708336,34.823947482638886,31.11379665798611,19.998887803819443
2630,00:00:43.817,20.93803349247685,27.039794921875,25.83892144097222,22.72488064236111,14.250298394097221
2631,00:00:43.833,20.61844437210648,22.419026692708332,26.78643120659722,21.941541883680557,13.127360026041666
2632,00:00:43.850,17.881103515625,18.877360026041668,25.187608506944443,17.77398003472222,10.681722005208334
2633,00:00:43.867,20.124475549768515,26.673177083333332,28.406114366319443,19.65313042534722,12.31418185763889
2634,00:00:43.883,20.85595703125,29.516194661458332,29.76152886284722,20.454345703125,12.351996527777779
2635,00:00:43.900,16.957420066550924,28.900553385416668,23.708577473958332,16.986409505208332,10.17727322048611
2636,00:00:43.917,0.3463451244212963,2.5870768229166665,0.5477973090277778,0.22376844618055555,0.2674696180555556
2637,00:00:43.933,17.55546513310185,29.447021484375,24.11615668402778,17.64702690972222,10.903211805555555
2638,00:00:43.950,18.60138165509259,31.708984375,24.62993706597222,18.96245659722222,12.211751302083334
2639,00:00:43.967,15.782027633101853,25.248209635416668,20.936930338541668,16.3251953125,10.08395724826389
2640,00:00:43.983,18.307219328703702,28.5546875,25.12521701388889,18.37505425347222,11.42138671875
2641,00:00:44.000,20.82517722800926,23.968505859375,31.775309244791668,16.732286241319443,13.967936197916666
2642,00:00:44.017,19.321876808449073,28.658447265625,26.215196397569443,19.502821180555557,12.247612847222221
2643,00:00:44.033,23.33223922164352,37.332763671875,31.37673611111111,23.549424913194443,15.070556640625
2644,00:00:44.050,23.944200303819446,37.955322265625,32.20008680555556,23.903483072916668,15.72903103298611
2645,00:00:44.067,21.442048249421294,30.401611328125,29.131700303819443,20.99994574652778,14.194498697916666
2646,00:00:44.083,19.387089482060187,18.282470703125,26.014729817708332,19.004991319444443,13.141547309027779
2647,00:00:44.100,18.85135452835648,18.068033854166668,26.24310980902778,17.90158420138889,12.409369574652779
2648,00:00:44.117,17.52322048611111,16.165771484375,23.73320855034722,17.130859375,11.70559353298611
2649,00:00:44.133,20.69970703125,19.79736328125,29.09673394097222,19.688612196180557,13.313774956597221
2650,00:00:44.150,19.562599464699073,22.481282552083332,27.174669053819443,19.093505859375,12.419623480902779
2651,00:00:44.167,18.38546187789352,22.979329427083332,25.58856879340278,17.513780381944443,12.054036458333334
2652,00:00:44.183,15.17136863425926,18.732096354166668,21.106797960069443,14.482855902777779,9.924452039930555
2653,00:00:44.200,0.16624168113425927,0.601806640625,0.3002658420138889,0.07831488715277778,0.1201443142361111
2654,00:00:44.217,17.329454210069443,21.070149739583332,24.51418728298611,15.914306640625,11.559868706597221
2655,00:00:44.233,18.91015625,20.150146484375,26.98635525173611,17.39019097222222,12.353922526041666
2656,00:00:44.250,16.519757306134256,14.823811848958334,23.52837456597222,15.12112087673611,10.909776475694445
2657,00:00:44.267,19.159523292824073,16.255696614583332,27.397298177083332,16.929551866319443,13.151719835069445
2658,00:00:44.283,16.84348777488426,15.736897786458334,22.54220920138889,16.383165147569443,11.605088975694445
2659,00:00:44.300,25.547227647569443,34.344482421875,35.031412760416664,24.853651258680557,16.75661892361111
2660,00:00:44.317,23.578974971064813,31.08642578125,32.334879557291664,22.797227647569443,15.604817708333334
2661,00:00:44.333,20.906656901041668,27.4755859375,28.12651909722222,20.468831380208332,14.124620225694445
2662,00:00:44.350,14.052300347222221,12.506510416666666,18.82546657986111,13.585503472222221,9.745930989583334
2663,00:00:44.367,16.580674913194446,15.370279947916666,23.06228298611111,15.373480902777779,11.306260850694445
2664,00:00:44.383,13.856454354745372,12.485758463541666,18.80764431423611,13.32101779513889,9.44070095486111
2665,00:00:44.400,17.853606047453706,13.855387369791666,25.07256401909722,16.245496961805557,12.242757161458334
2666,00:00:44.417,0.046079282407407406,0.2836100260416667,0.0808376736111111,0.02392578125,0.03347439236111111
2667,00:00:44.433,15.051097728587962,13.793131510416666,21.071695963541668,13.940483940972221,10.14111328125
2668,00:00:44.450,16.20976200810185,16.172688802083332,23.002197265625,14.470703125,11.156385633680555
2669,00:00:44.467,16.937617549189813,16.497802734375,24.393174913194443,14.87399631076389,11.54568142361111
2670,00:00:44.483,15.614637586805555,17.445475260416668,22.497884114583332,13.77197265625,10.574055989583334
2671,00:00:44.500,20.80668583622685,19.292399088541668,35.45307074652778,13.39333767361111,13.573649088541666
2672,00:00:44.517,15.501790364583334,23.961588541666668,22.103759765625,14.092963324652779,10.308648003472221
2673,00:00:44.533,13.89213505497685,19.534505208333332,19.957139756944443,12.615397135416666,9.103868272569445
2674,00:00:44.550,15.343542028356481,25.476481119791668,22.34052191840278,13.76955837673611,9.920545789930555
2675,00:00:44.567,14.904242621527777,25.56640625,22.151448567708332,13.16408962673611,9.39718967013889
2676,00:00:44.583,14.226897063078704,27.150472005208332,21.451036241319443,12.467366536458334,8.762288411458334
2677,00:00:44.600,10.847213179976853,23.435872395833332,16.30254448784722,9.535074869791666,6.704020182291667
2678,00:00:44.617,19.412543402777775,28.291829427083332,33.03843858506944,14.754557291666666,10.444634331597221
2679,00:00:44.633,14.494511357060185,30.380859375,21.15549045138889,13.4580078125,8.870035807291666
2680,00:00:44.650,13.09837058738426,27.800699869791668,19.843668619791668,11.46921115451389,7.982231987847222
2681,00:00:44.667,0.07881221064814815,0.5948893229166666,0.1287163628472222,0.03773328993055555,0.06998697916666667
2682,00:00:44.683,14.195366753472223,29.128824869791668,21.72292751736111,12.131537543402779,8.731635199652779
2683,00:00:44.700,13.696469907407407,26.27197265625,20.76152886284722,11.723931206597221,8.603949652777779
2684,00:00:44.717,14.397298177083334,26.133626302083332,21.979871961805557,12.406602647569445,8.805419921875
2685,00:00:44.733,12.313684534143519,23.262939453125,18.18606228298611,10.913465711805555,7.841525607638889
2686,00:00:44.750,13.911051432291666,25.047607421875,20.969373914930557,12.21945529513889,8.544325086805555
2687,00:00:44.767,12.966995804398147,26.866861979166668,19.489149305555557,11.306694878472221,8.105143229166666
2688,00:00:44.783,34.11500831886574,64.23421223958333,49.854031032986114,33.866861979166664,18.624131944444443
2689,00:00:44.800,34.055338541666664,67.57527669270833,46.29625108506944,33.76250542534722,22.107259114583332
2690,00:00:44.817,30.530146846064813,62.899169921875,38.60438368055556,34.047037760416664,18.93901909722222
2691,00:00:44.833,0.06450737847222222,0.2559407552083333,0.08821614583333333,0.04031032986111111,0.06499565972222222
2692,00:00:44.850,45.118995949074076,74.76236979166667,62.948513454861114,52.40806749131944,20.000406901041668
2693,00:00:44.867,39.815212673611114,61.944580078125,51.098904079861114,48.636257595486114,19.71047634548611
2694,00:00:44.883,32.36891456886574,57.98095703125,42.98448350694444,34.51722547743056,19.60503472222222
2695,00:00:44.900,26.774712456597225,48.054606119791664,35.56922743055556,26.396837022569443,18.358072916666668
2696,00:00:44.917,34.016990379050924,51.388753255208336,46.58824327256944,34.792507595486114,20.67022026909722
2697,00:00:44.933,21.80367476851852,31.08642578125,31.990885416666668,18.82980685763889,14.59033203125
2698,00:00:44.950,12.426938657407407,11.634928385416666,17.35885959201389,11.310709635416666,8.611246744791666
2699,00:00:44.967,14.000822844328704,14.609375,19.882405598958332,12.47707790798611,9.642985026041666
2700,00:00:44.983,11.134168836805557,9.704996744791666,15.747748480902779,9.70632595486111,7.948432074652778
2701,00:00:45.000,13.567780671296296,9.767252604166666,26.144449869791668,4.044460720486111,10.51443142361111
2702,00:00:45.017,26.64386212384259,21.969401041666668,35.697998046875,22.91387261284722,21.319715711805557
2703,00:00:45.033,0.12623878761574073,0.3597005208333333,0.19645182291666666,0.08642578125,0.09583875868055555
2704,00:00:45.050,11.916404441550926,13.751627604166666,16.992024739583332,10.548529730902779,8.208658854166666
2705,00:00:45.067,16.55635127314815,29.67529296875,23.259168836805557,13.956163194444445,12.453721788194445
2706,00:00:45.083,14.929515697337962,13.9453125,21.932481553819443,12.35232204861111,10.503743489583334
2707,00:00:45.100,13.343858506944443,13.972981770833334,19.525010850694443,11.265245225694445,9.241319444444445
2708,00:00:45.117,11.468921802662036,12.686360677083334,16.810655381944443,9.545030381944445,8.051079644097221
2709,00:00:45.133,13.988425925925926,17.459309895833332,20.15234375,11.894287109375,9.918646918402779
2710,00:00:45.150,10.481391059027777,12.3681640625,15.183648003472221,8.834635416666666,7.425889756944445
2711,00:00:45.167,0.16729058159722224,0.601806640625,0.2507595486111111,0.0939670138888889,0.15714518229166666
2712,00:00:45.183,16.860297309027775,17.943522135416668,25.28374565972222,13.891764322916666,11.405381944444445
2713,00:00:45.200,0.18344003182870372,1.0306803385416667,0.3009440104166667,0.0849880642361111,0.16438802083333334
2714,00:00:45.217,13.542272497106481,10.445149739583334,20.348985460069443,11.501953125,8.77587890625
2715,00:00:45.233,11.380226417824074,11.904703776041666,16.9169921875,9.73147243923611,7.492214626736111
2716,00:00:45.250,13.658058449074074,13.827718098958334,20.62334526909722,11.597303602430555,8.753526475694445
2717,00:00:45.267,11.998526114004628,11.2060546875,18.499376085069443,9.934163411458334,7.562038845486111
2718,00:00:45.283,12.531674985532407,11.406656901041666,18.938151041666668,10.709554036458334,7.947319878472222
2719,00:00:45.300,13.572030526620372,12.686360677083334,20.41083441840278,11.68777126736111,8.617485894097221
2720,00:00:45.317,10.903238932291666,10.182291666666666,16.46408420138889,9.285101996527779,6.960530598958333
2721,00:00:45.333,12.61181640625,13.848470052083334,19.12554253472222,10.757269965277779,7.95263671875
2722,00:00:45.350,10.640462239583334,9.995524088541666,16.555528428819443,8.99850802951389,6.367350260416667
2723,00:00:45.367,13.38396990740741,11.2060546875,20.601942274305557,11.41799587673611,8.131971571180555
2724,00:00:45.383,11.590060763888888,12.810872395833334,17.851182725694443,9.791259765625,7.127739800347222
2725,00:00:45.400,11.188585069444445,11.510416666666666,17.379041883680557,9.516764322916666,6.669949001736111
2726,00:00:45.417,11.305546513310185,13.046061197916666,17.267225477430557,9.758192274305555,6.891221788194445
2727,00:00:45.433,12.746066623263888,13.592529296875,19.562093098958332,11.075629340277779,7.600477430555555
2728,00:00:45.450,10.618317780671296,10.369059244791666,16.417724609375,9.08835177951389,6.348876953125
2729,00:00:45.467,0.09959129050925926,1.5287272135416667,0.16845703125,0.05398220486111111,0.07633463541666667
2730,00:00:45.483,13.523157190393519,17.652994791666668,20.36423068576389,11.88454861111111,8.320692274305555
2731,00:00:45.500,19.79932544849537,16.497802734375,33.24329969618056,12.519422743055555,13.63525390625
2732,00:00:45.517,22.695457175925927,19.845784505208332,34.79701063368056,19.38601345486111,13.90334743923611
2733,00:00:45.533,15.097864221643519,13.717041015625,22.6923828125,12.612630208333334,9.988579644097221
2734,00:00:45.550,17.30197482638889,19.0087890625,26.83062065972222,13.74533420138889,11.329969618055555
2735,00:00:45.567,9.845486111111112,11.088460286458334,14.923583984375,7.451605902777778,7.161268446180555
2736,00:00:45.583,19.45367657696759,20.157063802083332,30.30715603298611,15.45358615451389,12.600287543402779
2737,00:00:45.600,18.75782154224537,19.499918619791668,28.72922092013889,14.96994357638889,12.574300130208334
2738,00:00:45.617,6.2742693865740735,6.592203776041667,8.255126953125,5.170545789930555,5.397135416666667
2739,00:00:45.633,8.993471498842593,9.8779296875,11.953423394097221,7.727213541666667,7.299777560763889
2740,00:00:45.650,25.24247685185185,32.878011067708336,39.35999891493056,20.68039279513889,15.68703884548611
2741,00:00:45.667,29.86681676793981,37.2705078125,45.582492404513886,25.48041449652778,18.53754340277778
2742,00:00:45.683,33.48894133391204,38.515625,50.95228407118056,28.37790256076389,21.136637369791668
2743,00:00:45.700,28.34963650173611,32.324625651041664,42.57774522569444,23.285970052083332,19.185194227430557
2744,00:00:45.717,37.279947916666664,47.556559244791664,51.03260633680556,32.74134657118056,28.06589084201389
2745,00:00:45.733,31.877513744212965,46.740315755208336,45.021511501736114,28.16994900173611,22.441080729166668
2746,00:00:45.750,0.0952510127314815,0.20060221354166666,0.1445041232638889,0.057047526041666664,0.0842013888888889
2747,00:00:45.767,25.11788375289352,27.51708984375,35.922146267361114,21.299479166666668,18.13202582465278
2748,00:00:45.783,9.68623408564815,6.84814453125,12.509602864583334,8.081380208333334,8.467719184027779
2749,00:00:45.800,7.60010669849537,5.340169270833333,9.07712131076389,7.408203125,6.314995659722222
2750,00:00:45.817,7.594066478587963,6.066487630208333,9.67941623263889,7.363742404513889,5.739040798611111
2751,00:00:45.833,9.650698061342593,5.665283203125,12.446885850694445,8.84640842013889,7.658799913194445
2752,00:00:45.850,9.904206452546296,7.083333333333333,12.660780164930555,9.129584418402779,7.922254774305555
2753,00:00:45.867,9.612458405671296,6.861979166666667,12.632975260416666,8.617350260416666,7.587049696180555
2754,00:00:45.883,9.57936378761574,10.950113932291666,12.9052734375,8.602159288194445,7.230658637152778
2755,00:00:45.900,8.111689814814815,12.119140625,11.460096571180555,6.835313585069445,6.039659288194445
2756,00:00:45.917,9.000533492476851,10.659586588541666,12.902479383680555,7.490776909722222,6.608344184027778
2757,00:00:45.933,21.325602213541668,29.018147786458332,31.095079210069443,18.01708984375,14.864637586805555
2758,00:00:45.950,26.103569878472225,41.669921875,37.32432725694444,23.09524197048611,17.89114040798611
2759,00:00:45.967,25.138689959490744,36.011555989583336,36.51416015625,21.786865234375,17.11504448784722
2760,00:00:45.983,10.014069733796296,12.610270182291666,13.857991536458334,8.844292534722221,7.339925130208333
2761,00:00:46.000,16.69873046875,14.754638671875,27.001085069444443,10.531331380208334,12.563774956597221
2762,00:00:46.017,13.402777777777779,14.159749348958334,19.022867838541668,11.855360243055555,9.33010525173611
2763,00:00:46.033,0.07381184895833333,0.21443684895833334,0.11162651909722222,0.046305338541666664,0.0635036892361111
2764,00:00:46.050,21.878544560185187,26.659342447916668,31.75634765625,18.817464192708332,15.061821831597221
2765,00:00:46.067,27.639259620949076,36.578776041666664,39.55224609375,24.159315321180557,19.206217447916668
2766,00:00:46.083,31.25118453414352,41.282552083333336,43.86195203993056,28.230116102430557,21.661485460069443
2767,00:00:46.100,34.443033854166664,43.828125,49.15947808159722,31.504964192708332,22.664659288194443
2768,00:00:46.117,36.83608217592593,49.085286458333336,52.55579969618056,33.96400282118056,23.988444010416668
2769,00:00:46.133,36.310781973379626,45.958658854166664,50.865207248263886,33.57386610243056,24.493272569444443
2770,00:00:46.150,39.22755714699074,45.806477864583336,55.138644748263886,35.810384114583336,26.733642578125
2771,00:00:46.167,31.456154152199076,39.283447265625,44.0390625,27.547987196180557,22.781412760416668
2772,00:00:46.183,29.44408275462963,40.390218098958336,40.275472005208336,25.67995876736111,22.376817491319443
2773,00:00:46.200,12.62815574363426,15.2734375,17.606038411458332,10.218831380208334,10.05959743923611
2774,00:00:46.217,15.880027488425926,17.652994791666668,22.06472439236111,13.820448133680555,11.75490993923611
2775,00:00:46.233,16.147108289930557,18.074951171875,22.97968207465278,13.751220703125,11.71042209201389
2776,00:00:46.250,17.211290147569446,17.812093098958332,24.491129557291668,14.695692274305555,12.44704861111111
2777,00:00:46.267,19.587465639467595,19.2578125,28.33599175347222,16.313883463541668,14.11252170138889
2778,00:00:46.283,20.20171440972222,22.764892578125,28.540879991319443,16.996690538194443,15.067572699652779
2779,00:00:46.300,0.13315610532407407,0.5948893229166666,0.1891547309027778,0.083984375,0.12632921006944445
2780,00:00:46.317,18.064832899305557,25.884602864583332,26.26193576388889,14.307996961805555,13.624565972222221
2781,00:00:46.333,40.61870659722222,61.750895182291664,54.301052517361114,36.76776801215278,30.78729926215278
2782,00:00:46.350,36.75738751446759,59.6826171875,45.705349392361114,34.11347113715278,30.45334201388889
2783,00:00:46.367,35.1107494212963,55.552978515625,44.029296875,31.981092664930557,29.321858723958332
2784,00:00:46.383,31.776394314236114,50.392659505208336,42.76372612847222,27.93703884548611,24.62841796875
2785,00:00:46.400,30.87570529513889,45.8203125,42.89784071180556,26.51416015625,23.21511501736111
2786,00:00:46.417,30.42796947337963,49.583333333333336,41.825602213541664,25.570936414930557,23.887369791666668
2787,00:00:46.433,29.28715458622685,49.106038411458336,41.022243923611114,24.449869791666668,22.38935004340278
2788,00:00:46.450,22.34712275752315,37.318929036458336,31.65947808159722,17.532118055555557,17.849772135416668
2789,00:00:46.467,28.625090422453706,51.056722005208336,39.38368055555556,23.969129774305557,22.5224609375
2790,00:00:46.483,18.787208839699073,31.736653645833332,25.76076931423611,14.93408203125,15.66677517361111
2791,00:00:46.500,13.918628833912038,16.39404296875,23.688612196180557,3.751247829861111,14.316026475694445
2792,00:00:46.517,21.886492693865737,43.094889322916664,29.63039822048611,16.607014973958332,19.42206488715278
2793,00:00:46.533,0.12632921006944445,1.3004557291666667,0.12358940972222222,0.07090928819444445,0.18448893229166666
2794,00:00:46.550,21.21975368923611,39.739990234375,28.85324435763889,15.272623697916666,19.53339301215278
2795,00:00:46.567,21.14846462673611,44.478352864583336,28.3876953125,15.102213541666666,19.955485026041668
2796,00:00:46.583,16.103832103587965,31.204020182291668,21.858534071180557,10.796468098958334,15.656494140625
2797,00:00:46.600,18.61419451678241,33.631998697916664,24.708658854166668,12.837809244791666,18.29611545138889
2798,00:00:46.617,18.735179759837965,36.89697265625,22.077799479166668,13.881184895833334,20.24655490451389
2799,00:00:46.633,23.154188368055554,44.464518229166664,26.06939019097222,18.802842881944443,24.59033203125
2800,00:00:46.650,29.830494068287038,55.885009765625,32.800944010416664,26.862711588541668,29.82782660590278
2801,00:00:46.667,32.5973216869213,53.99658203125,37.063151041666664,29.09814453125,31.63066948784722
2802,00:00:46.683,36.170699508101855,46.989339192708336,43.403347439236114,34.58184136284722,30.52690972222222
2803,00:00:46.700,33.75563331886574,35.624186197916664,41.782443576388886,31.71771918402778,27.766737196180557
2804,00:00:46.717,0.11766673900462961,0.3458658854166667,0.15516493055555555,0.07549370659722222,0.1223415798611111
2805,00:00:46.733,29.337565104166668,31.134847005208332,37.247884114583336,26.160319010416668,24.6044921875
2806,00:00:46.750,0.09952799479166667,0.5672200520833334,0.12953016493055555,0.057671440972222224,0.11138237847222222
2807,00:00:46.767,21.838749638310187,27.876790364583332,22.04668511284722,19.89645724826389,23.573106553819443
2808,00:00:46.783,0.38973885995370366,0.6640625,0.5302463107638888,0.22298177083333334,0.4159884982638889
2809,00:00:46.800,13.719527633101853,19.043375651041668,12.073784722222221,12.230821397569445,16.85397677951389
2810,00:00:46.817,20.281385633680554,26.901448567708332,18.731092664930557,18.02324761284722,24.08981662326389
2811,00:00:46.833,15.472755714699074,20.1708984375,13.714653862847221,13.58349609375,19.1201171875
2812,00:00:46.850,15.665283203125,21.160074869791668,14.03488498263889,13.56076388888889,19.40020073784722
2813,00:00:46.867,14.588143807870372,20.454508463541668,13.552598741319445,12.400146484375,17.811686197916668
2814,00:00:46.883,0.10925745081018519,0.5741373697916666,0.11363389756944445,0.06914605034722222,0.1449924045138889
2815,00:00:46.900,21.666422526041668,28.257242838541668,22.36745876736111,19.14529079861111,23.48651801215278
2816,00:00:46.917,2.0418836805555554,2.7669270833333335,2.7164442274305554,1.1211751302083333,2.2880316840277777
2817,00:00:46.933,19.147044994212962,24.245198567708332,19.900472005208332,16.957112630208332,20.58355034722222
2818,00:00:46.950,7.854428891782407,12.139892578125,7.233778211805555,6.739149305555555,9.59035915798611
2819,00:00:46.967,11.481807002314815,14.768473307291666,10.430474175347221,9.92263454861111,14.09231228298611
2820,00:00:46.983,7.603389033564816,10.071614583333334,6.978732638888889,6.350775824652778,9.480658637152779
2821,00:00:47.000,14.041540075231481,10.016276041666666,19.88823784722222,7.168267144097222,15.068115234375
2822,00:00:47.017,6.015417028356481,8.404541015625,5.203803168402778,5.178087022569445,7.664360894097222
2823,00:00:47.033,5.205982349537037,7.256266276041667,4.747992621527778,4.453260633680555,6.416693793402778
2824,00:00:47.050,0.07071940104166667,0.29052734375,0.0774197048611111,0.04332139756944445,0.09141710069444445
2825,00:00:47.067,6.757857711226852,8.155517578125,6.211100260416667,5.786566840277778,8.27590603298611
2826,00:00:47.083,4.582628038194444,8.017171223958334,4.270209418402778,3.892849392361111,5.584825303819445
2827,00:00:47.100,6.106562861689814,7.671305338541667,6.422471788194445,5.3330078125,6.564208984375
2828,00:00:47.117,12.207266348379628,9.462890625,14.952311197916666,10.539306640625,11.130181206597221
2829,00:00:47.133,23.347954644097218,19.38232421875,27.466959635416668,21.17778862847222,21.39911566840278
2830,00:00:47.150,27.752278645833332,25.462646484375,33.53691948784722,25.414225260416668,24.30569118923611
2831,00:00:47.167,0.0876193576388889,0.4634602864583333,0.091552734375,0.06401909722222222,0.10728624131944445
2832,00:00:47.183,28.656891999421294,28.623860677083332,35.79340277777778,27.057861328125,23.11941189236111
2833,00:00:47.200,32.872549551504626,31.549886067708332,41.790500217013886,32.149441189236114,24.67770724826389
2834,00:00:47.217,30.75687210648148,28.699951171875,41.276529947916664,29.06684027777778,21.92724609375
2835,00:00:47.233,22.962800202546294,20.115559895833332,31.145263671875,21.08930121527778,16.65383572048611
2836,00:00:47.250,19.506528501157405,18.317057291666668,24.555501302083332,18.04440646701389,15.919677734375
2837,00:00:47.267,13.453432436342593,15.570882161458334,14.772569444444445,12.877739800347221,12.70998806423611
2838,00:00:47.283,11.349012586805557,13.315836588541666,11.797064887152779,11.085693359375,11.16427951388889
2839,00:00:47.300,11.899857132523147,14.685465494791666,12.609537760416666,11.4853515625,11.604682074652779
2840,00:00:47.317,14.987087673611112,17.569986979166668,16.77511935763889,14.330023871527779,13.856119791666666
2841,00:00:47.333,16.672996238425927,17.47314453125,19.026936848958332,16.12188042534722,14.870171440972221
2842,00:00:47.350,17.24734157986111,17.293294270833332,21.491617838541668,15.90597873263889,14.344428168402779
2843,00:00:47.367,26.250560619212962,28.942057291666668,33.80303276909722,25.50214301215278,19.44650607638889
2844,00:00:47.383,0.102294921875,0.24210611979166666,0.15660264756944445,0.056098090277777776,0.09418402777777778
2845,00:00:47.400,22.513753255208332,23.920084635416668,29.714925130208332,21.505750868055557,16.32058376736111
2846,00:00:47.417,28.01657443576389,32.469889322916664,36.332302517361114,27.279676649305557,20.437744140625
2847,00:00:47.433,28.696641710069446,33.984781901041664,36.5126953125,28.02886284722222,21.54836697048611
2848,00:00:47.450,20.564869068287038,23.525797526041668,25.20578342013889,19.23581271701389,17.253011067708332
2849,00:00:47.467,14.248851634837964,17.9296875,15.080322265625,13.844129774305555,13.822102864583334
2850,00:00:47.483,14.301649305555555,18.427734375,15.535074869791666,13.463243272569445,13.906629774305555
2851,00:00:47.500,11.81201171875,8.397623697916666,20.40700954861111,4.342095269097222,10.686930338541666
2852,00:00:47.517,14.251302083333334,15.750732421875,15.663764105902779,13.255533854166666,13.834608289930555
2853,00:00:47.533,17.80809642650463,21.699625651041668,20.768690321180557,16.67380099826389,15.981797960069445
2854,00:00:47.550,22.96806278935185,27.724609375,28.443522135416668,21.21356879340278,19.24709743923611
2855,00:00:47.567,24.08420138888889,28.88671875,30.724256727430557,22.827880859375,18.70046657986111
2856,00:00:47.583,21.44552951388889,24.003092447916668,27.89990234375,19.98171657986111,16.454969618055557
2857,00:00:47.600,17.31127025462963,20.04638671875,21.145887586805557,16.68967013888889,14.098253038194445
2858,00:00:47.617,15.876564308449074,21.58203125,20.25971137152778,14.936848958333334,12.43313259548611
2859,00:00:47.633,15.551188151041666,23.048502604166668,20.79340277777778,14.427300347222221,11.432861328125
2860,00:00:47.650,16.465910734953702,24.265950520833332,22.852891710069443,15.2451171875,11.299723307291666
2861,00:00:47.667,14.995162398726853,25.19287109375,20.98980034722222,13.978407118055555,10.017279730902779
2862,00:00:47.683,14.431161385995372,23.691813151041668,21.06464301215278,13.18796115451389,9.040879991319445
2863,00:00:47.700,0.13877133969907407,0.5741373697916666,0.209716796875,0.0862087673611111,0.1203884548611111
2864,00:00:47.717,17.11674442997685,28.402506510416668,25.630777994791668,15.336127387152779,10.38332790798611
2865,00:00:47.733,19.492431640625,32.193196614583336,29.87177191840278,17.20575629340278,11.399766710069445
2866,00:00:47.750,14.209590205439815,17.438557942708332,21.45949978298611,12.963623046875,8.205647786458334
2867,00:00:47.767,20.23018844039352,21.070149739583332,30.94818793402778,17.94829644097222,11.794080946180555
2868,00:00:47.783,22.008671513310187,22.156168619791668,33.82562934027778,19.078450520833332,13.121934678819445
2869,00:00:47.800,23.53586154513889,25.068359375,35.975802951388886,20.506022135416668,14.12575954861111
2870,00:00:47.817,18.03959599247685,20.011800130208332,27.947184244791668,15.504774305555555,10.666829427083334
2871,00:00:47.833,17.33685980902778,20.675862630208332,26.43060980902778,14.807535807291666,10.77243381076389
2872,00:00:47.850,15.138047960069445,15.819905598958334,22.61493598090278,13.3388671875,9.460340711805555
2873,00:00:47.867,19.944715711805557,25.953776041666668,29.396375868055557,17.735514322916668,12.702256944444445
2874,00:00:47.883,21.43380172164352,23.428955078125,31.46050347222222,18.806477864583332,14.034423828125
2875,00:00:47.900,36.81129738136574,47.044677734375,61.11387803819444,28.579725477430557,20.74028862847222
2876,00:00:47.917,19.516529224537038,28.838297526041668,30.92938910590278,15.56081814236111,12.059380425347221
2877,00:00:47.933,19.48659939236111,27.392578125,31.097493489583332,15.52685546875,11.83544921875
2878,00:00:47.950,0.09105541087962964,0.560302734375,0.1523980034722222,0.05685763888888889,0.06391059027777778
2879,00:00:47.967,22.929578993055554,28.028971354166668,38.75726996527778,17.06939019097222,12.962076822916666
2880,00:00:47.983,21.634123625578706,28.271077473958332,35.79554578993056,16.444200303819443,12.66262478298611
2881,00:00:48.000,24.424298321759256,21.9140625,42.548014322916664,16.129638671875,14.59524197048611
2882,00:00:48.017,18.62844509548611,17.908935546875,30.10690646701389,14.49221462673611,11.286214192708334
2883,00:00:48.033,16.82940899884259,14.713134765625,26.39482964409722,13.599500868055555,10.493896484375
2884,00:00:48.050,17.18093532986111,15.557047526041666,27.44769965277778,13.593370225694445,10.50173611111111
2885,00:00:48.067,15.406656901041666,14.021402994791666,24.399522569444443,12.246337890625,9.574110243055555
2886,00:00:48.083,16.556550202546298,14.775390625,25.583740234375,13.382215711805555,10.703694661458334
2887,00:00:48.100,14.648943865740742,14.021402994791666,22.053466796875,11.74240451388889,10.150960286458334
2888,00:00:48.117,17.208125361689813,16.449381510416668,28.24734157986111,12.853624131944445,10.52341037326389
2889,00:00:48.133,14.46337890625,14.823811848958334,23.135009765625,11.37698025173611,8.87814670138889
2890,00:00:48.150,0.1202709056712963,0.29052734375,0.2099338107638889,0.068115234375,0.082763671875
2891,00:00:48.167,14.640724464699074,12.554931640625,22.972819010416668,11.842881944444445,9.10647243923611
2892,00:00:48.183,14.886366102430555,13.675537109375,23.52346462673611,11.938829210069445,9.19680447048611
2893,00:00:48.200,19.22269241898148,17.445475260416668,30.9189453125,14.790147569444445,11.958984375
2894,00:00:48.217,19.587230541087965,21.658121744791668,31.267713758680557,15.388481987847221,12.10549587673611
2895,00:00:48.233,19.619782624421294,23.186848958333332,30.98782009548611,16.08306206597222,11.788465711805555
2896,00:00:48.250,19.22457320601852,23.933919270833332,30.66718207465278,15.32009548611111,11.686442057291666
2897,00:00:48.267,14.291160300925926,20.62744140625,22.219618055555557,11.810248480902779,8.843614366319445
2898,00:00:48.283,21.04024703414352,28.084309895833332,33.022379557291664,17.18844943576389,12.909912109375
2899,00:00:48.300,19.731219256365737,28.485514322916668,31.199462890625,16.040608723958332,11.95358615451389
2900,00:00:48.317,18.96238425925926,27.108968098958332,29.68768988715278,15.590169270833334,11.609293619791666
2901,00:00:48.333,21.489158347800924,29.848225911458332,33.66639539930556,17.92279730902778,12.878282335069445
2902,00:00:48.350,13.586253978587962,20.184733072916668,21.007432725694443,11.081787109375,8.669542100694445
2903,00:00:48.367,0.14719871238425927,1.9160970052083333,0.2831488715277778,0.067138671875,0.09130859375
2904,00:00:48.383,25.161304615162038,35.693359375,38.872341579861114,21.290690104166668,15.320882161458334
2905,00:00:48.400,25.000162760416668,34.503580729166664,38.56000434027778,21.314046223958332,15.12643771701389
2906,00:00:48.417,21.838487413194446,30.242513020833332,33.74053276909722,18.347547743055557,13.427381727430555
2907,00:00:48.433,27.01905201099537,44.464518229166664,41.30308702256944,23.648084852430557,16.10598415798611
2908,00:00:48.450,18.207600911458332,29.1357421875,27.825764973958332,15.592963324652779,11.20407443576389
2909,00:00:48.467,22.117115162037038,36.869303385416664,34.395589192708336,18.927110460069443,13.028645833333334
2910,00:00:48.483,21.10835322627315,35.382080078125,32.45814344618056,18.325032552083332,12.541883680555555
2911,00:00:48.500,24.890019169560187,34.427490234375,39.54234483506944,19.91107855902778,15.216634114583334
2912,00:00:48.517,21.875759548611114,32.6220703125,31.621229383680557,20.58330620659722,13.422743055555555
2913,00:00:48.533,0.06523075810185185,0.4288736979166667,0.111572265625,0.03952365451388889,0.044596354166666664
2914,00:00:48.550,19.58736617476852,26.783854166666668,28.366590711805557,17.98537868923611,12.41012912326389
2915,00:00:48.567,16.133879484953706,22.813313802083332,24.11618381076389,14.520453559027779,9.765001085069445
2916,00:00:48.583,20.53521050347222,28.748372395833332,30.93535698784722,18.69707573784722,11.973198784722221
2917,00:00:48.600,20.359402126736114,26.5625,32.131863064236114,17.509928385416668,11.436414930555555
2918,00:00:48.617,39.861111111111114,54.958089192708336,54.42347547743056,34.895779079861114,30.264078776041668
2919,00:00:48.633,25.75677264178241,55.137939453125,28.96969943576389,23.726671006944443,24.57394748263889
2920,00:00:48.650,0.09315321180555554,0.7747395833333334,0.13102213541666666,0.04771592881944445,0.10072157118055555
2921,00:00:48.667,48.45539460358796,109.1552734375,53.53089735243056,54.230441623263886,37.60484483506944
2922,00:00:48.683,50.131736472800924,100.67464192708333,53.703342013888886,65.66897243923611,31.02289496527778
2923,00:00:48.700,16.047363281249996,24.812418619791668,22.843858506944443,13.663248697916666,11.63498263888889
2924,00:00:48.717,12.750877097800926,19.997965494791668,19.29437934027778,10.612928602430555,8.345323350694445
2925,00:00:48.733,8.876374421296296,14.879150390625,13.096435546875,7.775363498263889,5.75732421875
2926,00:00:48.750,11.582040292245372,17.051188151041668,17.30807834201389,9.92746310763889,7.510579427083333
2927,00:00:48.767,12.835087528935185,17.154947916666668,19.046034071180557,10.905870225694445,8.553358289930555
2928,00:00:48.783,17.26371708622685,24.162190755208332,26.480550130208332,14.00051540798611,11.31008572048611
2929,00:00:48.800,15.46873191550926,23.359781901041668,24.123914930555557,12.532036675347221,9.750244140625
2930,00:00:48.817,17.918050130208332,25.033772786458332,28.89629448784722,13.803575303819445,11.054280598958334
2931,00:00:48.833,14.049560546875,20.468343098958332,22.834364149305557,10.648301866319445,8.666015625
2932,00:00:48.850,14.566397207754628,21.651204427083332,24.581407335069443,10.48586697048611,8.631917317708334
2933,00:00:48.867,12.398898654513888,19.154052734375,20.65361870659722,9.095540364583334,7.447536892361111
2934,00:00:48.883,17.184425636574076,24.52880859375,29.03436957465278,12.069715711805555,10.44919162326389
2935,00:00:48.900,14.50242332175926,19.001871744791668,23.984022352430557,10.401312934027779,9.121934678819445
2936,00:00:48.917,23.856345847800924,40.646158854166664,37.64100477430556,17.89911566840278,16.028917100694443
2937,00:00:48.933,11.876862702546296,18.572998046875,18.76679144965278,8.58181423611111,8.281982421875
2938,00:00:48.950,0.11659975405092593,0.2766927083333333,0.2070041232638889,0.054985894097222224,0.08780924479166667
2939,00:00:48.967,17.90331127025463,26.756184895833332,28.155653211805557,13.18484157986111,12.369439019097221
2940,00:00:48.983,0.1058937355324074,0.5741373697916666,0.17027452256944445,0.052788628472222224,0.09461805555555555
2941,00:00:49.000,20.86373336226852,23.850911458333332,34.353108723958336,12.49978298611111,15.73830837673611
2942,00:00:49.017,13.873227719907407,17.1826171875,21.10810004340278,10.505615234375,10.005967881944445
2943,00:00:49.033,12.995994285300926,16.919759114583332,19.47482638888889,9.915608723958334,9.597547743055555
2944,00:00:49.050,15.370433666087962,19.96337890625,23.37261284722222,11.578043619791666,11.16064453125
2945,00:00:49.067,13.582175925925926,18.600667317708332,20.867350260416668,9.976860894097221,9.90231662326389
2946,00:00:49.083,16.919297960069443,23.809407552083332,26.096435546875,12.26559787326389,12.395860460069445
2947,00:00:49.100,15.450159143518519,20.938720703125,23.54804144965278,11.284993489583334,11.517442491319445
2948,00:00:49.117,13.098397714120372,17.445475260416668,20.05343967013889,9.42727322048611,9.81448025173611
2949,00:00:49.133,15.415952329282407,20.841878255208332,23.034830729166668,11.432535807291666,11.78049045138889
2950,00:00:49.150,15.338008174189815,23.235270182291668,22.375813802083332,11.677680121527779,11.960530598958334
2951,00:00:49.167,0.10060402199074076,0.45654296875,0.1784939236111111,0.043375651041666664,0.07994249131944445
2952,00:00:49.183,24.177616825810187,44.423014322916664,35.87334526909722,19.14838324652778,17.511121961805557
2953,00:00:49.200,0.08501519097222222,0.4427083333333333,0.1308051215277778,0.041748046875,0.0824924045138889
2954,00:00:49.217,21.381854021990744,43.558349609375,31.385335286458332,17.165907118055557,15.594319661458334
2955,00:00:49.233,25.786521629050927,64.10970052083333,36.798421223958336,21.96755642361111,18.593587239583332
2956,00:00:49.250,27.276819299768515,70.08626302083333,34.2197265625,23.84795464409722,23.762776692708332
2957,00:00:49.267,39.05926287615741,77.62613932291667,40.82275390625,42.198025173611114,34.157009548611114
2958,00:00:49.283,27.783881293402782,62.387288411458336,31.85332573784722,26.29741753472222,25.20090060763889
2959,00:00:49.300,33.2608326099537,71.24837239583333,39.19420030381944,31.763671875,28.824625651041668
2960,00:00:49.317,26.130172164351848,50.662434895833336,31.899007161458332,24.42768012152778,22.063829210069443
2961,00:00:49.333,22.13941333912037,38.197428385416664,26.5654296875,20.802978515625,19.04983181423611
2962,00:00:49.350,10.580964265046296,16.248779296875,13.32956271701389,8.949951171875,9.46337890625
2963,00:00:49.367,12.243417245370372,18.545328776041668,15.392035590277779,10.258978949652779,11.079237196180555
2964,00:00:49.383,10.780336733217593,16.006673177083332,13.769097222222221,9.006483289930555,9.5654296875
2965,00:00:49.400,9.723732277199074,14.706217447916666,12.40011935763889,8.14621310763889,8.624864366319445
2966,00:00:49.417,0.391285083912037,1.971435546875,0.4832356770833333,0.2635091145833333,0.4271104600694444
2967,00:00:49.433,12.684597439236109,15.287272135416666,15.325846354166666,11.326822916666666,11.401123046875
2968,00:00:49.450,40.64727105034722,84.190673828125,51.173990885416664,38.714084201388886,32.053738064236114
2969,00:00:49.467,20.32054759837963,27.738444010416668,25.759684244791668,18.60715060763889,16.594807942708332
2970,00:00:49.483,33.549515335648145,53.470865885416664,40.52281358506944,34.939453125,25.186279296875
2971,00:00:49.500,31.754032841435187,56.77734375,42.44135199652778,26.023084852430557,26.79766167534722
2972,00:00:49.517,25.83050311053241,49.355061848958336,30.960801866319443,24.891031901041668,21.63967556423611
2973,00:00:49.533,29.97237594039352,68.36385091145833,36.086018880208336,28.87546115451389,24.955647786458332
2974,00:00:49.550,25.429289641203706,53.242594401041664,31.70260959201389,23.67648654513889,20.908772786458332
2975,00:00:49.567,0.10463686342592593,0.24210611979166666,0.13099500868055555,0.06871202256944445,0.11420355902777778
2976,00:00:49.583,35.62585901331019,75.02522786458333,44.862575954861114,34.60747612847222,27.40752495659722
2977,00:00:49.600,27.865306712962962,56.507568359375,35.862955729166664,26.21503363715278,21.517930772569443
2978,00:00:49.617,28.71870478877315,57.725016276041664,37.84575737847222,26.71343315972222,21.596923828125
2979,00:00:49.633,30.577953197337962,56.535237630208336,42.07310655381944,27.551595052083332,22.10915798611111
2980,00:00:49.650,25.706624348958332,42.437744140625,35.037109375,23.38254123263889,18.70022243923611
2981,00:00:49.667,16.46600115740741,20.751953125,21.82668728298611,14.699571397569445,12.871744791666666
2982,00:00:49.683,17.151936848958332,19.160970052083332,24.02094184027778,14.824381510416666,12.610487196180555
2983,00:00:49.700,18.146583839699073,21.54052734375,25.33056640625,15.496961805555555,13.612223307291666
2984,00:00:49.717,17.78253399884259,22.474365234375,25.09101019965278,14.962809244791666,13.293782552083334
2985,00:00:49.733,0.15377242476851852,0.684814453125,0.232421875,0.0949978298611111,0.13389756944444445
2986,00:00:49.750,20.42848488136574,25.808512369791668,29.247233072916668,16.67266167534722,15.365559895833334
2987,00:00:49.767,18.92507595486111,23.03466796875,27.157552083333332,15.409342447916666,14.208333333333334
2988,00:00:49.783,16.310320818865744,17.701416015625,23.87323676215278,13.129286024305555,11.92843967013889
2989,00:00:49.800,22.56473343460648,30.719807942708332,32.6396484375,18.205186631944443,16.849365234375
2990,00:00:49.817,13.720323350694445,15.702311197916666,19.838026258680557,11.164360894097221,10.158582899305555
2991,00:00:49.833,22.63472041377315,28.3056640625,32.610568576388886,18.117106119791668,17.17648654513889
2992,00:00:49.850,18.91259765625,26.783854166666668,25.52813042534722,15.830322265625,15.379340277777779
2993,00:00:49.867,22.014087818287038,31.425374348958332,28.99224175347222,19.816813151041668,17.23320855034722
2994,00:00:49.883,17.664939597800927,28.693033854166668,22.637858072916668,15.536024305555555,14.820936414930555
2995,00:00:49.900,15.356562861689817,22.37060546875,20.47821723090278,13.014485677083334,12.576985677083334
2996,00:00:49.917,0.1571361400462963,0.6986490885416666,0.24913194444444445,0.08577473958333333,0.1365017361111111
2997,00:00:49.933,15.371672453703704,20.869547526041668,21.03759765625,12.58303493923611,12.494384765625
2998,00:00:49.950,18.807517722800927,22.37060546875,25.117594401041668,16.319010416666668,14.985948350694445
2999,00:00:49.967,23.175925925925924,29.204915364583332,31.50298394097222,19.97414822048611,18.050645616319443
3000,00:00:49.983,23.383680555555557,31.224772135416668,31.57541232638889,19.73293728298611,18.842692057291668
3001,00:00:50.000,20.27317527488426,17.646077473958332,29.31963433159722,13.83984375,17.660047743055557
3002,00:00:50.017,7.202103226273148,8.210856119791666,8.646864149305555,6.052815755208333,6.906629774305555
3003,00:00:50.033,10.6416015625,13.218994140625,12.923041449652779,9.048963758680555,9.952799479166666
3004,00:00:50.050,8.482087311921298,7.913411458333333,10.315999348958334,7.041883680555555,8.08837890625
3005,00:00:50.067,24.546495225694443,33.203125,33.39097764756944,22.4326171875,17.81589084201389
3006,00:00:50.083,29.78023726851852,39.504801432291664,41.909884982638886,27.04153103298611,20.389295789930557
3007,00:00:50.100,24.97701461226852,30.014241536458332,33.557345920138886,24.04201931423611,17.331678602430557
3008,00:00:50.117,0.11009837962962964,0.8231608072916666,0.17076280381944445,0.068603515625,0.09092881944444445
3009,00:00:50.133,39.058982566550924,49.977620442708336,49.995279947916664,40.725911458333336,26.45575629340278
3010,00:00:50.150,43.23847113715277,55.504557291666664,56.21430121527778,44.89879014756944,28.60232204861111
3011,00:00:50.167,30.597466362847225,38.487955729166664,36.475423177083336,31.64252387152778,23.674452039930557
3012,00:00:50.183,19.487458405671294,21.45751953125,22.41604275173611,19.53054470486111,16.515787760416668
3013,00:00:50.200,3.4713632089120368,2.4971516927083335,4.138617621527778,3.1421440972222223,3.133327907986111
3014,00:00:50.217,5.781539351851852,4.579264322916667,7.451171875,4.888916015625,5.004530164930555
3015,00:00:50.233,10.91334816261574,9.289957682291666,13.10207790798611,9.34621853298611,10.291748046875
3016,00:00:50.250,13.928177445023147,16.14501953125,15.40823025173611,13.67282443576389,12.703477647569445
3017,00:00:50.267,16.403926142939813,18.483072916666668,18.61767578125,16.571641710069443,14.0224609375
3018,00:00:50.283,0.11134620949074074,0.6294759114583334,0.1423068576388889,0.08216688368055555,0.10956488715277778
3019,00:00:50.300,16.24236834490741,15.557047526041666,18.9140625,16.34589301215278,13.467149522569445
3020,00:00:50.317,15.491771556712962,14.374186197916666,17.81586371527778,16.05886501736111,12.6005859375
3021,00:00:50.333,13.367874710648147,11.3720703125,15.262993706597221,13.82736545138889,11.013264973958334
3022,00:00:50.350,16.675211588541668,14.595540364583334,19.542588975694443,16.751790364583332,13.731255425347221
3023,00:00:50.367,14.052707248263891,12.914632161458334,16.022108289930557,14.71120876736111,11.4248046875
3024,00:00:50.383,15.975992838541666,15.370279947916666,18.94626193576389,16.25368923611111,12.72802734375
3025,00:00:50.400,14.711308232060185,15.183512369791666,17.906114366319443,14.79153103298611,11.436279296875
3026,00:00:50.417,14.357322410300924,15.89599609375,17.255452473958332,14.48605685763889,11.330457899305555
3027,00:00:50.433,12.266393590856481,13.883056640625,14.359809027777779,12.496690538194445,9.942681206597221
3028,00:00:50.450,0.11876085069444446,0.17985026041666666,0.18665907118055555,0.07557508680555555,0.09404839409722222
3029,00:00:50.467,14.042778862847223,16.131184895833332,16.304578993055557,14.59130859375,11.23244900173611
3030,00:00:50.483,14.28437861689815,17.998860677083332,17.277506510416668,14.664388020833334,10.911241319444445
3031,00:00:50.500,19.983063874421298,18.330891927083332,28.79755316840278,16.520399305555557,14.631239149305555
3032,00:00:50.517,13.072826244212962,13.924560546875,14.751166449652779,14.12893337673611,10.33837890625
3033,00:00:50.533,17.63232421875,19.195556640625,21.330919053819443,18.14765082465278,13.418402777777779
3034,00:00:50.550,18.564841941550924,22.266845703125,23.054768880208332,18.781087239583332,13.85866970486111
3035,00:00:50.567,20.992205584490744,26.3134765625,26.535020616319443,20.584147135416668,15.85744900173611
3036,00:00:50.583,19.16607892071759,23.90625,24.14716254340278,19.277479383680557,14.073594835069445
3037,00:00:50.600,22.41606083622685,28.001302083333332,28.38918728298611,22.156575520833332,16.70241970486111
3038,00:00:50.617,0.06772641782407407,0.2490234375,0.09898546006944445,0.046196831597222224,0.05799696180555555
3039,00:00:50.633,20.740568938078706,22.778727213541668,25.905409071180557,21.21685112847222,15.099446614583334
3040,00:00:50.650,21.754421657986114,21.014811197916668,27.182752821180557,22.089518229166668,15.99099392361111
3041,00:00:50.667,17.87886103877315,16.435546875,21.92209201388889,18.68069118923611,13.033799913194445
3042,00:00:50.683,15.889603226273147,11.614176432291666,19.285074869791668,17.160481770833332,11.223253038194445
3043,00:00:50.700,18.463776765046298,13.959147135416666,23.31686740451389,19.743787977430557,12.330674913194445
3044,00:00:50.717,18.162959346064813,16.248779296875,22.029947916666668,19.647135416666668,12.81179470486111
3045,00:00:50.733,17.841163917824073,13.841552734375,20.913709852430557,19.809326171875,12.800455729166666
3046,00:00:50.750,0.09043149594907407,0.12451171875,0.1308051215277778,0.06483289930555555,0.0756564670138889
3047,00:00:50.767,16.15888129340278,12.8662109375,19.197672526041668,18.100992838541668,11.177978515625
3048,00:00:50.783,18.72243923611111,17.175699869791668,22.539876302083332,20.68798828125,12.939453125
3049,00:00:50.800,16.65105975115741,17.839762369791668,20.06708441840278,18.312120225694443,11.573974609375
3050,00:00:50.817,17.665174696180557,21.616617838541668,21.296142578125,19.43454318576389,12.264838324652779
3051,00:00:50.833,16.391438802083332,16.940511067708332,19.33135308159722,18.31572808159722,11.527235243055555
3052,00:00:50.850,16.207673249421294,16.013590494791668,19.27975802951389,17.83306206597222,11.510199652777779
3053,00:00:50.867,15.403591579861112,18.130289713541668,18.22748480902778,16.93646918402778,11.046820746527779
3054,00:00:50.883,17.70263671875,20.841878255208332,20.796468098958332,19.263753255208332,13.047688802083334
3055,00:00:50.900,15.393952546296298,22.149251302083332,16.83835177951389,17.395643446180557,11.947862413194445
3056,00:00:50.917,15.126636646412038,23.843994140625,16.75873480902778,17.20562065972222,11.41555447048611
3057,00:00:50.933,16.842420789930554,28.416341145833332,18.44731987847222,19.08905707465278,12.990885416666666
3058,00:00:50.950,17.83423755787037,30.768229166666668,19.25127495659722,20.10989040798611,14.141547309027779
3059,00:00:50.967,20.31855830439815,34.48974609375,22.638834635416668,22.687879774305557,15.628960503472221
3060,00:00:50.983,23.92041919849537,39.110514322916664,26.60744900173611,27.51950412326389,17.63430447048611
3061,00:00:51.000,25.725359881365744,36.654866536458336,30.329481336805557,27.75263129340278,19.09396701388889
3062,00:00:51.017,28.03466796875,47.390543619791664,32.738688151041664,31.93096245659722,19.43435329861111
3063,00:00:51.033,13.963053385416666,17.902018229166668,15.502387152777779,16.16351996527778,10.223253038194445
3064,00:00:51.050,0.09475368923611112,0.4150390625,0.13761393229166666,0.07286241319444445,0.07378472222222222
3065,00:00:51.067,17.91752567997685,23.262939453125,21.54096137152778,19.4541015625,12.757514105902779
3066,00:00:51.083,20.639548972800924,27.447916666666668,24.708089192708332,22.13308376736111,15.077473958333334
3067,00:00:51.100,19.134440104166668,26.790771484375,22.742757161458332,20.55617947048611,14.104383680555555
3068,00:00:51.117,14.861599392361112,21.58203125,17.56963433159722,16.496473524305557,10.518690321180555
3069,00:00:51.133,14.194173177083334,18.102620442708332,16.68527560763889,15.965684678819445,9.931559244791666
3070,00:00:51.150,15.79363787615741,22.591959635416668,18.509195963541668,17.81130642361111,11.060411241319445
3071,00:00:51.167,15.021963614004632,22.799479166666668,17.804443359375,16.665174696180557,10.596272786458334
3072,00:00:51.183,15.517912688078704,22.474365234375,18.10956488715278,17.65570746527778,10.788465711805555
3073,00:00:51.200,13.191550925925926,18.946533203125,14.97463650173611,15.325059678819445,9.274956597222221
3074,00:00:51.217,15.078468605324074,21.035563151041668,17.64618598090278,17.066487630208332,10.52273220486111
3075,00:00:51.233,0.03264250578703704,0.006917317708333333,0.045952690972222224,0.020182291666666668,0.031792534722222224
3076,00:00:51.250,14.270498770254628,19.818115234375,15.70846896701389,16.601426866319443,10.501600477430555
3077,00:00:51.267,14.89397967303241,20.807291666666668,16.294813368055557,17.55805121527778,10.82907443576389
3078,00:00:51.283,13.400083188657407,17.424723307291668,14.80539279513889,15.36965603298611,10.025200737847221
3079,00:00:51.300,12.476779513888891,14.48486328125,13.586046006944445,14.49172634548611,9.35256618923611
3080,00:00:51.317,13.736789279513888,16.829833984375,15.16064453125,15.699381510416666,10.350341796875
3081,00:00:51.333,12.44602683738426,16.919759114583332,13.82766384548611,14.114556206597221,9.395860460069445
3082,00:00:51.350,0.0758644386574074,0.2628580729166667,0.10698784722222222,0.056396484375,0.064208984375
3083,00:00:51.367,18.179805049189813,23.20068359375,22.28249782986111,18.896891276041668,13.360026041666666
3084,00:00:51.383,0.06990559895833333,0.3873697916666667,0.10359700520833333,0.047037760416666664,0.05908203125
3085,00:00:51.400,11.10328956886574,12.82470703125,12.153428819444445,12.775092230902779,8.38134765625
3086,00:00:51.417,11.645598234953704,12.458089192708334,13.325303819444445,13.034369574652779,8.57712131076389
3087,00:00:51.433,10.180781611689815,12.610270182291666,11.271592881944445,11.561876085069445,7.708875868055555
3088,00:00:51.450,12.159152560763891,15.60546875,14.15817599826389,13.43337673611111,8.885904947916666
3089,00:00:51.467,12.231047453703704,15.2734375,14.314046223958334,13.381700303819445,8.997395833333334
3090,00:00:51.483,9.948187934027779,11.551920572916666,11.158393012152779,11.097005208333334,7.589165581597222
3091,00:00:51.500,16.236102068865744,14.298095703125,22.698621961805557,13.64499240451389,12.364691840277779
3092,00:00:51.517,8.156204788773147,9.193115234375,8.117730034722221,9.678412543402779,6.672471788194445
3093,00:00:51.533,8.585078486689815,10.5419921875,9.203314887152779,9.64675564236111,6.905164930555555
3094,00:00:51.550,8.781005859375,10.7080078125,9.329237196180555,9.960367838541666,7.053412543402778
3095,00:00:51.567,8.551151982060185,11.123046875,8.785997178819445,9.921142578125,6.946316189236111
3096,00:00:51.583,11.884530526620372,13.557942708333334,12.928955078125,13.45749240451389,9.267144097222221
3097,00:00:51.600,8.791567201967593,11.16455078125,9.737657335069445,9.811767578125,6.825276692708333
3098,00:00:51.617,10.024296513310185,11.33056640625,11.40627712673611,10.987141927083334,7.679470486111111
3099,00:00:51.633,8.876564308449074,11.0400390625,10.003092447916666,9.686225043402779,6.940375434027778
3100,00:00:51.650,9.889919704861112,13.357340494791666,11.109564887152779,11.009765625,7.550428602430555
3101,00:00:51.667,8.742883752893517,10.327555338541666,9.94775390625,9.460503472222221,6.820393880208333
3102,00:00:51.683,9.605568214699074,10.728759765625,10.85495334201389,10.574815538194445,7.386935763888889
3103,00:00:51.700,10.375497323495368,12.99072265625,11.77273220486111,11.510118272569445,7.843641493055555
3104,00:00:51.717,10.285789207175926,13.122151692708334,11.256646050347221,11.647216796875,7.953504774305555
3105,00:00:51.733,0.079345703125,0.311279296875,0.12833658854166666,0.050726996527777776,0.05897352430555555
3106,00:00:51.750,10.154586226851853,14.111328125,11.468071831597221,11.238633897569445,7.757052951388889
3107,00:00:51.767,7.8043438946759265,10.196126302083334,8.621636284722221,8.580213758680555,6.211181640625
3108,00:00:51.783,9.73512550636574,14.0283203125,11.080159505208334,10.661078559027779,7.464138454861111
3109,00:00:51.800,6.667154947916667,9.947102864583334,7.600504557291667,7.074435763888889,5.326524522569445
3110,00:00:51.817,10.700141059027777,14.0283203125,12.573079427083334,11.54733615451389,7.980007595486111
3111,00:00:51.833,9.257468894675926,12.548014322916666,11.040201822916666,9.800374348958334,6.931830512152778
3112,00:00:51.850,6.643247251157407,11.240641276041666,7.911485460069445,6.864990234375,5.153266059027778
3113,00:00:51.867,9.578911675347221,12.810872395833334,11.637613932291666,10.074354383680555,7.024766710069445
3114,00:00:51.883,12.851643880208334,20.613606770833332,14.957329644097221,14.64694552951389,8.95065646701389
3115,00:00:51.900,11.842574508101853,15.211181640625,16.613199869791668,11.594129774305555,7.320393880208333
3116,00:00:51.917,11.89381691261574,18.213297526041668,14.77170138888889,11.060682508680555,9.849066840277779
3117,00:00:51.933,9.470486111111112,16.359456380208332,11.010118272569445,9.603868272569445,7.797471788194445
3118,00:00:51.950,9.276945891203702,15.31494140625,10.415907118055555,9.781358506944445,7.633572048611111
3119,00:00:51.967,0.07288049768518519,1.3350423177083333,0.1035427517361111,0.05189344618055555,0.0632052951388889
3120,00:00:51.983,10.012152777777779,16.214192708333332,11.911783854166666,10.227186414930555,7.897488064236111
3121,00:00:52.000,17.91361942997685,17.694498697916668,27.498453776041668,13.21017795138889,13.0322265625
3122,00:00:52.017,8.17919921875,11.136881510416666,9.85205078125,8.415120442708334,6.270426432291667
3123,00:00:52.033,11.693883825231481,16.165771484375,14.601915147569445,11.665635850694445,8.814100477430555
3124,00:00:52.050,12.374773943865742,13.710123697916666,15.604817708333334,11.91750759548611,9.601996527777779
3125,00:00:52.067,24.071144386574076,34.095458984375,29.847086588541668,24.19232855902778,18.17401801215278
3126,00:00:52.083,37.118661385995374,47.68798828125,46.41346571180556,38.279025607638886,26.663492838541668
3127,00:00:52.100,33.784866898148145,49.451904296875,39.353678385416664,37.693522135416664,24.30740017361111
3128,00:00:52.117,22.96851490162037,36.952311197916664,26.418565538194443,24.75149197048611,17.735487196180557
3129,00:00:52.133,11.531530309606481,16.594645182291668,13.296766493055555,11.60888671875,9.68893771701389
3130,00:00:52.150,12.410626446759258,18.891194661458332,13.818277994791666,12.93923611111111,10.474365234375
3131,00:00:52.167,11.738299334490742,18.752848307291668,12.928792317708334,12.53640407986111,9.749701605902779
3132,00:00:52.183,11.253092447916666,17.300211588541668,13.606119791666666,11.125406901041666,9.027750651041666
3133,00:00:52.200,0.1150535300925926,0.20060221354166666,0.1708984375,0.08086480034722222,0.09339735243055555
3134,00:00:52.217,9.766565393518519,14.830729166666666,11.578070746527779,9.924560546875,7.797064887152778
3135,00:00:52.233,11.319923683449074,14.872233072916666,13.727918836805555,11.443929036458334,8.787923177083334
3136,00:00:52.250,10.361915870949074,20.115559895833332,12.446044921875,10.433159722222221,8.20654296875
3137,00:00:52.267,13.60304542824074,34.953206380208336,17.701551649305557,12.449869791666666,10.65771484375
3138,00:00:52.283,9.848099320023147,24.473470052083332,13.411078559027779,8.710611979166666,7.422607421875
3139,00:00:52.300,12.944155092592593,22.197672526041668,17.25124782986111,11.56759982638889,10.013617621527779
3140,00:00:52.317,16.851860894097225,28.88671875,20.668104383680557,17.113362630208332,12.774115668402779
3141,00:00:52.333,25.462700737847225,45.8203125,30.728895399305557,27.24074978298611,18.41845703125
3142,00:00:52.350,25.420491536458332,41.79443359375,32.432644314236114,25.835042317708332,17.993787977430557
3143,00:00:52.367,27.985469111689813,47.43896484375,34.910617404513886,29.220811631944443,19.82497829861111
3144,00:00:52.383,24.219346788194446,39.71923828125,29.084635416666668,25.73659939236111,17.836805555555557
3145,00:00:52.400,22.122332537615744,34.558919270833336,27.254801432291668,22.79584418402778,16.31635199652778
3146,00:00:52.417,19.11623806423611,22.598876953125,23.878662109375,19.466389973958332,14.003662109375
3147,00:00:52.433,17.690547236689813,21.319173177083332,22.252848307291668,17.974934895833332,12.843858506944445
3148,00:00:52.450,0.14127604166666669,0.6156412760416666,0.1933051215277778,0.0959201388888889,0.13460286458333334
3149,00:00:52.467,15.771149811921296,15.60546875,19.83474392361111,15.156385633680555,12.322319878472221
3150,00:00:52.483,17.926649305555557,18.690592447916668,22.977430555555557,16.105794270833332,14.696723090277779
3151,00:00:52.500,43.7713306568287,66.219482421875,74.27259657118056,35.058024088541664,21.98337131076389
3152,00:00:52.517,29.224021629050924,57.48291015625,47.646240234375,24.03876410590278,15.987060546875
3153,00:00:52.533,24.81814236111111,31.646728515625,37.761962890625,19.40456814236111,17.28789605034722
3154,00:00:52.550,13.754575376157407,22.737223307291668,17.578504774305557,12.430962456597221,11.254258897569445
3155,00:00:52.567,8.679931640624998,14.94140625,10.72488064236111,7.706624348958333,7.608289930555555
3156,00:00:52.583,0.10619212962962961,0.4081217447916667,0.1838650173611111,0.057427300347222224,0.07728407118055555
3157,00:00:52.600,8.421332465277777,15.128173828125,10.60964626736111,7.160074869791667,7.494276258680555
3158,00:00:52.617,6.6627423321759265,10.099283854166666,8.777886284722221,5.639512803819445,5.570827907986111
3159,00:00:52.633,7.714997468171298,12.880045572916666,10.662787543402779,6.496717664930555,5.985487196180555
3160,00:00:52.650,6.596426504629629,12.963053385416666,8.40481228298611,5.567735460069445,5.816731770833333
3161,00:00:52.667,8.502477575231481,16.587727864583332,11.111165364583334,7.058403862847222,7.337863498263889
3162,00:00:52.683,7.256510416666667,13.931477864583334,9.20849609375,6.387993706597222,6.173041449652778
3163,00:00:52.700,4.79345703125,10.445149739583334,6.021674262152778,4.069091796875,4.289605034722222
3164,00:00:52.717,5.297435619212963,10.673421223958334,6.617404513888889,4.751817491319445,4.523084852430555
3165,00:00:52.733,5.752884476273148,10.486653645833334,7.525716145833333,5.034315321180555,4.698621961805555
3166,00:00:52.750,6.2880859375,12.298990885416666,7.953233506944445,5.577826605902778,5.333197699652778
3167,00:00:52.767,4.779351128472222,9.781087239583334,5.967502170138889,4.337565104166667,4.032986111111111
3168,00:00:52.783,4.296450014467593,10.120035807291666,5.223090277777778,4.019449869791667,3.6468098958333335
3169,00:00:52.800,5.170464409722222,9.615071614583334,6.690511067708333,4.570231119791667,4.250651041666667
3170,00:00:52.817,6.9519223813657405,10.023193359375,9.332763671875,6.064100477430555,5.458902994791667
3171,00:00:52.833,6.198513454861111,9.082438151041666,8.720133463541666,5.147650824652778,4.727756076388889
3172,00:00:52.850,6.678041811342593,7.42919921875,7.9599609375,5.642171223958333,6.431993272569445
3173,00:00:52.867,5.19165943287037,5.554606119791667,7.905300564236111,4.280300564236111,3.389377170138889
3174,00:00:52.883,0.10895905671296297,0.3873697916666667,0.20271809895833334,0.052327473958333336,0.07183159722222222
3175,00:00:52.900,5.476209852430556,7.567545572916667,8.461778428819445,4.365424262152778,3.6014268663194446
3176,00:00:52.917,3.7271773726851856,4.883626302083333,5.650444878472222,3.006320529513889,2.5247667100694446
3177,00:00:52.933,5.333270037615741,5.02197265625,8.086778428819445,4.270399305555555,3.6426323784722223
3178,00:00:52.950,4.562997323495371,6.253255208333333,7.079942491319445,3.4849446614583335,3.1241048177083335
3179,00:00:52.967,4.327247902199074,3.3756510416666665,6.375949435763889,3.7259114583333335,2.8798828125
3180,00:00:52.983,3.8769983362268516,3.9774576822916665,5.735107421875,3.356418185763889,2.5394694010416665
3181,00:00:53.000,18.37383355034722,10.943196614583334,35.282958984375,7.166124131944445,12.672417534722221
3182,00:00:53.017,2.2951027199074074,1.9368489583333333,3.0258246527777777,2.1743706597222223,1.6851128472222223
3183,00:00:53.033,45.94933629918981,79.48689778645833,62.409152560763886,46.196940104166664,29.24191623263889
3184,00:00:53.050,0.04157624421296296,0.07609049479166667,0.057074652777777776,0.029134114583333332,0.038519965277777776
3185,00:00:53.067,2.3970902054398144,3.5693359375,2.832763671875,1.9037543402777777,2.4547526041666665
3186,00:00:53.083,9.569589120370372,13.142903645833334,12.19650607638889,5.899549696180555,10.612711588541666
3187,00:00:53.100,6.925455729166667,10.279134114583334,9.12863498263889,5.179090711805555,6.468641493055555
3188,00:00:53.117,19.237404152199076,21.568196614583332,22.714463975694443,19.426188151041668,15.57156032986111
3189,00:00:53.133,23.81523075810185,33.057861328125,27.474772135416668,25.60175238715278,18.36916775173611
3190,00:00:53.150,0.05796983506944445,0.06917317708333333,0.08360460069444445,0.03464084201388889,0.0556640625
3191,00:00:53.167,22.619610821759256,31.280110677083332,25.76315646701389,24.25632052951389,17.83935546875
3192,00:00:53.183,19.795021339699073,31.33544921875,21.357286241319443,20.28594292534722,17.741834852430557
3193,00:00:53.200,17.79097041377315,28.042805989583332,19.29348415798611,17.652425130208332,16.427001953125
3194,00:00:53.217,3.168312355324074,7.698974609375,3.2460394965277777,3.3608940972222223,2.8980034722222223
3195,00:00:53.233,2.751763237847222,5.5615234375,2.6026746961805554,3.100124782986111,2.552490234375
3196,00:00:53.250,3.364637586805556,5.132649739583333,3.3269585503472223,3.6453721788194446,3.12158203125
3197,00:00:53.267,3.3689055266203702,3.7906901041666665,3.55810546875,3.5333116319444446,3.0152994791666665
3198,00:00:53.283,3.790798611111111,5.921223958333333,3.923611111111111,4.075792100694445,3.3729926215277777
3199,00:00:53.300,2.5888762297453702,3.5970052083333335,2.4427897135416665,2.9613172743055554,2.362521701388889
3200,00:00:53.317,3.6715313946759256,5.3125,3.793484157986111,3.921169704861111,3.2999403211805554
3201,00:00:53.333,2.9638762297453702,4.392496744791667,2.974392361111111,3.2361653645833335,2.6810709635416665
3202,00:00:53.350,20.23436595775463,31.556803385416668,21.36626519097222,21.13134765625,18.205485026041668
3203,00:00:53.367,0.08621780960648147,0.45654296875,0.12353515625,0.05164930555555555,0.0834689670138889
3204,00:00:53.383,32.467086226851855,52.820638020833336,32.27802191840278,36.677707248263886,28.44552951388889
3205,00:00:53.400,35.67810510706019,69.44986979166667,36.634928385416664,39.420979817708336,30.978407118055557
3206,00:00:53.417,0.03798647280092592,0.13834635416666666,0.035888671875,0.030164930555555556,0.047905815972222224
3207,00:00:53.433,20.753092447916668,54.750569661458336,17.657823350694443,20.554578993055557,24.046875
3208,00:00:53.450,17.844319661458332,56.632080078125,15.47341579861111,16.545030381944443,21.514512803819443
3209,00:00:53.467,9.702537254050926,29.308675130208332,8.691786024305555,7.777235243055555,12.638590494791666
3210,00:00:53.483,4.980197482638889,13.495686848958334,4.450032552083333,3.811496310763889,6.679063585069445
3211,00:00:53.500,12.60498046875,25.282796223958332,13.165662977430555,7.493706597222222,17.15557183159722
3212,00:00:53.517,7.3512098524305545,21.796468098958332,6.220811631944445,5.626817491319445,10.206000434027779
3213,00:00:53.533,10.280843098958332,31.051839192708332,9.013970269097221,8.34402126736111,13.484537760416666
3214,00:00:53.550,16.787489149305554,47.017008463541664,13.538953993055555,15.682807074652779,21.140706380208332
3215,00:00:53.567,19.374186197916668,49.18212890625,15.370225694444445,18.488525390625,24.263807508680557
3216,00:00:53.583,24.329535590277775,59.772542317708336,21.02292209201389,26.01882595486111,25.946858723958332
3217,00:00:53.600,22.926115813078706,50.67626953125,20.04804144965278,25.884629991319443,22.84567599826389
3218,00:00:53.617,20.220269097222225,41.019694010416664,15.93191189236111,24.645887586805557,20.0830078125
3219,00:00:53.633,15.455258969907407,30.553792317708332,12.03762478298611,17.976236979166668,16.351915147569443
3220,00:00:53.650,0.100830078125,0.11067708333333333,0.1262478298611111,0.06681315104166667,0.10942925347222222
3221,00:00:53.667,7.889639395254629,13.481852213541666,6.293755425347222,8.138563368055555,9.23659939236111
3222,00:00:53.683,12.731852213541666,21.810302734375,9.498155381944445,14.206488715277779,14.490912543402779
3223,00:00:53.700,16.04319480613426,30.4638671875,12.61037868923611,18.25048828125,17.268717447916668
3224,00:00:53.717,18.55912724247685,33.528238932291664,15.082600911458334,21.38525390625,19.20952690972222
3225,00:00:53.733,23.65115921585648,42.852783203125,21.012044270833332,27.318956163194443,22.622477213541668
3226,00:00:53.750,23.076153790509256,42.506917317708336,22.05889214409722,26.128038194444443,21.04153103298611
3227,00:00:53.767,26.25394241898148,46.844075520833336,26.81350368923611,29.823838975694443,22.12448459201389
3228,00:00:53.783,0.10851598668981481,0.3251139322916667,0.12437608506944445,0.08775499131944445,0.11341688368055555
3229,00:00:53.800,25.80660445601852,42.333984375,27.34765625,29.73117404513889,20.340983072916668
3230,00:00:53.817,25.510832609953706,41.261800130208336,29.685139973958332,27.858561197916668,18.98879665798611
3231,00:00:53.833,12.446144386574074,16.511637369791668,15.536756727430555,11.931098090277779,9.87057834201389
3232,00:00:53.850,2.3457845052083335,3.7076822916666665,2.6281195746527777,2.0242784288194446,2.3849555121527777
3233,00:00:53.867,2.6128743489583335,3.2027180989583335,3.3641221788194446,2.077392578125,2.3971082899305554
3234,00:00:53.883,3.7693051938657405,4.952799479166667,4.937337239583333,3.1654459635416665,3.2051323784722223
3235,00:00:53.900,7.453776041666667,9.462890625,9.813313802083334,6.389892578125,6.158121744791667
3236,00:00:53.917,10.644504123263888,11.690266927083334,14.296739366319445,9.345838758680555,8.290934244791666
3237,00:00:53.933,16.16384548611111,19.873453776041668,20.76055230034722,15.339653862847221,12.39133029513889
3238,00:00:53.950,16.92092556423611,20.3369140625,22.02346462673611,16.159559461805557,12.579752604166666
3239,00:00:53.967,0.12141022858796297,0.311279296875,0.189208984375,0.068115234375,0.1069064670138889
3240,00:00:53.983,16.07719364872685,19.624430338541668,21.49530707465278,14.836127387152779,11.900146484375
3241,00:00:54.000,21.532335069444443,22.100830078125,31.97463650173611,16.586995442708332,16.03537326388889
3242,00:00:54.017,11.625859013310185,15.60546875,15.167534722222221,10.690266927083334,9.019775390625
3243,00:00:54.033,10.69553855613426,14.049072265625,14.275987413194445,9.591471354166666,8.219156901041666
3244,00:00:54.050,12.500063295717593,15.923665364583334,16.971842447916668,11.050944010416666,9.477403428819445
3245,00:00:54.067,7.566569010416667,9.227701822916666,10.331787109375,6.373019748263889,5.994900173611111
3246,00:00:54.083,8.957067418981481,10.548909505208334,12.752739800347221,7.287353515625,6.831108940972222
3247,00:00:54.100,8.510950159143519,9.725748697916666,12.198974609375,6.935655381944445,6.398220486111111
3248,00:00:54.117,14.928168402777777,17.466227213541668,20.43454318576389,13.36252170138889,10.987440321180555
3249,00:00:54.133,20.410961009837962,29.779052734375,27.25580512152778,19.36328125,14.61379665798611
3250,00:00:54.150,19.08150679976852,26.666259765625,25.526475694444443,17.570231119791668,14.147813585069445
3251,00:00:54.167,28.221507884837962,46.159261067708336,35.865207248263886,27.144151475694443,21.655164930555557
3252,00:00:54.183,23.693232783564813,35.202229817708336,31.30856662326389,21.348768446180557,18.42236328125
3253,00:00:54.200,0.1097095630787037,0.13834635416666666,0.1792263454861111,0.054389105902777776,0.09551323784722222
3254,00:00:54.217,38.652994791666664,63.722330729166664,48.628634982638886,38.59046766493056,28.739881727430557
3255,00:00:54.233,0.05907298900462962,0.12451171875,0.07158745659722222,0.034586588541666664,0.071044921875
3256,00:00:54.250,30.806812427662035,52.025146484375,40.68438042534722,27.912950303819443,23.823106553819443
3257,00:00:54.267,23.945900245949073,42.271728515625,32.85728624131944,19.84836154513889,19.13205295138889
3258,00:00:54.283,13.91160300925926,18.5107421875,18.71367730034722,10.615641276041666,12.40549045138889
3259,00:00:54.300,6.332094545717593,10.023193359375,8.161973741319445,4.838107638888889,5.996202256944445
3260,00:00:54.317,2.6609881365740744,4.717610677083333,3.438991970486111,1.9804416232638888,2.5635308159722223
3261,00:00:54.333,3.2556333188657405,3.9082845052083335,4.307210286458333,2.43896484375,3.020724826388889
3262,00:00:54.350,4.550726996527778,5.831298828125,6.097819010416667,3.2649468315972223,4.289415147569445
3263,00:00:54.367,2.413203486689815,3.6800130208333335,3.1929796006944446,1.7986111111111112,2.248019748263889
3264,00:00:54.383,0.1626880787037037,0.5533854166666666,0.2372504340277778,0.0837673611111111,0.1670464409722222
3265,00:00:54.400,3.7649920428240744,5.139567057291667,4.896050347222222,2.7373860677083335,3.6615397135416665
3266,00:00:54.417,3.744023075810185,6.080322265625,4.920301649305555,2.6385362413194446,3.6732313368055554
3267,00:00:54.433,2.466489438657408,4.053548177083333,3.0388997395833335,1.9566514756944444,2.4039171006944446
3268,00:00:54.450,4.187717013888889,5.3125,5.359564887152778,3.2866753472222223,3.9169108072916665
3269,00:00:54.467,2.419551142939815,4.267985026041667,2.850314670138889,1.9423014322916667,2.466037326388889
3270,00:00:54.483,2.5700593171296293,3.7699381510416665,3.2389594184027777,1.9173177083333333,2.5539008246527777
3271,00:00:54.500,15.333866825810185,12.402750651041666,25.47821723090278,6.346272786458333,14.177110460069445
3272,00:00:54.517,2.028754340277778,4.005126953125,2.046359592013889,2.1192220052083335,1.9206814236111112
3273,00:00:54.533,3.0939127604166665,6.107991536458333,3.2879503038194446,3.3413628472222223,2.6524251302083335
3274,00:00:54.550,7.288773148148148,10.465901692708334,8.828043619791666,5.858913845486111,7.179361979166667
3275,00:00:54.567,8.367558232060185,11.655680338541666,9.677327473958334,7.113145616319445,8.312201605902779
3276,00:00:54.583,11.786512586805555,15.660807291666666,14.834228515625,9.353379991319445,11.171929253472221
3277,00:00:54.600,11.222249348958334,15.882161458333334,14.351264105902779,9.820068359375,9.495415581597221
3278,00:00:54.617,9.354564525462962,14.934488932291666,12.61252170138889,7.859971788194445,7.591200086805555
3279,00:00:54.633,9.333188657407407,13.966064453125,12.895941840277779,7.57958984375,7.524034288194445
3280,00:00:54.650,6.8575303819444455,6.695963541666667,10.067138671875,5.395887586805555,5.109564887152778
3281,00:00:54.667,0.05602575231481482,0.0830078125,0.07538519965277778,0.037434895833333336,0.055257161458333336
3282,00:00:54.683,10.958893952546298,9.615071614583334,15.125623914930555,9.160725911458334,8.59033203125
3283,00:00:54.700,10.802056206597223,10.057779947916666,15.993570963541666,8.76955837673611,7.643039279513889
3284,00:00:54.717,9.710232204861112,8.224690755208334,14.533745659722221,7.864637586805555,6.732313368055555
3285,00:00:54.733,7.604645905671297,7.892659505208333,11.668565538194445,5.911295572916667,5.234076605902778
3286,00:00:54.750,7.987820095486112,7.09716796875,12.661322699652779,6.058729383680555,5.243408203125
3287,00:00:54.767,10.294279875578704,9.75341796875,15.367078993055555,8.33303493923611,7.182725694444445
3288,00:00:54.783,11.61432110821759,10.791015625,16.951253255208332,9.57272677951389,8.318983289930555
3289,00:00:54.800,11.297562210648147,12.043050130208334,15.944010416666666,9.689561631944445,8.259114583333334
3290,00:00:54.817,11.645037615740742,12.167561848958334,17.14032660590278,9.93722873263889,7.857557508680555
3291,00:00:54.833,8.949887876157407,8.017171223958334,12.782660590277779,8.047471788194445,6.01953125
3292,00:00:54.850,11.193305121527779,11.378987630208334,16.635172526041668,9.70700412326389,7.237738715277778
3293,00:00:54.867,0.07291666666666667,0.21443684895833334,0.11170789930555555,0.04616970486111111,0.060872395833333336
3294,00:00:54.883,11.42822265625,12.236735026041666,17.36618381076389,9.791856553819445,7.126627604166667
3295,00:00:54.900,12.695068359375,16.006673177083332,18.842664930555557,11.238823784722221,8.003716362847221
3296,00:00:54.917,11.602566189236109,20.316162109375,17.27446831597222,9.69021267361111,7.843017578125
3297,00:00:54.933,21.556324146412038,49.76318359375,26.591064453125,20.745849609375,17.33205837673611
3298,00:00:54.950,10.205692997685185,22.190755208333332,18.495252821180557,7.199869791666667,4.921956380208333
3299,00:00:54.967,12.808421947337962,28.257242838541668,21.57082790798611,10.240234375,6.614203559027778
3300,00:00:54.983,12.182490596064815,31.363118489583332,19.784586588541668,10.30859375,6.454291449652778
3301,00:00:55.000,23.006419994212962,40.327962239583336,40.477077907986114,15.778889973958334,12.763292100694445
3302,00:00:55.017,13.072419343171296,35.347493489583336,21.25604926215278,11.224663628472221,6.736545138888889
3303,00:00:55.033,31.36624710648148,86.90226236979167,48.49555121527778,29.260877821180557,16.34231228298611
3304,00:00:55.050,24.260886863425927,59.039306640625,37.043701171875,23.508951822916668,12.23000759548611
3305,00:00:55.067,24.47339771412037,60.22216796875,35.947672526041664,25.183024088541668,12.289496527777779
3306,00:00:55.083,28.600206163194443,70.06551106770833,34.992404513888886,37.39000108506944,13.418212890625
3307,00:00:55.100,23.81546585648148,67.10489908854167,29.11273871527778,31.36056857638889,10.973090277777779
3308,00:00:55.117,0.21973560474537038,1.390380859375,0.3282063802083333,0.1474338107638889,0.1835666232638889
3309,00:00:55.133,26.623074001736114,65.430908203125,35.567708333333336,32.83721245659722,11.464301215277779
3310,00:00:55.150,19.598370587384263,59.011637369791664,28.82050238715278,22.14724392361111,7.827365451388889
3311,00:00:55.167,17.04299587673611,34.794108072916664,28.94873046875,14.94509548611111,7.235161675347222
3312,00:00:55.183,19.748896846064813,50.005289713541664,30.79592556423611,19.521104600694443,8.92966037326389
3313,00:00:55.200,25.195610894097225,77.33561197916667,35.904134114583336,27.14911566840278,12.533582899305555
3314,00:00:55.217,18.51708080150463,35.644938151041664,25.03369140625,19.97357855902778,10.54397243923611
3315,00:00:55.233,13.13624855324074,28.720703125,20.497721354166668,11.1728515625,7.738172743055555
3316,00:00:55.250,15.400472005208334,21.277669270833332,23.59323459201389,12.305040147569445,10.303141276041666
3317,00:00:55.267,13.725540726273147,17.161865234375,20.848008897569443,11.125081380208334,9.203531901041666
3318,00:00:55.283,10.223243995949074,18.905029296875,14.912679036458334,8.040581597222221,7.716471354166667
3319,00:00:55.300,0.08139829282407407,0.4911295572916667,0.14320203993055555,0.04055447048611111,0.06043836805555555
3320,00:00:55.317,9.827284071180555,14.8583984375,14.23874240451389,8.067057291666666,7.176052517361111
3321,00:00:55.333,9.77175564236111,16.414794921875,14.231770833333334,7.884358723958333,7.199137369791667
3322,00:00:55.350,10.010389539930555,16.435546875,14.88473849826389,7.895345052083333,7.251085069444445
3323,00:00:55.367,12.005750868055555,17.611490885416668,18.13699001736111,9.553955078125,8.326307508680555
3324,00:00:55.383,16.516619646990744,24.618733723958332,25.033827039930557,13.62765842013889,10.888373480902779
3325,00:00:55.400,18.885064019097225,31.91650390625,28.799180772569443,15.95944552951389,11.896565755208334
3326,00:00:55.417,22.954445167824073,41.683756510416664,33.79161241319444,20.16550021701389,14.90622287326389
3327,00:00:55.433,21.974238642939813,38.55712890625,32.188639322916664,19.88134765625,13.852728949652779
3328,00:00:55.450,23.994222005208332,37.623291015625,34.55072699652778,22.53106011284722,14.90087890625
3329,00:00:55.467,20.430058232060187,32.435302734375,30.09963650173611,18.50043402777778,12.690104166666666
3330,00:00:55.483,0.31400101273148145,1.099853515625,0.534423828125,0.15611436631944445,0.25146484375
3331,00:00:55.500,24.007884837962962,27.8076171875,39.062825520833336,16.37106662326389,16.589762369791668
3332,00:00:55.517,9.802788628472221,13.357340494791666,13.952501085069445,7.480278862847222,7.9755859375
3333,00:00:55.533,11.60349754050926,12.90771484375,16.825330946180557,8.819905598958334,9.16525607638889
3334,00:00:55.550,11.253065321180557,12.126057942708334,15.915228949652779,8.59567599826389,9.248291015625
3335,00:00:55.567,8.96533203125,9.027099609375,12.769449869791666,6.812852647569445,7.313693576388889
3336,00:00:55.583,11.426224320023147,12.65869140625,16.67971462673611,8.677598741319445,8.92135959201389
3337,00:00:55.600,11.62794777199074,13.288167317708334,17.230794270833332,8.99880642361111,8.654242621527779
3338,00:00:55.617,0.12459309895833333,1.0929361979166667,0.200439453125,0.0730251736111111,0.1003146701388889
3339,00:00:55.633,12.914912471064815,14.305013020833334,19.02813042534722,9.99270290798611,9.72390407986111
3340,00:00:55.650,11.439425998263888,11.676432291666666,17.103841145833332,8.68435329861111,8.530083550347221
3341,00:00:55.667,11.673800998263891,13.32275390625,16.369547526041668,9.26486545138889,9.38699001736111
3342,00:00:55.683,14.350920500578702,17.673746744791668,20.66262478298611,11.416422526041666,10.973714192708334
3343,00:00:55.700,13.755452473958334,17.217203776041668,19.614420572916668,11.115424262152779,10.536512586805555
3344,00:00:55.717,12.679271556712962,15.162760416666666,18.23342556423611,10.082628038194445,9.721761067708334
3345,00:00:55.733,13.888156467013891,14.429524739583334,19.989664713541668,11.347466362847221,10.327338324652779
3346,00:00:55.750,11.695683232060185,11.946207682291666,16.82012261284722,9.564398871527779,8.702528211805555
3347,00:00:55.767,9.80642361111111,10.701090494791666,14.220621744791666,7.900173611111111,7.298475477430555
3348,00:00:55.783,12.986807364004628,18.26171875,18.39889865451389,11.136284722222221,9.425238715277779
3349,00:00:55.800,11.958224826388888,15.259602864583334,16.36762152777778,10.651285807291666,8.855767144097221
3350,00:00:55.817,11.023627387152777,12.375081380208334,16.17138671875,9.075249565972221,7.824245876736111
3351,00:00:55.833,0.08583803530092593,0.6087239583333334,0.13525390625,0.051323784722222224,0.07093641493055555
3352,00:00:55.850,9.883879484953704,11.787109375,14.413411458333334,8.08303493923611,7.155192057291667
3353,00:00:55.867,11.875235098379628,15.404866536458334,17.29782443576389,9.92941623263889,8.39846462673611
3354,00:00:55.883,12.244032118055555,12.319742838541666,17.600423177083332,10.54104275173611,8.590630425347221
3355,00:00:55.900,10.492359302662036,11.614176432291666,14.945203993055555,8.921332465277779,7.610541449652778
3356,00:00:55.917,12.324273003472221,14.98291015625,17.747667100694443,10.474419487847221,8.750732421875
3357,00:00:55.933,11.710801866319443,12.755533854166666,16.26348198784722,10.063585069444445,8.805338541666666
3358,00:00:55.950,0.08922887731481483,0.4842122395833333,0.1342230902777778,0.056586371527777776,0.0768771701388889
3359,00:00:55.967,19.397289134837962,27.025960286458332,26.45749240451389,17.98215060763889,13.75222439236111
3360,00:00:55.983,20.23555953414352,27.032877604166668,27.660536024305557,18.84716796875,14.198974609375
3361,00:00:56.000,24.847755714699076,28.942057291666668,38.440673828125,18.206651475694443,17.89594184027778
3362,00:00:56.017,13.882658781828704,17.957356770833332,18.556559244791668,12.83984375,10.251573350694445
3363,00:00:56.033,13.111906828703702,14.934488932291666,17.025743272569443,12.306260850694445,10.003716362847221
3364,00:00:56.050,13.049470124421296,14.89990234375,17.059977213541668,12.26174587673611,9.82668728298611
3365,00:00:56.067,14.168818721064815,20.0048828125,18.775499131944443,13.144856770833334,10.586100260416666
3366,00:00:56.083,0.09003363715277778,0.4427083333333333,0.14076063368055555,0.049886067708333336,0.07945421006944445
3367,00:00:56.100,22.106816044560187,39.338785807291664,28.93069118923611,21.627522786458332,15.76223415798611
3368,00:00:56.117,26.101824725115744,49.161376953125,33.22626410590278,26.550157335069443,18.529052734375
3369,00:00:56.133,25.895164207175924,53.422444661458336,32.295572916666664,26.260091145833332,19.12982855902778
3370,00:00:56.150,23.11328125,53.920491536458336,31.002278645833332,21.539876302083332,16.797688802083332
3371,00:00:56.167,18.55614330150463,47.902425130208336,25.668565538194443,16.11135525173611,13.888509114583334
3372,00:00:56.183,16.009114583333332,37.422688802083336,21.41704644097222,14.136366102430555,12.473931206597221
3373,00:00:56.200,18.34393988715278,38.979085286458336,24.55862087673611,16.18427191840278,14.288926866319445
3374,00:00:56.217,14.316288700810185,30.124918619791668,19.026611328125,11.645100911458334,12.277153862847221
3375,00:00:56.233,11.56618019386574,23.8232421875,14.825439453125,9.47097439236111,10.40212673611111
3376,00:00:56.250,15.461950231481481,27.966715494791668,20.807752821180557,13.465576171875,12.11252170138889
3377,00:00:56.267,0.0963722511574074,0.7609049479166666,0.1137966579861111,0.06388346354166667,0.11143663194444445
3378,00:00:56.283,11.582284432870368,22.9931640625,15.359022352430555,10.248643663194445,9.13918728298611
3379,00:00:56.300,10.63722511574074,19.451497395833332,14.120008680555555,9.397026909722221,8.394639756944445
3380,00:00:56.317,12.180636935763891,20.738118489583332,17.311197916666668,10.067952473958334,9.162760416666666
3381,00:00:56.333,11.564407913773147,18.005777994791668,15.011555989583334,10.423258463541666,9.258409288194445
3382,00:00:56.350,11.230278862847223,18.047281901041668,14.324300130208334,10.27829318576389,9.088243272569445
3383,00:00:56.367,13.206443504050924,20.288492838541668,17.12847222222222,11.97463650173611,10.516221788194445
3384,00:00:56.383,14.903085214120372,20.613606770833332,19.314453125,13.247314453125,12.14748806423611
3385,00:00:56.400,19.00020797164352,32.670491536458336,23.29248046875,16.98895941840278,16.71918402777778
3386,00:00:56.417,17.018726490162038,39.345703125,22.01467556423611,15.195393880208334,13.846110026041666
3387,00:00:56.433,26.16092484085648,51.167399088541664,36.74053276909722,23.670084635416668,18.072157118055557
3388,00:00:56.450,27.01078739872685,46.954752604166664,39.89873589409722,24.964111328125,16.169514973958332
3389,00:00:56.467,42.188241464120374,58.541259765625,61.056803385416664,44.39320203993056,21.11471896701389
3390,00:00:56.483,37.5771484375,53.768310546875,52.77967664930556,39.295871310763886,20.655897352430557
3391,00:00:56.500,35.53493019386574,52.025146484375,52.48076714409722,31.90139431423611,22.22262912326389
3392,00:00:56.517,23.605360243055554,46.297607421875,30.96902126736111,22.450764973958332,17.39629448784722
3393,00:00:56.533,12.492404513888891,21.561279296875,14.348090277777779,12.35205078125,10.77707248263889
3394,00:00:56.550,13.763699001736112,17.874348958333332,18.01025390625,12.831488715277779,10.449354383680555
3395,00:00:56.567,11.705123336226853,15.81298828125,15.925374348958334,10.610053168402779,8.579942491319445
3396,00:00:56.583,0.1283275462962963,0.70556640625,0.21337890625,0.07527669270833333,0.09632703993055555
3397,00:00:56.600,16.80302372685185,23.871663411458332,24.079210069444443,14.677788628472221,11.65207248263889
3398,00:00:56.617,14.993616174768519,17.922770182291668,20.47092013888889,13.508138020833334,11.001790364583334
3399,00:00:56.633,13.37184425636574,19.313151041666668,18.16845703125,12.079020182291666,9.868055555555555
3400,00:00:56.650,12.035237630208334,17.113444010416668,15.789442274305555,11.27490234375,9.041368272569445
3401,00:00:56.667,13.692807798032407,19.389241536458332,18.09198676215278,12.648111979166666,10.338324652777779
3402,00:00:56.683,15.56443504050926,30.456949869791668,20.21389431423611,15.617431640625,10.861979166666666
3403,00:00:56.700,22.544939959490744,33.382975260416664,35.608235677083336,20.325276692708332,11.701307508680555
3404,00:00:56.717,13.253146701388888,24.881591796875,17.31231011284722,12.573486328125,9.873643663194445
3405,00:00:56.733,29.633888527199073,53.007405598958336,38.706515842013886,30.426378038194443,19.76877170138889
3406,00:00:56.750,41.25706199363426,64.11661783854167,53.31659613715278,44.38807508680556,26.066514756944443
3407,00:00:56.767,38.817183883101855,61.999918619791664,49.67352973090278,40.466389973958336,26.311631944444443
3408,00:00:56.783,33.05275245949074,57.8564453125,43.43169487847222,32.352376302083336,23.374186197916668
3409,00:00:56.800,19.456714771412038,45.592041015625,26.010498046875,14.975341796875,17.38430447048611
3410,00:00:56.817,15.826343677662038,35.216064453125,21.236083984375,11.86282009548611,14.380126953125
3411,00:00:56.833,15.208740234375,33.4521484375,20.856309678819443,11.193196614583334,13.576714409722221
3412,00:00:56.850,13.128092447916666,26.6455078125,18.77218967013889,9.125189887152779,11.486897786458334
3413,00:00:56.867,0.14547164351851852,1.2312825520833333,0.2036404079861111,0.0810546875,0.15171983506944445
3414,00:00:56.883,12.928593388310185,27.323404947916668,17.958360460069443,9.44943576388889,11.377983940972221
3415,00:00:56.900,19.84671585648148,57.7734375,24.233642578125,16.324842664930557,18.98166232638889
3416,00:00:56.917,22.38667353877315,50.309651692708336,27.197618272569443,19.45342339409722,20.50897894965278
3417,00:00:56.933,34.56993272569444,59.72412109375,40.831380208333336,38.703830295138886,24.17458767361111
3418,00:00:56.950,43.512704354745374,58.949381510416664,55.784695095486114,47.41319444444444,27.340223524305557
3419,00:00:56.967,44.36406792534722,69.21468098958333,62.43077256944444,46.36669921875,24.29473198784722
3420,00:00:56.983,38.59509729456019,75.60628255208333,58.317789713541664,35.318440755208336,22.149061414930557
3421,00:00:57.000,33.49042426215278,62.435709635416664,55.234049479166664,23.96853298611111,21.268690321180557
3422,00:00:57.017,22.05420826099537,45.619710286458336,34.465847439236114,16.808756510416668,14.888020833333334
3423,00:00:57.033,23.177155671296294,43.828125,36.359375,17.62350802951389,15.548583984375
3424,00:00:57.050,25.95037615740741,49.832356770833336,40.321316189236114,19.836344401041668,17.693467881944443
3425,00:00:57.067,21.485649956597225,42.666015625,33.878743489583336,15.666422526041666,14.911783854166666
3426,00:00:57.083,16.06442599826389,28.907470703125,24.490614149305557,11.792399088541666,11.910264756944445
3427,00:00:57.100,13.945348668981481,25.642496744791668,21.48483615451389,10.16042751736111,10.190782335069445
3428,00:00:57.117,17.98772967303241,34.32373046875,29.278428819444443,12.575439453125,12.109320746527779
3429,00:00:57.133,17.586317274305557,34.794108072916664,28.633436414930557,11.93478732638889,12.190728081597221
3430,00:00:57.150,0.3377278645833333,4.171142578125,0.626708984375,0.14680989583333334,0.23966471354166666
3431,00:00:57.167,12.878743489583334,26.735432942708332,20.820909288194443,8.699028862847221,9.116292317708334
3432,00:00:57.183,10.753454137731481,19.638264973958332,17.568196614583332,7.142632378472222,7.549533420138889
3433,00:00:57.200,11.685971860532407,25.780843098958332,18.985270182291668,7.567925347222222,8.504720052083334
3434,00:00:57.217,8.422734013310185,23.000081380208332,14.194959852430555,5.115776909722222,5.957465277777778
3435,00:00:57.233,13.188277633101853,30.263264973958332,21.88848198784722,8.358479817708334,9.31787109375
3436,00:00:57.250,12.034134476273147,28.741455078125,19.99530707465278,7.632269965277778,8.47482638888889
3437,00:00:57.267,13.713306568287036,31.273193359375,22.82638888888889,8.659966362847221,9.653564453125
3438,00:00:57.283,13.688069661458334,28.644612630208332,21.77878146701389,9.179117838541666,10.106309678819445
3439,00:00:57.300,12.948233145254628,22.45361328125,21.54977756076389,8.118815104166666,9.176106770833334
3440,00:00:57.317,9.283836082175926,17.80517578125,15.518446180555555,5.6572265625,6.675835503472222
3441,00:00:57.333,9.384702329282407,17.431640625,15.630940755208334,5.918836805555555,6.604329427083333
3442,00:00:57.350,8.92185691550926,13.758544921875,14.40163845486111,5.714979383680555,6.648952907986111
3443,00:00:57.367,6.598931206597222,11.648763020833334,10.3134765625,4.24951171875,5.233805338541667
3444,00:00:57.383,7.8133409288194455,15.868326822916666,11.755995008680555,5.247938368055555,6.436089409722222
3445,00:00:57.400,6.176016348379629,11.99462890625,9.28127712673611,4.200330946180555,5.046440972222222
3446,00:00:57.417,0.8137930410879629,4.184977213541667,1.3243001302083333,0.3743218315972222,0.7427571614583334
3447,00:00:57.433,7.563413266782407,12.561848958333334,10.795220269097221,5.301920572916667,6.593098958333333
3448,00:00:57.450,7.147352430555556,12.568766276041666,10.065185546875,5.000461154513889,6.376410590277778
3449,00:00:57.467,6.482729311342592,13.876139322916666,9.056315104166666,4.576009114583333,5.815863715277778
3450,00:00:57.483,8.887876157407407,13.232828776041666,12.648301866319445,6.248833550347222,7.766493055555555
3451,00:00:57.500,18.939308449074073,16.753743489583332,34.040201822916664,7.855441623263889,14.922281901041666
3452,00:00:57.517,6.050944010416667,10.099283854166666,7.526394314236111,4.749565972222222,5.876871744791667
3453,00:00:57.533,0.048656322337962965,0.15218098958333334,0.07242838541666667,0.03209092881944445,0.041449652777777776
3454,00:00:57.550,8.537452980324074,14.89990234375,10.843397352430555,7.283230251736111,7.485731336805555
3455,00:00:57.567,0.057436342592592594,0.4842122395833333,0.08477105034722222,0.038411458333333336,0.049126519097222224
3456,00:00:57.583,19.666865596064813,25.85693359375,32.1259765625,14.904188368055555,11.97043185763889
3457,00:00:57.600,20.238444010416668,24.348958333333332,33.339626736111114,14.9736328125,12.40207248263889
3458,00:00:57.617,19.52710865162037,23.006998697916668,31.734239366319443,14.635118272569445,12.211968315972221
3459,00:00:57.633,21.267659505208332,28.284912109375,34.133029513888886,16.122965494791668,13.546983506944445
3460,00:00:57.650,18.58489764178241,19.679768880208332,29.007486979166668,14.152967664930555,12.59423828125
3461,00:00:57.667,16.758635344328706,15.432535807291666,26.64626736111111,12.301025390625,11.32861328125
3462,00:00:57.683,17.437337239583336,16.165771484375,27.795545789930557,12.794026692708334,11.72243923611111
3463,00:00:57.700,0.11158130787037036,0.6709798177083334,0.1924099392361111,0.052978515625,0.08935546875
3464,00:00:57.717,29.923755787037038,36.661783854166664,44.43834092881944,24.83889431423611,20.494032118055557
3465,00:00:57.733,0.057698567708333336,0.07609049479166667,0.099853515625,0.031928168402777776,0.041314019097222224
3466,00:00:57.750,34.42272497106482,42.140299479166664,49.65668402777778,30.018907335069443,23.59258355034722
3467,00:00:57.767,34.369149667245374,32.608235677083336,49.99940321180556,30.223795572916668,22.88425021701389
3468,00:00:57.783,40.28716362847222,31.612141927083332,58.04969618055556,36.42022026909722,26.39157443576389
3469,00:00:57.800,40.028727213541664,30.782063802083332,56.847981770833336,35.712619357638886,27.52558051215278
3470,00:00:57.817,39.955349392361114,55.276285807291664,55.21869574652778,36.949462890625,27.697889539930557
3471,00:00:57.833,25.046965422453706,45.052490234375,40.669840494791664,19.27712673611111,15.193929036458334
3472,00:00:57.850,27.228009259259256,50.987548828125,42.0322265625,22.11835394965278,17.533447265625
3473,00:00:57.867,20.637541594328706,32.891845703125,32.003336588541664,16.457899305555557,13.45138888888889
3474,00:00:57.883,17.83763744212963,23.083089192708332,28.25509982638889,13.865532769097221,11.392279730902779
3475,00:00:57.900,20.481300636574073,29.751383463541668,30.336832682291668,16.63921440972222,14.467854817708334
3476,00:00:57.917,20.33470775462963,24.625651041666668,30.33989800347222,15.759223090277779,14.90500217013889
3477,00:00:57.933,21.538963035300924,29.606119791666668,32.628987630208336,16.42192925347222,15.565972222222221
3478,00:00:57.950,18.96610062210648,27.261149088541668,29.472059461805557,14.173502604166666,13.252739800347221
3479,00:00:57.967,20.27203595196759,25.829264322916668,30.394639756944443,15.543212890625,14.878255208333334
3480,00:00:57.983,19.75494610821759,29.294840494791668,30.788736979166668,15.166395399305555,13.309705946180555
3481,00:00:58.000,13.437093098958334,13.129069010416666,26.41240776909722,4.016574435763889,9.88229709201389
3482,00:00:58.017,21.364013671875,31.245524088541668,33.646402994791664,15.722113715277779,14.723524305555555
3483,00:00:58.033,19.343831380208332,27.648518880208332,30.92966037326389,14.46384006076389,12.637993706597221
3484,00:00:58.050,18.727222583912035,29.730631510416668,30.35454644097222,14.008843315972221,11.818277994791666
3485,00:00:58.067,16.62164532696759,25.497233072916668,26.71942816840278,12.622260199652779,10.523247612847221
3486,00:00:58.083,17.06392867476852,25.9814453125,27.297688802083332,12.882921006944445,11.011176215277779
3487,00:00:58.100,16.625605830439813,28.070475260416668,26.826063368055557,12.625054253472221,10.425699869791666
3488,00:00:58.117,16.70465313946759,29.1357421875,26.655436197916668,12.645670572916666,10.812852647569445
3489,00:00:58.133,19.487946686921294,33.486735026041664,31.328206380208332,14.975260416666666,12.16037326388889
3490,00:00:58.150,19.63919632523148,26.251220703125,30.134901258680557,15.99660915798611,12.786078559027779
3491,00:00:58.167,43.576877170138886,51.09130859375,66.70833333333333,38.582736545138886,25.439561631944443
3492,00:00:58.183,45.06506799768518,48.5595703125,66.43961588541667,38.156955295138886,30.5986328125
3493,00:00:58.200,47.894974320023145,74.935302734375,65.84369574652777,44.98296440972222,32.85826280381944
3494,00:00:58.217,50.09078414351851,91.06648763020833,63.018717447916664,55.02454969618056,32.229085286458336
3495,00:00:58.233,41.196677879050924,68.99332682291667,50.667561848958336,47.12871636284722,25.79375542534722
3496,00:00:58.250,19.489664713541668,38.515625,22.77031792534722,19.78705512152778,15.91162109375
3497,00:00:58.267,13.649929470486109,20.641276041666668,16.257921006944443,14.082682291666666,10.609185112847221
3498,00:00:58.283,11.975206163194445,15.882161458333334,13.731092664930555,12.436604817708334,9.757921006944445
3499,00:00:58.300,13.958812572337964,19.250895182291668,16.75043402777778,14.212239583333334,10.913764105902779
3500,00:00:58.317,13.27125831886574,19.230143229166668,15.463134765625,13.688883463541666,10.661756727430555
3501,00:00:58.333,20.75122974537037,40.597737630208336,24.69460720486111,20.60720486111111,16.95187717013889
3502,00:00:58.350,11.299623842592593,17.231038411458332,12.613959418402779,11.786865234375,9.498046875
3503,00:00:58.367,0.13621238425925927,1.0030110677083333,0.167236328125,0.09258355034722222,0.14881727430555555
3504,00:00:58.383,14.037000868055555,23.062337239583332,16.559326171875,14.236952039930555,11.31472439236111
3505,00:00:58.400,12.483163339120372,22.550455729166668,14.540120442708334,12.37619357638889,10.53317599826389
3506,00:00:58.417,11.666178385416666,19.403076171875,13.28225368923611,11.690049913194445,10.026231553819445
3507,00:00:58.433,15.879683883101853,23.712565104166668,17.18798828125,16.52341037326389,13.927652994791666
3508,00:00:58.450,11.699824580439817,17.217203776041668,12.969184027777779,12.205159505208334,9.925130208333334
3509,00:00:58.467,12.006356698495372,20.157063802083332,12.951768663194445,12.507622612847221,10.559678819444445
3510,00:00:58.483,9.770046657986112,14.73388671875,10.143907335069445,10.378797743055555,8.787434895833334
3511,00:00:58.500,17.90185546875,21.95556640625,22.959852430555557,15.454508463541666,15.291205512152779
3512,00:00:58.517,12.609139901620372,18.711344401041668,12.995361328125,13.65652126736111,11.175537109375
3513,00:00:58.533,10.758897569444445,14.394938151041666,10.700629340277779,11.808295355902779,9.767768012152779
3514,00:00:58.550,11.189172815393519,15.591634114583334,11.400797526041666,12.251302083333334,9.915418836805555
3515,00:00:58.567,0.07574688946759259,0.3251139322916667,0.08455403645833333,0.06130642361111111,0.08138020833333333
3516,00:00:58.583,10.620352285879628,14.955240885416666,10.800916883680555,11.578477647569445,9.48166232638889
3517,00:00:58.600,10.377974898726853,17.22412109375,10.133707682291666,11.535047743055555,9.465169270833334
3518,00:00:58.617,11.354944299768519,17.078857421875,11.34762912326389,12.683539496527779,10.03366427951389
3519,00:00:58.633,10.676016348379628,19.243977864583332,10.606038411458334,11.861870659722221,9.560139973958334
3520,00:00:58.650,11.385805483217593,16.0205078125,11.139946831597221,12.413411458333334,10.604058159722221
3521,00:00:58.667,15.589400679976853,23.581136067708332,14.92092556423611,15.873046875,15.974229600694445
3522,00:00:58.683,14.806703920717593,23.166097005208332,15.67141384548611,15.74072265625,13.007975260416666
3523,00:00:58.700,17.819842303240737,22.813313802083332,20.21758355034722,17.43307834201389,15.80886501736111
3524,00:00:58.717,9.700801142939815,14.491780598958334,10.727349175347221,10.627821180555555,7.747233072916667
3525,00:00:58.733,6.8927137586805545,10.535074869791666,7.747368706597222,7.296956380208333,5.633816189236111
3526,00:00:58.750,0.30207429108796297,2.3311360677083335,0.3253851996527778,0.2416449652777778,0.3391927083333333
3527,00:00:58.767,7.012478298611111,11.821695963541666,7.694363064236111,7.642116970486111,5.700954861111111
3528,00:00:58.783,4.9249493634259265,10.362141927083334,5.525933159722222,5.278672960069445,3.970241970486111
3529,00:00:58.800,2.8329716435185186,7.851155598958333,3.415256076388889,2.8646647135416665,2.218994140625
3530,00:00:58.817,3.3079065393518525,6.523030598958333,3.9263509114583335,3.4393988715277777,2.5579698350694446
3531,00:00:58.833,2.4988335503472223,4.759114583333333,2.9594184027777777,2.5027940538194446,2.0342881944444446
3532,00:00:58.850,2.2134874131944446,4.593098958333333,2.5791015625,2.233669704861111,1.8276909722222223
3533,00:00:58.867,2.1658347800925926,3.4379069010416665,2.2816840277777777,2.3882378472222223,1.8275824652777777
3534,00:00:58.883,2.078369140625,4.420166015625,2.0900065104166665,2.3424479166666665,1.8026529947916667
3535,00:00:58.900,2.2710141782407405,4.136555989583333,2.237820095486111,2.6105143229166665,1.9647081163194444
3536,00:00:58.917,3.0308430989583335,6.495361328125,3.2955186631944446,3.211642795138889,2.5853678385416665
3537,00:00:58.933,2.856807002314815,5.540771484375,3.0039876302083335,3.3783365885416665,2.1880967881944446
3538,00:00:58.950,2.2231897424768516,4.302571614583333,2.283203125,2.5349663628472223,1.8513997395833333
3539,00:00:58.967,2.868589048032407,6.218668619791667,3.3809407552083335,2.84814453125,2.376681857638889
3540,00:00:58.983,1.554126880787037,2.9398600260416665,1.6197374131944444,1.5813530815972223,1.4612901475694444
3541,00:00:59.000,10.452347366898149,11.116129557291666,16.33452690972222,5.369357638888889,9.653157552083334
3542,00:00:59.017,2.535988136574074,3.4379069010416665,3.4762641059027777,2.4357096354166665,1.6959906684027777
3543,00:00:59.033,2.9212330005787037,3.7837727864583335,3.8778754340277777,2.8160264756944446,2.069797092013889
3544,00:00:59.050,2.015480324074074,3.7906901041666665,2.3291558159722223,1.9640299479166667,1.7532552083333333
3545,00:00:59.067,2.460205078125,3.5831705729166665,3.1957465277777777,2.389675564236111,1.7951931423611112
3546,00:00:59.083,2.7706434461805554,2.9744466145833335,3.5245496961805554,2.769314236111111,2.01806640625
3547,00:00:59.100,2.3710394965277772,3.5762532552083335,2.9169108072916665,2.2743326822916665,1.921875
3548,00:00:59.117,2.037335431134259,3.382568359375,2.758083767361111,1.6534016927083333,1.7005208333333333
3549,00:00:59.133,3.0564959490740744,6.073404947916667,3.931369357638889,2.8335774739583335,2.404541015625
3550,00:00:59.150,1.9656394675925926,2.677001953125,2.5050184461805554,1.9868977864583333,1.4050021701388888
3551,00:00:59.167,2.2890986689814814,3.3272298177083335,3.3273111979166665,2.1360677083333335,1.4039171006944444
3552,00:00:59.183,3.4091435185185186,5.907389322916667,5.079833984375,3.360134548611111,1.7874620225694444
3553,00:00:59.200,3.1133083767361107,1.2935384114583333,4.764485677083333,2.8856336805555554,1.6898057725694444
3554,00:00:59.217,3.083740234375,1.8745930989583333,4.677870008680555,2.7963324652777777,1.7770182291666667
3555,00:00:59.233,3.0467574508101856,2.8291829427083335,4.823594835069445,2.6670464409722223,1.6496310763888888
3556,00:00:59.250,0.009177879050925925,0.0,0.003689236111111111,0.010959201388888888,0.012885199652777778
3557,00:00:59.267,3.2623788339120368,3.3203125,5.069742838541667,2.901340060763889,1.8160536024305556
3558,00:00:59.283,3.473045066550926,2.19970703125,5.410725911458333,3.0559624565972223,1.9524468315972223
3559,00:00:59.300,2.6485912181712963,1.8330891927083333,3.9915635850694446,2.3143988715277777,1.6398111979166667
3560,00:00:59.317,2.6131727430555554,1.1690266927083333,4.120496961805555,2.190185546875,1.5288357204861112
3561,00:00:59.333,3.8036385995370368,5.091145833333333,5.967854817708333,3.0001085069444446,2.4429524739583335
3562,00:00:59.350,2.737241391782407,4.994303385416667,3.9905327690972223,2.4642740885416665,1.7569173177083333
3563,00:00:59.367,3.5568033854166665,4.7314453125,5.099934895833333,3.043212890625,2.5272623697916665
3564,00:00:59.383,3.439172815393519,4.10888671875,5.247124565972222,2.7998589409722223,2.270534939236111
3565,00:00:59.400,4.118010344328703,5.236409505208333,6.749159071180555,3.2113444010416665,2.393527560763889
3566,00:00:59.417,4.19336841724537,3.5555013020833335,7.104220920138889,3.1113823784722223,2.364501953125
3567,00:00:59.433,4.266285083912037,4.786783854166667,6.996744791666667,3.3116048177083335,2.490505642361111
3568,00:00:59.450,0.020670572916666668,0.020751953125,0.026421440972222224,0.015923394097222224,0.019666883680555556
3569,00:00:59.467,3.724546079282407,4.77294921875,6.209255642361111,2.812282986111111,2.152099609375
3570,00:00:59.483,4.835557725694444,9.269205729166666,7.946641710069445,3.7800835503472223,2.7799479166666665
3571,00:00:59.500,10.559886791087962,17.39013671875,17.434922960069443,5.644856770833333,8.59988064236111
3572,00:00:59.517,4.270245587384259,6.190999348958333,6.480088975694445,3.6390787760416665,2.6915690104166665
3573,00:00:59.533,3.512152777777778,5.27099609375,5.622585720486111,2.820529513888889,2.0933430989583335
3574,00:00:59.550,2.8633897569444446,3.6800130208333335,4.551242404513889,2.3116861979166665,1.7272406684027777
3575,00:00:59.567,2.9072717737268516,5.623779296875,4.817789713541667,2.2701822916666665,1.6338433159722223
3576,00:00:59.583,2.830548321759259,4.849039713541667,4.616834852430555,2.257351345486111,1.6174587673611112
3577,00:00:59.600,2.4241807725694446,4.537760416666667,3.9305284288194446,1.9432779947916667,1.3987358940972223
3578,00:00:59.617,2.9711371527777772,5.035807291666667,4.831814236111111,2.3726942274305554,1.7089029947916667
3579,00:00:59.633,3.018608940972222,7.484537760416667,4.556884765625,2.484592013888889,2.0143500434027777
3580,00:00:59.650,3.3957338686342595,4.420166015625,5.24609375,2.8834906684027777,2.0576171875
3581,00:00:59.667,2.5637659143518516,6.965738932291667,3.8719618055555554,2.2024739583333335,1.6168619791666667
3582,00:00:59.683,4.147904007523148,5.18798828125,7.076117621527778,3.415066189236111,1.9525282118055556
3583,00:00:59.700,1.7353606047453702,2.19970703125,2.8522135416666665,1.4128960503472223,0.9409722222222222
3584,00:00:59.717,1.6280834056712965,2.6009114583333335,2.6001519097222223,1.2899305555555556,0.9941677517361112
3585,00:00:59.733,0.13793041087962962,1.431884765625,0.20003255208333334,0.09478081597222222,0.11897786458333333
3586,00:00:59.750,1.647795500578704,2.926025390625,2.6046006944444446,1.2913682725694444,1.0474175347222223
3587,00:00:59.767,3.748173466435185,7.629801432291667,6.500813802083333,2.991427951388889,1.7522786458333333
3588,00:00:59.783,4.063557942708333,6.7236328125,6.532904730902778,3.2731119791666665,2.3846571180555554
3589,00:00:59.800,3.0830168547453702,3.3548990885416665,4.581976996527778,2.7159288194444446,1.9511447482638888
3590,00:00:59.817,5.698423032407407,6.993408203125,8.996202256944445,4.847086588541667,3.251980251736111
3591,00:00:59.833,4.20043041087963,4.627685546875,6.089274088541667,3.875759548611111,2.636257595486111
3592,00:00:59.850,4.105758101851852,5.596110026041667,6.119927300347222,3.651611328125,2.5457356770833335
3593,00:00:59.867,4.878173828125,7.906494140625,7.362087673611111,4.356526692708333,2.9159071180555554
3594,00:00:59.883,3.7815664785879632,7.788899739583333,5.613661024305555,3.3209906684027777,2.4100477430555554
3595,00:00:59.900,4.131682219328703,5.243326822916667,6.5380859375,3.6028374565972223,2.254123263888889
3596,00:00:59.917,3.8045156973379632,4.925130208333333,6.054660373263889,3.3732367621527777,1.9856499565972223
3597,00:00:59.933,3.646267361111111,5.824381510416667,5.842637803819445,3.2647298177083335,1.8314344618055556
3598,00:00:59.950,2.8217321325231475,4.143473307291667,4.513509114583333,2.4301215277777777,1.5215657552083333
3599,00:00:59.967,0.0337818287037037,0.020751953125,0.05796983506944445,0.017361111111111112,0.026014539930555556
3600,00:00:59.983,4.825041594328703,7.802734375,6.846815321180555,4.304551866319445,3.323757595486111
3601,00:01:00.000,9.978262442129628,13.343505859375,16.452880859375,5.382622612847222,8.099283854166666
3602,00:01:00.017,3.5356354890046298,4.150390625,6.185275607638889,2.9537760416666665,1.4678548177083333
3603,00:01:00.033,4.798873336226852,7.200927734375,7.589409722222222,4.201578776041667,2.6056315104166665
3604,00:01:00.050,4.590729890046297,8.293863932291666,7.146701388888889,4.050726996527778,2.5747612847222223
3605,00:01:00.067,3.940285011574074,8.349202473958334,6.074110243055555,3.180636935763889,2.5661078559027777
3606,00:01:00.083,3.74560546875,7.01416015625,5.724772135416667,3.132595486111111,2.3794487847222223
3607,00:01:00.100,4.7886736834490735,8.446044921875,7.157877604166667,3.90380859375,3.3043348524305554
3608,00:01:00.117,4.42430736400463,8.563639322916666,6.633246527777778,3.5523274739583335,3.0873480902777777
3609,00:01:00.133,5.122251157407407,9.220784505208334,7.997124565972222,3.9209526909722223,3.4486762152777777
3610,00:01:00.150,4.25318287037037,7.173258463541667,6.639594184027778,3.279513888888889,2.8404405381944446
3611,00:01:00.167,5.906331380208333,8.701985677083334,9.476725260416666,4.395589192708333,3.8466796875
3612,00:01:00.183,4.719093605324074,8.037923177083334,7.462863498263889,3.6669921875,3.0274251302083335
3613,00:01:00.200,4.10987232349537,4.530843098958333,6.674886067708333,3.2239312065972223,2.4307996961805554
3614,00:01:00.217,0.02716290509259259,0.6709798177083334,0.038628472222222224,0.019585503472222224,0.023274739583333332
3615,00:01:00.233,4.574092158564814,6.785888671875,7.386555989583333,3.6480034722222223,2.687717013888889
3616,00:01:00.250,4.738091362847222,5.630696614583333,7.627061631944445,3.7496744791666665,2.8375379774305554
3617,00:01:00.267,3.959011501736111,5.526936848958333,5.9912109375,3.3114149305555554,2.5744086371527777
3618,00:01:00.283,4.201687282986111,5.596110026041667,6.817003038194445,3.299343532986111,2.4887152777777777
3619,00:01:00.300,4.1147641782407405,5.111897786458333,6.309651692708333,3.4236382378472223,2.6110026041666665
3620,00:01:00.317,3.6843985098379632,4.143473307291667,5.630723741319445,3.0797797309027777,2.3426920572916665
3621,00:01:00.333,4.402009186921297,6.502278645833333,6.880018446180555,3.658935546875,2.6670735677083335
3622,00:01:00.350,4.361689814814815,4.60693359375,6.963351779513889,3.4905870225694446,2.631130642361111
3623,00:01:00.367,4.399233217592593,5.305582682291667,6.912733289930555,3.513699001736111,2.771267361111111
3624,00:01:00.383,3.7592230902777772,3.9705403645833335,5.882975260416667,3.043484157986111,2.3512098524305554
3625,00:01:00.400,4.736599392361111,6.467692057291667,7.514214409722222,3.8218315972222223,2.873752170138889
3626,00:01:00.417,3.6483651620370368,4.254150390625,5.696343315972222,2.9554307725694446,2.2933213975694446
3627,00:01:00.433,4.944733796296297,5.118815104166667,7.720703125,4.086615668402778,3.026882595486111
3628,00:01:00.450,3.7779405381944446,4.807535807291667,5.800455729166667,3.1272786458333335,2.4060872395833335
3629,00:01:00.467,4.723479094328703,6.564534505208333,7.113118489583333,3.8842230902777777,3.173095703125
3630,00:01:00.483,4.157624421296296,7.000325520833333,6.050591362847222,3.4532877604166665,2.968994140625
3631,00:01:00.500,9.328730830439815,14.138997395833334,13.651014539930555,5.7060546875,8.62912326388889
3632,00:01:00.517,3.0492983217592595,5.471598307291667,4.317084418402778,2.6436631944444446,2.1871473524305554
3633,00:01:00.533,3.075385199652778,5.457763671875,4.650526258680555,2.5174153645833335,2.0582139756944446
3634,00:01:00.550,2.867892795138889,5.264078776041667,4.389811197916667,2.276638454861111,1.9372287326388888
3635,00:01:00.567,3.2042733651620368,6.958821614583333,4.906222873263889,2.4361436631944446,2.2704535590277777
3636,00:01:00.583,2.5489185474537037,4.959716796875,3.9048665364583335,1.9982638888888888,1.7436252170138888
3637,00:01:00.600,2.3893138744212963,5.153401692708333,3.532497829861111,1.8894314236111112,1.7460123697916667
3638,00:01:00.617,2.287715205439815,5.27099609375,3.568820529513889,1.6849500868055556,1.609375
3639,00:01:00.633,1.896800853587963,5.27099609375,2.915554470486111,1.4267578125,1.3480902777777777
3640,00:01:00.650,1.8494827835648149,6.30859375,2.8524848090277777,1.3892144097222223,1.3067491319444444
3641,00:01:00.667,1.8531358506944444,5.540771484375,2.752685546875,1.3951009114583333,1.41162109375
3642,00:01:00.683,1.9425455729166667,3.7007649739583335,3.0147298177083335,1.4470757378472223,1.3658311631944444
3643,00:01:00.700,1.8575394241898149,3.8045247395833335,2.8399522569444446,1.4306640625,1.302001953125
3644,00:01:00.717,0.03300419560185185,0.145263671875,0.051567925347222224,0.020670572916666668,0.026774088541666668
3645,00:01:00.733,1.517306857638889,2.65625,2.344455295138889,1.1751844618055556,1.0322808159722223
3646,00:01:00.750,2.312156394675926,3.5139973958333335,3.519802517361111,1.8620062934027777,1.5546603732638888
3647,00:01:00.767,2.199490017361111,2.5870768229166665,3.379611545138889,1.8001030815972223,1.4187554253472223
3648,00:01:00.783,1.791531032986111,3.0712890625,2.6615397135416665,1.5386284722222223,1.1744249131944444
3649,00:01:00.800,2.7595666956018516,3.6454264322916665,4.338840060763889,2.2620442708333335,1.6778157552083333
3650,00:01:00.817,2.3375560619212963,4.005126953125,3.5849609375,1.8949110243055556,1.5327962239583333
3651,00:01:00.833,1.9454571759259263,2.1236165364583335,2.8726399739583335,1.6596950954861112,1.3040364583333333
3652,00:01:00.850,0.029758029513888885,0.013834635416666666,0.05026584201388889,0.015652126736111112,0.023356119791666668
3653,00:01:00.867,2.238896122685185,3.9497884114583335,3.2239583333333335,1.9145779079861112,1.5781521267361112
3654,00:01:00.883,2.9990957754629632,2.7254231770833335,4.462917751736111,2.549777560763889,1.9845920138888888
3655,00:01:00.900,2.1320167824074074,3.8944498697916665,3.108181423611111,1.8697645399305556,1.4181043836805556
3656,00:01:00.917,2.1891185619212963,2.926025390625,2.9572211371527777,1.9922960069444444,1.6178385416666667
3657,00:01:00.933,1.835259331597222,3.590087890625,2.5328776041666665,1.6648491753472223,1.3080512152777777
3658,00:01:00.950,1.7221770109953702,1.8123372395833333,2.405056423611111,1.5298122829861112,1.2316623263888888
3659,00:01:00.967,1.7890353732638886,1.826171875,2.5287272135416665,1.5456271701388888,1.2927517361111112
3660,00:01:00.983,1.474609375,1.556396484375,2.0697157118055554,1.3044704861111112,1.0496419270833333
3661,00:01:01.000,8.377613208912036,10.472819010416666,12.487467447916666,4.771213107638889,7.874159071180555
3662,00:01:01.017,0.0028663917824074073,0.2628580729166667,0.0008138020833333334,0.003662109375,0.004123263888888889
3663,00:01:01.033,4.35595703125,4.012044270833333,6.107096354166667,4.365017361111111,2.5957573784722223
3664,00:01:01.050,3.2499276620370368,4.288736979166667,5.025173611111111,3.061740451388889,1.6628689236111112
3665,00:01:01.067,2.659197771990741,3.7630208333333335,4.070285373263889,2.4325358072916665,1.4747721354166667
3666,00:01:01.083,3.4048032407407405,4.27490234375,5.199245876736111,3.1223687065972223,1.8927951388888888
3667,00:01:01.100,2.440890842013889,3.44482421875,3.5711805555555554,2.3717447916666665,1.3797471788194444
3668,00:01:01.117,2.7949942129629632,4.703776041666667,4.087158203125,2.6195746527777777,1.6782497829861112
3669,00:01:01.133,2.4323368778935186,4.136555989583333,3.3875325520833335,2.2479926215277777,1.6614854600694444
3670,00:01:01.150,0.023536964699074073,0.20060221354166666,0.03355577256944445,0.018500434027777776,0.0185546875
3671,00:01:01.167,2.301161024305556,6.26708984375,3.0047200520833335,2.1099175347222223,1.7888454861111112
3672,00:01:01.183,3.4620044849537037,9.027099609375,4.737521701388889,3.263454861111111,2.385036892361111
3673,00:01:01.200,2.6355070891203707,7.34619140625,3.5448676215277777,2.4680718315972223,1.8935818142361112
3674,00:01:01.217,3.9662543402777772,7.249348958333333,5.488986545138889,3.5748969184027777,2.8348795572916665
3675,00:01:01.233,2.973415798611111,6.841227213541667,3.6639811197916665,2.938449435763889,2.3178168402777777
3676,00:01:01.250,3.875117549189815,8.826497395833334,4.991753472222222,3.6769476996527777,2.9566514756944446
3677,00:01:01.267,3.1732855902777772,6.543782552083333,3.9410536024305554,3.0081108940972223,2.5706922743055554
3678,00:01:01.283,3.9206271701388893,8.134765625,5.239800347222222,3.6559516059027777,2.8661295572916665
3679,00:01:01.300,4.935375072337963,8.798828125,7.298611111111111,4.615966796875,2.8915473090277777
3680,00:01:01.317,3.2966399016203702,4.862874348958333,4.916802300347222,3.0600043402777777,1.9131130642361112
3681,00:01:01.333,0.02565285011574074,0.020751953125,0.04332139756944445,0.014729817708333334,0.018907335069444444
3682,00:01:01.350,3.8564633969907405,7.041829427083333,5.760877821180555,3.578097873263889,2.2304144965277777
3683,00:01:01.367,3.2376844618055554,4.517008463541667,4.594672309027778,3.150607638888889,1.9677734375
3684,00:01:01.383,2.6391963252314814,3.4171549479166665,4.102484809027778,2.3584798177083335,1.4566243489583333
3685,00:01:01.400,2.273175274884259,2.9951985677083335,3.5757378472222223,1.9429524739583333,1.3008355034722223
3686,00:01:01.417,3.1995081018518516,3.7630208333333335,4.971164279513889,2.969265407986111,1.6580946180555556
3687,00:01:01.433,2.6919668692129632,2.9329427083333335,3.962158203125,2.4755045572916665,1.6382378472222223
3688,00:01:01.450,3.1724989149305554,3.486328125,4.755506727430555,2.8267415364583335,1.9352484809027777
3689,00:01:01.467,2.6967321325231484,3.11279296875,4.177110460069445,2.3434244791666665,1.5696614583333333
3690,00:01:01.483,0.011872468171296295,0.0,0.013916015625,0.010525173611111112,0.011176215277777778
3691,00:01:01.500,8.67356589988426,10.95703125,13.604085286458334,5.083550347222222,7.333062065972222
3692,00:01:01.517,2.4332863136574074,3.5762532552083335,3.8592393663194446,2.1152886284722223,1.3253309461805556
3693,00:01:01.533,1.9851526331018519,2.843017578125,3.0771484375,1.7222493489583333,1.1560601128472223
3694,00:01:01.550,1.860794632523148,1.6532389322916667,2.882297092013889,1.5547688802083333,1.1453179253472223
3695,00:01:01.567,2.349193431712963,2.427978515625,3.7038031684027777,2.1066351996527777,1.2371419270833333
3696,00:01:01.583,1.9416956018518519,2.8914388020833335,3.1095106336805554,1.6234537760416667,1.0921223958333333
3697,00:01:01.600,2.7728407118055554,3.4586588541666665,4.282741970486111,2.5506727430555554,1.485107421875
3698,00:01:01.617,1.626374421296296,2.593994140625,2.1859537760416665,1.4568956163194444,1.2362738715277777
3699,00:01:01.633,1.9263057002314816,2.095947265625,2.9966362847222223,1.7572428385416667,1.0250379774305556
3700,00:01:01.650,1.9760832609953702,3.5762532552083335,3.2298719618055554,1.7580295138888888,0.9403483072916666
3701,00:01:01.667,1.4637586805555554,1.6947428385416667,2.295627170138889,1.3024631076388888,0.7931857638888888
3702,00:01:01.683,1.6001971209490742,1.9230143229166667,2.4524739583333335,1.3558213975694444,0.9922960069444444
3703,00:01:01.700,1.2377839265046298,1.8192545572916667,1.8005913628472223,1.1218804253472223,0.7908799913194444
3704,00:01:01.717,1.8455674913194446,2.4418131510416665,2.807834201388889,1.5071885850694444,1.2216796875
3705,00:01:01.733,1.769259982638889,2.3726399739583335,2.781982421875,1.3450249565972223,1.1807725694444444
3706,00:01:01.750,1.9201027199074074,3.175048828125,2.9596082899305554,1.4825303819444444,1.3181694878472223
3707,00:01:01.767,1.7757703993055554,4.254150390625,2.7921549479166665,1.2642957899305556,1.2708604600694444
3708,00:01:01.783,1.5883879484953705,2.261962890625,2.6177842881944446,1.2664930555555556,0.8808865017361112
3709,00:01:01.800,1.6451822916666667,2.510986328125,2.7193196614583335,1.3490668402777777,0.8671603732638888
3710,00:01:01.817,0.015046296296296299,0.145263671875,0.020182291666666668,0.011040581597222222,0.013916015625
3711,00:01:01.833,1.5584671585648149,2.1858723958333335,2.6016981336805554,1.24365234375,0.8300509982638888
3712,00:01:01.850,1.6774450231481481,2.69775390625,2.77001953125,1.3911404079861112,0.8711751302083334
3713,00:01:01.867,1.7225296585648149,2.78076171875,2.833767361111111,1.3771430121527777,0.9566786024305556
3714,00:01:01.883,2.2472421151620368,4.994303385416667,3.653781467013889,1.7340766059027777,1.3538682725694444
3715,00:01:01.900,1.7863859953703702,3.4309895833333335,2.906765407986111,1.3974338107638888,1.0549587673611112
3716,00:01:01.917,1.778076171875,5.194905598958333,2.8717719184027777,1.3332248263888888,1.1292317708333333
3717,00:01:01.933,1.6999421296296298,3.1612141927083335,2.6236165364583335,1.1203884548611112,1.3558213975694444
3718,00:01:01.950,1.8370316116898147,3.7076822916666665,2.9446343315972223,1.1006673177083333,1.4657931857638888
3719,00:01:01.967,1.8859411168981481,5.672200520833333,3.034396701388889,1.1140679253472223,1.5093587239583333
3720,00:01:01.983,0.7657696759259259,1.1966959635416667,1.2282986111111112,0.5853407118055556,0.4836697048611111
3721,00:01:02.000,6.453088831018519,10.687255859375,10.55666775173611,3.0314127604166665,5.771185980902778
3722,00:01:02.017,0.6600206163194445,0.8784993489583334,0.9829915364583334,0.5437825520833334,0.4532877604166667
3723,00:01:02.033,0.668972439236111,1.0445149739583333,1.0352376302083333,0.5304904513888888,0.4411892361111111
3724,00:01:02.050,0.7881582754629629,2.0198567708333335,1.26025390625,0.5820583767361112,0.5221625434027778
3725,00:01:02.067,0.8077980324074074,0.8024088541666666,1.2523600260416667,0.6010470920138888,0.5699869791666666
3726,00:01:02.083,0.9284215856481483,1.3419596354166667,1.3238118489583333,0.7354058159722222,0.7260470920138888
3727,00:01:02.100,0.9837962962962963,2.2757975260416665,1.4305013020833333,0.7068413628472222,0.8140462239583334
3728,00:01:02.117,0.3173828125,1.9852701822916667,0.3976779513888889,0.225830078125,0.3286404079861111
3729,00:01:02.133,1.4750524450231481,4.862874348958333,2.0418023003472223,1.0566677517361112,1.3266872829861112
3730,00:01:02.150,1.932445384837963,7.339274088541667,2.6211751302083335,1.3944498697916667,1.7817111545138888
3731,00:01:02.167,2.1309497974537037,6.073404947916667,3.1243760850694446,1.4750434027777777,1.7934299045138888
3732,00:01:02.183,2.3907787181712963,4.68994140625,3.4739583333333335,1.7159288194444444,1.9824490017361112
3733,00:01:02.200,1.0951877170138888,2.4072265625,1.4991048177083333,0.87744140625,0.9090169270833334
3734,00:01:02.217,0.6960991753472223,1.016845703125,0.9679633246527778,0.5776638454861112,0.5426703559027778
3735,00:01:02.233,0.6941008391203703,1.2797037760416667,0.9814181857638888,0.5728352864583334,0.5280490451388888
3736,00:01:02.250,0.7272044994212963,1.7085774739583333,0.9911295572916666,0.6363932291666666,0.5540907118055556
3737,00:01:02.267,0.029260706018518517,0.17293294270833334,0.03672960069444445,0.022189670138888888,0.028862847222222224
3738,00:01:02.283,0.8624584056712963,1.7431640625,1.1506076388888888,0.7092013888888888,0.7275661892361112
3739,00:01:02.300,0.9382414641203703,2.7461751302083335,1.3468153211805556,0.7899848090277778,0.6779242621527778
3740,00:01:02.317,0.8411096643518517,1.8400065104166667,1.2953559027777777,0.6311577690972222,0.5968153211805556
3741,00:01:02.333,1.0725730613425926,1.5702311197916667,1.6433648003472223,0.7779405381944444,0.7964138454861112
3742,00:01:02.350,0.9973687065972222,1.6878255208333333,1.6058756510416667,0.6598849826388888,0.7263454861111112
3743,00:01:02.367,1.309841579861111,2.158203125,2.0079481336805554,0.90869140625,1.0128851996527777
3744,00:01:02.383,1.3828667534722223,2.7323404947916665,2.2801920572916665,0.8851182725694444,0.9832899305555556
3745,00:01:02.400,1.1348650896990742,1.8538411458333333,1.8132595486111112,0.777099609375,0.8142361111111112
3746,00:01:02.417,1.133246527777778,2.3173014322916665,1.7966579861111112,0.7824978298611112,0.8205837673611112
3747,00:01:02.433,1.3354040075231481,2.012939453125,2.044949001736111,0.9846462673611112,0.9766167534722222
3748,00:01:02.450,1.0229582609953705,2.677001953125,1.6326497395833333,0.7306315104166666,0.7055935329861112
3749,00:01:02.467,1.3877133969907407,1.5287272135416667,2.2420247395833335,1.0066189236111112,0.9144965277777778
3750,00:01:02.483,1.3004918981481481,2.5179036458333335,2.2583550347222223,0.8248697916666666,0.8182508680555556
3751,00:01:02.500,6.2198260271990735,9.926350911458334,9.96286349826389,2.8416612413194446,5.854953342013889
3752,00:01:02.517,1.112865306712963,1.7500813802083333,1.8679741753472223,0.7769639756944444,0.6936577690972222
3753,00:01:02.533,0.15495695891203703,0.9061686197916666,0.1908908420138889,0.115234375,0.1587456597222222
3754,00:01:02.550,1.3725676359953702,3.9567057291666665,2.139919704861111,0.9474012586805556,1.0303819444444444
3755,00:01:02.567,1.843451605902778,4.586181640625,2.9993760850694446,1.1782497829861112,1.3527289496527777
3756,00:01:02.583,1.7962691695601851,4.468587239583333,2.7890082465277777,1.1521267361111112,1.4476725260416667
3757,00:01:02.600,1.8445457175925926,5.222574869791667,2.855685763888889,1.1697591145833333,1.5081922743055556
3758,00:01:02.617,1.2528754340277777,2.5248209635416665,1.9240180121527777,0.8693305121527778,0.9652777777777778
3759,00:01:02.633,0.8079698350694445,1.826171875,1.3735894097222223,0.5473090277777778,0.5030110677083334
3760,00:01:02.650,0.8662651909722223,1.3004557291666667,1.3621961805555556,0.6369900173611112,0.599609375
3761,00:01:02.667,0.9469672309027778,1.5840657552083333,1.5725640190972223,0.6261393229166666,0.6421983506944444
3762,00:01:02.683,1.0294234664351853,2.158203125,1.478759765625,0.8208279079861112,0.7886827256944444
3763,00:01:02.700,1.2602358217592593,2.8706868489583335,1.8621690538194444,0.9786512586805556,0.9398871527777778
3764,00:01:02.717,0.9943757233796297,2.1028645833333335,1.5377061631944444,0.7304144965277778,0.7150065104166666
3765,00:01:02.733,1.243580005787037,3.0228678385416665,1.9106174045138888,0.9248860677083334,0.8952365451388888
3766,00:01:02.750,0.8562192563657408,3.0643717447916665,1.1239149305555556,0.6857638888888888,0.7589789496527778
3767,00:01:02.767,1.5499222366898147,3.7699381510416665,2.3490397135416665,1.1468098958333333,1.1539171006944444
3768,00:01:02.783,1.2092194733796295,3.507080078125,1.7155490451388888,0.9214409722222222,0.9906684027777778
3769,00:01:02.800,0.22878689236111113,2.2412109375,0.3413628472222222,0.10658094618055555,0.23841688368055555
3770,00:01:02.817,1.0543981481481481,2.2896321614583335,1.5101453993055556,0.8053114149305556,0.8477376302083334
3771,00:01:02.833,1.3464807581018519,2.967529296875,1.9641655815972223,1.0159233940972223,1.0593532986111112
3772,00:01:02.850,1.4656846788194446,2.427978515625,2.271484375,1.0444878472222223,1.0810818142361112
3773,00:01:02.867,0.9699797453703703,2.2481282552083335,1.4071994357638888,0.7395833333333334,0.7631564670138888
3774,00:01:02.883,0.8569516782407408,2.3588053385416665,1.1632758246527777,0.693603515625,0.7139756944444444
3775,00:01:02.900,0.8738245081018517,1.9437662760416667,1.2488878038194444,0.6678873697916666,0.7046983506944444
3776,00:01:02.917,0.9916359230324074,1.9022623697916667,1.4731174045138888,0.697509765625,0.8042805989583334
3777,00:01:02.933,0.6132450810185186,1.0721842447916667,0.9529079861111112,0.3967827690972222,0.4900444878472222
3778,00:01:02.950,0.7584997106481483,1.4872233072916667,1.1504177517361112,0.4956868489583333,0.62939453125
3779,00:01:02.967,0.6811613859953703,1.265869140625,0.9857042100694444,0.5208062065972222,0.5369737413194444
3780,00:01:02.983,0.7074562355324074,0.8646647135416666,1.0852593315972223,0.4960123697916667,0.5410970052083334
3781,00:01:03.000,5.33985279224537,7.090250651041667,8.475694444444445,2.2440863715277777,5.299777560763889
3782,00:01:03.017,0.5774830005787037,1.265869140625,0.7910970052083334,0.4653591579861111,0.4759928385416667
3783,00:01:03.033,0.5313313802083334,2.32421875,0.6904568142361112,0.4045681423611111,0.4989691840277778
3784,00:01:03.050,0.21708622685185186,1.2520345052083333,0.2638075086805556,0.1508517795138889,0.2365993923611111
3785,00:01:03.067,0.942843967013889,2.69775390625,1.3265245225694444,0.5758192274305556,0.9261881510416666
3786,00:01:03.083,1.1802119502314814,4.095052083333333,1.7555338541666667,0.6759440104166666,1.1091579861111112
3787,00:01:03.100,1.1137876157407407,5.969645182291667,1.6704915364583333,0.603515625,1.0673556857638888
3788,00:01:03.117,0.5011031539351852,2.6700846354166665,0.70166015625,0.3424207899305556,0.459228515625
3789,00:01:03.133,0.5104437934027778,3.0228678385416665,0.7378743489583334,0.3487413194444444,0.4447157118055556
3790,00:01:03.150,0.45872214988425924,2.5870768229166665,0.6377495659722222,0.3307834201388889,0.4076334635416667
3791,00:01:03.167,0.4840313946759259,0.8646647135416666,0.6428765190972222,0.3408203125,0.4683973524305556
3792,00:01:03.183,0.42898220486111116,0.6640625,0.5638563368055556,0.3034939236111111,0.4195963541666667
3793,00:01:03.200,0.3202311197916667,0.5741373697916666,0.4095594618055556,0.2631564670138889,0.2879774305555556
3794,00:01:03.217,0.6249819155092592,1.45263671875,0.6736111111111112,0.532958984375,0.6683756510416666
3795,00:01:03.233,0.5008409288194445,1.5218098958333333,0.5084906684027778,0.4618598090277778,0.5321723090277778
3796,00:01:03.250,0.4125886140046296,1.182861328125,0.41064453125,0.39453125,0.4325900607638889
3797,00:01:03.267,0.3531810619212963,0.975341796875,0.3922254774305556,0.3084581163194444,0.3588595920138889
3798,00:01:03.283,3.0124059606481484,6.149495442708333,4.040554470486111,1.94921875,3.0474446614583335
3799,00:01:03.300,1.9507016782407405,4.371744791666667,2.7096082899305554,1.2668185763888888,1.8756781684027777
3800,00:01:03.317,1.079833984375,3.839111328125,1.4000651041666667,0.7676866319444444,1.0717502170138888
3801,00:01:03.333,0.9505570023148148,3.4102376302083335,1.1786566840277777,0.8261176215277778,0.8468967013888888
3802,00:01:03.350,0.40056242766203703,1.8815104166666667,0.419677734375,0.3799913194444444,0.4020182291666667
3803,00:01:03.367,0.010389539930555556,0.0,0.013102213541666666,0.008409288194444444,0.009657118055555556
3804,00:01:03.383,0.7988914207175926,1.494140625,0.9427625868055556,0.7164713541666666,0.7374403211805556
3805,00:01:03.400,31.856110749421294,58.133138020833336,47.73621961805556,30.036973741319443,17.79513888888889
3806,00:01:03.417,1.893093532986111,9.462890625,2.20166015625,1.882080078125,1.5955403645833333
3807,00:01:03.433,1.5134367766203702,4.427083333333333,2.081759982638889,1.3162163628472223,1.142333984375
3808,00:01:03.450,1.7884205005787035,4.918212890625,2.3070475260416665,1.6641438802083333,1.3940700954861112
3809,00:01:03.467,1.4862829137731481,3.6454264322916665,2.020724826388889,1.3226453993055556,1.115478515625
3810,00:01:03.483,1.8973614728009258,4.427083333333333,2.576171875,1.6549479166666667,1.4609646267361112
3811,00:01:03.500,6.014069733796297,8.971761067708334,9.236219618055555,3.334201388888889,5.471788194444445
3812,00:01:03.517,1.3708676938657407,2.4418131510416665,2.0653211805555554,1.1398111979166667,0.907470703125
3813,00:01:03.533,0.17173032407407407,1.2174479166666667,0.22298177083333334,0.124755859375,0.1674533420138889
3814,00:01:03.550,1.789867259837963,5.001220703125,2.5091688368055554,1.5476616753472223,1.3127712673611112
3815,00:01:03.567,1.9734248408564816,4.31640625,2.7688802083333335,1.6456976996527777,1.5056966145833333
3816,00:01:03.583,3.090024594907407,5.015055338541667,4.801839192708333,1.9459092881944444,2.5223253038194446
3817,00:01:03.600,1.5115107783564816,5.035807291666667,1.9386121961805556,1.4775661892361112,1.1183539496527777
3818,00:01:03.617,1.4601869936342593,5.118815104166667,2.026340060763889,1.5081108940972223,0.8461100260416666
3819,00:01:03.633,1.912281177662037,7.360026041666667,2.6845160590277777,1.8783908420138888,1.1739366319444444
3820,00:01:03.650,0.7897768373842592,1.7362467447916667,0.9822048611111112,0.765380859375,0.6217447916666666
3821,00:01:03.667,1.0652036313657407,3.880615234375,1.1985134548611112,1.0677897135416667,0.9293077256944444
3822,00:01:03.683,0.7548556857638888,5.160319010416667,0.8189561631944444,0.767822265625,0.6777886284722222
3823,00:01:03.700,0.9761917679398149,3.1058756510416665,1.3222384982638888,0.855712890625,0.7506239149305556
3824,00:01:03.717,0.9621672453703703,3.2027180989583335,1.4532877604166667,0.75,0.6832139756944444
3825,00:01:03.733,0.8133861400462963,2.0613606770833335,1.0780707465277777,0.70458984375,0.6574978298611112
3826,00:01:03.750,0.7307219328703703,2.926025390625,0.9329969618055556,0.6338433159722222,0.6253255208333334
3827,00:01:03.767,1.1326949508101851,5.18798828125,1.5809733072916667,1.0106336805555556,0.8064778645833334
3828,00:01:03.783,1.1794885706018519,4.267985026041667,1.7268880208333333,0.971923828125,0.8396538628472222
3829,00:01:03.800,0.05023871527777777,0.20751953125,0.08260091145833333,0.026475694444444444,0.04163953993055555
3830,00:01:03.817,0.8085756655092592,2.5663248697916665,1.1488172743055556,0.69287109375,0.5840386284722222
3831,00:01:03.833,0.781521267361111,3.8114420572916665,1.1022677951388888,0.6578776041666666,0.5844184027777778
3832,00:01:03.850,0.732521339699074,2.8153483072916665,1.1425238715277777,0.5746256510416666,0.4804144965277778
3833,00:01:03.867,1.8556043836805554,4.918212890625,1.6539442274305556,2.7338053385416665,1.1790635850694444
3834,00:01:03.883,1.9903609664351851,5.160319010416667,1.8447265625,2.8986002604166665,1.2277560763888888
3835,00:01:03.900,0.8426920572916666,3.486328125,1.2800564236111112,0.7088487413194444,0.5391710069444444
3836,00:01:03.917,0.03675672743055555,0.006917317708333333,0.07137044270833333,0.015326605902777778,0.023573133680555556
3837,00:01:03.933,0.8618344907407408,2.843017578125,1.2491048177083333,0.7474229600694444,0.5889756944444444
3838,00:01:03.950,1.0371907552083333,3.9705403645833335,1.395751953125,1.0074327256944444,0.7083875868055556
3839,00:01:03.967,1.005072699652778,4.302571614583333,1.4053548177083333,0.9251030815972222,0.6847601996527778
3840,00:01:03.983,0.9212510850694445,3.4102376302083335,1.2470703125,0.8701714409722222,0.6465115017361112
3841,00:01:04.000,5.655942563657407,7.864990234375,8.691541883680555,2.9745551215277777,5.301730685763889
3842,00:01:04.017,0.6549840856481483,3.7699381510416665,0.7032063802083334,0.708740234375,0.5530056423611112
3843,00:01:04.033,0.1376048900462963,0.7470703125,0.1832953559027778,0.10443793402777778,0.12508138020833334
3844,00:01:04.050,0.7281268084490741,3.2234700520833335,1.0205891927083333,0.5616319444444444,0.6021592881944444
3845,00:01:04.067,1.1410138165509258,4.676106770833333,1.6725531684027777,0.8054470486111112,0.9450412326388888
3846,00:01:04.083,1.0590639467592593,4.876708984375,1.4974229600694444,0.7462836371527778,0.9334852430555556
3847,00:01:04.100,0.8537959346064815,3.7215169270833335,0.9633517795138888,0.7276204427083334,0.8704155815972222
3848,00:01:04.117,0.5907570167824074,2.65625,0.4776204427083333,0.6134711371527778,0.6811794704861112
3849,00:01:04.133,0.026620370370370367,0.06917317708333333,0.04481336805555555,0.013861762152777778,0.021185980902777776
3850,00:01:04.150,0.627730758101852,2.6009114583333335,0.6534016927083334,0.5845269097222222,0.645263671875
3851,00:01:04.167,0.4745008680555555,4.115804036458333,0.5508355034722222,0.4188910590277778,0.4537760416666667
3852,00:01:04.183,0.4493001302083333,4.19189453125,0.5764973958333334,0.3785536024305556,0.3928493923611111
3853,00:01:04.200,0.4715802228009259,2.7046712239583335,0.5420193142361112,0.4286566840277778,0.4440646701388889
3854,00:01:04.217,0.37153682002314814,2.4625651041666665,0.5119086371527778,0.2926974826388889,0.3100043402777778
3855,00:01:04.233,0.5111400462962963,2.427978515625,0.73876953125,0.3770073784722222,0.4176432291666667
3856,00:01:04.250,0.4820601851851852,2.5455729166666665,0.7749837239583334,0.3283420138888889,0.3428548177083333
3857,00:01:04.267,0.47261103877314814,2.9951985677083335,0.6617567274305556,0.373779296875,0.3822970920138889
3858,00:01:04.283,0.007640697337962962,0.5948893229166666,0.008490668402777778,0.006429036458333333,0.008002387152777778
3859,00:01:04.300,0.5832248263888888,3.9705403645833335,0.8454318576388888,0.4516059027777778,0.45263671875
3860,00:01:04.317,0.4993941695601851,2.1858723958333335,0.6488444010416666,0.4384223090277778,0.4109157986111111
3861,00:01:04.333,0.34859664351851855,1.0791015625,0.4551323784722222,0.2953559027777778,0.2953016493055556
3862,00:01:04.350,0.9984176070601851,3.0228678385416665,1.34375,0.7039659288194444,0.9475368923611112
3863,00:01:04.367,0.5375434027777778,3.65234375,0.9019911024305556,0.3356119791666667,0.3750271267361111
3864,00:01:04.383,0.4561541521990741,3.2303873697916665,0.7449001736111112,0.3017578125,0.3218044704861111
3865,00:01:04.400,0.8774504484953703,4.35791015625,1.4067111545138888,0.6103244357638888,0.6153157552083334
3866,00:01:04.417,0.47710503472222227,2.967529296875,0.8154568142361112,0.3176540798611111,0.2982042100694444
3867,00:01:04.433,0.6543240017361112,3.258056640625,1.0130208333333333,0.4846733940972222,0.4652777777777778
3868,00:01:04.450,0.02250614872685185,0.006917317708333333,0.037516276041666664,0.00927734375,0.020724826388888888
3869,00:01:04.467,0.5539279513888888,3.19580078125,0.8822970920138888,0.3887532552083333,0.3907335069444444
3870,00:01:04.483,0.7075737847222222,1.597900390625,1.1751302083333333,0.4700520833333333,0.4775390625
3871,00:01:04.500,5.342737268518519,7.394612630208333,9.027940538194445,2.6404893663194446,4.359781901041667
3872,00:01:04.517,1.7024197048611114,2.5594075520833335,3.03759765625,1.3489040798611112,0.7207573784722222
3873,00:01:04.533,1.7948224103009258,4.434000651041667,3.0848524305555554,1.5017903645833333,0.7978244357638888
3874,00:01:04.550,1.7765570746527777,2.98828125,3.0289984809027777,1.4705674913194444,0.8301052517361112
3875,00:01:04.567,2.061668113425926,4.517008463541667,3.5865614149305554,1.539306640625,1.0591362847222223
3876,00:01:04.583,1.9815628616898149,3.8045247395833335,3.475070529513889,1.3556315104166667,1.1139865451388888
3877,00:01:04.600,1.477322048611111,3.631591796875,2.6279296875,1.0775010850694444,0.7265353732638888
3878,00:01:04.617,0.05156792534722223,0.08992513020833333,0.0881076388888889,0.028021918402777776,0.03857421875
3879,00:01:04.633,0.9010868778935185,2.8153483072916665,1.5280490451388888,0.6381022135416666,0.537109375
3880,00:01:04.650,0.8651891637731483,3.02978515625,1.3989800347222223,0.6143120659722222,0.582275390625
3881,00:01:04.667,0.7202329282407408,2.1097819010416665,1.0907118055555556,0.5713161892361112,0.4986707899305556
3882,00:01:04.683,0.9815990306712964,2.344970703125,1.4074978298611112,0.7593858506944444,0.7779134114583334
3883,00:01:04.700,0.8102303964120371,2.2342936197916665,1.2552083333333333,0.6082085503472222,0.5672743055555556
3884,00:01:04.717,0.7152235243055555,2.2688802083333335,1.1108127170138888,0.5075954861111112,0.5272623697916666
3885,00:01:04.733,1.0024956597222223,3.5970052083333335,1.3750271267361112,0.7562120225694444,0.8762478298611112
3886,00:01:04.750,0.9612901475694445,2.6839192708333335,1.3957248263888888,0.7554253472222222,0.7327202690972222
3887,00:01:04.767,0.7994520399305555,1.8607584635416667,1.0728352864583333,0.6526963975694444,0.6728244357638888
3888,00:01:04.783,0.537136501736111,1.2105305989583333,0.6874457465277778,0.4644639756944444,0.4594997829861111
3889,00:01:04.800,0.015498408564814816,0.0,0.031792534722222224,0.007134331597222222,0.007568359375
3890,00:01:04.817,0.6060474537037037,2.5732421875,0.8089192708333334,0.4879286024305556,0.5212944878472222
3891,00:01:04.833,0.5375162760416666,2.1236165364583335,0.8133409288194444,0.3912489149305556,0.407958984375
3892,00:01:04.850,0.6567563657407408,2.490234375,0.9682074652777778,0.4691840277777778,0.5328776041666666
3893,00:01:04.867,0.5679615162037037,1.6255696614583333,0.8849555121527778,0.3948838975694444,0.4240451388888889
3894,00:01:04.883,0.489601417824074,2.2965494791666665,0.7288953993055556,0.3692220052083333,0.3706868489583333
3895,00:01:04.900,0.44927300347222227,2.4556477864583335,0.6472981770833334,0.3263075086805556,0.3742133246527778
3896,00:01:04.917,0.48562282986111116,1.7362467447916667,0.6655544704861112,0.372802734375,0.4185112847222222
3897,00:01:04.933,0.37552445023148145,2.7461751302083335,0.5239800347222222,0.2971733940972222,0.305419921875
3898,00:01:04.950,0.4520308883101852,3.092041015625,0.6229383680555556,0.3733452690972222,0.3598090277777778
3899,00:01:04.967,0.44050202546296297,2.8153483072916665,0.6046549479166666,0.3760579427083333,0.3407931857638889
3900,00:01:04.983,0.5657461660879629,3.0574544270833335,0.8681369357638888,0.4736328125,0.35546875
3901,00:01:05.000,4.827121310763889,8.09326171875,7.759684244791667,2.3994954427083335,4.322184244791667
3902,00:01:05.017,0.607693142361111,3.0159505208333335,0.8297797309027778,0.5480685763888888,0.4452311197916667
3903,00:01:05.033,0.11255787037037036,0.8646647135416666,0.1306694878472222,0.1008572048611111,0.10614691840277778
3904,00:01:05.050,0.803955078125,3.69384765625,1.2269151475694444,0.6144748263888888,0.5704752604166666
3905,00:01:05.067,0.9291992187500001,3.2649739583333335,1.4583062065972223,0.5747884114583334,0.7545030381944444
3906,00:01:05.083,1.3582899305555554,5.651448567708333,2.2154405381944446,0.8251681857638888,1.0342610677083333
3907,00:01:05.100,0.09358723958333333,0.643310546875,0.1318359375,0.055365668402777776,0.09356011284722222
3908,00:01:05.117,0.5985876012731481,1.9091796875,0.9745822482638888,0.4281412760416667,0.3930392795138889
3909,00:01:05.133,0.5752766927083334,3.756103515625,0.9761284722222222,0.3905707465277778,0.359130859375
3910,00:01:05.150,0.553195529513889,1.7569986979166667,0.8733181423611112,0.4007161458333333,0.3855523003472222
3911,00:01:05.167,0.4915997540509259,1.4664713541666667,0.7957085503472222,0.3544650607638889,0.3246256510416667
3912,00:01:05.183,0.6353533709490741,1.514892578125,0.9708930121527778,0.4822048611111111,0.4529622395833333
3913,00:01:05.200,0.7211190682870371,2.178955078125,1.1050075954861112,0.5228949652777778,0.5354546440972222
3914,00:01:05.217,0.6316189236111112,1.8953450520833333,1.0548502604166667,0.4365505642361111,0.4034559461805556
3915,00:01:05.233,0.8684172453703703,2.3173014322916665,1.4021267361111112,0.6533203125,0.5498046875
3916,00:01:05.250,0.009946469907407407,0.21443684895833334,0.013671875,0.008273654513888888,0.007893880208333334
3917,00:01:05.267,0.7989637586805557,2.7254231770833335,1.2364908854166667,0.594482421875,0.56591796875
3918,00:01:05.283,0.8869357638888888,3.382568359375,1.3403862847222223,0.7074381510416666,0.6129828559027778
3919,00:01:05.300,0.7130443431712963,3.0574544270833335,1.0413411458333333,0.5817328559027778,0.5160590277777778
3920,00:01:05.317,0.64990234375,2.1858723958333335,0.9541558159722222,0.5418294270833334,0.4537217881944444
3921,00:01:05.333,0.7995786313657408,3.4586588541666665,1.2271321614583333,0.6497667100694444,0.5218370225694444
3922,00:01:05.350,0.6308322482638888,1.8953450520833333,0.955322265625,0.5137261284722222,0.4234483506944444
3923,00:01:05.367,0.5533673321759259,2.095947265625,0.83447265625,0.463134765625,0.3624945746527778
3924,00:01:05.383,0.8865831163194445,2.03369140625,1.3856608072916667,0.7036946614583334,0.5703938802083334
3925,00:01:05.400,0.6825086805555557,2.8084309895833335,1.1454264322916667,0.5089246961805556,0.3931749131944444
3926,00:01:05.417,0.8884910300925926,2.469482421875,1.4225531684027777,0.6887478298611112,0.5541720920138888
3927,00:01:05.433,0.6845612702546298,2.8568522135416665,1.0894097222222223,0.5450303819444444,0.4192437065972222
3928,00:01:05.450,0.8080060040509259,2.9052734375,1.3502061631944444,0.5877278645833334,0.486083984375
3929,00:01:05.467,0.7399540653935186,2.137451171875,1.2708062065972223,0.5013020833333334,0.44775390625
3930,00:01:05.483,0.8674225983796298,3.3064778645833335,1.4070366753472223,0.6685926649305556,0.5266384548611112
3931,00:01:05.500,4.642532913773148,7.685139973958333,7.515299479166667,2.3629286024305554,4.049370659722222
3932,00:01:05.517,0.7289586950231483,2.7669270833333335,1.1477864583333333,0.582275390625,0.4568142361111111
3933,00:01:05.533,0.8005280671296298,4.447835286458333,1.2587076822916667,0.6136610243055556,0.5292154947916666
3934,00:01:05.550,0.907986111111111,2.9329427083333335,1.3782280815972223,0.6944444444444444,0.6512858072916666
3935,00:01:05.567,1.0175329137731481,3.9912923177083335,1.5633138020833333,0.7215983072916666,0.7676866319444444
3936,00:01:05.583,0.8347077546296297,2.5663248697916665,1.2653266059027777,0.6941189236111112,0.544677734375
3937,00:01:05.600,0.028718171296296297,0.020751953125,0.05862087673611111,0.011881510416666666,0.015652126736111112
3938,00:01:05.617,0.8729474103009259,1.597900390625,1.3262532552083333,0.7184516059027778,0.5741373697916666
3939,00:01:05.633,0.015625,0.027669270833333332,0.028049045138888888,0.007839626736111112,0.010986328125
3940,00:01:05.650,0.5942925347222222,2.4348958333333335,0.8760036892361112,0.498046875,0.4088270399305556
3941,00:01:05.667,2.2905363859953707,2.178955078125,4.225802951388889,1.1168891059027777,1.5289171006944444
3942,00:01:05.683,1.1984501591435184,3.258056640625,2.0224066840277777,0.7999945746527778,0.77294921875
3943,00:01:05.700,1.5278862847222223,2.98828125,2.7371419270833335,0.9646267361111112,0.8818901909722222
3944,00:01:05.717,1.4736418547453705,2.6908365885416665,2.6612141927083335,0.8548448350694444,0.9048665364583334
3945,00:01:05.733,1.2712221498842593,1.4595540364583333,2.247829861111111,0.779541015625,0.7862955729166666
3946,00:01:05.750,1.1382378472222223,3.4102376302083335,1.9157986111111112,0.7822808159722222,0.7166341145833334
3947,00:01:05.767,1.1626428674768519,3.4171549479166665,1.8908962673611112,0.8631456163194444,0.73388671875
3948,00:01:05.783,1.1639720775462963,3.6800130208333335,1.937744140625,0.8579372829861112,0.6962348090277778
3949,00:01:05.800,1.2002224392361112,2.4763997395833335,2.0713433159722223,0.847900390625,0.6814236111111112
3950,00:01:05.817,1.1753110532407407,3.8667805989583335,1.9674207899305556,0.8260904947916666,0.732421875
3951,00:01:05.833,0.9867711950231483,2.178955078125,1.6044379340277777,0.7356499565972222,0.6202256944444444
3952,00:01:05.850,1.2431731047453705,1.7777506510416667,2.1389973958333335,0.832275390625,0.7582465277777778
3953,00:01:05.867,1.0885235821759258,3.922119140625,1.8555501302083333,0.7322319878472222,0.6777886284722222
3954,00:01:05.883,1.0166196469907407,1.4388020833333333,1.7605794270833333,0.6732313368055556,0.6160481770833334
3955,00:01:05.900,0.8152126736111112,1.0929361979166667,1.4506022135416667,0.5216200086805556,0.4734157986111111
3956,00:01:05.917,1.1268898292824072,4.219563802083333,1.9101833767361112,0.7723795572916666,0.6981065538194444
3957,00:01:05.933,0.9541196469907408,2.303466796875,1.6181098090277777,0.6773546006944444,0.56689453125
3958,00:01:05.950,0.03154839409722222,0.006917317708333333,0.06556532118055555,0.012966579861111112,0.01611328125
3959,00:01:05.967,1.1887026186342593,3.0712890625,1.8840874565972223,0.8543836805555556,0.82763671875
3960,00:01:05.983,0.6351996527777778,1.431884765625,1.0060763888888888,0.4926486545138889,0.4068739149305556
3961,00:01:06.000,5.4770688657407405,8.494466145833334,8.950439453125,2.8432074652777777,4.637559678819445
3962,00:01:06.017,0.0823025173611111,0.4150390625,0.10167100694444445,0.06722005208333333,0.07801649305555555
3963,00:01:06.033,1.0825014467592593,4.018961588541667,1.8299153645833333,0.7430013020833334,0.6745876736111112
3964,00:01:06.050,1.1822464554398149,4.793701171875,1.9839138454861112,0.7586534288194444,0.8041720920138888
3965,00:01:06.067,1.3960413049768519,3.6661783854166665,2.2135145399305554,0.8909776475694444,1.0836317274305556
3966,00:01:06.083,1.7582736545138886,4.115804036458333,2.8622233072916665,1.0521375868055556,1.3604600694444444
3967,00:01:06.100,0.8984555844907408,2.7392578125,1.5286187065972223,0.5495062934027778,0.6172417534722222
3968,00:01:06.117,0.9417136863425926,2.9121907552083335,1.6095377604166667,0.5779351128472222,0.6376681857638888
3969,00:01:06.133,0.8391022858796298,2.03369140625,1.3779296875,0.5343153211805556,0.6050618489583334
3970,00:01:06.150,0.7040111400462963,1.5287272135416667,1.1037326388888888,0.5000813802083334,0.5082194010416666
3971,00:01:06.167,0.6553457754629629,2.054443359375,1.0409342447916667,0.4514702690972222,0.4736328125
3972,00:01:06.183,0.766330295138889,3.4794108072916665,1.2356499565972223,0.53173828125,0.5316026475694444
3973,00:01:06.200,1.9836244936342593,3.4586588541666665,3.9351399739583335,0.6373426649305556,1.3783908420138888
3974,00:01:06.217,1.2421784577546295,3.673095703125,2.4152289496527777,0.5655381944444444,0.7457682291666666
3975,00:01:06.233,1.2041829427083333,3.7007649739583335,2.3795844184027777,0.5501030815972222,0.682861328125
3976,00:01:06.250,1.6883138020833333,4.551595052083333,3.434787326388889,0.6468912760416666,0.9832628038194444
3977,00:01:06.267,1.3411006221064816,3.4379069010416665,2.6096733940972223,0.5811089409722222,0.83251953125
3978,00:01:06.283,0.015154803240740741,1.2727864583333333,0.021158854166666668,0.011013454861111112,0.013292100694444444
3979,00:01:06.300,2.7190303096064814,7.609049479166667,3.9528266059027777,2.0452745225694446,2.1589898003472223
3980,00:01:06.317,2.050148292824074,6.114908854166667,3.3319227430555554,1.4503580729166667,1.3681640625
3981,00:01:06.333,1.8584888599537035,4.454752604166667,2.8797743055555554,1.4283040364583333,1.2673882378472223
3982,00:01:06.350,1.7244104456018519,3.009033203125,2.5855034722222223,1.3854437934027777,1.2022840711805556
3983,00:01:06.367,1.5178041811342593,3.507080078125,2.4560004340277777,1.1255696614583333,0.9718424479166666
3984,00:01:06.383,1.7745496961805556,5.623779296875,2.8882921006944446,1.2844780815972223,1.15087890625
3985,00:01:06.400,1.3863661024305554,4.046630859375,2.251980251736111,1.0281032986111112,0.8790147569444444
3986,00:01:06.417,1.1794252748842593,3.52783203125,2.0331488715277777,0.7679036458333334,0.7372233072916666
3987,00:01:06.433,1.0361237702546295,2.3518880208333335,1.7518988715277777,0.7025824652777778,0.6538899739583334
3988,00:01:06.450,0.9358271846064815,3.673095703125,1.5276150173611112,0.6444227430555556,0.6354437934027778
3989,00:01:06.467,0.761745876736111,2.427978515625,1.2648654513888888,0.4991590711805556,0.5212131076388888
3990,00:01:06.483,0.9271737557870371,2.261962890625,1.4643012152777777,0.6248372395833334,0.6923828125
3991,00:01:06.500,4.587112991898148,6.01806640625,7.646050347222222,2.074001736111111,4.041286892361111
3992,00:01:06.517,0.6860441984953703,2.44873046875,0.8696831597222222,0.7106119791666666,0.4778374565972222
3993,00:01:06.533,0.5340440538194444,1.722412109375,0.7174750434027778,0.4532335069444444,0.4314236111111111
3994,00:01:06.550,0.7477213541666666,2.4072265625,1.1293674045138888,0.5442437065972222,0.5695529513888888
3995,00:01:06.567,0.9487395109953702,2.7323404947916665,1.4456922743055556,0.6351453993055556,0.765380859375
3996,00:01:06.583,0.6668565538194443,1.61865234375,1.0564778645833333,0.3412272135416667,0.6028645833333334
3997,00:01:06.600,0.5688205295138888,1.431884765625,0.8631727430555556,0.3933648003472222,0.4499240451388889
3998,00:01:06.617,0.4722493489583333,1.7915852864583333,0.7040473090277778,0.3411458333333333,0.3715549045138889
3999,00:01:06.633,0.4192798755787037,1.390380859375,0.5074869791666666,0.3724229600694444,0.3779296875
4000,00:01:06.650,0.5715693721064815,1.6878255208333333,0.7236599392361112,0.4764539930555556,0.5145941840277778
4001,00:01:06.667,0.4126971209490741,1.4872233072916667,0.4978298611111111,0.3723415798611111,0.367919921875
4002,00:01:06.683,0.43083586516203703,2.9951985677083335,0.5241970486111112,0.3885904947916667,0.3797200520833333
4003,00:01:06.700,0.42484085648148145,2.5248209635416665,0.55126953125,0.3411729600694444,0.382080078125
4004,00:01:06.717,0.4711642795138889,1.7293294270833333,0.5596516927083334,0.3927137586805556,0.4611273871527778
4005,00:01:06.733,0.37910517939814814,1.3142903645833333,0.5288628472222222,0.2672526041666667,0.3412000868055556
4006,00:01:06.750,0.427734375,1.9645182291666667,0.5365668402777778,0.3568793402777778,0.3897569444444444
4007,00:01:06.767,0.34393988715277773,0.4219563802083333,0.4800347222222222,0.2402072482638889,0.3115776909722222
4008,00:01:06.783,0.41153067129629634,0.8646647135416666,0.5833875868055556,0.3072916666666667,0.3439127604166667
4009,00:01:06.800,0.3884006076388889,1.5287272135416667,0.5900065104166666,0.2701822916666667,0.3050130208333333
4010,00:01:06.817,0.2855269820601852,1.224365234375,0.4561903211805556,0.18505859375,0.21533203125
4011,00:01:06.833,0.38375289351851855,1.5494791666666667,0.5794270833333334,0.2657606336805556,0.3060709635416667
4012,00:01:06.850,0.2755172164351852,1.9921875,0.3838704427083333,0.21695963541666666,0.22572157118055555
4013,00:01:06.867,0.4244158709490741,1.7293294270833333,0.5975748697916666,0.3186577690972222,0.3570149739583333
4014,00:01:06.883,0.24447518807870372,1.61865234375,0.3428276909722222,0.1863064236111111,0.2042914496527778
4015,00:01:06.900,0.4915545428240741,0.9615071614583334,0.7272677951388888,0.3594292534722222,0.3879665798611111
4016,00:01:06.917,0.5175057870370371,2.7530924479166665,0.7992621527777778,0.3818088107638889,0.3714463975694444
4017,00:01:06.933,0.6342592592592592,2.2412109375,0.9383951822916666,0.5078667534722222,0.4565158420138889
4018,00:01:06.950,0.02191840277777778,0.37353515625,0.04665798611111111,0.01025390625,0.008843315972222222
4019,00:01:06.967,0.6971119068287037,2.054443359375,0.9361165364583334,0.6177571614583334,0.5374620225694444
4020,00:01:06.983,0.561767578125,1.5702311197916667,0.7725965711805556,0.4775933159722222,0.4351128472222222
4021,00:01:07.000,5.233733000578704,7.643636067708333,8.536458333333334,2.6138780381944446,4.550862630208333
4022,00:01:07.017,0.08308919270833333,0.767822265625,0.1003146701388889,0.07196723090277778,0.07698567708333333
4023,00:01:07.033,0.7443666811342592,2.4210611979166665,0.9611545138888888,0.7132161458333334,0.5587293836805556
4024,00:01:07.050,1.1458875868055556,3.465576171875,1.5035264756944444,1.0202094184027777,0.9139268663194444
4025,00:01:07.067,0.48467339409722227,1.473388671875,0.7398274739583334,0.2735188802083333,0.440673828125
4026,00:01:07.083,1.4187373408564816,5.679117838541667,2.02734375,1.0420735677083333,1.1867947048611112
4027,00:01:07.100,0.8204752604166666,3.299560546875,1.1788736979166667,0.6985405815972222,0.5840115017361112
4028,00:01:07.117,0.6297110098379629,1.9230143229166667,0.78125,0.6009928385416666,0.5068901909722222
4029,00:01:07.133,0.7250795717592592,1.2935384114583333,0.9287380642361112,0.6885036892361112,0.5579969618055556
4030,00:01:07.150,0.8697916666666666,2.7323404947916665,1.0912543402777777,0.8661838107638888,0.6519368489583334
4031,00:01:07.167,0.6994809751157408,1.826171875,0.94189453125,0.6194390190972222,0.537109375
4032,00:01:07.183,0.615017361111111,1.6463216145833333,0.8274739583333334,0.5196397569444444,0.4979383680555556
4033,00:01:07.200,0.5616681134259259,1.7915852864583333,0.7548014322916666,0.4735514322916667,0.4566514756944444
4034,00:01:07.217,0.6524612991898149,1.7293294270833333,0.8752983940972222,0.5352105034722222,0.546875
4035,00:01:07.233,0.6252350983796297,1.4249674479166667,0.7549370659722222,0.567626953125,0.5531412760416666
4036,00:01:07.250,0.6883318865740741,2.7115885416666665,0.8442654079861112,0.6060655381944444,0.6146647135416666
4037,00:01:07.267,0.5801323784722223,2.32421875,0.7124294704861112,0.5074055989583334,0.5205620659722222
4038,00:01:07.283,0.016520182291666664,0.4496256510416667,0.03626844618055555,0.006266276041666667,0.007025824652777778
4039,00:01:07.300,0.7501989293981483,2.469482421875,0.9165310329861112,0.6285536024305556,0.7055121527777778
4040,00:01:07.317,0.6864330150462963,2.4625651041666665,0.8872884114583334,0.5794270833333334,0.5925835503472222
4041,00:01:07.333,0.8035933883101851,3.2718912760416665,1.0331759982638888,0.6649576822916666,0.712646484375
4042,00:01:07.350,0.8081687644675926,3.19580078125,1.1759982638888888,0.6172688802083334,0.6312391493055556
4043,00:01:07.367,0.8616446035879629,1.8538411458333333,1.1740993923611112,0.6880154079861112,0.7228190104166666
4044,00:01:07.383,0.6793529369212964,2.8568522135416665,0.893798828125,0.6112196180555556,0.5330403645833334
4045,00:01:07.400,0.7856897424768517,3.4171549479166665,0.953857421875,0.6842176649305556,0.718994140625
4046,00:01:07.417,0.7246003327546297,2.36572265625,0.992431640625,0.5696343315972222,0.6117350260416666
4047,00:01:07.433,0.9868887442129631,4.537760416666667,1.1799587673611112,0.8235948350694444,0.9571126302083334
4048,00:01:07.450,0.42118778935185186,2.4556477864583335,0.4480251736111111,0.3745388454861111,0.4409993489583333
4049,00:01:07.467,0.009412977430555554,0.09684244791666667,0.013210720486111112,0.006293402777777778,0.008734809027777778
4050,00:01:07.483,0.46604636863425924,2.6424153645833335,0.5174967447916666,0.4377170138888889,0.4429253472222222
4051,00:01:07.500,4.700529875578703,8.162434895833334,7.608696831597222,2.23095703125,4.261935763888889
4052,00:01:07.517,0.35422092013888884,2.86376953125,0.3079155815972222,0.3882378472222222,0.3665093315972222
4053,00:01:07.533,0.5237720630787037,4.005126953125,0.5110134548611112,0.5160047743055556,0.5442979600694444
4054,00:01:07.550,0.501247829861111,4.129638671875,0.5434841579861112,0.4838595920138889,0.4763997395833333
4055,00:01:07.567,0.7701913339120371,4.503173828125,0.9935438368055556,0.5530327690972222,0.7639973958333334
4056,00:01:07.583,0.9401493778935186,4.703776041666667,1.3859592013888888,0.5725368923611112,0.8619520399305556
4057,00:01:07.600,0.4224446614583333,1.86767578125,0.5803493923611112,0.3021918402777778,0.3847927517361111
4058,00:01:07.617,0.3362630208333333,2.9191080729166665,0.4369303385416667,0.2554796006944444,0.3163791232638889
4059,00:01:07.633,0.33016854745370366,2.760009765625,0.3640679253472222,0.3140733506944444,0.3123643663194444
4060,00:01:07.650,0.2740885416666667,2.6839192708333335,0.2730034722222222,0.2851833767361111,0.2640787760416667
4061,00:01:07.667,0.2633644386574074,2.469482421875,0.3096516927083333,0.2108832465277778,0.2695583767361111
4062,00:01:07.683,0.2479021990740741,0.7747395833333334,0.3263617621527778,0.2157931857638889,0.20155164930555555
4063,00:01:07.700,0.2457953559027778,0.9269205729166666,0.3125,0.2029351128472222,0.2219509548611111
4064,00:01:07.717,0.014856409143518517,0.020751953125,0.02587890625,0.007514105902777778,0.011176215277777778
4065,00:01:07.733,0.34184208622685186,1.3350423177083333,0.3382432725694444,0.3343912760416667,0.3528917100694444
4066,00:01:07.750,0.6423611111111112,2.2135416666666665,0.8833279079861112,0.4130045572916667,0.6307508680555556
4067,00:01:07.767,0.20042136863425927,1.0306803385416667,0.2653266059027778,0.16346571180555555,0.17247178819444445
4068,00:01:07.783,0.2022750289351852,1.307373046875,0.2367621527777778,0.1748046875,0.1952582465277778
4069,00:01:07.800,0.12284794560185186,0.62255859375,0.14046223958333334,0.10736762152777778,0.12071397569444445
4070,00:01:07.817,0.05605287905092593,0.601806640625,0.040201822916666664,0.07286241319444445,0.055094401041666664
4071,00:01:07.833,0.02419704861111111,0.8024088541666666,0.018880208333333332,0.033148871527777776,0.020562065972222224
4072,00:01:07.850,0.04295970775462963,0.9476725260416666,0.04958767361111111,0.04250759548611111,0.036783854166666664
4073,00:01:07.867,0.06306061921296297,0.70556640625,0.0854220920138889,0.045491536458333336,0.058268229166666664
4074,00:01:07.883,0.016565393518518517,0.04150390625,0.013020833333333334,0.014784071180555556,0.021891276041666668
4075,00:01:07.900,0.02490234375,0.013834635416666666,0.022596571180555556,0.030164930555555556,0.021945529513888888
4076,00:01:07.917,0.07121672453703703,0.13834635416666666,0.07088216145833333,0.07080078125,0.07196723090277778
4077,00:01:07.933,0.11763961226851853,0.5879720052083334,0.09483506944444445,0.12261284722222222,0.1354709201388889
4078,00:01:07.950,0.1006130642361111,0.6640625,0.092041015625,0.12274848090277778,0.08704969618055555
4079,00:01:07.967,0.1123046875,0.87158203125,0.1239963107638889,0.1174587673611111,0.095458984375
4080,00:01:07.983,0.06989655671296297,0.6640625,0.08837890625,0.07042100694444445,0.05088975694444445
4081,00:01:08.000,4.769974320023148,7.982584635416667,7.653754340277778,2.1987847222222223,4.457383897569445
4082,00:01:08.017,0.12528030960648148,0.9407552083333334,0.1069064670138889,0.1410861545138889,0.12784830729166666
4083,00:01:08.033,0.20107241030092593,1.3765462239583333,0.21931966145833334,0.1952853732638889,0.18861219618055555
4084,00:01:08.050,0.2562210648148148,1.826171875,0.2950846354166667,0.21980794270833334,0.2537706163194444
4085,00:01:08.067,0.5382306134259259,2.2481282552083335,0.7346733940972222,0.3409288194444444,0.5390896267361112
4086,00:01:08.083,0.8133590133101852,3.2303873697916665,1.2891167534722223,0.444091796875,0.7068684895833334
4087,00:01:08.100,0.12748661747685186,1.5494791666666667,0.1897515190972222,0.07188585069444445,0.1208224826388889
4088,00:01:08.117,0.09488932291666667,1.4111328125,0.1152072482638889,0.08379448784722222,0.0856662326388889
4089,00:01:08.133,0.10954680266203703,0.8369954427083334,0.156982421875,0.07478841145833333,0.09686957465277778
4090,00:01:08.150,0.08979853877314814,0.4842122395833333,0.12071397569444445,0.072509765625,0.076171875
4091,00:01:08.167,0.06894712094907408,0.3251139322916667,0.10576714409722222,0.04758029513888889,0.05349392361111111
4092,00:01:08.183,0.10683412905092593,0.8992513020833334,0.1290961371527778,0.09461805555555555,0.09678819444444445
4093,00:01:08.200,0.06693974247685185,0.07609049479166667,0.06968858506944445,0.055582682291666664,0.07554796006944445
4094,00:01:08.217,0.05653211805555556,0.6156412760416666,0.06309678819444445,0.052978515625,0.053521050347222224
4095,00:01:08.233,0.07981589988425926,1.0030110677083333,0.11436631944444445,0.060492621527777776,0.06458875868055555
4096,00:01:08.250,0.08925600405092593,0.8162434895833334,0.12923177083333334,0.07373046875,0.06480577256944445
4097,00:01:08.267,0.17243561921296294,0.9476725260416666,0.2659505208333333,0.11029730902777778,0.1410590277777778
4098,00:01:08.283,0.07471607349537036,0.3873697916666667,0.11195203993055555,0.04909939236111111,0.06309678819444445
4099,00:01:08.300,0.1712691695601852,0.9822591145833334,0.1982150607638889,0.15098741319444445,0.1646050347222222
4100,00:01:08.317,0.09823495370370372,0.70556640625,0.13134765625,0.09117296006944445,0.07218424479166667
4101,00:01:08.333,0.107666015625,1.058349609375,0.1406792534722222,0.0896267361111111,0.09269205729166667
4102,00:01:08.350,0.10222258391203703,0.5879720052083334,0.1662868923611111,0.07066514756944445,0.06971571180555555
4103,00:01:08.367,0.12097620081018519,0.394287109375,0.15926106770833334,0.09852430555555555,0.10514322916666667
4104,00:01:08.383,0.08186848958333333,1.0306803385416667,0.09749348958333333,0.0705837673611111,0.07752821180555555
4105,00:01:08.400,0.11679868344907408,1.2520345052083333,0.16590711805555555,0.09928385416666667,0.085205078125
4106,00:01:08.417,0.11397750289351853,1.1136881510416667,0.14705403645833334,0.09760199652777778,0.09727647569444445
4107,00:01:08.433,0.11319082754629628,0.7401529947916666,0.1301540798611111,0.10365125868055555,0.10576714409722222
4108,00:01:08.450,0.11405888310185186,0.269775390625,0.1513671875,0.09195963541666667,0.0988498263888889
4109,00:01:08.467,0.16068974247685183,0.850830078125,0.185302734375,0.1454806857638889,0.15128580729166666
4110,00:01:08.483,0.05605287905092593,0.518798828125,0.09589301215277778,0.026312934027777776,0.045952690972222224
4111,00:01:08.500,4.664595992476851,6.51611328125,7.658501519097222,2.0891655815972223,4.246120876736111
4112,00:01:08.517,0.16340241608796297,0.8231608072916666,0.15633138020833334,0.1704644097222222,0.16341145833333334
4113,00:01:08.533,0.21750217013888887,1.3627115885416667,0.24625651041666666,0.202392578125,0.203857421875
4114,00:01:08.550,0.42136863425925924,2.1927897135416665,0.5602756076388888,0.3141547309027778,0.3896755642361111
4115,00:01:08.567,0.6926631221064815,2.8776041666666665,1.0116373697916667,0.4771321614583333,0.5892198350694444
4116,00:01:08.583,0.2842068142361111,1.473388671875,0.4368489583333333,0.1901312934027778,0.2256401909722222
4117,00:01:08.600,0.2768464265046296,1.6117350260416667,0.4069281684027778,0.2207302517361111,0.202880859375
4118,00:01:08.617,0.1543872974537037,1.1966959635416667,0.20472547743055555,0.135498046875,0.12293836805555555
4119,00:01:08.633,0.17333984375,1.4664713541666667,0.27978515625,0.1303439670138889,0.1098904079861111
4120,00:01:08.650,0.24188910590277776,0.7747395833333334,0.3369683159722222,0.19395616319444445,0.19474283854166666
4121,00:01:08.667,0.28688331886574076,0.5810546875,0.4205186631944444,0.21321614583333334,0.22691514756944445
4122,00:01:08.683,0.21933774594907407,1.0514322916666667,0.3537055121527778,0.15283203125,0.15147569444444445
4123,00:01:08.700,0.25484664351851855,2.843017578125,0.3538411458333333,0.20033094618055555,0.21036783854166666
4124,00:01:08.717,0.17170319733796294,0.9200032552083334,0.2319878472222222,0.1487087673611111,0.13441297743055555
4125,00:01:08.733,0.3414080584490741,0.7332356770833334,0.4715983072916667,0.2939181857638889,0.2587076822916667
4126,00:01:08.750,0.24452944155092593,0.6709798177083334,0.34619140625,0.19642469618055555,0.1909722222222222
4127,00:01:08.767,0.2055121527777778,1.0237630208333333,0.2939724392361111,0.1598578559027778,0.16270616319444445
4128,00:01:08.783,0.22572157118055555,0.5672200520833334,0.3079155815972222,0.17957899305555555,0.1896701388888889
4129,00:01:08.800,0.22219509548611108,1.390380859375,0.3338487413194444,0.167724609375,0.1650119357638889
4130,00:01:08.817,0.1974464699074074,1.473388671875,0.2951388888888889,0.14005533854166666,0.15714518229166666
4131,00:01:08.833,0.03516529224537037,0.186767578125,0.06456163194444445,0.017903645833333332,0.023030598958333332
4132,00:01:08.850,0.2159469039351852,0.9891764322916666,0.3316514756944444,0.14876302083333334,0.1674262152777778
4133,00:01:08.867,0.21818938078703706,3.6592610677083335,0.3108181423611111,0.16748046875,0.17626953125
4134,00:01:08.883,0.24949363425925922,3.7284342447916665,0.3879123263888889,0.1738009982638889,0.186767578125
4135,00:01:08.900,0.36821831597222227,2.0613606770833335,0.5433213975694444,0.2846950954861111,0.2766384548611111
4136,00:01:08.917,0.2848036024305555,1.6324869791666667,0.4052734375,0.2210015190972222,0.22813585069444445
4137,00:01:08.933,0.3180881076388889,2.012939453125,0.4937879774305556,0.22615559895833334,0.2343207465277778
4138,00:01:08.950,0.3362901475694444,3.94287109375,0.517822265625,0.23792860243055555,0.2531195746527778
4139,00:01:08.967,0.2359393084490741,1.2381998697916667,0.3196343315972222,0.1916775173611111,0.1965060763888889
4140,00:01:08.983,0.2734646267361111,1.70166015625,0.4191351996527778,0.19590928819444445,0.2053493923611111
4141,00:01:09.000,4.125217013888889,6.619873046875,6.557834201388889,1.9812554253472223,3.8365614149305554
4142,00:01:09.017,0.2896954571759259,1.0237630208333333,0.3848198784722222,0.2591417100694444,0.2251247829861111
4143,00:01:09.033,0.3531448929398148,1.3350423177083333,0.4325629340277778,0.3435329861111111,0.2833387586805556
4144,00:01:09.050,0.4849898726851852,1.8123372395833333,0.6380750868055556,0.3890787760416667,0.4278157552083333
4145,00:01:09.067,0.6476236979166666,2.510986328125,0.9567328559027778,0.4093967013888889,0.5767415364583334
4146,00:01:09.083,0.4045500578703704,1.8745930989583333,0.6105414496527778,0.2923177083333333,0.310791015625
4147,00:01:09.100,0.3054470486111111,1.307373046875,0.5049099392361112,0.22021484375,0.1912163628472222
4148,00:01:09.117,0.2995876736111111,1.1897786458333333,0.4798448350694444,0.21622721354166666,0.2026909722222222
4149,00:01:09.133,0.014178240740740741,0.020751953125,0.026909722222222224,0.007025824652777778,0.008599175347222222
4150,00:01:09.150,0.2846770109953704,1.1275227864583333,0.4666341145833333,0.21712239583333334,0.17027452256944445
4151,00:01:09.167,0.46267361111111116,3.5209147135416665,0.6467556423611112,0.3774956597222222,0.36376953125
4152,00:01:09.183,0.017985026041666668,0.23518880208333334,0.028455946180555556,0.010064019097222222,0.015435112847222222
4153,00:01:09.200,0.47126374421296297,2.0267740885416665,0.6626790364583334,0.3248969184027778,0.4262152777777778
4154,00:01:09.217,0.45588288483796297,1.3972981770833333,0.6870930989583334,0.3073187934027778,0.3732367621527778
4155,00:01:09.233,0.3050491898148148,1.28662109375,0.4532335069444444,0.21568467881944445,0.24622938368055555
4156,00:01:09.250,0.2719093605324074,2.8361002604166665,0.3638780381944444,0.20469835069444445,0.24715169270833334
4157,00:01:09.267,0.38469328703703703,2.4763997395833335,0.5527886284722222,0.2717827690972222,0.3295084635416667
4158,00:01:09.283,0.25478334780092593,0.6571451822916666,0.3991427951388889,0.16569010416666666,0.1995171440972222
4159,00:01:09.300,0.2550184461805555,0.7401529947916666,0.4046766493055556,0.17369249131944445,0.18668619791666666
4160,00:01:09.317,0.16259765625,0.5672200520833334,0.2554253472222222,0.1120876736111111,0.12027994791666667
4161,00:01:09.333,0.21742078993055558,1.7362467447916667,0.3797743055555556,0.1335177951388889,0.1389702690972222
4162,00:01:09.350,0.17604347511574073,0.62255859375,0.2893880208333333,0.12274848090277778,0.1159939236111111
4163,00:01:09.367,0.1503634982638889,1.8123372395833333,0.2392849392361111,0.10663519965277778,0.10517035590277778
4164,00:01:09.383,0.195728443287037,0.6571451822916666,0.350341796875,0.11710611979166667,0.11973741319444445
4165,00:01:09.400,0.2435619212962963,2.5455729166666665,0.3889973958333333,0.18367513020833334,0.1580132378472222
4166,00:01:09.417,0.19908311631944442,1.8330891927083333,0.320068359375,0.1427951388888889,0.13438585069444445
4167,00:01:09.433,0.2142921730324074,1.971435546875,0.3501247829861111,0.15201822916666666,0.14073350694444445
4168,00:01:09.450,0.2547200520833333,0.9269205729166666,0.3887532552083333,0.2090115017361111,0.16639539930555555
4169,00:01:09.467,0.24787507233796294,2.4556477864583335,0.2818467881944444,0.2219509548611111,0.23982747395833334
4170,00:01:09.483,0.18855794270833334,1.0237630208333333,0.200927734375,0.18660481770833334,0.17814127604166666
4171,00:01:09.500,4.002061631944445,6.875813802083333,6.142171223958333,2.0052625868055554,3.8587510850694446
4172,00:01:09.517,0.26541702835648145,2.5040690104166665,0.259521484375,0.3020562065972222,0.2346733940972222
4173,00:01:09.533,0.4341814959490741,3.85986328125,0.4710015190972222,0.4577094184027778,0.3738335503472222
4174,00:01:09.550,0.6006492332175926,2.095947265625,0.6883951822916666,0.5505099826388888,0.5630425347222222
4175,00:01:09.567,0.8546911168981483,2.3518880208333335,1.2074924045138888,0.5885145399305556,0.76806640625
4176,00:01:09.583,0.4251844618055556,2.3103841145833335,0.4945475260416667,0.4071451822916667,0.3738606770833333
4177,00:01:09.600,0.3123191550925926,0.7747395833333334,0.4259982638888889,0.235595703125,0.2753634982638889
4178,00:01:09.617,0.2451714409722222,0.8231608072916666,0.3690863715277778,0.16984049479166666,0.1965874565972222
4179,00:01:09.633,0.31943540219907407,0.8577473958333334,0.3946126302083333,0.29443359375,0.2692599826388889
4180,00:01:09.650,0.19144241898148148,0.33203125,0.22428385416666666,0.2021755642361111,0.14786783854166666
4181,00:01:09.667,0.2292299623842593,0.7747395833333334,0.3023817274305556,0.1867947048611111,0.1985134548611111
4182,00:01:09.683,0.11961082175925926,1.20361328125,0.13001844618055555,0.11846245659722222,0.1103515625
4183,00:01:09.700,0.004168475115740741,0.0,0.005669487847222222,0.003445095486111111,0.003390842013888889
4184,00:01:09.717,0.4537489149305555,1.8192545572916667,0.5430772569444444,0.4814181857638889,0.3367513020833333
4185,00:01:09.733,0.010443793402777778,0.11759440104166667,0.017008463541666668,0.006401909722222222,0.007921006944444444
4186,00:01:09.750,0.34209526909722227,1.2727864583333333,0.4509819878472222,0.3202853732638889,0.2550184461805556
4187,00:01:09.767,0.3729021990740741,1.556396484375,0.5802951388888888,0.24527994791666666,0.2931315104166667
4188,00:01:09.783,0.23773871527777776,0.9684244791666666,0.3212619357638889,0.2153591579861111,0.17659505208333334
4189,00:01:09.800,0.32892975983796297,1.2381998697916667,0.4801432291666667,0.255615234375,0.2510308159722222
4190,00:01:09.817,0.3126356336805555,1.0929361979166667,0.4889322916666667,0.2262641059027778,0.2227105034722222
4191,00:01:09.833,0.3935546875,1.3557942708333333,0.6648491753472222,0.24275716145833334,0.2730577256944444
4192,00:01:09.850,0.34612811053240744,0.975341796875,0.5718044704861112,0.2289496527777778,0.23763020833333334
4193,00:01:09.867,0.29921694155092593,1.2174479166666667,0.4832085503472222,0.207763671875,0.20667860243055555
4194,00:01:09.883,0.3125,1.1759440104166667,0.5189615885416666,0.1987575954861111,0.2197808159722222
4195,00:01:09.900,0.367820457175926,0.95458984375,0.5762532552083334,0.2514919704861111,0.2757161458333333
4196,00:01:09.917,0.28524667245370366,1.639404296875,0.4605305989583333,0.17789713541666666,0.2173122829861111
4197,00:01:09.933,0.2548918547453704,1.4111328125,0.4324273003472222,0.1628146701388889,0.16943359375
4198,00:01:09.950,0.21687825520833334,1.2451171875,0.3722330729166667,0.13736979166666666,0.14103190104166666
4199,00:01:09.967,0.3650083188657407,1.36962890625,0.6145562065972222,0.20057508680555555,0.2798936631944444
4200,00:01:09.983,0.23860677083333334,1.2935384114583333,0.4218478732638889,0.15250651041666666,0.14146592881944445
4201,00:01:10.000,4.069996021412037,5.907389322916667,6.509141710069445,1.8841688368055556,3.816677517361111
4202,00:01:10.017,0.2746039496527778,1.0721842447916667,0.4035915798611111,0.20741102430555555,0.21280924479166666
4203,00:01:10.033,0.3084852430555556,1.9991048177083333,0.4677463107638889,0.220458984375,0.2372504340277778
4204,00:01:10.050,0.538402416087963,2.3518880208333335,0.8642849392361112,0.3243543836805556,0.4265679253472222
4205,00:01:10.067,0.4684877748842593,1.0860188802083333,0.6796603732638888,0.2840983072916667,0.4417046440972222
4206,00:01:10.083,0.3902180989583333,1.3972981770833333,0.7222764756944444,0.19493272569444445,0.2534450954861111
4207,00:01:10.100,0.2938096788194445,1.6878255208333333,0.5148654513888888,0.17366536458333334,0.1928982204861111
4208,00:01:10.117,0.34223994502314814,1.2589518229166667,0.5124240451388888,0.2620713975694444,0.2522243923611111
4209,00:01:10.133,0.23182508680555558,1.0860188802083333,0.3866644965277778,0.15370008680555555,0.15511067708333334
4210,00:01:10.150,0.2842068142361111,0.8439127604166666,0.4965277777777778,0.1742621527777778,0.1818305121527778
4211,00:01:10.167,0.271728515625,0.8369954427083334,0.4803331163194444,0.16975911458333334,0.1650933159722222
4212,00:01:10.183,0.21925636574074073,1.1136881510416667,0.3310004340277778,0.15562608506944445,0.171142578125
4213,00:01:10.200,0.25799334490740744,0.477294921875,0.4120822482638889,0.16200086805555555,0.1998969184027778
4214,00:01:10.217,0.22112811053240744,0.643310546875,0.332763671875,0.1499294704861111,0.1806911892361111
4215,00:01:10.233,0.3701985677083333,1.1067708333333333,0.4991048177083333,0.2944607204861111,0.3170301649305556
4216,00:01:10.250,0.47921187789351855,1.7293294270833333,0.7625868055555556,0.3154025607638889,0.3596462673611111
4217,00:01:10.267,0.7915400752314815,2.9606119791666665,1.4111870659722223,0.4827745225694444,0.4806586371527778
4218,00:01:10.283,0.953170211226852,2.8706868489583335,1.5725368923611112,0.6580403645833334,0.6289333767361112
4219,00:01:10.300,1.1520905671296295,3.1197102864583335,1.89892578125,0.7899848090277778,0.7673611111111112
4220,00:01:10.317,1.1476236979166667,2.2550455729166665,1.8873426649305556,0.781005859375,0.7745225694444444
4221,00:01:10.333,1.1445222077546295,1.7915852864583333,1.7675238715277777,0.9302300347222222,0.7358127170138888
4222,00:01:10.350,1.227349175347222,2.0406087239583335,1.92431640625,0.9992404513888888,0.7584906684027778
4223,00:01:10.367,0.011402271412037037,0.09684244791666667,0.017605251736111112,0.007649739583333333,0.008951822916666666
4224,00:01:10.383,1.4253743489583333,2.8084309895833335,2.2672526041666665,1.1554633246527777,0.8534071180555556
4225,00:01:10.400,1.7082067418981481,4.184977213541667,2.920437282986111,1.3078884548611112,0.8962944878472222
4226,00:01:10.417,1.062445746527778,2.5594075520833335,1.8412814670138888,0.7511935763888888,0.5948621961805556
4227,00:01:10.433,1.2760235821759258,2.6493326822916665,2.2794867621527777,0.8825412326388888,0.6660427517361112
4228,00:01:10.450,1.4583604600694444,2.6078287760416665,2.6073404947916665,1.0387098524305556,0.7290310329861112
4229,00:01:10.467,1.1578052662037037,2.7945963541666665,2.167507595486111,0.7423502604166666,0.5635579427083334
4230,00:01:10.483,1.4679452401620372,2.78076171875,2.712185329861111,0.9508463541666666,0.7408040364583334
4231,00:01:10.500,4.706353081597222,7.505289713541667,7.675184461805555,2.3634440104166665,4.080430772569445
4232,00:01:10.517,1.1264196325231481,3.6661783854166665,2.0125054253472223,0.79638671875,0.5703667534722222
4233,00:01:10.533,1.1415111400462963,2.3588053385416665,2.08447265625,0.7419976128472222,0.5980631510416666
4234,00:01:10.550,2.190456814236111,5.250244140625,4.145128038194445,1.370361328125,1.0558810763888888
4235,00:01:10.567,0.45974392361111116,1.6255696614583333,0.6688910590277778,0.2688530815972222,0.4414876302083333
4236,00:01:10.583,1.2600097656249998,3.154296875,2.174777560763889,0.8678385416666666,0.7374131944444444
4237,00:01:10.600,1.0970504195601853,3.3548990885416665,1.8328450520833333,0.7910970052083334,0.6672092013888888
4238,00:01:10.617,1.0727629484953702,2.0475260416666665,1.8205295138888888,0.7659776475694444,0.6317816840277778
4239,00:01:10.633,0.7329372829861112,1.846923828125,1.1600477430555556,0.5613064236111112,0.4774576822916667
4240,00:01:10.650,0.8518247251157408,2.53173828125,1.4137098524305556,0.6219346788194444,0.5198296440972222
4241,00:01:10.667,0.9206995081018517,2.53173828125,1.6296657986111112,0.5567762586805556,0.5756564670138888
4242,00:01:10.683,0.905544704861111,1.78466796875,1.7472873263888888,0.4950086805555556,0.4743381076388889
4243,00:01:10.700,0.9365415219907408,1.53564453125,1.7939995659722223,0.4802788628472222,0.5353461371527778
4244,00:01:10.717,0.6743525752314815,1.6947428385416667,1.2721896701388888,0.3434787326388889,0.4073893229166667
4245,00:01:10.733,0.8896032262731483,2.7115885416666665,1.5652398003472223,0.5039333767361112,0.5996365017361112
4246,00:01:10.750,0.5592538339120371,3.7076822916666665,0.9800889756944444,0.3215874565972222,0.3760850694444444
4247,00:01:10.767,0.6043565538194444,1.7915852864583333,1.0416937934027777,0.3501790364583333,0.4211968315972222
4248,00:01:10.783,0.5336552372685186,0.70556640625,1.0029568142361112,0.2645941840277778,0.3334147135416667
4249,00:01:10.800,0.4737413194444445,1.826171875,0.8433430989583334,0.2593315972222222,0.3185492621527778
4250,00:01:10.817,0.009250217013888888,1.016845703125,0.012776692708333334,0.007297092013888889,0.007676866319444444
4251,00:01:10.833,0.36321795428240744,2.2066243489583335,0.6548665364583334,0.1837836371527778,0.2510036892361111
4252,00:01:10.850,0.34649884259259256,2.4210611979166665,0.6401095920138888,0.17808702256944445,0.22129991319444445
4253,00:01:10.867,0.29935257523148145,0.7194010416666666,0.5172254774305556,0.17431640625,0.2065158420138889
4254,00:01:10.883,0.32958984375,1.1067708333333333,0.5885145399305556,0.17032877604166666,0.2299262152777778
4255,00:01:10.900,0.32005027488425924,1.4872233072916667,0.6063639322916666,0.15201822916666666,0.20176866319444445
4256,00:01:10.917,0.3266239872685185,1.9091796875,0.6679144965277778,0.14737955729166666,0.1645779079861111
4257,00:01:10.933,0.2601363570601852,1.0099283854166667,0.5095757378472222,0.12852647569444445,0.1423068576388889
4258,00:01:10.950,0.26167353877314814,1.6463216145833333,0.5278049045138888,0.12459309895833333,0.1326226128472222
4259,00:01:10.967,0.30231843171296297,0.7470703125,0.6191677517361112,0.1405707465277778,0.147216796875
4260,00:01:10.983,0.2470341435185185,0.9891764322916666,0.4866807725694444,0.12101236979166667,0.13340928819444445
4261,00:01:11.000,3.856183087384259,6.730550130208333,6.412787543402778,1.8287217881944444,3.3270399305555554
4262,00:01:11.017,0.2618815104166667,1.8953450520833333,0.4195692274305556,0.18665907118055555,0.1794162326388889
4263,00:01:11.033,0.46260127314814814,2.4141438802083335,0.7847493489583334,0.2765028211805556,0.3265516493055556
4264,00:01:11.050,0.4910843460648147,1.95068359375,0.7794053819444444,0.2995062934027778,0.3943413628472222
4265,00:01:11.067,0.9784071180555555,3.673095703125,1.6920844184027777,0.5218912760416666,0.7212456597222222
4266,00:01:11.083,0.44941767939814814,1.4180501302083333,0.8148328993055556,0.2502170138888889,0.283203125
4267,00:01:11.100,0.5023690682870371,1.9368489583333333,0.9110785590277778,0.2877875434027778,0.3082411024305556
4268,00:01:11.117,0.2805537471064815,0.87158203125,0.4767795138888889,0.1818305121527778,0.1830512152777778
4269,00:01:11.133,0.4062409577546296,1.3419596354166667,0.685546875,0.2747124565972222,0.2584635416666667
4270,00:01:11.150,0.3663465711805555,1.7431640625,0.6356608072916666,0.2297905815972222,0.2335883246527778
4271,00:01:11.167,0.32932761863425924,1.0514322916666667,0.6142849392361112,0.1940375434027778,0.1796603732638889
4272,00:01:11.183,0.3150679976851852,2.6078287760416665,0.583740234375,0.1829155815972222,0.17854817708333334
4273,00:01:11.200,0.3934371383101852,2.386474609375,0.7122124565972222,0.24061414930555555,0.2274848090277778
4274,00:01:11.217,0.27988462094907407,1.5218098958333333,0.4446614583333333,0.20751953125,0.1874728732638889
4275,00:01:11.233,0.28440574363425924,1.5425618489583333,0.4411349826388889,0.20979817708333334,0.20228407118055555
4276,00:01:11.250,0.27700918692129634,1.4595540364583333,0.4363335503472222,0.20906575520833334,0.18562825520833334
4277,00:01:11.267,0.3193540219907407,1.514892578125,0.5131564670138888,0.2368435329861111,0.2080620659722222
4278,00:01:11.283,0.2817654079861111,1.1482747395833333,0.4475640190972222,0.196533203125,0.2011990017361111
4279,00:01:11.300,0.0032913773148148147,0.2628580729166667,0.001681857638888889,0.003445095486111111,0.004747178819444444
4280,00:01:11.317,0.21042209201388892,1.4388020833333333,0.3163248697916667,0.166748046875,0.148193359375
4281,00:01:11.333,0.2722710503472222,1.4111328125,0.4619140625,0.1898871527777778,0.1650119357638889
4282,00:01:11.350,0.2289496527777778,0.767822265625,0.3683268229166667,0.17298719618055555,0.1455349392361111
4283,00:01:11.367,0.5960015190972222,0.9130859375,1.0045844184027777,0.3976779513888889,0.3857421875
4284,00:01:11.383,0.28834816261574076,1.0306803385416667,0.5509711371527778,0.1750759548611111,0.13899739583333334
4285,00:01:11.400,0.35672562210648157,0.9269205729166666,0.6684841579861112,0.2179633246527778,0.18372938368055555
4286,00:01:11.417,0.20543077256944442,0.228271484375,0.3677571614583333,0.1325412326388889,0.1159939236111111
4287,00:01:11.433,0.2636809172453704,1.1897786458333333,0.4523654513888889,0.1754828559027778,0.16319444444444445
4288,00:01:11.450,0.22173394097222224,0.8369954427083334,0.3410373263888889,0.1747504340277778,0.1494140625
4289,00:01:11.467,0.4257722077546296,1.3004557291666667,0.5747884114583334,0.3954535590277778,0.3070746527777778
4290,00:01:11.483,0.38458478009259256,2.6009114583333335,0.5375434027777778,0.3666449652777778,0.2495659722222222
4291,00:01:11.500,3.826904296875,6.592203776041667,6.121527777777778,2.075439453125,3.2837456597222223
4292,00:01:11.517,0.4764087818287037,2.054443359375,0.610595703125,0.4057888454861111,0.412841796875
4293,00:01:11.533,0.7938006365740741,2.9191080729166665,1.0350206163194444,0.7933485243055556,0.5530327690972222
4294,00:01:11.550,0.8554777922453703,3.1819661458333335,1.153076171875,0.7864040798611112,0.626953125
4295,00:01:11.567,1.0724916811342593,4.19189453125,1.4759114583333333,0.9229871961805556,0.8185763888888888
4296,00:01:11.583,0.7495298032407408,2.6493326822916665,0.9712999131944444,0.7342122395833334,0.5430772569444444
4297,00:01:11.600,0.5681423611111112,2.718505859375,0.7488878038194444,0.5778266059027778,0.3777126736111111
4298,00:01:11.617,0.7168601707175926,2.2342936197916665,0.8968098958333334,0.7926974826388888,0.4610731336805556
4299,00:01:11.633,0.013310185185185184,0.4081217447916667,0.022054036458333332,0.007785373263888889,0.010091145833333334
4300,00:01:11.650,0.6868218315972222,2.5732421875,1.0147840711805556,0.6195475260416666,0.4261338975694444
4301,00:01:11.667,0.8587330005787037,2.8153483072916665,1.3684353298611112,0.7123480902777778,0.4954155815972222
4302,00:01:11.683,0.8674587673611112,4.44091796875,1.2611490885416667,0.8013237847222222,0.5399034288194444
4303,00:01:11.700,0.8105378327546297,3.2511393229166665,1.1791720920138888,0.7303331163194444,0.5221082899305556
4304,00:01:11.717,1.1892903645833333,3.631591796875,2.0057237413194446,0.8194715711805556,0.74267578125
4305,00:01:11.733,1.2542498553240742,5.201822916666667,1.9539388020833333,1.0207790798611112,0.7880316840277778
4306,00:01:11.750,1.0474717881944444,5.208740234375,1.8525390625,0.6570366753472222,0.6328396267361112
4307,00:01:11.767,1.084056712962963,2.7392578125,1.9922688802083333,0.5928548177083334,0.6670464409722222
4308,00:01:11.783,0.7830584490740741,1.8192545572916667,1.3864203559027777,0.4600694444444444,0.502685546875
4309,00:01:11.800,1.0197844328703705,2.61474609375,1.7685275607638888,0.6796061197916666,0.6112196180555556
4310,00:01:11.817,27.86279296875,78.53922526041667,43.158935546875,31.22677951388889,9.20266384548611
4311,00:01:11.833,0.029676649305555552,0.8231608072916666,0.045003255208333336,0.020968967013888888,0.023057725694444444
4312,00:01:11.850,65.6000343605324,155.245361328125,104.583984375,67.42762586805556,24.788492838541668
4313,00:01:11.867,0.02737087673611111,0.15218098958333334,0.026991102430555556,0.021131727430555556,0.033989800347222224
4314,00:01:11.883,0.003463179976851852,0.034586588541666664,0.0011664496527777778,0.00244140625,0.006781684027777778
4315,00:01:11.900,0.0006329571759259258,0.0,2.712673611111111e-05,0.0007052951388888889,0.0011664496527777778
4316,00:01:11.917,0.2411566840277778,2.2896321614583335,0.3218315972222222,0.15467664930555555,0.24696180555555555
4317,00:01:11.933,0.022795500578703706,0.13834635416666666,0.0322265625,0.014078776041666666,0.022081163194444444
4318,00:01:11.950,0.0017451533564814814,0.0,0.0010308159722222222,0.002007378472222222,0.002197265625
4319,00:01:11.967,0.000877097800925926,0.0,0.00029839409722222225,0.0009765625,0.0013563368055555555
4320,00:01:11.983,0.00014467592592592592,0.0,2.712673611111111e-05,0.00016276041666666666,0.000244140625
4321,00:01:12.000,2.986843532986111,6.149495442708333,3.3993598090277777,1.5941297743055556,3.967041015625
4322,00:01:12.017,0.026222511574074073,0.4081217447916667,0.014892578125,0.03249782986111111,0.03127712673611111
4323,00:01:12.033,0.02838360821759259,0.17293294270833334,0.011827256944444444,0.037299262152777776,0.03602430555555555
4324,00:01:12.050,0.0994285300925926,0.7954915364583334,0.10405815972222222,0.08479817708333333,0.10942925347222222
4325,00:01:12.067,0.19340458622685186,1.9160970052083333,0.2019585503472222,0.1509331597222222,0.2273220486111111
4326,00:01:12.083,0.2593858506944445,2.69775390625,0.2744683159722222,0.19105360243055555,0.3126356336805556
4327,00:01:12.100,0.2483543113425926,0.9269205729166666,0.2887641059027778,0.16102430555555555,0.2952745225694444
4328,00:01:12.117,0.4137912326388889,2.3173014322916665,0.4847819010416667,0.24698893229166666,0.5096028645833334
4329,00:01:12.133,0.6560420283564815,3.27880859375,0.7515733506944444,0.3767903645833333,0.8397623697916666
4330,00:01:12.150,0.46217628761574076,2.178955078125,0.5487738715277778,0.252197265625,0.5855577256944444
4331,00:01:12.167,0.4388201678240741,2.3518880208333335,0.5041775173611112,0.2562391493055556,0.5560438368055556
4332,00:01:12.183,0.06285264756944445,0.7747395833333334,0.06578233506944445,0.03895399305555555,0.08382161458333333
4333,00:01:12.200,0.01197193287037037,0.048421223958333336,0.010525173611111112,0.009467230902777778,0.015923394097222224
4334,00:01:12.217,0.014756944444444446,0.055338541666666664,0.024739583333333332,0.006564670138888889,0.012966579861111112
4335,00:01:12.233,0.014341001157407407,0.08992513020833333,0.03127712673611111,0.0034993489583333335,0.008246527777777778
4336,00:01:12.250,0.002667462384259259,0.013834635416666666,0.002170138888888889,0.0016004774305555555,0.004231770833333333
4337,00:01:12.267,0.0036892361111111106,0.020751953125,0.002197265625,0.003146701388888889,0.005723741319444444
4338,00:01:12.283,0.004367404513888889,0.006917317708333333,0.010281032986111112,0.0006239149305555555,0.002197265625
4339,00:01:12.300,0.0012749565972222222,0.0,0.0007052951388888889,0.0007595486111111111,0.0023600260416666665
4340,00:01:12.317,0.0005154079861111111,0.0,0.0004611545138888889,0.00035264756944444444,0.000732421875
4341,00:01:12.333,0.0006329571759259259,0.0,0.0006510416666666666,0.00035264756944444444,0.0008951822916666666
4342,00:01:12.350,0.002396195023148148,0.0,0.0016276041666666667,0.0011121961805555555,0.004448784722222222
4343,00:01:12.367,0.0004792390046296296,0.006917317708333333,0.0003255208333333333,0.0003255208333333333,0.0007866753472222222
4344,00:01:12.383,0.00033456307870370367,0.0,0.00018988715277777778,0.00035264756944444444,0.0004611545138888889
4345,00:01:12.400,0.0004611545138888888,0.0,0.0002712673611111111,0.0002712673611111111,0.0008409288194444445
4346,00:01:12.417,0.002369068287037037,0.020751953125,0.004991319444444444,0.0004611545138888889,0.0016547309027777778
4347,00:01:12.433,0.00022605613425925926,0.0,0.00021701388888888888,0.00010850694444444444,0.00035264756944444444
4348,00:01:12.450,0.0002893518518518519,0.0,0.00029839409722222225,0.00021701388888888888,0.00035264756944444444
4349,00:01:12.467,0.00018988715277777775,0.0,0.00013563368055555556,0.00010850694444444444,0.0003255208333333333
4350,00:01:12.483,0.0006510416666666666,0.0,0.00016276041666666666,0.00021701388888888888,0.0015733506944444445
4351,00:01:12.500,2.6560962818287037,4.779866536458333,3.1019422743055554,1.429443359375,3.4369032118055554
4352,00:01:12.517,0.03827582465277778,0.8646647135416666,0.031982421875,0.03952365451388889,0.04332139756944445
4353,00:01:12.533,0.055736400462962965,1.162109375,0.05628797743055555,0.050238715277777776,0.06068250868055555
4354,00:01:12.550,0.14356372974537038,1.5633138020833333,0.18741861979166666,0.09773763020833333,0.1455349392361111
4355,00:01:12.567,0.16900860821759256,1.4042154947916667,0.1990288628472222,0.1147189670138889,0.19327799479166666
4356,00:01:12.583,0.33056640625,1.7708333333333333,0.43701171875,0.1870659722222222,0.3676215277777778
4357,00:01:12.600,0.6509964554398148,3.5139973958333335,0.8353135850694444,0.3552517361111111,0.7624240451388888
4358,00:01:12.617,0.4019639756944444,2.2965494791666665,0.4663628472222222,0.2201877170138889,0.5193413628472222
4359,00:01:12.633,0.4056441695601852,1.6463216145833333,0.4547254774305556,0.2209201388888889,0.5412868923611112
4360,00:01:12.650,0.03490306712962963,0.09684244791666667,0.031928168402777776,0.019476996527777776,0.053304036458333336
4361,00:01:12.667,0.004484953703703704,0.3043619791666667,0.006266276041666667,0.002224392361111111,0.004964192708333333
4362,00:01:12.683,0.00044307002314814816,0.0,0.00035264756944444444,0.00035264756944444444,0.0006239149305555555
4363,00:01:12.700,0.000244140625,0.0,0.00016276041666666666,0.00018988715277777778,0.00037977430555555556
4364,00:01:12.717,0.00023509837962962967,0.0,8.138020833333333e-05,0.00010850694444444444,0.0005154079861111111
4365,00:01:12.733,0.005904586226851852,0.3389485677083333,0.001437717013888889,0.009114583333333334,0.007161458333333333
4366,00:01:12.750,0.00018988715277777775,0.0,8.138020833333333e-05,0.00010850694444444444,0.00037977430555555556
4367,00:01:12.767,12.172028718171298,65.89436848958333,10.59958224826389,13.744276258680555,12.172227647569445
4368,00:01:12.783,0.4319751880787037,3.507080078125,0.4050835503472222,0.2502983940972222,0.6405436197916666
4369,00:01:12.800,3.003969545717592,13.972981770833334,2.6888834635416665,2.4347059461805554,3.8883192274305554
4370,00:01:12.817,28.529134114583332,56.051025390625,47.132242838541664,26.08856879340278,12.366590711805555
4371,00:01:12.833,3.1753291377314814,12.478841145833334,2.324245876736111,2.709011501736111,4.492730034722222
4372,00:01:12.850,4.934507016782407,17.770589192708332,3.4462076822916665,4.535210503472222,6.822102864583333
4373,00:01:12.867,40.26755099826389,64.20654296875,41.358642578125,34.34705946180556,45.096950954861114
4374,00:01:12.883,17.20828812210648,9.511311848958334,19.271484375,4.198621961805555,28.15475802951389
4375,00:01:12.900,4.118362991898148,11.863199869791666,3.5481770833333335,2.9206000434027777,5.886311848958333
4376,00:01:12.917,7.370940031828703,13.461100260416666,7.296142578125,4.594075520833333,10.222601996527779
4377,00:01:12.933,0.086669921875,0.2974446614583333,0.06412760416666667,0.03331163194444445,0.1625705295138889
4378,00:01:12.950,0.009006076388888888,0.0,0.005940755208333333,0.004530164930555556,0.016547309027777776
4379,00:01:12.967,3.4488208912037037,8.854166666666666,2.8755425347222223,2.7938910590277777,4.677029079861111
4380,00:01:12.983,48.41720015914351,58.223063151041664,52.125895182291664,39.655246310763886,53.470458984375
4381,00:01:13.000,4.242648654513888,14.803059895833334,4.593207465277778,2.3963216145833335,5.738416883680555
4382,00:01:13.017,7.6469545717592595,32.172444661458336,5.169270833333333,8.942708333333334,8.82888454861111
4383,00:01:13.033,1.6297652633101851,10.424397786458334,1.0713433159722223,1.6940375434027777,2.1239149305555554
4384,00:01:13.050,2.541811342592592,14.595540364583334,1.7174750434027777,2.721462673611111,3.186496310763889
4385,00:01:13.067,0.02656611689814815,1.2727864583333333,0.01611328125,0.030734592013888888,0.03285047743055555
4386,00:01:13.083,1.5588017216435184,14.837646484375,1.0487196180555556,1.7000868055555556,1.9275987413194444
4387,00:01:13.100,1.5848433883101851,12.838541666666666,1.0308702256944444,1.6660970052083333,2.0575629340277777
4388,00:01:13.117,0.9352575231481483,8.183186848958334,0.7415635850694444,0.8794216579861112,1.1847873263888888
4389,00:01:13.133,0.9842031973379631,9.884847005208334,0.8960774739583334,0.8451063368055556,1.21142578125
4390,00:01:13.150,0.7086769386574074,5.423177083333333,0.7656792534722222,0.5544976128472222,0.8058539496527778
4391,00:01:13.167,1.0720395688657407,8.134765625,1.2695855034722223,0.791259765625,1.1552734375
4392,00:01:13.183,0.866970486111111,6.986490885416667,0.9964463975694444,0.656494140625,0.9479709201388888
4393,00:01:13.200,1.1680320457175928,7.131754557291667,1.31298828125,0.8557400173611112,1.3353678385416667
4394,00:01:13.217,1.2485080295138888,6.84814453125,1.3437771267361112,0.9264594184027778,1.4752875434027777
4395,00:01:13.233,0.3951461226851852,1.5218098958333333,0.3796115451388889,0.36083984375,0.4449869791666667
4396,00:01:13.250,0.32840530960648145,1.4388020833333333,0.3154839409722222,0.2584364149305556,0.4112955729166667
4397,00:01:13.267,0.4652506510416667,2.6631673177083335,0.4075792100694444,0.462890625,0.5252821180555556
4398,00:01:13.283,0.19517686631944445,1.7569986979166667,0.2146267361111111,0.14564344618055555,0.22526041666666666
4399,00:01:13.300,0.8224374276620371,5.886637369791667,0.9708387586805556,0.6169162326388888,0.8795572916666666
4400,00:01:13.317,0.2188765914351852,1.7362467447916667,0.2392578125,0.1627875434027778,0.2545844184027778
4401,00:01:13.333,0.3014322916666667,1.3765462239583333,0.3051486545138889,0.20396592881944445,0.3951822916666667
4402,00:01:13.350,1.195773654513889,5.409342447916667,1.6646592881944444,0.7505425347222222,1.172119140625
4403,00:01:13.367,0.5281846788194445,3.5416666666666665,0.632568359375,0.3196072048611111,0.6323784722222222
4404,00:01:13.383,15.140172887731481,54.169514973958336,10.686848958333334,22.535264756944443,12.198404947916666
4405,00:01:13.400,1.5462510850694444,5.153401692708333,1.5360243055555556,1.5609809027777777,1.541748046875
4406,00:01:13.417,0.874755859375,3.65234375,0.8559299045138888,0.7361924913194444,1.0321451822916667
4407,00:01:13.433,0.34490740740740744,1.6463216145833333,0.3114149305555556,0.2840983072916667,0.439208984375
4408,00:01:13.450,0.2881944444444444,2.3588053385416665,0.3257921006944444,0.2160915798611111,0.3226996527777778
4409,00:01:13.467,0.2909071180555555,2.78076171875,0.23779296875,0.2400444878472222,0.3948838975694444
4410,00:01:13.483,0.3050672743055556,1.9160970052083333,0.2647840711805556,0.2627766927083333,0.3876410590277778
4411,00:01:13.500,3.9217212818287037,10.50048828125,4.367974175347222,2.1318359375,5.265353732638889
4412,00:01:13.517,0.260154441550926,1.8192545572916667,0.2787814670138889,0.2151150173611111,0.2865668402777778
4413,00:01:13.533,0.41650390625,3.590087890625,0.4551052517361111,0.3189290364583333,0.4754774305555556
4414,00:01:13.550,0.681884765625,3.8321940104166665,0.8184407552083334,0.4719509548611111,0.7552625868055556
4415,00:01:13.567,0.9060962818287037,4.738362630208333,1.0895182291666667,0.6117621527777778,1.0170084635416667
4416,00:01:13.583,0.8031051070601851,3.8114420572916665,0.9692111545138888,0.5285915798611112,0.9115125868055556
4417,00:01:13.600,0.7927698206018517,2.9951985677083335,0.8337673611111112,0.6076388888888888,0.9369032118055556
4418,00:01:13.617,0.6366644965277778,2.5179036458333335,0.6909993489583334,0.4839952256944444,0.7349989149305556
4419,00:01:13.633,0.7958441840277778,4.918212890625,0.7413465711805556,0.6290690104166666,1.0171169704861112
4420,00:01:13.650,0.7290762442129629,4.696858723958333,0.6860622829861112,0.53955078125,0.9616156684027778
4421,00:01:13.667,0.023265697337962965,0.027669270833333332,0.027208116319444444,0.013888888888888888,0.028700086805555556
4422,00:01:13.683,1.1363118489583333,5.340169270833333,0.9438205295138888,0.6900227864583334,1.7750922309027777
4423,00:01:13.700,1.3707139756944446,6.398518880208333,1.1497124565972223,0.8574490017361112,2.10498046875
4424,00:01:13.717,0.5617766203703703,3.590087890625,0.4612087673611111,0.4275716145833333,0.7965494791666666
4425,00:01:13.733,0.6143030237268519,4.959716796875,0.4133843315972222,0.4883897569444444,0.9411349826388888
4426,00:01:13.750,0.647904007523148,4.088134765625,0.4241536458333333,0.5188802083333334,1.0006781684027777
4427,00:01:13.767,0.5884150752314815,1.5218098958333333,0.3733995225694444,0.5068901909722222,0.8849555121527778
4428,00:01:13.783,0.8515082465277777,4.842122395833333,0.6488986545138888,0.64794921875,1.2576768663194444
4429,00:01:13.800,0.9336932146990741,4.378662109375,0.76416015625,0.7164442274305556,1.3204752604166667
4430,00:01:13.817,0.955078125,3.922119140625,0.8819986979166666,0.7054850260416666,1.2777506510416667
4431,00:01:13.833,0.7452618634259259,2.4072265625,0.7164713541666666,0.60302734375,0.9162868923611112
4432,00:01:13.850,2.5463143807870368,6.84814453125,1.5741916232638888,2.9459092881944446,3.1188422309027777
4433,00:01:13.867,0.022289134837962965,0.4911295572916667,0.019694010416666668,0.016086154513888888,0.031087239583333332
4434,00:01:13.883,0.8630009403935185,1.70166015625,0.8801812065972222,0.7193739149305556,0.9894476996527778
4435,00:01:13.900,16.721354166666668,52.447102864583336,11.565673828125,24.773328993055557,13.825059678819445
4436,00:01:13.917,1.8228624131944444,2.843017578125,1.9196506076388888,1.5681966145833333,1.9807400173611112
4437,00:01:13.933,2.473931206597222,3.880615234375,2.471923828125,2.220703125,2.7291666666666665
4438,00:01:13.950,2.0349211516203702,3.65234375,2.1580674913194446,1.7386610243055556,2.208034939236111
4439,00:01:13.967,2.4540563512731484,2.8776041666666665,2.1924370659722223,2.257568359375,2.9121636284722223
4440,00:01:13.983,2.239113136574074,4.454752604166667,1.9589301215277777,2.132541232638889,2.6258680555555554
4441,00:01:14.000,5.514955873842593,12.963053385416666,5.875922309027778,3.9747721354166665,6.694173177083333
4442,00:01:14.017,1.7520797164351851,5.049641927083333,1.6979166666666667,1.5757921006944444,1.9825303819444444
4443,00:01:14.033,2.365370008680556,5.208740234375,2.243923611111111,2.1346299913194446,2.717556423611111
4444,00:01:14.050,2.174461082175926,6.612955729166667,2.172336154513889,1.8469780815972223,2.5040690104166665
4445,00:01:14.067,1.8921983506944446,6.197916666666667,1.8963216145833333,1.5649142795138888,2.215359157986111
4446,00:01:14.083,2.6338794849537037,8.127848307291666,2.4983723958333335,2.3070746527777777,3.09619140625
4447,00:01:14.100,0.0001537181712962963,0.0,8.138020833333333e-05,0.000244140625,0.00013563368055555556
4448,00:01:14.117,1.5313765914351851,3.5347493489583335,1.3577745225694444,1.4076605902777777,1.8286946614583333
4449,00:01:14.133,1.3215964988425926,3.0782063802083335,1.1249457465277777,1.1813151041666667,1.6585286458333333
4450,00:01:14.150,1.7121943721064816,5.291748046875,1.3847927517361112,1.6353352864583333,2.116455078125
4451,00:01:14.167,2.2353515625,8.854166666666666,1.7444661458333333,2.2508680555555554,2.710720486111111
4452,00:01:14.183,1.9900896990740742,6.114908854166667,1.5138617621527777,1.9259711371527777,2.5304361979166665
4453,00:01:14.200,2.0509440104166665,6.405436197916667,1.5366482204861112,1.9692925347222223,2.6468912760416665
4454,00:01:14.217,2.045057508680556,6.398518880208333,1.4903971354166667,1.9910210503472223,2.6537543402777777
4455,00:01:14.233,13.894088179976853,39.753824869791664,11.679036458333334,17.098307291666668,12.904920789930555
4456,00:01:14.250,18.87480107060185,47.549641927083336,16.828721788194443,25.589952256944443,14.205729166666666
4457,00:01:14.267,23.33298068576389,62.726236979166664,25.390950520833332,27.46511501736111,17.14287651909722
4458,00:01:14.283,30.390209056712962,47.210693359375,46.25458441840278,25.44091796875,19.47512478298611
4459,00:01:14.300,38.08141637731482,57.386067708333336,58.059814453125,37.01109483506944,19.17333984375
4460,00:01:14.317,35.62545211226852,45.744222005208336,56.862033420138886,29.820448133680557,20.19387478298611
4461,00:01:14.333,33.17541956018518,48.0615234375,49.274088541666664,28.866455078125,21.38571506076389
4462,00:01:14.350,21.62301070601852,40.46630859375,26.58005099826389,22.780843098958332,15.508138020833334
4463,00:01:14.367,0.07488787615740741,0.7194010416666666,0.11583116319444445,0.04014756944444445,0.06868489583333333
4464,00:01:14.383,22.29607928240741,55.73974609375,31.609212239583332,20.39040798611111,14.888617621527779
4465,00:01:14.400,11.644721137152779,37.865397135416664,16.48980034722222,9.296576605902779,9.147786458333334
4466,00:01:14.417,4.414378978587963,16.988932291666668,6.660129123263889,3.2139214409722223,3.3690863715277777
4467,00:01:14.433,2.229962384259259,10.313720703125,3.657470703125,1.27587890625,1.7565375434027777
4468,00:01:14.450,1.530815972222222,9.296875,2.5587836371527777,0.806884765625,1.2267795138888888
4469,00:01:14.467,1.7475133825231481,11.392822265625,2.684841579861111,1.0537109375,1.5039876302083333
4470,00:01:14.483,1.7697301793981481,10.223795572916666,2.3491753472222223,1.1934678819444444,1.7665473090277777
4471,00:01:14.500,13.739574291087962,33.459065755208336,20.41913519965278,9.578233506944445,11.221354166666666
4472,00:01:14.517,20.74786603009259,50.890706380208336,30.53662109375,16.93145073784722,14.775526258680555
4473,00:01:14.533,38.32929144965278,57.56591796875,47.820827907986114,41.951904296875,25.21514214409722
4474,00:01:14.550,54.959065755208336,53.097330729166664,80.92578125,54.76239691840278,29.18901909722222
4475,00:01:14.567,37.67142288773149,55.179443359375,56.200954861111114,35.02875434027778,21.784559461805557
4476,00:01:14.583,0.06474247685185185,0.11067708333333333,0.08287217881944445,0.04869249131944445,0.06266276041666667
4477,00:01:14.600,26.08102756076389,80.59366861979167,25.025960286458332,34.29627821180556,18.92084418402778
4478,00:01:14.617,17.141357421875,58.47900390625,17.14455837673611,20.537434895833332,13.742078993055555
4479,00:01:14.633,0.13899739583333331,0.7401529947916666,0.1706814236111111,0.10896809895833333,0.13734266493055555
4480,00:01:14.650,14.956163194444443,42.036539713541664,15.07736545138889,17.329182942708332,12.46194118923611
4481,00:01:14.667,14.005271629050924,37.291259765625,13.751519097222221,16.16916232638889,12.095133463541666
4482,00:01:14.683,8.59007884837963,21.609700520833332,7.385606553819445,9.788899739583334,8.59573025173611
4483,00:01:14.700,9.084716796875,24.895426432291668,6.997097439236111,10.425130208333334,9.831922743055555
4484,00:01:14.717,8.944326895254628,19.984130859375,7.641411675347222,10.175455729166666,9.01611328125
4485,00:01:14.733,9.821008752893517,24.563395182291668,8.266791449652779,11.17849392361111,10.017740885416666
4486,00:01:14.750,8.968967013888888,19.5068359375,7.304741753472222,10.238362630208334,9.36379665798611
4487,00:01:14.767,10.313557942708332,23.629557291666668,9.036051432291666,11.84817165798611,10.056450737847221
4488,00:01:14.783,12.323902271412038,30.865071614583332,11.373480902777779,14.14697265625,11.451253255208334
4489,00:01:14.800,10.773546006944445,27.3095703125,9.984619140625,12.179389105902779,10.156629774305555
4490,00:01:14.817,7.598008897569444,23.318277994791668,6.380940755208333,8.447021484375,7.966064453125
4491,00:01:14.833,6.234167028356481,19.54833984375,5.415608723958333,6.660454644097222,6.626437717013889
4492,00:01:14.850,10.058286313657407,26.666259765625,9.23361545138889,11.31005859375,9.631184895833334
4493,00:01:14.867,11.095675998263891,32.947184244791664,10.721137152777779,12.48556857638889,10.080322265625
4494,00:01:14.883,11.502197265625,27.68310546875,11.075602213541666,12.881239149305555,10.549750434027779
4495,00:01:14.900,12.453070746527779,30.567626953125,11.337158203125,14.273518880208334,11.74853515625
4496,00:01:14.917,0.08146158854166667,0.37353515625,0.08213975694444445,0.06174045138888889,0.10050455729166667
4497,00:01:14.933,10.146846064814815,22.543538411458332,9.244086371527779,11.247667100694445,9.948784722222221
4498,00:01:14.950,9.121346932870368,20.309244791666668,8.07815212673611,9.972520616319445,9.313368055555555
4499,00:01:14.967,7.33421947337963,16.47705078125,6.430908203125,7.905083550347222,7.666666666666667
4500,00:01:14.983,6.856761791087963,19.292399088541668,5.512668185763889,7.704671223958333,7.352945963541667
4501,00:01:15.000,10.264548972800926,20.260823567708332,9.574110243055555,9.941351996527779,11.278184678819445
4502,00:01:15.017,4.7392397280092595,13.869222005208334,3.0818956163194446,5.569688585069445,5.566134982638889
4503,00:01:15.033,6.267740885416667,16.857503255208332,4.818630642361111,7.365939670138889,6.61865234375
4504,00:01:15.050,6.45093677662037,17.134195963541668,4.905653211805555,7.518798828125,6.928358289930555
4505,00:01:15.067,5.6065809461805545,17.5146484375,4.070583767361111,6.357286241319445,6.391872829861111
4506,00:01:15.083,6.826569733796297,20.530598958333332,4.785725911458333,7.831570095486111,7.862413194444445
4507,00:01:15.100,6.544026692708333,20.828043619791668,4.380154079861111,7.738037109375,7.513888888888889
4508,00:01:15.117,5.788248697916667,18.427734375,3.9430609809027777,6.627902560763889,6.793782552083333
4509,00:01:15.133,5.676179108796297,15.086669921875,3.9708387586805554,6.450954861111111,6.606743706597222
4510,00:01:15.150,5.023319950810184,17.611490885416668,3.5643174913194446,5.582356770833333,5.923285590277778
4511,00:01:15.167,4.544641565393518,14.678548177083334,3.197292751736111,4.97509765625,5.461534288194445
4512,00:01:15.183,5.069200303819444,17.80517578125,3.379611545138889,5.635064019097222,6.192925347222222
4513,00:01:15.200,4.9812192563657405,18.621419270833332,3.1607259114583335,5.629204644097222,6.153727213541667
4514,00:01:15.217,5.631863064236112,21.381429036458332,3.6448296440972223,6.380506727430555,6.870252821180555
4515,00:01:15.233,4.356725622106482,18.891194661458332,2.5913899739583335,4.873074001736111,5.605712890625
4516,00:01:15.250,4.393681278935186,17.922770182291668,2.8450249565972223,4.817545572916667,5.518473307291667
4517,00:01:15.267,12.338351779513888,37.540283203125,9.94772677951389,14.905897352430555,12.161431206597221
4518,00:01:15.283,14.271448206018519,44.838053385416664,11.174153645833334,17.468885633680557,14.171305338541666
4519,00:01:15.300,13.833541304976853,40.63232421875,11.452067057291666,16.46237521701389,13.586181640625
4520,00:01:15.317,0.03045428240740741,0.15909830729166666,0.026041666666666668,0.028428819444444444,0.03689236111111111
4521,00:01:15.333,14.657479745370372,39.027506510416664,12.703043619791666,17.1015625,14.167833116319445
4522,00:01:15.350,13.707881221064815,32.020263671875,11.779595269097221,16.085340711805557,13.258707682291666
4523,00:01:15.367,10.064823857060185,23.719482421875,8.203559027777779,11.486219618055555,10.504692925347221
4524,00:01:15.383,7.5271990740740735,21.78955078125,5.401502821180555,8.40475802951389,8.775336371527779
4525,00:01:15.400,6.243932653356481,18.061116536458332,4.966986762152778,6.887288411458333,6.877522786458333
4526,00:01:15.417,8.905888310185185,23.006998697916668,7.361165364583333,9.769287109375,9.587212456597221
4527,00:01:15.433,8.194399233217593,20.29541015625,6.927164713541667,8.985785590277779,8.670247395833334
4528,00:01:15.450,5.850739655671297,16.26953125,4.138970269097222,6.352457682291667,7.060791015625
4529,00:01:15.467,6.016393590856481,16.829833984375,4.633382161458333,6.585639105902778,6.830159505208333
4530,00:01:15.483,7.500786675347222,22.730305989583332,5.338812934027778,8.31448025173611,8.849066840277779
4531,00:01:15.500,10.107141565393519,21.616617838541668,9.712592230902779,8.956922743055555,11.651909722222221
4532,00:01:15.517,6.089057074652778,18.296305338541668,4.779975043402778,6.650146484375,6.837049696180555
4533,00:01:15.533,7.695954499421297,21.630452473958332,6.301296657986111,8.41110568576389,8.37546115451389
4534,00:01:15.550,5.8341290509259265,18.358561197916668,4.052517361111111,6.542941623263889,6.906928168402778
4535,00:01:15.567,6.82787181712963,19.659016927083332,5.282796223958333,7.490885416666667,7.709933810763889
4536,00:01:15.583,6.07713939525463,19.6728515625,4.353325737847222,6.735324435763889,7.142768012152778
4537,00:01:15.600,6.727728949652779,23.86474609375,5.018500434027778,7.499918619791667,7.664767795138889
4538,00:01:15.617,6.126844618055556,21.173909505208332,4.388237847222222,6.806125217013889,7.186170789930555
4539,00:01:15.633,7.316605179398148,24.660237630208332,5.055338541666667,8.285291883680555,8.609185112847221
4540,00:01:15.650,3.855893735532407,15.086669921875,2.4387749565972223,4.227159288194445,4.901746961805555
4541,00:01:15.667,0.06873010706018519,0.311279296875,0.07584635416666667,0.051920572916666664,0.07842339409722222
4542,00:01:15.683,7.473343460648148,28.01513671875,4.933946397569445,8.460394965277779,9.025689019097221
4543,00:01:15.700,6.471128110532407,22.626546223958332,4.231174045138889,7.456732855902778,7.725477430555555
4544,00:01:15.717,5.8272931134259265,23.408203125,3.6656901041666665,6.940972222222222,6.875217013888889
4545,00:01:15.733,6.40697337962963,23.6572265625,4.1953125,7.374050564236111,7.651557074652778
4546,00:01:15.750,5.935031467013889,19.036458333333332,3.8493109809027777,6.793701171875,7.162082248263889
4547,00:01:15.767,6.107259114583333,20.966389973958332,4.194200303819445,6.9287109375,7.198866102430555
4548,00:01:15.783,6.678059895833333,21.685791015625,4.653401692708333,8.01416015625,7.366617838541667
4549,00:01:15.800,6.704797815393518,25.8984375,4.598876953125,7.617730034722222,7.897786458333333
4550,00:01:15.817,7.082212094907407,23.131510416666668,4.806749131944445,7.819227430555555,8.620659722222221
4551,00:01:15.833,7.305980541087963,22.61962890625,5.760362413194445,8.297064887152779,7.860514322916667
4552,00:01:15.850,8.926712601273147,30.048828125,6.540066189236111,10.152696397569445,10.08737521701389
4553,00:01:15.867,5.257676866319445,17.106526692708332,3.4689398871527777,5.581271701388889,6.722819010416667
4554,00:01:15.883,5.282579210069444,18.206380208333332,3.30517578125,5.648980034722222,6.893581814236111
4555,00:01:15.900,5.636402271412037,22.003987630208332,3.392605251736111,6.023681640625,7.492919921875
4556,00:01:15.917,5.964870876736111,20.122477213541668,3.723849826388889,6.331732855902778,7.839029947916667
4557,00:01:15.933,5.594853153935186,19.513753255208332,3.906765407986111,5.846842447916667,7.030951605902778
4558,00:01:15.950,3.3868001302083335,12.797037760416666,2.4420844184027777,3.483154296875,4.235161675347222
4559,00:01:15.967,3.1753833912037037,16.719156901041668,2.209201388888889,3.0718858506944446,4.245062934027778
4560,00:01:15.983,4.696605541087963,16.14501953125,3.330593532986111,4.692599826388889,6.066623263888889
4561,00:01:16.000,8.319344979745372,22.232259114583332,8.215006510416666,5.779432508680555,10.96359592013889
4562,00:01:16.017,2.8849103009259256,13.675537109375,2.0138617621527777,2.888943142361111,3.751925998263889
4563,00:01:16.033,0.04031937210648148,0.7816569010416666,0.040364583333333336,0.029541015625,0.05105251736111111
4564,00:01:16.050,3.128924334490741,15.875244140625,2.2100151909722223,3.297580295138889,3.879177517361111
4565,00:01:16.067,0.041675708912037035,0.4219563802083333,0.034505208333333336,0.03748914930555555,0.053032769097222224
4566,00:01:16.083,0.8381438078703702,5.900472005208333,0.8498263888888888,0.6530490451388888,1.0115559895833333
4567,00:01:16.100,25.873318142361114,62.601725260416664,16.36203342013889,42.17371961805556,19.08420138888889
4568,00:01:16.117,1.2977068865740742,5.236409505208333,0.7221408420138888,1.3916558159722223,1.7793240017361112
4569,00:01:16.133,1.3665364583333333,5.630696614583333,0.8159993489583334,1.3189832899305556,1.9646267361111112
4570,00:01:16.150,2.5403193721064814,8.563639322916666,1.6083984375,3.4222005208333335,2.590359157986111
4571,00:01:16.167,1.1465928819444444,2.5801595052083335,0.7015245225694444,1.1351182725694444,1.6031358506944444
4572,00:01:16.183,0.9084563078703702,2.7323404947916665,0.4346245659722222,0.9100477430555556,1.3806966145833333
4573,00:01:16.200,0.5679072627314815,3.8529459635416665,0.3616536458333333,0.4755045572916667,0.8665635850694444
4574,00:01:16.217,1.2914948640046298,5.091145833333333,1.0995279947916667,0.9360894097222222,1.8388671875
4575,00:01:16.233,0.6523166232638888,2.5179036458333335,0.6488986545138888,0.3899468315972222,0.9181043836805556
4576,00:01:16.250,1.4712727864583333,4.157307942708333,1.1893446180555556,1.152099609375,2.0723741319444446
4577,00:01:16.267,0.8977141203703703,2.760009765625,0.8621690538194444,0.5320366753472222,1.2989366319444444
4578,00:01:16.283,1.0877640335648149,3.216552734375,1.0518391927083333,0.64404296875,1.5674099392361112
4579,00:01:16.300,1.0629973234953705,3.839111328125,1.1508246527777777,0.5977105034722222,1.4404568142361112
4580,00:01:16.317,0.090576171875,0.06917317708333333,0.062093098958333336,0.08021375868055555,0.1294216579861111
4581,00:01:16.333,0.1244212962962963,0.2974446614583333,0.08802625868055555,0.1096462673611111,0.1755913628472222
4582,00:01:16.350,0.07962601273148148,0.228271484375,0.0729709201388889,0.062255859375,0.10365125868055555
4583,00:01:16.367,0.9863642939814815,1.2174479166666667,0.5252278645833334,1.2806260850694444,1.1532389322916667
4584,00:01:16.383,0.16323061342592593,0.3458658854166667,0.12923177083333334,0.12662760416666666,0.2338324652777778
4585,00:01:16.400,0.18264431423611108,0.4634602864583333,0.1430121527777778,0.1372341579861111,0.2676866319444444
4586,00:01:16.417,0.23560474537037035,1.0929361979166667,0.18714735243055555,0.17838541666666666,0.3412814670138889
4587,00:01:16.433,0.2941623263888889,1.12060546875,0.2808159722222222,0.2092013888888889,0.3924696180555556
4588,00:01:16.450,1.1822826244212963,2.1927897135416665,0.9230143229166666,1.1840549045138888,1.4397786458333333
4589,00:01:16.467,0.7157027633101852,2.158203125,0.817138671875,0.3782552083333333,0.9517144097222222
4590,00:01:16.483,0.24505389178240744,0.9891764322916666,0.2138400607638889,0.1755642361111111,0.3457573784722222
4591,00:01:16.500,5.546694155092593,6.488444010416667,6.330186631944445,2.3985460069444446,7.911349826388889
4592,00:01:16.517,0.1517017505787037,1.162109375,0.1282280815972222,0.14366319444444445,0.18321397569444445
4593,00:01:16.533,0.22548647280092593,1.3419596354166667,0.18741861979166666,0.19251844618055555,0.2965223524305556
4594,00:01:16.550,0.3747649016203704,1.8123372395833333,0.3470323350694444,0.2800021701388889,0.4972601996527778
4595,00:01:16.567,0.0443431712962963,0.394287109375,0.04163953993055555,0.03342013888888889,0.05796983506944445
4596,00:01:16.583,0.15738932291666666,0.4427083333333333,0.1602105034722222,0.11631944444444445,0.19563802083333334
4597,00:01:16.600,0.3823151765046296,0.3181966145833333,0.24479166666666666,0.3600802951388889,0.5420735677083334
4598,00:01:16.617,0.14759657118055555,1.0514322916666667,0.14366319444444445,0.12386067708333333,0.1752658420138889
4599,00:01:16.633,0.19766348379629628,1.2589518229166667,0.1894259982638889,0.1580132378472222,0.2455512152777778
4600,00:01:16.650,0.11440248842592593,1.1482747395833333,0.10560438368055555,0.10175238715277778,0.13585069444444445
4601,00:01:16.667,0.13618525752314814,0.498046875,0.11360677083333333,0.11631944444444445,0.17862955729166666
4602,00:01:16.683,0.13303855613425927,0.5257161458333334,0.1640353732638889,0.0888400607638889,0.146240234375
4603,00:01:16.700,0.2159649884259259,1.3834635416666667,0.2996690538194444,0.12711588541666666,0.22111002604166666
4604,00:01:16.717,0.20115379050925927,0.5257161458333334,0.2200249565972222,0.13590494791666666,0.2475314670138889
4605,00:01:16.733,0.4857765480324074,0.5049641927083334,0.3731011284722222,0.4014756944444444,0.6827528211805556
4606,00:01:16.750,0.01413302951388889,0.020751953125,0.012098524305555556,0.00830078125,0.021999782986111112
4607,00:01:16.767,0.3221299913194444,1.7154947916666667,0.3652072482638889,0.2073025173611111,0.3938802083333333
4608,00:01:16.783,0.2545301649305556,1.2727864583333333,0.3083224826388889,0.1567111545138889,0.2985568576388889
4609,00:01:16.800,0.2273310908564815,0.5672200520833334,0.291748046875,0.14046223958333334,0.2497829861111111
4610,00:01:16.817,0.14787688078703703,0.4150390625,0.14803059895833334,0.11173502604166667,0.1838650173611111
4611,00:01:16.833,0.10236725983796297,0.3181966145833333,0.10069444444444445,0.0776638454861111,0.12874348958333334
4612,00:01:16.850,0.18942599826388887,0.643310546875,0.18180338541666666,0.14073350694444445,0.24574110243055555
4613,00:01:16.867,0.12490957754629632,0.5533854166666666,0.15584309895833334,0.08119032118055555,0.1376953125
4614,00:01:16.883,0.11964699074074074,0.477294921875,0.13240559895833334,0.08612738715277778,0.1404079861111111
4615,00:01:16.900,0.12229636863425926,0.13142903645833334,0.1362575954861111,0.07652452256944445,0.1541069878472222
4616,00:01:16.917,0.10682508680555554,0.4496256510416667,0.10701497395833333,0.07679578993055555,0.1366644965277778
4617,00:01:16.933,0.10182472511574074,0.5672200520833334,0.09358723958333333,0.07695855034722222,0.13492838541666666
4618,00:01:16.950,0.12781213831018517,0.3043619791666667,0.1277126736111111,0.0839572482638889,0.17176649305555555
4619,00:01:16.967,0.1378128616898148,0.3251139322916667,0.1535373263888889,0.08970811631944445,0.1701931423611111
4620,00:01:16.983,0.07477936921296297,0.186767578125,0.07212999131944445,0.05050998263888889,0.10169813368055555
4621,00:01:17.000,4.004792390046297,6.011149088541667,4.723090277777778,1.9712456597222223,5.320041232638889
4622,00:01:17.017,0.14467592592592593,0.7124837239583334,0.1123046875,0.12030707465277778,0.201416015625
4623,00:01:17.033,3.05517578125,5.174153645833333,3.0044487847222223,3.314968532986111,2.8461100260416665
4624,00:01:17.050,0.4423014322916667,2.53173828125,0.4657118055555556,0.3235677083333333,0.5376247829861112
4625,00:01:17.067,0.6031177662037037,3.02978515625,0.6296657986111112,0.4238552517361111,0.7558322482638888
4626,00:01:17.083,0.6651927806712963,2.8361002604166665,0.7289496527777778,0.4263237847222222,0.8403049045138888
4627,00:01:17.100,0.5228045428240741,0.8024088541666666,0.4495171440972222,0.4914008246527778,0.6274956597222222
4628,00:01:17.117,0.2533908420138889,0.5810546875,0.3203125,0.181884765625,0.2579752604166667
4629,00:01:17.133,0.23600260416666666,0.4288736979166667,0.3010525173611111,0.17491319444444445,0.23204210069444445
4630,00:01:17.150,0.013255931712962963,0.055338541666666664,0.009847005208333334,0.010660807291666666,0.019259982638888888
4631,00:01:17.167,0.2989728009259259,0.352783203125,0.3853624131944444,0.220458984375,0.2910970052083333
4632,00:01:17.183,0.01881691261574074,0.19368489583333334,0.017632378472222224,0.016221788194444444,0.022596571180555556
4633,00:01:17.200,0.16629593460648148,0.4911295572916667,0.1994357638888889,0.123291015625,0.17616102430555555
4634,00:01:17.217,0.2585720486111111,1.5494791666666667,0.288818359375,0.1909722222222222,0.2959255642361111
4635,00:01:17.233,0.18040183738425927,1.141357421875,0.20741102430555555,0.14463975694444445,0.1891547309027778
4636,00:01:17.250,0.1603732638888889,0.99609375,0.17588975694444445,0.1238064236111111,0.1814236111111111
4637,00:01:17.267,1.8093532986111114,2.4556477864583335,2.290283203125,1.7356499565972223,1.4021267361111112
4638,00:01:17.283,0.2002495659722222,1.162109375,0.1318630642361111,0.2358940972222222,0.23299153645833334
4639,00:01:17.300,0.10660807291666667,0.9891764322916666,0.11225043402777778,0.08759223090277778,0.11998155381944445
4640,00:01:17.317,0.09675202546296297,0.2974446614583333,0.072265625,0.09326171875,0.1247287326388889
4641,00:01:17.333,0.0674189814814815,0.17293294270833334,0.048909505208333336,0.06534830729166667,0.08799913194444445
4642,00:01:17.350,0.10706922743055557,0.3458658854166667,0.08040364583333333,0.09708658854166667,0.14371744791666666
4643,00:01:17.367,0.09054904513888888,0.3389485677083333,0.07744683159722222,0.08436414930555555,0.1098361545138889
4644,00:01:17.383,0.1102882667824074,0.5118815104166666,0.0820041232638889,0.09385850694444445,0.1550021701388889
4645,00:01:17.400,0.08652524594907407,0.4081217447916667,0.06551106770833333,0.07942708333333333,0.11463758680555555
4646,00:01:17.417,0.06191225405092592,0.19368489583333334,0.048014322916666664,0.05897352430555555,0.07874891493055555
4647,00:01:17.433,0.09099211516203705,0.2490234375,0.06412760416666667,0.07362196180555555,0.1352267795138889
4648,00:01:17.450,0.08512369791666667,0.19368489583333334,0.050862630208333336,0.0859646267361111,0.11854383680555555
4649,00:01:17.467,0.6493507667824074,1.888427734375,0.259765625,0.8415256076388888,0.8467610677083334
4650,00:01:17.483,0.13752350983796297,0.33203125,0.08528645833333333,0.1372341579861111,0.19004991319444445
4651,00:01:17.500,3.873498987268519,5.68603515625,4.470431857638889,1.9813910590277777,5.168674045138889
4652,00:01:17.517,0.5728624131944444,2.4833170572916665,0.2520616319444444,0.7540690104166666,0.7124565972222222
4653,00:01:17.533,0.1178566261574074,0.62255859375,0.09979926215277778,0.09478081597222222,0.1589898003472222
4654,00:01:17.550,0.8424388744212963,3.175048828125,0.4936252170138889,0.9730088975694444,1.0606825086805556
4655,00:01:17.567,0.5897894965277778,1.6947428385416667,0.5894368489583334,0.4057345920138889,0.7741970486111112
4656,00:01:17.583,1.4114854600694444,3.3479817708333335,0.9089084201388888,1.5274793836805556,1.7980685763888888
4657,00:01:17.600,0.15968605324074073,1.0099283854166667,0.1401095920138889,0.1330023871527778,0.20594618055555555
4658,00:01:17.617,0.021493417245370367,0.13834635416666666,0.020480685763888888,0.013075086805555556,0.030924479166666668
4659,00:01:17.633,0.10654477719907407,0.3804524739583333,0.0885959201388889,0.09391276041666667,0.13712565104166666
4660,00:01:17.650,0.13131148726851852,0.23518880208333334,0.11265733506944445,0.11585828993055555,0.16541883680555555
4661,00:01:17.667,0.014341001157407407,0.006917317708333333,0.015787760416666668,0.009304470486111112,0.017930772569444444
4662,00:01:17.683,0.10941116898148147,0.08992513020833333,0.110107421875,0.1044921875,0.11363389756944445
4663,00:01:17.700,0.9425003616898149,1.8815104166666667,0.3873426649305556,1.2639702690972223,1.1761881510416667
4664,00:01:17.717,0.0895363136574074,0.269775390625,0.0810275607638889,0.08357747395833333,0.10400390625
4665,00:01:17.733,0.072998046875,0.21443684895833334,0.04318576388888889,0.0876736111111111,0.088134765625
4666,00:01:17.750,0.06919126157407407,0.3597005208333333,0.043158637152777776,0.08414713541666667,0.08026801215277778
4667,00:01:17.767,0.08541304976851853,0.560302734375,0.055230034722222224,0.09629991319444445,0.1047092013888889
4668,00:01:17.783,0.08527741608796297,0.22135416666666666,0.06486002604166667,0.08696831597222222,0.10400390625
4669,00:01:17.800,0.06668655960648148,0.20060221354166666,0.04823133680555555,0.078857421875,0.0729709201388889
4670,00:01:17.817,0.08532262731481481,0.2628580729166667,0.05113389756944445,0.09163411458333333,0.11319986979166667
4671,00:01:17.833,0.07103587962962964,0.11067708333333333,0.05479600694444445,0.07500542534722222,0.08330620659722222
4672,00:01:17.850,0.055202907986111105,0.145263671875,0.032416449652777776,0.06846788194444445,0.0647243923611111
4673,00:01:17.867,0.06675889756944443,0.13142903645833334,0.046549479166666664,0.07166883680555555,0.0820583767361111
4674,00:01:17.883,0.5694806134259259,1.7708333333333333,0.2789442274305556,0.7876790364583334,0.6418185763888888
4675,00:01:17.900,0.3905978732638889,1.7362467447916667,0.1355251736111111,0.4569498697916667,0.5793185763888888
4676,00:01:17.917,0.07074652777777778,0.37353515625,0.05064561631944445,0.07861328125,0.0829806857638889
4677,00:01:17.933,0.001989293981481481,0.0,0.0008680555555555555,0.00244140625,0.002658420138888889
4678,00:01:17.950,0.06949869791666667,0.07609049479166667,0.04893663194444445,0.07587348090277778,0.08368598090277778
4679,00:01:17.967,0.058521412037037035,0.19368489583333334,0.024766710069444444,0.07679578993055555,0.0740017361111111
4680,00:01:17.983,0.0611255787037037,0.2559407552083333,0.028238932291666668,0.07511393229166667,0.08002387152777778
4681,00:01:18.000,3.715603298611111,5.969645182291667,4.465467664930555,1.8104383680555556,4.870903862847222
4682,00:01:18.017,0.13441297743055555,0.5326334635416666,0.09431966145833333,0.13462999131944445,0.1742892795138889
4683,00:01:18.033,0.8368417245370371,2.386474609375,0.3512641059027778,1.0735405815972223,1.0857204861111112
4684,00:01:18.050,0.32813404224537035,1.328125,0.3051215277777778,0.2664116753472222,0.4128689236111111
4685,00:01:18.067,0.5877188223379629,2.1720377604166665,0.6319444444444444,0.3847384982638889,0.7464735243055556
4686,00:01:18.083,0.6580674913194444,2.822265625,0.6810167100694444,0.4186740451388889,0.87451171875
4687,00:01:18.100,0.06712962962962962,0.37353515625,0.07085503472222222,0.037027994791666664,0.093505859375
4688,00:01:18.117,0.117431640625,0.166015625,0.1242404513888889,0.0928005642361111,0.13525390625
4689,00:01:18.133,0.08459924768518519,0.19368489583333334,0.07093641493055555,0.08072916666666667,0.10213216145833333
4690,00:01:18.150,0.0777271412037037,0.166015625,0.07221137152777778,0.0805392795138889,0.08043077256944445
4691,00:01:18.167,0.08845124421296297,0.08992513020833333,0.10042317708333333,0.076904296875,0.08802625868055555
4692,00:01:18.183,0.07581922743055557,0.2559407552083333,0.049072265625,0.08072916666666667,0.09765625
4693,00:01:18.200,0.07440863715277778,0.228271484375,0.0693088107638889,0.06990559895833333,0.0840115017361111
4694,00:01:18.217,0.09247504340277779,0.145263671875,0.059407552083333336,0.0861545138888889,0.1318630642361111
4695,00:01:18.233,0.06165907118055556,0.11759440104166667,0.026312934027777776,0.07535807291666667,0.08330620659722222
4696,00:01:18.250,0.07637080439814815,0.6156412760416666,0.052083333333333336,0.0754123263888889,0.10161675347222222
4697,00:01:18.267,2.9121907552083335,6.190999348958333,3.0550672743055554,2.5132921006944446,3.168212890625
4698,00:01:18.283,0.12679940682870372,0.7609049479166666,0.08067491319444445,0.20909288194444445,0.09063042534722222
4699,00:01:18.300,0.04442455150462963,0.17985026041666666,0.03748914930555555,0.04885525173611111,0.046929253472222224
4700,00:01:18.317,0.05711082175925925,0.3043619791666667,0.04513888888888889,0.06057400173611111,0.06561957465277778
4701,00:01:18.333,0.06367549189814814,0.4150390625,0.05514865451388889,0.06719292534722222,0.06868489583333333
4702,00:01:18.350,0.06206597222222223,0.394287109375,0.06388346354166667,0.060302734375,0.06201171875
4703,00:01:18.367,0.0543529369212963,0.3458658854166667,0.041314019097222224,0.0615234375,0.060221354166666664
4704,00:01:18.383,0.05600766782407407,0.7124837239583334,0.046468098958333336,0.056586371527777776,0.0649685329861111
4705,00:01:18.400,0.05072699652777777,0.2766927083333333,0.03407118055555555,0.055338541666666664,0.0627712673611111
4706,00:01:18.417,0.05041956018518518,0.11067708333333333,0.034261067708333336,0.05373806423611111,0.0632595486111111
4707,00:01:18.433,0.07258210358796297,0.4634602864583333,0.06385633680555555,0.07185872395833333,0.08203125
4708,00:01:18.450,0.0597240306712963,0.601806640625,0.04245334201388889,0.06825086805555555,0.06846788194444445
4709,00:01:18.467,0.06514033564814815,0.7124837239583334,0.053059895833333336,0.06925455729166667,0.07310655381944445
4710,00:01:18.483,0.10263852719907407,0.53955078125,0.0849609375,0.10801866319444445,0.11493598090277778
4711,00:01:18.500,3.7146357783564814,7.000325520833333,4.995307074652778,1.7579481336805556,4.390652126736111
4712,00:01:18.517,0.10640914351851853,1.1690266927083333,0.06659613715277778,0.1142578125,0.1383734809027778
4713,00:01:18.533,0.166431568287037,1.1966959635416667,0.15201822916666666,0.15616861979166666,0.1911078559027778
4714,00:01:18.550,0.3392198350694445,2.095947265625,0.3577473958333333,0.2555609809027778,0.4043511284722222
4715,00:01:18.567,0.5311867042824074,3.19580078125,0.6045735677083334,0.3601616753472222,0.6288248697916666
4716,00:01:18.583,0.1961624710648148,0.4842122395833333,0.22227647569444445,0.13761393229166666,0.22859700520833334
4717,00:01:18.600,0.1150806568287037,0.4081217447916667,0.1448296440972222,0.07413736979166667,0.1262749565972222
4718,00:01:18.617,0.09631799768518519,0.8646647135416666,0.10039605034722222,0.07923719618055555,0.10932074652777778
4719,00:01:18.633,0.00948531539351852,0.07609049479166667,0.011257595486111112,0.006456163194444444,0.0107421875
4720,00:01:18.650,0.09835250289351853,0.4842122395833333,0.10441080729166667,0.0771484375,0.1134982638888889
4721,00:01:18.667,0.09289098668981481,0.9200032552083334,0.08661566840277778,0.08208550347222222,0.10997178819444445
4722,00:01:18.683,0.0736671730324074,0.8162434895833334,0.06317816840277778,0.0636935763888889,0.09412977430555555
4723,00:01:18.700,0.08295355902777778,0.6917317708333334,0.07967122395833333,0.0683865017361111,0.1008029513888889
4724,00:01:18.717,0.7490324797453703,2.3380533854166665,0.5730794270833334,0.6943088107638888,0.9797092013888888
4725,00:01:18.733,0.14125795717592593,0.560302734375,0.12445746527777778,0.14656575520833334,0.15275065104166666
4726,00:01:18.750,0.18687608506944442,0.477294921875,0.1518012152777778,0.2107204861111111,0.19810655381944445
4727,00:01:18.767,0.19271737557870372,0.22135416666666666,0.1349826388888889,0.2642686631944444,0.1789008246527778
4728,00:01:18.783,0.22968207465277776,0.809326171875,0.1885308159722222,0.3240288628472222,0.1764865451388889
4729,00:01:18.800,0.2427390769675926,0.186767578125,0.13321940104166666,0.3784722222222222,0.2165256076388889
4730,00:01:18.817,0.34157081886574076,0.8577473958333334,0.24503580729166666,0.5180935329861112,0.2615831163194444
4731,00:01:18.833,0.3436414930555555,0.601806640625,0.23624674479166666,0.5126681857638888,0.2820095486111111
4732,00:01:18.850,0.38717086226851855,0.99609375,0.2628309461805556,0.5518663194444444,0.3468153211805556
4733,00:01:18.867,0.2528030960648148,0.498046875,0.2587076822916667,0.2366265190972222,0.2630750868055556
4734,00:01:18.883,0.2744592737268518,0.20060221354166666,0.2886284722222222,0.2483452690972222,0.2864040798611111
4735,00:01:18.900,3.480098017939815,5.803629557291667,2.9922960069444446,3.442599826388889,4.005398220486111
4736,00:01:18.917,25.955928096064813,51.125895182291664,17.802408854166668,41.071506076388886,18.99386935763889
4737,00:01:18.933,1.1590169270833333,7.01416015625,0.9004448784722222,1.4975043402777777,1.0791015625
4738,00:01:18.950,17.94992404513889,52.032063802083336,14.855848524305555,22.470350477430557,16.523573133680557
4739,00:01:18.967,18.33644386574074,53.761393229166664,14.151774088541666,22.257703993055557,18.599853515625
4740,00:01:18.983,17.383445457175924,50.364990234375,11.817708333333334,21.52981228298611,18.802815755208332
4741,00:01:19.000,14.892921730324074,41.649169921875,11.143419053819445,16.77265082465278,16.7626953125
4742,00:01:19.017,7.534577546296297,21.699625651041668,5.057210286458333,8.88772243923611,8.658799913194445
4743,00:01:19.033,0.085205078125,0.6502278645833334,0.07807074652777778,0.08799913194444445,0.08954535590277778
4744,00:01:19.050,0.0946361400462963,0.17293294270833334,0.0920681423611111,0.0915798611111111,0.10026041666666667
4745,00:01:19.067,0.09054000289351853,0.7747395833333334,0.06572808159722222,0.1084255642361111,0.09746636284722222
4746,00:01:19.083,0.1981788917824074,1.182861328125,0.17537434895833334,0.18326822916666666,0.2358940972222222
4747,00:01:19.100,2.8621148003472228,13.142903645833334,1.8992513020833333,3.4898003472222223,3.197292751736111
4748,00:01:19.117,0.2216254340277778,2.158203125,0.1786566840277778,0.18310546875,0.3031141493055556
4749,00:01:19.133,16.24831814236111,50.620930989583336,9.068956163194445,19.96478949652778,19.71120876736111
4750,00:01:19.150,19.03857421875,58.748779296875,9.211263020833334,23.09280056423611,24.811659071180557
4751,00:01:19.167,0.14161060474537038,0.975341796875,0.14097764756944445,0.10234917534722222,0.18150499131944445
4752,00:01:19.183,17.876555266203706,57.240804036458336,8.669080946180555,22.585828993055557,22.374755859375
4753,00:01:19.200,23.004340277777782,67.64444986979167,12.03708224826389,32.20391167534722,24.77202690972222
4754,00:01:19.217,25.973659939236114,69.96175130208333,16.4169921875,37.259792751736114,24.24419487847222
4755,00:01:19.233,17.16621455439815,56.244710286458336,12.83203125,22.01150173611111,16.655110677083332
4756,00:01:19.250,7.050654658564814,30.7958984375,6.003173828125,7.526204427083333,7.622585720486111
4757,00:01:19.267,6.670193142361111,23.173014322916668,5.248616536458333,7.312906901041667,7.449055989583333
4758,00:01:19.283,9.553096064814815,27.468668619791668,7.437825520833333,10.417127821180555,10.804334852430555
4759,00:01:19.300,14.987277560763891,44.104817708333336,12.655571831597221,17.040907118055557,15.26535373263889
4760,00:01:19.317,15.902452256944443,45.322265625,14.57199435763889,18.26931423611111,14.866048177083334
4761,00:01:19.333,15.263771339699074,45.11474609375,13.678059895833334,17.787679036458332,14.325575086805555
4762,00:01:19.350,15.161187065972223,48.649495442708336,13.100287543402779,18.491780598958332,13.891493055555555
4763,00:01:19.367,0.055401837384259266,0.9684244791666666,0.05300564236111111,0.048095703125,0.06510416666666667
4764,00:01:19.383,11.949987340856481,47.017008463541664,10.643174913194445,13.277018229166666,11.929768880208334
4765,00:01:19.400,11.146846064814815,49.825439453125,9.9443359375,12.327962239583334,11.16824001736111
4766,00:01:19.417,12.791250723379628,58.658854166666664,12.47995334201389,13.687255859375,12.20654296875
4767,00:01:19.433,11.36863425925926,42.797444661458336,11.19436306423611,12.242024739583334,10.669514973958334
4768,00:01:19.450,9.37574146412037,29.868977864583332,9.808024088541666,9.581000434027779,8.738199869791666
4769,00:01:19.467,10.553285951967592,29.640706380208332,11.547119140625,10.81521267361111,9.297526041666666
4770,00:01:19.483,8.580747251157407,20.108642578125,8.87868923611111,8.66552734375,8.19802517361111
4771,00:01:19.500,13.330186631944445,15.211181640625,21.455810546875,8.245713975694445,10.28903537326389
4772,00:01:19.517,7.928059895833333,15.612386067708334,7.983669704861111,7.839165581597222,7.961344401041667
4773,00:01:19.533,6.534215856481481,11.849365234375,7.453369140625,5.912624782986111,6.236653645833333
4774,00:01:19.550,6.264431423611111,11.358235677083334,6.50048828125,5.786404079861111,6.506401909722222
4775,00:01:19.567,4.7830584490740735,8.522135416666666,4.779947916666667,4.331787109375,5.237440321180555
4776,00:01:19.583,5.807002314814814,14.228922526041666,6.0380859375,5.347303602430555,6.035617404513889
4777,00:01:19.600,5.066125940393519,11.475830078125,4.824273003472222,4.879123263888889,5.494981553819445
4778,00:01:19.617,6.3588686342592595,15.557047526041666,6.125705295138889,6.120713975694445,6.830186631944445
4779,00:01:19.633,4.833062065972221,13.336588541666666,4.265163845486111,4.644368489583333,5.589653862847222
4780,00:01:19.650,5.10546875,12.305908203125,4.914198133680555,4.688123914930555,5.714084201388889
4781,00:01:19.667,5.075566044560185,9.08935546875,4.793077256944445,4.438747829861111,5.994873046875
4782,00:01:19.683,4.767849392361111,6.841227213541667,4.662787543402778,3.90380859375,5.736952039930555
4783,00:01:19.700,5.115107783564815,8.653564453125,4.929551866319445,4.157253689236111,6.258517795138889
4784,00:01:19.717,5.107421875,9.525146484375,4.748562282986111,4.459933810763889,6.11376953125
4785,00:01:19.733,4.811659071180556,9.476725260416666,4.392578125,4.330512152777778,5.711886935763889
4786,00:01:19.750,4.8929669415509265,9.822591145833334,4.68017578125,4.467990451388889,5.530734592013889
4787,00:01:19.767,4.551151982060186,10.659586588541666,4.181098090277778,4.331976996527778,5.140380859375
4788,00:01:19.783,0.10071252893518519,0.2974446614583333,0.1259494357638889,0.0876736111111111,0.08851453993055555
4789,00:01:19.800,4.577184606481481,9.905598958333334,4.415554470486111,4.198486328125,5.117513020833333
4790,00:01:19.817,8.086272063078704,16.829833984375,7.706759982638889,7.964057074652778,8.587999131944445
4791,00:01:19.833,12.581217447916666,30.332438151041668,12.82180447048611,12.294297960069445,12.627549913194445
4792,00:01:19.850,9.546450014467593,20.897216796875,10.105821397569445,8.59665256076389,9.936876085069445
4793,00:01:19.867,8.281566478587962,17.237955729166668,9.18166775173611,7.102837456597222,8.560194227430555
4794,00:01:19.883,4.779486762152778,12.637939453125,4.791558159722222,4.231472439236111,5.3154296875
4795,00:01:19.900,2.6220522280092595,5.042724609375,2.1832953559027777,2.9847005208333335,2.6981608072916665
4796,00:01:19.917,4.007134331597222,9.954020182291666,2.969021267361111,4.338921440972222,4.713460286458333
4797,00:01:19.933,4.436767578125,12.40966796875,3.3680284288194446,4.321804470486111,5.620469835069445
4798,00:01:19.950,4.525146484375,12.603352864583334,3.3901909722222223,4.533962673611111,5.651285807291667
4799,00:01:19.967,5.187906901041667,16.656901041666668,3.3954264322916665,5.115587022569445,7.052707248263889
4800,00:01:19.983,4.907172309027778,12.873128255208334,4.637993706597222,4.257432725694445,5.826090494791667
4801,00:01:20.000,11.436369719328704,7.332356770833333,23.71609157986111,2.9592827690972223,7.633734809027778
4802,00:01:20.017,2.6827709056712963,6.280924479166667,2.036648220486111,2.541259765625,3.4704047309027777
4803,00:01:20.033,3.243344907407407,6.011149088541667,2.402316623263889,2.8151041666666665,4.512613932291667
4804,00:01:20.050,3.0951696325231484,7.131754557291667,2.254177517361111,2.9102918836805554,4.121039496527778
4805,00:01:20.067,30.198594835069443,70.73649088541667,32.16718207465278,42.63829210069444,15.79031032986111
4806,00:01:20.083,4.176441333912037,10.8740234375,4.075710720486111,3.5088433159722223,4.944769965277778
4807,00:01:20.100,3.5380497685185186,5.2294921875,4.827501085069445,2.4725477430555554,3.3141004774305554
4808,00:01:20.117,4.507505063657407,8.570556640625,5.762044270833333,3.3962944878472223,4.364176432291667
4809,00:01:20.133,2.4652416087962963,6.751302083333333,2.2301432291666665,2.12353515625,3.0420464409722223
4810,00:01:20.150,2.480857566550926,7.18017578125,1.9942762586805556,2.0992567274305554,3.3490397135416665
4811,00:01:20.167,3.1188151041666665,7.989501953125,2.838650173611111,2.4981011284722223,4.019694010416667
4812,00:01:20.183,4.620307074652778,13.461100260416666,4.923638237847222,3.6952311197916665,5.242051866319445
4813,00:01:20.200,5.190908926504629,14.720052083333334,6.143853081597222,3.8617078993055554,5.567165798611111
4814,00:01:20.217,11.903654875578704,12.589518229166666,20.077880859375,6.528862847222222,9.10422092013889
4815,00:01:20.233,12.466932508680555,27.93212890625,15.455919053819445,12.451714409722221,9.4931640625
4816,00:01:20.250,6.0238263165509265,11.095377604166666,8.953314887152779,4.157443576388889,4.960720486111111
4817,00:01:20.267,6.7594129774305545,11.558837890625,9.674479166666666,4.684054904513889,5.919704861111111
4818,00:01:20.283,5.203730830439815,8.169352213541666,7.139946831597222,3.5367296006944446,4.934516059027778
4819,00:01:20.300,8.074453848379632,11.24755859375,12.184651692708334,4.736463758680555,7.30224609375
4820,00:01:20.317,5.742883752893519,11.91162109375,7.045762803819445,4.149115668402778,6.033772786458333
4821,00:01:20.333,7.448269314236112,14.477945963541666,7.861111111111111,6.282090928819445,8.201605902777779
4822,00:01:20.350,7.185700593171297,15.003662109375,7.242919921875,6.204128689236111,8.110053168402779
4823,00:01:20.367,7.2881040219907405,16.511637369791668,7.110243055555555,6.419514973958333,8.334554036458334
4824,00:01:20.383,9.075104890046296,21.007893880208332,9.00048828125,8.206407335069445,10.018419053819445
4825,00:01:20.400,5.955475983796297,12.637939453125,5.790066189236111,5.138834635416667,6.937527126736111
4826,00:01:20.417,0.056360315393518524,0.4703776041666667,0.05588107638888889,0.032904730902777776,0.0802951388888889
4827,00:01:20.433,35.77801287615741,75.73079427083333,35.95301649305556,45.685574001736114,25.695448133680557
4828,00:01:20.450,18.61372432002315,35.326741536458336,22.260904947916668,16.073323567708332,17.506944444444443
4829,00:01:20.467,34.434317129629626,71.199951171875,40.148111979166664,33.55531141493056,29.599527994791668
4830,00:01:20.483,37.99034288194445,75.38492838541667,38.885579427083336,37.320095486111114,37.765353732638886
4831,00:01:20.500,34.03275101273148,82.39908854166667,33.92255316840278,29.752088758680557,38.423611111111114
4832,00:01:20.517,24.336669921875,74.83154296875,20.24728732638889,20.364176432291668,32.39854600694444
4833,00:01:20.533,16.377604166666668,52.550862630208336,14.055094401041666,11.132758246527779,23.944959852430557
4834,00:01:20.550,16.92267071759259,53.00048828125,13.154351128472221,11.128607855902779,26.48505316840278
4835,00:01:20.567,10.977955005787038,37.595621744791664,7.927435980902778,6.529649522569445,18.47677951388889
4836,00:01:20.583,10.414216218171296,32.117106119791664,8.076063368055555,6.359890407986111,16.80669487847222
4837,00:01:20.600,5.393192997685186,20.738118489583332,3.5894639756944446,3.6310221354166665,8.959092881944445
4838,00:01:20.617,5.792697482638889,21.505940755208332,4.650390625,3.5524359809027777,9.17526584201389
4839,00:01:20.633,4.024323640046297,17.8466796875,2.660400390625,2.63671875,6.775851779513889
4840,00:01:20.650,5.418366608796297,25.123697916666668,3.676513671875,3.4544813368055554,9.124104817708334
4841,00:01:20.667,3.5216200086805554,18.690592447916668,2.4352484809027777,2.7179361979166665,5.411675347222222
4842,00:01:20.683,5.124041521990741,24.577229817708332,3.3565266927083335,3.7064073350694446,8.309190538194445
4843,00:01:20.700,4.4239728009259265,23.262939453125,2.8618977864583335,3.0716145833333335,7.338406032986111
4844,00:01:20.717,5.3338487413194455,25.19287109375,3.4169921875,3.601318359375,8.983235677083334
4845,00:01:20.733,12.950032552083334,38.169759114583336,7.917426215277778,8.989067925347221,21.943603515625
4846,00:01:20.750,16.46927445023148,56.687418619791664,10.84328884548611,11.031304253472221,27.53323025173611
4847,00:01:20.767,14.583450882523147,58.084716796875,9.895100911458334,9.88498263888889,23.97026909722222
4848,00:01:20.783,18.046757450810187,68.79964192708333,13.916314019097221,12.10251193576389,28.121446397569443
4849,00:01:20.800,0.05869321469907407,0.7332356770833334,0.048041449652777776,0.036675347222222224,0.09136284722222222
4850,00:01:20.817,16.725929542824073,67.94881184895833,13.47900390625,11.213297526041666,25.485487196180557
4851,00:01:20.833,17.463749638310187,65.91512044270833,14.554741753472221,11.61721462673611,26.21929253472222
4852,00:01:20.850,17.60715964988426,66.74519856770833,16.983045789930557,12.132080078125,23.70635308159722
4853,00:01:20.867,22.792896412037038,76.32568359375,21.399495442708332,18.178141276041668,28.80105251736111
4854,00:01:20.883,25.23675311053241,83.07698567708333,25.796766493055557,20.58175998263889,29.33173285590278
4855,00:01:20.900,16.320330584490737,58.935546875,17.21877712673611,13.12009006076389,18.62212456597222
4856,00:01:20.917,17.743561921296298,60.0146484375,18.553358289930557,14.289116753472221,20.38821072048611
4857,00:01:20.933,18.55592628761574,56.784261067708336,19.570556640625,15.08642578125,21.01079644097222
4858,00:01:20.950,19.64065212673611,69.68505859375,22.32904730902778,15.85544162326389,20.737467447916668
4859,00:01:20.967,17.086489076967595,62.110595703125,17.26589626736111,13.48098415798611,20.512586805555557
4860,00:01:20.983,12.720793547453702,42.576090494791664,12.54934353298611,10.303331163194445,15.309705946180555
4861,00:01:21.000,16.75248661747685,48.407389322916664,19.311903211805557,11.967664930555555,18.977891710069443
4862,00:01:21.017,12.701162832754628,47.030843098958336,13.248155381944445,10.589409722222221,14.265923394097221
4863,00:01:21.033,0.09098307291666667,0.5257161458333334,0.1257052951388889,0.05398220486111111,0.09326171875
4864,00:01:21.050,16.05178493923611,60.955403645833336,17.68117947048611,13.222764756944445,17.25141059027778
4865,00:01:21.067,13.647017867476853,49.742431640625,14.353597005208334,11.375108506944445,15.212348090277779
4866,00:01:21.083,12.916630497685185,49.76318359375,13.403727213541666,11.458333333333334,13.887830946180555
4867,00:01:21.100,12.523347077546296,48.7255859375,12.57467990451389,11.575439453125,13.419921875
4868,00:01:21.117,13.288031684027779,42.894287109375,13.937934027777779,12.486490885416666,13.43967013888889
4869,00:01:21.133,13.188765914351853,41.9189453125,15.273817274305555,12.215955946180555,12.076524522569445
4870,00:01:21.150,13.58544921875,45.177001953125,15.607259114583334,12.905354817708334,12.243733723958334
4871,00:01:21.167,11.952609592013888,37.830810546875,13.792317708333334,11.315592447916666,10.749918619791666
4872,00:01:21.183,10.955023871527777,39.006754557291664,12.89529079861111,10.640679253472221,9.3291015625
4873,00:01:21.200,12.28493019386574,43.945719401041664,14.609781901041666,11.792344835069445,10.45266384548611
4874,00:01:21.217,11.828170211226853,42.389322916666664,14.48098415798611,11.285454644097221,9.718071831597221
4875,00:01:21.233,11.456081814236112,38.363444010416664,14.605658637152779,10.876627604166666,8.88595920138889
4876,00:01:21.250,10.607485170717593,30.380859375,13.555419921875,9.928141276041666,8.33889431423611
4877,00:01:21.267,13.143934461805557,38.342692057291664,16.627685546875,12.457356770833334,10.346761067708334
4878,00:01:21.283,12.338704427083334,31.328531901041668,15.3896484375,11.41550021701389,10.21096462673611
4879,00:01:21.300,13.011646412037038,31.529134114583332,16.724745008680557,11.922905815972221,10.387288411458334
4880,00:01:21.317,12.257631655092593,26.458740234375,16.105577256944443,11.055555555555555,9.611762152777779
4881,00:01:21.333,12.295880353009258,28.665364583333332,16.60430230034722,10.95505099826389,9.328287760416666
4882,00:01:21.350,11.620442708333334,25.476481119791668,15.477728949652779,10.489583333333334,8.89401584201389
4883,00:01:21.367,0.05384657118055556,0.3458658854166667,0.059895833333333336,0.04074435763888889,0.06089952256944445
4884,00:01:21.383,15.015615957754628,41.206461588541664,20.53835720486111,13.768256293402779,10.740234375
4885,00:01:21.400,0.07492404513888888,0.3804524739583333,0.13416883680555555,0.037923177083333336,0.052680121527777776
4886,00:01:21.417,11.612883391203704,30.263264973958332,15.754720052083334,10.310926649305555,8.773003472222221
4887,00:01:21.433,10.113037109375,26.742350260416668,13.83230251736111,8.668212890625,7.838595920138889
4888,00:01:21.450,10.659966362847221,31.273193359375,14.765218098958334,8.923990885416666,8.290690104166666
4889,00:01:21.467,9.900363498263891,24.4873046875,13.609944661458334,8.342122395833334,7.7490234375
4890,00:01:21.483,21.939127604166668,70.00325520833333,32.250651041666664,19.169514973958332,14.397216796875
4891,00:01:21.500,21.414152922453706,54.259440104166664,34.25062391493056,15.984429253472221,14.007405598958334
4892,00:01:21.517,13.316849320023147,29.267171223958332,20.334147135416668,10.455702039930555,9.160698784722221
4893,00:01:21.533,17.09549515335648,43.7451171875,26.13205295138889,13.77731662326389,11.377115885416666
4894,00:01:21.550,15.296341507523147,32.373046875,23.24395073784722,12.397271050347221,10.247802734375
4895,00:01:21.567,19.06025752314815,41.5869140625,29.268717447916668,15.416205512152779,12.495849609375
4896,00:01:21.583,17.990424262152775,32.151692708333336,27.56906467013889,14.62131076388889,11.780897352430555
4897,00:01:21.600,0.08109085648148147,0.4219563802083333,0.13541666666666666,0.04812282986111111,0.059733072916666664
4898,00:01:21.617,13.635579427083334,20.662027994791668,20.685655381944443,10.835991753472221,9.385091145833334
4899,00:01:21.633,18.82769097222222,31.695149739583332,28.05205620659722,14.965386284722221,13.465630425347221
4900,00:01:21.650,19.562897858796294,36.945393880208336,29.799560546875,15.43264431423611,13.456488715277779
4901,00:01:21.667,19.141230830439813,43.606770833333336,28.100911458333332,14.224907769097221,15.09787326388889
4902,00:01:21.683,13.244068287037038,30.498453776041668,19.516465928819443,9.82864040798611,10.387098524305555
4903,00:01:21.700,11.435700593171296,25.054524739583332,16.96630859375,8.384684244791666,8.956108940972221
4904,00:01:21.717,0.07419162326388888,0.6156412760416666,0.1091579861111111,0.042236328125,0.07118055555555555
4905,00:01:21.733,16.262993706597225,30.775146484375,23.160536024305557,12.134901258680555,13.493543836805555
4906,00:01:21.750,0.10182472511574074,0.8231608072916666,0.1653374565972222,0.049126519097222224,0.09101019965277778
4907,00:01:21.767,12.639711733217593,23.484293619791668,16.46701388888889,10.12399631076389,11.328125
4908,00:01:21.783,13.005814163773147,21.118570963541668,18.342692057291668,9.95068359375,10.724066840277779
4909,00:01:21.800,14.583713107638891,26.659342447916668,20.73749457465278,11.288411458333334,11.725233289930555
4910,00:01:21.817,15.84739402488426,29.453938802083332,21.866834852430557,12.992078993055555,12.683268229166666
4911,00:01:21.833,14.254204644097223,22.78564453125,19.777696397569443,11.40768771701389,11.577229817708334
4912,00:01:21.850,12.552074291087962,18.732096354166668,16.38503689236111,10.698377821180555,10.572808159722221
4913,00:01:21.867,13.735441984953704,23.553466796875,17.2763671875,12.513509114583334,11.416449652777779
4914,00:01:21.883,11.381781684027779,19.652099609375,14.90939670138889,10.092664930555555,9.14328342013889
4915,00:01:21.900,16.299171730324073,26.389567057291668,20.98171657986111,15.097520616319445,12.818277994791666
4916,00:01:21.917,13.163935908564815,19.652099609375,17.172498914930557,11.67184787326389,10.6474609375
4917,00:01:21.933,17.64893482349537,32.407633463541664,22.667588975694443,14.900499131944445,15.378716362847221
4918,00:01:21.950,15.079128689236112,26.555582682291668,20.33124457465278,11.949137369791666,12.95700412326389
4919,00:01:21.967,16.62473777488426,35.285237630208336,21.64303927951389,13.316324869791666,14.914849175347221
4920,00:01:21.983,0.08150679976851852,0.15218098958333334,0.1369900173611111,0.03480360243055555,0.0727267795138889
4921,00:01:22.000,19.19432689525463,34.586588541666664,27.515245225694443,13.479899088541666,16.58783637152778
4922,00:01:22.017,14.333948206018519,27.2265625,17.68158637152778,11.471137152777779,13.84912109375
4923,00:01:22.033,11.075367115162038,17.175699869791668,13.148627387152779,8.59201388888889,11.485460069444445
4924,00:01:22.050,10.368109809027779,14.138997395833334,12.171468098958334,8.01904296875,10.913818359375
4925,00:01:22.067,10.319715711805555,14.664713541666666,12.02438693576389,8.226019965277779,10.708740234375
4926,00:01:22.083,5.814905237268519,8.625895182291666,6.041151258680555,4.92236328125,6.481201171875
4927,00:01:22.100,6.2571795428240735,6.986490885416667,6.130669487847222,5.310221354166667,7.330647786458333
4928,00:01:22.117,5.798158998842593,10.244547526041666,5.030381944444445,4.946370442708333,7.417724609375
4929,00:01:22.133,5.890353732638889,9.331461588541666,4.940483940972222,4.798149956597222,7.932427300347222
4930,00:01:22.150,5.35716869212963,5.015055338541667,4.512478298611111,4.438449435763889,7.120578342013889
4931,00:01:22.167,0.1109935619212963,0.435791015625,0.16788736979166666,0.056966145833333336,0.1081271701388889
4932,00:01:22.183,5.5196759259259265,7.394612630208333,4.277479383680555,4.962456597222222,7.319091796875
4933,00:01:22.200,4.568205656828703,5.340169270833333,3.0523546006944446,4.417697482638889,6.234564887152778
4934,00:01:22.217,3.568467881944444,4.738362630208333,2.6612684461805554,3.291015625,4.753119574652778
4935,00:01:22.233,4.0551938657407405,5.955810546875,3.023464626736111,3.7488335503472223,5.393283420138889
4936,00:01:22.250,4.06470630787037,4.178059895833333,3.600341796875,3.4984266493055554,5.095350477430555
4937,00:01:22.267,4.2637713396990735,4.517008463541667,3.791476779513889,3.7794867621527777,5.220350477430555
4938,00:01:22.283,3.0975387008101856,3.9082845052083335,2.814208984375,2.7517632378472223,3.7266438802083335
4939,00:01:22.300,27.552490234375,61.847737630208336,31.038926866319443,33.603271484375,18.015272352430557
4940,00:01:22.317,5.702329282407407,5.596110026041667,6.611355251736111,4.649386935763889,5.846245659722222
4941,00:01:22.333,3.222529658564815,2.6631673177083335,2.926974826388889,2.6912706163194446,4.049343532986111
4942,00:01:22.350,2.8342827690972228,4.93896484375,2.4939507378472223,2.3330620659722223,3.6758355034722223
4943,00:01:22.367,3.0694263599537037,3.3341471354166665,2.4478352864583335,2.6927354600694446,4.067708333333333
4944,00:01:22.383,4.419053819444444,5.264078776041667,3.5788031684027777,3.944851345486111,5.733506944444445
4945,00:01:22.400,4.456244574652778,5.9765625,4.071804470486111,3.9707573784722223,5.326171875
4946,00:01:22.417,5.034532335069445,7.712809244791667,4.547064887152778,4.676161024305555,5.88037109375
4947,00:01:22.433,4.068757233796297,6.121826171875,4.216200086805555,3.485812717013889,4.504258897569445
4948,00:01:22.450,3.244420934606481,5.077311197916667,3.4891493055555554,2.5386284722222223,3.7054850260416665
4949,00:01:22.467,3.3163791232638893,3.1058756510416665,2.3098958333333335,3.5872124565972223,4.052029079861111
4950,00:01:22.483,15.385145399305555,20.62744140625,20.99883355034722,12.349663628472221,12.806939019097221
4951,00:01:22.500,14.141664858217595,13.924560546875,22.983805338541668,7.298366970486111,12.142822265625
4952,00:01:22.517,6.226426866319444,10.521240234375,7.151340060763889,5.127712673611111,6.400227864583333
4953,00:01:22.533,5.14112232349537,9.497477213541666,5.761284722222222,4.257297092013889,5.40478515625
4954,00:01:22.550,5.114917896412037,7.954915364583333,5.651774088541667,4.153754340277778,5.539225260416667
4955,00:01:22.567,0.053304036458333336,0.4081217447916667,0.0763888888888889,0.027018229166666668,0.05650499131944445
4956,00:01:22.583,6.306025752314814,12.181396484375,7.3759765625,4.9111328125,6.630967881944445
4957,00:01:22.600,5.663583260995371,9.801839192708334,6.418429904513889,4.484266493055555,6.088053385416667
4958,00:01:22.617,6.084988064236111,9.407552083333334,6.278645833333333,5.050618489583333,6.925699869791667
4959,00:01:22.633,31.178548177083332,65.74910481770833,31.94485134548611,37.76209852430556,23.828694661458332
4960,00:01:22.650,10.838143807870368,9.040934244791666,12.038194444444445,8.446451822916666,12.02978515625
4961,00:01:22.667,12.158980758101853,9.933268229166666,14.354193793402779,9.146728515625,12.976019965277779
4962,00:01:22.683,29.653790509259256,58.402913411458336,38.99286566840278,25.7685546875,24.199951171875
4963,00:01:22.700,35.9293529369213,69.25618489583333,47.265163845486114,31.930040147569443,28.592854817708332
4964,00:01:22.717,32.219337745949076,67.6513671875,42.557156032986114,26.40866427951389,27.69219292534722
4965,00:01:22.733,30.187481915509263,72.50732421875,40.217068142361114,23.7666015625,26.578776041666668
4966,00:01:22.750,23.936505353009263,52.813720703125,30.98855251736111,17.63674587673611,23.184217664930557
4967,00:01:22.767,18.181586371527775,36.419677734375,22.24970160590278,13.39621310763889,18.898844401041668
4968,00:01:22.783,11.338840060763888,20.558268229166668,13.462700737847221,8.326307508680555,12.22751193576389
4969,00:01:22.800,10.213921440972223,23.843994140625,11.90530056423611,7.308295355902778,11.428168402777779
4970,00:01:22.817,8.89159252025463,18.061116536458332,10.695203993055555,6.383870442708333,9.595703125
4971,00:01:22.833,10.904884620949074,20.1708984375,13.340467664930555,7.905815972222222,11.468370225694445
4972,00:01:22.850,8.887731481481481,19.354654947916668,10.637776692708334,6.766465928819445,9.258951822916666
4973,00:01:22.867,0.1292679398148148,2.1512858072916665,0.1542426215277778,0.07728407118055555,0.1562771267361111
4974,00:01:22.883,14.333242910879632,25.843098958333332,17.80929904513889,10.525336371527779,14.665093315972221
4975,00:01:22.900,0.11152705439814815,1.473388671875,0.11659071180555555,0.0744357638888889,0.1435546875
4976,00:01:22.917,9.205557364004632,23.933919270833332,10.484320746527779,7.232801649305555,9.899549696180555
4977,00:01:22.933,9.247450086805555,22.107747395833332,10.488226996527779,7.131293402777778,10.12282986111111
4978,00:01:22.950,7.123001663773148,20.46142578125,7.856309678819445,5.537570529513889,7.975124782986111
4979,00:01:22.967,8.168872974537036,20.039469401041668,9.043592664930555,6.346354166666667,9.11667209201389
4980,00:01:22.983,6.815483940972222,17.320963541666668,7.855143229166667,5.168972439236111,7.422336154513889
4981,00:01:23.000,16.807499638310187,25.767008463541668,21.579020182291668,11.903917100694445,16.939561631944443
4982,00:01:23.017,20.85275607638889,46.034749348958336,28.020833333333332,16.928358289930557,17.60907660590278
4983,00:01:23.033,21.773121021412038,48.760172526041664,30.341715494791668,17.730061848958332,17.24758572048611
4984,00:01:23.050,18.98434787326389,36.122233072916664,27.143961588541668,15.26584201388889,14.54324001736111
4985,00:01:23.067,20.75579607928241,40.307210286458336,30.179768880208332,17.21454535590278,14.87307400173611
4986,00:01:23.083,19.439453125,32.386881510416664,28.82402886284722,15.93625217013889,13.55807834201389
4987,00:01:23.100,20.718361183449073,35.305989583333336,30.226453993055557,16.96904839409722,14.959581163194445
4988,00:01:23.117,18.520345052083332,28.194986979166668,27.290934244791668,15.239447699652779,13.030653211805555
4989,00:01:23.133,18.99150933159722,32.061767578125,28.21628146701389,15.794243706597221,12.964002821180555
4990,00:01:23.150,18.017704716435187,26.60400390625,26.57451714409722,15.12301974826389,12.355577256944445
4991,00:01:23.167,19.08374927662037,30.67138671875,28.12158203125,16.2939453125,12.83572048611111
4992,00:01:23.183,19.508526837384256,31.397705078125,28.58935546875,16.82302517361111,13.113199869791666
4993,00:01:23.200,17.45213035300926,29.239501953125,25.311631944444443,15.1533203125,11.891438802083334
4994,00:01:23.217,17.187065972222225,29.481608072916668,25.01421440972222,14.98049587673611,11.566487630208334
4995,00:01:23.233,0.09411168981481481,0.601806640625,0.1379665798611111,0.055121527777777776,0.08924696180555555
4996,00:01:23.250,17.803077980324073,30.650634765625,25.65673828125,15.896809895833334,11.85568576388889
4997,00:01:23.267,16.194209346064817,28.547770182291668,23.24167209201389,14.528645833333334,10.812310112847221
4998,00:01:23.283,17.214671947337965,30.678304036458332,24.17168511284722,15.752387152777779,11.71994357638889
4999,00:01:23.300,15.072301793981481,30.899658203125,20.535753038194443,14.049506293402779,10.631646050347221
5000,00:01:23.317,15.246527777777779,36.177571614583336,20.57736545138889,14.193793402777779,10.968424479166666
5001,00:01:23.333,14.727457682291666,40.583902994791664,19.641221788194443,13.861382378472221,10.679768880208334
5002,00:01:23.350,12.41965964988426,36.184488932291664,15.93649631076389,11.843695746527779,9.47878689236111
5003,00:01:23.367,13.204806857638888,43.973388671875,16.810899522569443,12.780626085069445,10.022894965277779
5004,00:01:23.383,10.455457899305555,34.503580729166664,12.308349609375,10.599527994791666,8.45849609375
5005,00:01:23.400,11.692373770254628,38.294270833333336,14.456434461805555,11.66598849826389,8.954698350694445
5006,00:01:23.417,10.981589988425926,32.241617838541664,13.64694552951389,10.83761935763889,8.460205078125
5007,00:01:23.433,12.06663230613426,31.563720703125,15.17947048611111,11.838921440972221,9.181504991319445
5008,00:01:23.450,10.722177010995372,25.02685546875,12.879692925347221,10.82912868923611,8.457709418402779
5009,00:01:23.467,12.522325303819445,27.032877604166668,15.437744140625,12.492133246527779,9.637098524305555
5010,00:01:23.483,12.248462818287038,23.422037760416668,14.807318793402779,12.291639539930555,9.646430121527779
5011,00:01:23.500,16.98271122685185,32.6220703125,23.06106228298611,14.665174696180555,13.22189670138889
5012,00:01:23.517,13.098587601273147,25.331217447916668,15.450520833333334,13.095865885416666,10.749376085069445
5013,00:01:23.533,14.206886574074074,30.25634765625,16.42768012152778,14.585367838541666,11.607611762152779
5014,00:01:23.550,13.054027416087962,21.37451171875,14.55221896701389,13.79833984375,10.8115234375
5015,00:01:23.567,0.09000651041666667,0.4496256510416667,0.13023546006944445,0.0636935763888889,0.07609049479166667
5016,00:01:23.583,12.632179542824076,20.980224609375,14.322591145833334,13.16555447048611,10.408393012152779
5017,00:01:23.600,11.131293402777777,19.755859375,12.351453993055555,11.422173394097221,9.620252821180555
5018,00:01:23.617,12.590341073495372,22.502034505208332,13.596489800347221,13.092230902777779,11.08230251736111
5019,00:01:23.633,10.767442491319443,22.744140625,11.216606987847221,11.094156901041666,9.991563585069445
5020,00:01:23.650,12.721715856481481,28.437093098958332,13.060112847222221,13.05856662326389,12.046468098958334
5021,00:01:23.667,8.208975332754628,18.351643880208332,8.36227756076389,8.120768229166666,8.143880208333334
5022,00:01:23.683,8.57497829861111,18.151041666666668,9.53347439236111,7.997829861111111,8.19363064236111
5023,00:01:23.700,8.162561487268519,18.1787109375,8.626898871527779,7.893337673611111,7.967447916666667
5024,00:01:23.717,9.753924334490742,19.409993489583332,10.902099609375,9.27218967013889,9.087483723958334
5025,00:01:23.733,14.779161241319443,30.055745442708332,16.21416558159722,14.945963541666666,13.177354600694445
5026,00:01:23.750,20.32476128472222,47.459716796875,23.7646484375,20.16596137152778,17.04367404513889
5027,00:01:23.767,19.033519603587965,42.991129557291664,20.729139539930557,20.010145399305557,16.36127387152778
5028,00:01:23.783,0.08612738715277778,1.0306803385416667,0.09857855902777778,0.0674099392361111,0.09239366319444445
5029,00:01:23.800,21.241192853009263,46.864827473958336,22.92255316840278,22.90554470486111,17.89548068576389
5030,00:01:23.817,21.612648292824076,44.11865234375,24.33197699652778,22.52099609375,17.984971788194443
5031,00:01:23.833,21.29350224247685,31.653645833333332,23.591932508680557,22.39059787326389,17.89797634548611
5032,00:01:23.850,15.192138671875,14.740804036458334,17.494954427083332,14.399712456597221,13.681749131944445
5033,00:01:23.867,16.252332899305557,18.406982421875,19.33026801215278,15.67702907986111,13.749701605902779
5034,00:01:23.883,12.839870876736112,14.56787109375,14.96267361111111,12.644476996527779,10.912462022569445
5035,00:01:23.900,13.749321831597221,21.609700520833332,16.10053168402778,13.316080729166666,11.831353081597221
5036,00:01:23.917,11.689606843171296,17.410888671875,14.044189453125,10.599799262152779,10.42483181423611
5037,00:01:23.933,16.988362630208332,22.53662109375,20.435655381944443,16.248426649305557,14.281005859375
5038,00:01:23.950,15.457058376736112,20.537516276041668,18.44599066840278,14.668402777777779,13.256781684027779
5039,00:01:23.967,15.460530598958334,23.166097005208332,19.512315538194443,14.50634765625,12.362928602430555
5040,00:01:23.983,14.398491753472223,21.720377604166668,18.55685763888889,13.30300564236111,11.335611979166666
5041,00:01:24.000,16.569408275462962,22.467447916666668,21.587483723958332,13.997694227430555,14.123046875
5042,00:01:24.017,12.18353045428241,18.988037109375,15.311876085069445,11.54513888888889,9.69357638888889
5043,00:01:24.033,11.43798828125,17.563069661458332,14.712049696180555,10.785210503472221,8.816704644097221
5044,00:01:24.050,9.981571903935185,15.349527994791666,12.38498263888889,9.521402994791666,8.038330078125
5045,00:01:24.067,11.763870804398147,18.559163411458332,14.57058376736111,11.264268663194445,9.45675998263889
5046,00:01:24.083,10.695990668402779,15.778401692708334,12.682237413194445,10.487413194444445,8.918321397569445
5047,00:01:24.100,13.045518663194443,20.274658203125,16.07598198784722,11.942057291666666,11.118516710069445
5048,00:01:24.117,12.24269386574074,18.856608072916668,12.91552734375,12.428900824652779,11.383653428819445
5049,00:01:24.133,0.07250072337962964,0.7194010416666666,0.08235677083333333,0.05615234375,0.07899305555555555
5050,00:01:24.150,14.832420066550926,23.553466796875,14.44314236111111,15.62887912326389,14.425238715277779
5051,00:01:24.167,0.06664134837962964,1.0721842447916667,0.06027560763888889,0.054389105902777776,0.08525933159722222
5052,00:01:24.183,11.260190610532407,22.605794270833332,10.347601996527779,11.91455078125,11.518419053819445
5053,00:01:24.200,13.57374855324074,23.470458984375,13.897271050347221,12.820068359375,14.00390625
5054,00:01:24.217,9.81935402199074,15.695393880208334,10.316948784722221,9.787462022569445,9.353651258680555
5055,00:01:24.233,10.364628544560185,16.795247395833332,9.645562065972221,10.614881727430555,10.833441840277779
5056,00:01:24.250,13.731354890046296,28.859049479166668,12.101752387152779,14.952799479166666,14.139512803819445
5057,00:01:24.267,11.144820601851853,21.810302734375,9.527045355902779,12.08816189236111,11.819254557291666
5058,00:01:24.283,8.77248806423611,13.848470052083334,8.09423828125,9.763726128472221,8.45949978298611
5059,00:01:24.300,8.375072337962962,9.947102864583334,9.190836588541666,8.993760850694445,6.940619574652778
5060,00:01:24.317,8.448441116898147,11.8701171875,9.080864800347221,9.330620659722221,6.933837890625
5061,00:01:24.333,8.042724609375,11.773274739583334,8.12448459201389,8.452039930555555,7.551649305555555
5062,00:01:24.350,7.125479239004629,10.08544921875,6.757351345486111,7.084608289930555,7.534478081597222
5063,00:01:24.367,6.476960358796297,7.408447265625,6.106255425347222,6.449245876736111,6.875379774305555
5064,00:01:24.383,5.6661603009259265,3.7215169270833335,5.195475260416667,6.0302734375,5.772732204861111
5065,00:01:24.400,5.728958695023148,6.004231770833333,4.842936197916667,6.375542534722222,5.968397352430555
5066,00:01:24.417,5.92432544849537,8.556722005208334,5.872178819444445,5.605902777777778,6.294894748263889
5067,00:01:24.433,22.59892216435185,52.426350911458336,19.121446397569443,30.46728515625,18.20803493923611
5068,00:01:24.450,6.290427879050925,2.095947265625,6.438747829861111,6.447591145833333,5.984944661458333
5069,00:01:24.467,7.474889684606481,4.143473307291667,7.552490234375,7.998616536458333,6.873562282986111
5070,00:01:24.483,0.00829173900462963,0.518798828125,0.004855685763888889,0.006618923611111111,0.013400607638888888
5071,00:01:24.500,14.741473162615739,16.075846354166668,17.313096788194443,12.18429904513889,14.72702365451389
5072,00:01:24.517,7.900453920717593,5.305582682291667,9.565131293402779,8.361219618055555,5.775010850694445
5073,00:01:24.533,6.552535445601852,4.3994140625,7.445149739583333,6.754638671875,5.457817925347222
5074,00:01:24.550,5.843478732638888,3.6039225260416665,6.849229600694445,5.603162977430555,5.078043619791667
5075,00:01:24.567,4.960883246527778,3.7215169270833335,5.490505642361111,4.523003472222222,4.869140625
5076,00:01:24.583,6.877025462962963,4.074300130208333,6.165391710069445,7.025173611111111,7.440511067708333
5077,00:01:24.600,4.957573784722221,2.7323404947916665,5.138210720486111,5.127522786458333,4.606987847222222
5078,00:01:24.617,5.9172182436342595,1.888427734375,6.692708333333333,6.195909288194445,4.863037109375
5079,00:01:24.633,4.278130425347222,1.888427734375,4.902913411458333,4.3876953125,3.5437825520833335
5080,00:01:24.650,4.921757450810185,2.6216634114583335,5.246527777777778,5.275499131944445,4.243245442708333
5081,00:01:24.667,4.326859085648148,2.967529296875,4.502143012152778,4.537543402777778,3.940890842013889
5082,00:01:24.683,3.7834834346064814,2.0406087239583335,3.8621690538194446,3.9647081163194446,3.5235731336805554
5083,00:01:24.700,4.256013093171297,1.9576009114583333,4.200602213541667,4.420003255208333,4.147433810763889
5084,00:01:24.717,0.10709635416666667,0.2974446614583333,0.10810004340277778,0.07294379340277778,0.14024522569444445
5085,00:01:24.733,3.1213469328703702,1.5840657552083333,3.0188530815972223,3.142116970486111,3.2030707465277777
5086,00:01:24.750,3.8753707320601856,2.490234375,3.6876085069444446,4.042453342013889,3.8960503472222223
5087,00:01:24.767,3.5905038339120368,2.5040690104166665,3.30126953125,3.6949598524305554,3.7752821180555554
5088,00:01:24.783,3.7100332754629632,2.32421875,3.4148763020833335,3.8011881510416665,3.914035373263889
5089,00:01:24.800,3.1560510706018516,1.8538411458333333,2.932590060763889,3.146511501736111,3.3890516493055554
5090,00:01:24.817,3.594301576967593,2.427978515625,3.6487358940972223,3.513400607638889,3.6207682291666665
5091,00:01:24.833,2.344970703125,1.7708333333333333,2.200466579861111,2.312527126736111,2.5219184027777777
5092,00:01:24.850,5.9026059751157405,5.616861979166667,4.950303819444445,6.540364583333333,6.217149522569445
5093,00:01:24.867,6.6824725115740735,7.152506510416667,5.148898654513889,7.836561414930555,7.061957465277778
5094,00:01:24.883,12.092402705439815,17.1826171875,11.627061631944445,12.55197482638889,12.09817165798611
5095,00:01:24.900,4.196108217592593,3.0782063802083335,3.288330078125,4.662706163194445,4.637288411458333
5096,00:01:24.917,4.8260271990740735,5.748291015625,4.413709852430555,4.794623480902778,5.269748263888889
5097,00:01:24.933,6.246988932291667,5.741373697916667,5.509955512152778,6.665988498263889,6.565022786458333
5098,00:01:24.950,7.004457826967593,7.539876302083333,6.17138671875,7.696126302083333,7.145860460069445
5099,00:01:24.967,7.199625651041667,8.688151041666666,6.916585286458333,7.386420355902778,7.295871310763889
5100,00:01:24.983,0.04649522569444444,0.145263671875,0.03480360243055555,0.036376953125,0.06830512152777778
5101,00:01:25.000,11.349772135416666,16.407877604166668,11.23708767361111,9.802652994791666,13.009575737847221
5102,00:01:25.017,7.366545500578703,9.455973307291666,6.392822265625,7.450466579861111,8.25634765625
5103,00:01:25.033,7.396041304976852,11.41357421875,6.699978298611111,7.372043185763889,8.116102430555555
5104,00:01:25.050,6.068585431134259,9.822591145833334,5.790364583333333,6.095540364583333,6.319851345486111
5105,00:01:25.067,7.265046296296297,13.3642578125,6.817301432291667,7.172417534722222,7.805419921875
5106,00:01:25.083,6.710819950810186,12.063802083333334,6.403944227430555,6.760769314236111,6.967746310763889
5107,00:01:25.100,7.714373553240741,14.761555989583334,8.01413302951389,7.643229166666667,7.485758463541667
5108,00:01:25.117,5.882043909143519,13.779296875,6.364854600694445,5.38330078125,5.897976345486111
5109,00:01:25.133,6.140661168981481,14.27734375,6.575113932291667,5.743001302083333,6.103868272569445
5110,00:01:25.150,9.45212131076389,19.596761067708332,9.36667209201389,9.779052734375,9.210639105902779
5111,00:01:25.167,5.176622178819444,13.267415364583334,5.521023220486111,4.99658203125,5.012261284722222
5112,00:01:25.183,5.934217664930556,12.215983072916666,6.518500434027778,5.768744574652778,5.515407986111111
5113,00:01:25.200,6.417435257523149,15.411783854166666,6.9111328125,6.282633463541667,6.058539496527778
5114,00:01:25.217,4.0390444155092595,10.991617838541666,4.108615451388889,3.9661729600694446,4.042344835069445
5115,00:01:25.233,5.270137080439814,14.56787109375,5.388319227430555,5.339898003472222,5.082194010416667
5116,00:01:25.250,3.2578125,10.216878255208334,3.226806640625,3.3463270399305554,3.2003038194444446
5117,00:01:25.267,4.614194516782407,15.60546875,4.616021050347222,4.735948350694445,4.490614149305555
5118,00:01:25.283,3.324526186342592,12.838541666666666,3.252224392361111,3.369167751736111,3.3521864149305554
5119,00:01:25.300,3.4965096932870368,13.433430989583334,3.1832682291666665,3.6084798177083335,3.697781032986111
5120,00:01:25.317,6.978850188078703,16.0205078125,5.572292751736111,7.659044053819445,7.705213758680555
5121,00:01:25.333,4.450303819444445,15.391031901041666,4.115939670138889,4.386962890625,4.848008897569445
5122,00:01:25.350,3.4903067129629632,9.684244791666666,3.370334201388889,3.386962890625,3.713623046875
5123,00:01:25.367,0.033754701967592594,0.560302734375,0.023600260416666668,0.027126736111111112,0.050537109375
5124,00:01:25.383,4.202944155092593,10.853271484375,4.096462673611111,4.119493272569445,4.392876519097222
5125,00:01:25.400,10.188033492476853,22.03857421875,10.08249240451389,10.62741427951389,9.854193793402779
5126,00:01:25.417,8.532289858217593,21.4990234375,8.4658203125,8.819878472222221,8.311170789930555
5127,00:01:25.433,8.43263527199074,21.754964192708332,8.562255859375,8.741292317708334,7.994357638888889
5128,00:01:25.450,6.686740451388888,20.91796875,6.838704427083333,6.840928819444445,6.380588107638889
5129,00:01:25.467,7.345431857638889,24.342041015625,7.354437934027778,7.750298394097222,6.931559244791667
5130,00:01:25.483,5.7784649884259265,20.032552083333332,5.736273871527778,6.124945746527778,5.474175347222222
5131,00:01:25.500,9.326126663773149,28.118896484375,9.501410590277779,8.61208767361111,9.864881727430555
5132,00:01:25.517,6.86815502025463,22.515869140625,5.921983506944445,8.182562934027779,6.499918619791667
5133,00:01:25.533,6.746744791666667,22.37060546875,5.773247612847222,8.030327690972221,6.436659071180555
5134,00:01:25.550,5.102023654513889,20.703531901041668,4.488742404513889,5.874945746527778,4.9423828125
5135,00:01:25.567,4.885000723379629,21.533610026041668,4.062391493055555,5.642225477430555,4.950385199652778
5136,00:01:25.583,5.455204716435186,22.474365234375,4.061957465277778,6.554226345486111,5.749430338541667
5137,00:01:25.600,5.5156430844907405,25.075276692708332,4.193033854166667,6.209852430555555,6.14404296875
5138,00:01:25.617,4.6834942853009265,22.86865234375,3.6789008246527777,5.274685329861111,5.096896701388889
5139,00:01:25.633,4.565339265046297,23.166097005208332,3.3866373697916665,5.223849826388889,5.085530598958333
5140,00:01:25.650,4.319137008101851,20.385335286458332,3.0546061197916665,4.961371527777778,4.941433376736111
5141,00:01:25.667,4.616834852430555,24.618733723958332,3.062527126736111,5.417019314236111,5.370958116319445
5142,00:01:25.683,4.227511935763889,25.684000651041668,2.5848253038194446,4.867431640625,5.230278862847222
5143,00:01:25.700,4.383608217592593,26.444905598958332,2.7144368489583335,5.01611328125,5.420274522569445
5144,00:01:25.717,4.469599971064815,21.450602213541668,2.763943142361111,5.034532335069445,5.610324435763889
5145,00:01:25.733,0.05538375289351852,2.386474609375,0.040337456597222224,0.046929253472222224,0.0788845486111111
5146,00:01:25.750,4.787217881944445,21.45751953125,3.0601671006944446,5.222032335069445,6.079454210069445
5147,00:01:25.767,4.417905454282407,20.745035807291668,2.7821451822916665,4.729410807291667,5.742160373263889
5148,00:01:25.783,5.135118272569444,24.162190755208332,3.369140625,5.457845052083333,6.578369140625
5149,00:01:25.800,7.549271195023148,31.107177734375,5.068766276041667,8.584554036458334,8.994493272569445
5150,00:01:25.817,5.090729890046297,22.6611328125,3.3902994791666665,5.212510850694445,6.669379340277778
5151,00:01:25.833,5.2682924623842595,22.052408854166668,3.5154893663194446,5.349039713541667,6.940348307291667
5152,00:01:25.850,4.995442708333333,22.930908203125,3.1434733072916665,4.934868706597222,6.907986111111111
5153,00:01:25.867,5.947428385416667,24.141438802083332,3.8553059895833335,5.966172960069445,8.020806206597221
5154,00:01:25.883,5.0534487123842595,20.841878255208332,3.2726236979166665,4.721842447916667,7.165879991319445
5155,00:01:25.900,5.841950593171297,24.853922526041668,3.717990451388889,5.643337673611111,8.16452365451389
5156,00:01:25.917,5.142749927662037,24.335123697916668,3.207790798611111,4.889105902777778,7.331353081597222
5157,00:01:25.933,5.233036747685184,25.677083333333332,3.138400607638889,5.061848958333333,7.498860677083333
5158,00:01:25.950,4.941089771412037,24.936930338541668,2.8656684027777777,4.852159288194445,7.105441623263889
5159,00:01:25.967,5.155363859953704,24.708658854166668,2.9505208333333335,5.103732638888889,7.411838107638889
5160,00:01:25.983,5.312129267939814,21.450602213541668,3.0902235243055554,5.336208767361111,7.509955512152778
5161,00:01:26.000,8.81590892650463,28.229573567708332,7.565077039930555,6.728542751736111,12.154106987847221
5162,00:01:26.017,7.214545355902778,31.024169921875,4.341986762152778,8.05075412326389,9.250895182291666
5163,00:01:26.033,0.03288664641203704,0.498046875,0.016764322916666668,0.031494140625,0.05040147569444445
5164,00:01:26.050,5.46971752025463,33.037109375,2.4812825520833335,6.336941189236111,7.590928819444445
5165,00:01:26.067,4.759367766203703,30.360107421875,2.2095811631944446,5.585991753472222,6.482530381944445
5166,00:01:26.083,4.245686848958333,28.09814453125,1.9955512152777777,4.861762152777778,5.879747178819445
5167,00:01:26.100,5.190411603009259,32.151692708333336,2.4939507378472223,6.157090928819445,6.920193142361111
5168,00:01:26.117,5.151159215856482,27.897542317708332,2.1949327256944446,6.599039713541667,6.659505208333333
5169,00:01:26.133,5.389196325231481,27.012125651041668,2.31640625,6.886610243055555,6.964572482638889
5170,00:01:26.150,4.8705060040509265,24.999186197916668,2.0247395833333335,6.374376085069445,6.21240234375
5171,00:01:26.167,3.7187319155092595,25.469563802083332,1.5872395833333333,4.443060980902778,5.125895182291667
5172,00:01:26.183,4.838541666666667,22.564290364583332,2.0747612847222223,6.405544704861111,6.035319010416667
5173,00:01:26.200,5.345838758680556,26.182047526041668,2.344997829861111,7.029513888888889,6.663004557291667
5174,00:01:26.217,4.110143590856482,22.342936197916668,1.8067491319444444,4.997395833333333,5.526285807291667
5175,00:01:26.233,4.028437861689815,25.559488932291668,1.7730577256944444,4.947943793402778,5.364312065972222
5176,00:01:26.250,3.1130280671296298,19.036458333333332,1.3544921875,3.832004123263889,4.152587890625
5177,00:01:26.267,3.771909360532407,20.689697265625,1.7275933159722223,4.630723741319445,4.957411024305555
5178,00:01:26.283,3.3042805989583335,18.946533203125,1.5444064670138888,3.8970811631944446,4.471354166666667
5179,00:01:26.300,4.014078776041667,23.352864583333332,1.816650390625,4.813774956597222,5.411810980902778
5180,00:01:26.317,3.176821108217593,19.991048177083332,1.4552137586805556,3.6875813802083335,4.387668185763889
5181,00:01:26.333,3.3181423611111107,19.077962239583332,1.4789767795138888,3.9507378472222223,4.524712456597222
5182,00:01:26.350,2.9690664785879632,21.651204427083332,1.3383517795138888,3.48095703125,4.087890625
5183,00:01:26.367,0.04222728587962963,0.9822591145833334,0.025146484375,0.03640407986111111,0.06513129340277778
5184,00:01:26.383,4.373354311342593,24.217529296875,2.0714518229166665,5.218397352430555,5.830213758680555
5185,00:01:26.400,0.048267505787037035,1.7708333333333333,0.028510199652777776,0.04701063368055555,0.06928168402777778
5186,00:01:26.417,5.090151186342593,23.705647786458332,2.751003689236111,6.363715277777778,6.155734592013889
5187,00:01:26.433,3.0211950231481484,15.736897786458334,1.5134548611111112,3.475314670138889,4.074815538194445
5188,00:01:26.450,2.659939236111111,12.976888020833334,1.4049479166666667,3.047580295138889,3.5272894965277777
5189,00:01:26.467,2.519024884259259,12.0361328125,1.2673611111111112,2.9098578559027777,3.379855685763889
5190,00:01:26.483,2.395562065972222,12.942301432291666,1.2681749131944444,2.6878797743055554,3.2306315104166665
5191,00:01:26.500,7.269476996527779,17.943522135416668,6.638373480902778,5.048719618055555,10.121337890625
5192,00:01:26.517,2.1047453703703702,11.448160807291666,1.1940104166666667,2.3864203559027777,2.7338053385416665
5193,00:01:26.533,1.7501356336805554,9.179280598958334,0.9630262586805556,1.9790852864583333,2.3082953559027777
5194,00:01:26.550,2.811342592592593,16.068929036458332,1.6002061631944444,3.1905381944444446,3.643283420138889
5195,00:01:26.567,2.1891637731481484,13.135986328125,1.3040907118055556,2.504150390625,2.759250217013889
5196,00:01:26.583,3.048394097222222,17.715250651041668,1.880615234375,3.4884168836805554,3.776150173611111
5197,00:01:26.600,2.482078269675926,15.653889973958334,1.3170301649305556,2.923800998263889,3.2054036458333335
5198,00:01:26.617,6.2449725115740735,23.207600911458332,4.600613064236111,6.969373914930555,7.164930555555555
5199,00:01:26.633,4.408483434606482,19.88037109375,2.5728352864583335,5.070176866319445,5.582438151041667
5200,00:01:26.650,4.532190393518518,19.430745442708332,2.5657552083333335,5.23583984375,5.794976128472222
5201,00:01:26.667,4.277208116319445,20.482177734375,2.433566623263889,5.007297092013889,5.390760633680555
5202,00:01:26.683,4.824779369212963,21.630452473958332,2.89013671875,5.538438585069445,6.045762803819445
5203,00:01:26.700,5.185474537037037,22.695719401041668,2.9685872395833335,6.118218315972222,6.469618055555555
5204,00:01:26.717,0.04636863425925925,0.6502278645833334,0.029676649305555556,0.04098849826388889,0.06844075520833333
5205,00:01:26.733,5.133653428819444,22.612711588541668,2.731716579861111,6.195827907986111,6.473415798611111
5206,00:01:26.750,5.554090711805556,27.530924479166668,3.0352918836805554,6.439263237847222,7.187717013888889
5207,00:01:26.767,6.09032298900463,29.01123046875,3.292751736111111,7.141927083333333,7.836290147569445
5208,00:01:26.783,5.998607494212963,29.6337890625,3.2554253472222223,6.885498046875,7.854899088541667
5209,00:01:26.800,5.899721498842593,27.191975911458332,3.19482421875,6.699896918402778,7.804443359375
5210,00:01:26.817,5.701768663194444,25.421142578125,2.8910047743055554,6.685601128472222,7.528700086805555
5211,00:01:26.833,3.494502314814815,13.025309244791666,1.6947428385416667,4.254909939236111,4.533854166666667
5212,00:01:26.850,4.327989366319444,16.006673177083332,2.1122233072916665,5.290201822916667,5.58154296875
5213,00:01:26.867,3.6161295572916665,13.419596354166666,1.7306315104166667,4.436957465277778,4.680799696180555
5214,00:01:26.883,5.19703052662037,17.936604817708332,2.8076985677083335,5.984266493055555,6.799126519097222
5215,00:01:26.900,4.406982421875,16.864420572916668,2.3675401475694446,5.339111328125,5.514295789930555
5216,00:01:26.917,3.0230577256944446,17.97119140625,1.7018229166666667,3.249294704861111,4.118055555555555
5217,00:01:26.933,2.8405580873842595,18.337809244791668,1.6258680555555556,3.0662434895833335,3.829562717013889
5218,00:01:26.950,0.048113787615740734,1.3212076822916667,0.040690104166666664,0.037163628472222224,0.06648763020833333
5219,00:01:26.967,1.2168692129629628,7.643636067708333,0.6159125434027778,1.4019368489583333,1.6327582465277777
5220,00:01:26.983,13.098822699652777,43.987223307291664,7.918538411458333,20.03640407986111,11.34152560763889
5221,00:01:27.000,6.244023075810186,20.267740885416668,4.945231119791667,5.254774305555555,8.532063802083334
5222,00:01:27.017,1.0707374855324074,4.012044270833333,0.5681966145833334,1.2605251736111112,1.3834906684027777
5223,00:01:27.033,9.856816044560185,35.299072265625,5.641574435763889,12.53860134548611,11.390272352430555
5224,00:01:27.050,12.712999131944443,51.471761067708336,7.617268880208333,16.540364583333332,13.981363932291666
5225,00:01:27.067,3.6291865596064814,19.3408203125,2.0333658854166665,4.543809678819445,4.310384114583333
5226,00:01:27.083,15.456172236689815,59.039306640625,8.888102213541666,20.7470703125,16.73334418402778
5227,00:01:27.100,14.461805555555555,67.464599609375,7.729031032986111,18.18948025173611,17.466905381944443
5228,00:01:27.117,10.941216362847221,56.189371744791664,5.862277560763889,13.262017144097221,13.699354383680555
5229,00:01:27.133,10.900933159722223,54.605305989583336,5.851345486111111,12.97317165798611,13.878282335069445
5230,00:01:27.150,3.443992332175926,22.847900390625,1.6515028211805556,4.016330295138889,4.664143880208333
5231,00:01:27.167,0.044352213541666664,0.4634602864583333,0.022325303819444444,0.040608723958333336,0.07012261284722222
5232,00:01:27.183,3.7344563802083335,15.965169270833334,1.8826768663194444,4.393527560763889,4.927164713541667
5233,00:01:27.200,2.979917173032407,6.246337890625,1.42822265625,3.7529296875,3.7585991753472223
5234,00:01:27.217,2.8742494936342595,6.253255208333333,1.2932671440972223,3.440646701388889,3.8888346354166665
5235,00:01:27.233,2.912778501157407,12.817789713541666,1.4449598524305556,3.6221788194444446,3.6711968315972223
5236,00:01:27.250,2.959291811342593,15.778401692708334,1.4887424045138888,3.379150390625,4.009982638888889
5237,00:01:27.267,2.830620659722222,19.223225911458332,1.5046115451388888,3.129421657986111,3.8578287760416665
5238,00:01:27.283,4.465377242476852,24.397379557291668,2.2494032118055554,5.195421006944445,5.951307508680555
5239,00:01:27.300,4.795030381944444,25.089111328125,2.4739583333333335,5.537516276041667,6.373616536458333
5240,00:01:27.317,6.227665653935186,29.827473958333332,3.2984483506944446,7.32080078125,8.06374782986111
5241,00:01:27.333,6.051929615162037,32.1240234375,3.0636664496527777,7.374538845486111,7.717583550347222
5242,00:01:27.350,6.276783130787038,31.978759765625,3.1845703125,7.669297960069445,7.976481119791667
5243,00:01:27.367,3.9696180555555554,24.141438802083332,1.9339463975694444,4.880398220486111,5.094509548611111
5244,00:01:27.383,8.818015769675926,44.512939453125,4.660129123263889,10.681206597222221,11.112711588541666
5245,00:01:27.400,7.3990704571759265,34.047037760416664,3.8912760416666665,8.862874348958334,9.443060980902779
5246,00:01:27.417,6.6596860532407405,32.760416666666664,3.1221245659722223,8.291124131944445,8.565809461805555
5247,00:01:27.433,5.415807653356481,30.892740885416668,2.5880262586805554,6.657416449652778,7.001980251736111
5248,00:01:27.450,5.744429976851852,30.311686197916668,2.6328938802083335,7.221950954861111,7.378445095486111
5249,00:01:27.467,6.6392957899305545,36.094563802083336,3.1659613715277777,8.463433159722221,8.288492838541666
5250,00:01:27.483,0.041919849537037035,1.2312825520833333,0.021023220486111112,0.03903537326388889,0.0657009548611111
5251,00:01:27.500,9.244167751736112,41.870524088541664,5.706271701388889,9.991590711805555,12.03464084201389
5252,00:01:27.517,6.3903989438657405,34.213053385416664,3.0194769965277777,8.160237630208334,7.991482204861111
5253,00:01:27.533,7.500217013888889,39.816080729166664,3.6421712239583335,9.61935763888889,9.239122178819445
5254,00:01:27.550,7.059705946180556,40.867513020833336,3.3958062065972223,8.77926974826389,9.004041883680555
5255,00:01:27.567,7.069742838541667,39.283447265625,3.4405924479166665,8.726481119791666,9.042154947916666
5256,00:01:27.583,6.684208622685186,43.49609375,3.3411729600694446,8.239067925347221,8.47238498263889
5257,00:01:27.600,5.983235677083333,39.255777994791664,2.975830078125,7.364908854166667,7.608968098958333
5258,00:01:27.617,5.9637315538194455,41.144205729166664,3.004638671875,7.626085069444445,7.260470920138889
5259,00:01:27.633,5.056604456018519,33.901774088541664,2.4637586805555554,6.357828776041667,6.348225911458333
5260,00:01:27.650,5.220404730902778,33.127034505208336,2.460693359375,6.538899739583333,6.66162109375
5261,00:01:27.667,5.880163122106481,35.956217447916664,2.9867078993055554,7.281955295138889,7.371826171875
5262,00:01:27.683,6.1739275896990735,38.404947916666664,3.1714952256944446,7.765706380208333,7.584581163194445
5263,00:01:27.700,5.497920283564814,33.562825520833336,2.8302137586805554,6.943956163194445,6.719590928819445
5264,00:01:27.717,5.504909939236112,32.525227864583336,2.8252766927083335,6.9638671875,6.7255859375
5265,00:01:27.733,5.258671513310185,32.345377604166664,2.7235243055555554,6.550645616319445,6.501844618055555
5266,00:01:27.750,6.136058666087963,37.567952473958336,3.176242404513889,7.732503255208333,7.499430338541667
5267,00:01:27.767,0.04619683159722223,1.6048177083333333,0.022352430555555556,0.046685112847222224,0.0695529513888889
5268,00:01:27.783,5.6805645978009265,35.997721354166664,2.8244086371527777,7.286214192708333,6.931070963541667
5269,00:01:27.800,5.012613932291667,32.601318359375,2.410373263888889,6.390407986111111,6.237060546875
5270,00:01:27.817,6.041576244212963,35.202229817708336,2.922390407986111,7.805745442708333,7.396592881944445
5271,00:01:27.833,4.553439670138889,28.395589192708332,2.034396701388889,5.937906901041667,5.688015407986111
5272,00:01:27.850,5.81788013599537,34.171549479166664,2.6621907552083335,7.624348958333333,7.167100694444445
5273,00:01:27.867,5.083215784143518,33.74267578125,2.2948133680555554,6.777723524305555,6.177110460069445
5274,00:01:27.883,5.180935329861111,27.108968098958332,2.366455078125,6.870903862847222,6.305447048611111
5275,00:01:27.900,4.6421079282407405,25.552571614583332,2.110595703125,6.135443793402778,5.680284288194445
5276,00:01:27.917,5.806179470486111,26.700846354166668,2.6533745659722223,7.730278862847222,7.034884982638889
5277,00:01:27.933,4.47606517650463,21.256917317708332,1.9698350694444444,5.972222222222222,5.486138237847222
5278,00:01:27.950,10.820927372685185,56.466064453125,5.659288194444445,14.73385959201389,12.069634331597221
5279,00:01:27.967,10.795609085648147,55.912679036458336,5.568956163194445,14.71774631076389,12.10012478298611
5280,00:01:27.983,10.974419487847221,55.15869140625,5.581787109375,15.114908854166666,12.2265625
5281,00:01:28.000,12.035879629629628,48.206787109375,6.813096788194445,14.888536241319445,14.406005859375
5282,00:01:28.017,10.083143446180555,44.768880208333336,4.987820095486111,14.042588975694445,11.21902126736111
5283,00:01:28.033,10.071940104166666,45.093994140625,5.067898220486111,13.844075520833334,11.303846571180555
5284,00:01:28.050,10.576443142361112,49.970703125,5.366970486111111,14.547254774305555,11.815104166666666
5285,00:01:28.067,9.974247685185185,44.021809895833336,4.868055555555555,13.51022677951389,11.54446072048611
5286,00:01:28.083,9.413755063657407,39.490966796875,4.464274088541667,12.78586154513889,10.991129557291666
5287,00:01:28.100,7.906819661458333,28.810628255208332,3.6245659722222223,10.598388671875,9.497504340277779
5288,00:01:28.117,0.06466109664351852,1.556396484375,0.032416449652777776,0.06187608506944445,0.09969075520833333
5289,00:01:28.133,7.863317418981481,27.828369140625,3.7177734375,10.461480034722221,9.410698784722221
5290,00:01:28.150,7.637333622685186,27.157389322916668,3.6517198350694446,9.858968098958334,9.401312934027779
5291,00:01:28.167,6.8907244646990735,24.459635416666668,3.3733723958333335,9.00979275173611,8.289008246527779
5292,00:01:28.183,7.9374005353009265,29.779052734375,3.817138671875,10.323784722222221,9.671278211805555
5293,00:01:28.200,9.84619140625,42.444661458333336,5.480712890625,12.107259114583334,11.950602213541666
5294,00:01:28.217,9.229917173032408,41.344807942708336,5.134629991319445,11.20968967013889,11.34543185763889
5295,00:01:28.233,5.666422526041667,20.841878255208332,2.7381184895833335,6.906385633680555,7.354763454861111
5296,00:01:28.250,7.137252242476851,31.639811197916668,3.5951605902777777,8.703179253472221,9.113416883680555
5297,00:01:28.267,7.241780598958333,35.222981770833336,3.636962890625,8.537407769097221,9.550971137152779
5298,00:01:28.283,7.034423828125,35.23681640625,3.4454752604166665,8.188178168402779,9.469618055555555
5299,00:01:28.300,7.2974627459490735,32.981770833333336,3.484157986111111,8.928087022569445,9.480143229166666
5300,00:01:28.317,6.954996744791667,29.834391276041668,3.2413465711805554,8.134657118055555,9.48898654513889
5301,00:01:28.333,7.480893735532407,34.123128255208336,3.7672526041666665,8.691053602430555,9.984375
5302,00:01:28.350,10.196714048032407,47.625732421875,6.264729817708333,12.343315972222221,11.982096354166666
5303,00:01:28.367,10.865858289930555,62.269694010416664,6.199408637152778,12.909966362847221,13.488199869791666
5304,00:01:28.383,11.578152126736112,62.511800130208336,6.730821397569445,13.961263020833334,14.042371961805555
5305,00:01:28.400,0.041974103009259266,0.8992513020833334,0.024305555555555556,0.04212782118055555,0.059488932291666664
5306,00:01:28.417,10.393202039930555,54.715983072916664,6.033827039930555,11.94504123263889,13.200737847222221
5307,00:01:28.433,7.7736635561342595,31.273193359375,4.453206380208333,8.922037760416666,9.945746527777779
5308,00:01:28.450,5.531693070023148,22.557373046875,3.367160373263889,6.803304036458333,6.424614800347222
5309,00:01:28.467,4.936152705439814,20.6689453125,3.0980902777777777,6.115776909722222,5.594590928819445
5310,00:01:28.483,5.293547453703703,24.203694661458332,3.3155653211805554,6.268039279513889,6.297037760416667
5311,00:01:28.500,8.482286241319445,25.808512369791668,6.280110677083333,8.020263671875,11.146484375
5312,00:01:28.517,4.486617476851852,25.421142578125,2.613254123263889,5.165473090277778,5.681125217013889
5313,00:01:28.533,4.652280454282407,26.77001953125,2.8499077690972223,5.435248480902778,5.671685112847222
5314,00:01:28.550,5.966191044560186,27.93212890625,3.7274034288194446,6.987277560763889,7.183892144097222
5315,00:01:28.567,3.975341796875,23.214518229166668,2.5164659288194446,4.655409071180555,4.754150390625
5316,00:01:28.583,6.556387442129629,28.049723307291668,4.445855034722222,7.594373914930555,7.628933376736111
5317,00:01:28.600,5.450764973958333,22.384440104166668,3.8372395833333335,6.105495876736111,6.409559461805555
5318,00:01:28.617,6.055591724537038,23.968505859375,4.303683810763889,6.834581163194445,7.028510199652778
5319,00:01:28.633,8.333224826388888,32.013346354166664,5.877685546875,9.29128689236111,9.830702039930555
5320,00:01:28.650,6.649233217592593,26.009114583333332,4.542914496527778,7.531412760416667,7.873372395833333
5321,00:01:28.667,4.270109953703703,20.281575520833332,2.90966796875,4.913384331597222,4.987277560763889
5322,00:01:28.683,5.572374131944444,22.840983072916668,3.8182779947916665,6.410074869791667,6.48876953125
5323,00:01:28.700,4.597837094907407,21.609700520833332,3.047607421875,5.326199001736111,5.419704861111111
5324,00:01:28.717,4.317102502893518,20.966389973958332,2.851047092013889,4.995713975694445,5.104546440972222
5325,00:01:28.733,4.679398148148148,22.003987630208332,3.175021701388889,5.428955078125,5.434217664930555
5326,00:01:28.750,0.04234483506944444,0.29052734375,0.020751953125,0.04310438368055555,0.06317816840277778
5327,00:01:28.767,4.293077256944445,23.276774088541668,2.6783040364583335,5.096408420138889,5.104519314236111
5328,00:01:28.783,5.349283854166667,23.601888020833332,3.468967013888889,6.292588975694445,6.286295572916667
5329,00:01:28.800,4.626754195601852,19.96337890625,3.122802734375,5.372178819444445,5.385281032986111
5330,00:01:28.817,4.052445023148148,15.89599609375,2.7197265625,4.658094618055555,4.779513888888889
5331,00:01:28.833,4.890380859375,18.282470703125,3.3788248697916665,5.679172092013889,5.613145616319445
5332,00:01:28.850,5.122567635995371,16.290283203125,3.3170030381944446,5.595323350694445,6.455376519097222
5333,00:01:28.867,4.453884548611112,20.316162109375,3.2320149739583335,5.022352430555555,5.107286241319445
5334,00:01:28.883,4.474003544560184,18.725179036458332,2.980495876736111,5.188802083333333,5.252712673611111
5335,00:01:28.900,5.877821180555556,22.737223307291668,3.9685872395833335,6.849093967013889,6.815782335069445
5336,00:01:28.917,4.399793836805556,18.5107421875,2.8473578559027777,5.175726996527778,5.176296657986111
5337,00:01:28.933,4.523111979166667,16.615397135416668,2.8585069444444446,5.413194444444445,5.297634548611111
5338,00:01:28.950,4.7038755063657405,20.433756510416668,2.6046549479166665,5.793294270833333,5.713677300347222
5339,00:01:28.967,4.863389756944445,20.177815755208332,2.4745279947916665,5.818332248263889,6.297309027777778
5340,00:01:28.983,4.5431948061342595,21.429850260416668,2.5062934027777777,5.462483723958333,5.660807291666667
5341,00:01:29.000,7.632740162037037,21.9970703125,5.928493923611111,7.045817057291667,9.923909505208334
5342,00:01:29.017,3.7767379195601847,20.399169921875,2.087863498263889,4.774251302083333,4.468098958333333
5343,00:01:29.033,5.347972728587963,20.516764322916668,3.2137586805555554,6.487982855902778,6.342176649305555
5344,00:01:29.050,7.1174135561342595,27.959798177083332,4.324273003472222,8.424235026041666,8.60373263888889
5345,00:01:29.067,6.497287326388889,22.356770833333332,4.100151909722222,7.599527994791667,7.792182074652778
5346,00:01:29.083,5.815592447916667,21.713460286458332,3.5572916666666665,6.867024739583333,7.0224609375
5347,00:01:29.100,5.768120659722221,22.91015625,3.3312174479166665,6.747043185763889,7.226101345486111
5348,00:01:29.117,4.703396267361111,17.403971354166668,2.8257921006944446,5.539388020833333,5.745008680555555
5349,00:01:29.133,4.682183159722222,16.338704427083332,2.6019422743055554,5.817816840277778,5.626790364583333
5350,00:01:29.150,0.05638744212962963,0.477294921875,0.037055121527777776,0.054389105902777776,0.07771809895833333
5351,00:01:29.167,4.323947482638889,16.656901041666668,2.158447265625,5.494086371527778,5.319308810763889
5352,00:01:29.183,4.27928783275463,14.471028645833334,2.20458984375,5.417182074652778,5.216091579861111
5353,00:01:29.200,4.718397352430555,15.875244140625,2.559787326388889,5.925672743055555,5.669731987847222
5354,00:01:29.217,4.341887297453703,16.387125651041668,2.315456814236111,5.431966145833333,5.278238932291667
5355,00:01:29.233,4.0092592592592595,14.305013020833334,2.2048882378472223,4.998345269097222,4.824544270833333
5356,00:01:29.250,4.7342755353009265,15.965169270833334,2.749538845486111,5.745415581597222,5.707872178819445
5357,00:01:29.267,3.8437771267361107,15.667724609375,2.2071397569444446,4.757758246527778,4.566433376736111
5358,00:01:29.283,4.093306929976852,16.899007161458332,2.4556477864583335,5.01220703125,4.812065972222222
5359,00:01:29.300,5.228162977430556,19.707438151041668,3.0796440972222223,6.197482638888889,6.407362196180555
5360,00:01:29.317,4.6185076678240735,16.435546875,2.8263617621527777,5.571560329861111,5.457600911458333
5361,00:01:29.333,4.991997612847221,20.897216796875,3.2080078125,5.994222005208333,5.773763020833333
5362,00:01:29.350,3.3630642361111107,16.497802734375,2.0360514322916665,4.038140190972222,4.015001085069445
5363,00:01:29.367,5.588659215856482,18.517659505208332,3.6109483506944446,6.731391059027778,6.423638237847222
5364,00:01:29.383,4.766737196180555,16.456298828125,3.0487196180555554,5.772352430555555,5.479139539930555
5365,00:01:29.400,5.1409686053240735,16.414794921875,3.1700575086805554,6.291069878472222,5.961778428819445
5366,00:01:29.417,4.596417462384259,15.308024088541666,2.8505859375,5.582655164930555,5.356011284722222
5367,00:01:29.433,4.763789424189814,12.983805338541666,2.8477647569444446,5.827718098958333,5.615885416666667
5368,00:01:29.450,6.780635127314814,16.387125651041668,3.8715277777777777,8.660698784722221,7.809678819444445
5369,00:01:29.467,7.02490234375,20.530598958333332,4.414469401041667,8.91650390625,7.743733723958333
5370,00:01:29.483,0.057454427083333336,0.9684244791666666,0.039360894097222224,0.054524739583333336,0.07847764756944445
5371,00:01:29.500,14.658175998263891,44.215494791666664,10.241156684027779,15.60500759548611,18.12836371527778
5372,00:01:29.517,11.952582465277779,37.920735677083336,7.053792317708333,14.306287977430555,14.497667100694445
5373,00:01:29.533,9.597936559606481,27.316487630208332,5.532335069444445,11.823594835069445,11.437879774305555
5374,00:01:29.550,6.563160083912038,20.655110677083332,3.6363932291666665,8.506537543402779,7.546549479166667
5375,00:01:29.567,6.090729890046297,17.998860677083332,3.2326117621527777,8.144775390625,6.894802517361111
5376,00:01:29.583,5.475775824652779,16.47705078125,2.805691189236111,7.533094618055555,6.088541666666667
5377,00:01:29.600,3.271511501736111,8.058675130208334,1.7638075086805556,4.642008463541667,3.408718532986111
5378,00:01:29.617,3.9978479456018516,11.877034505208334,2.2926703559027777,5.2412109375,4.459662543402778
5379,00:01:29.633,3.4816713686342595,9.635823567708334,1.8472493489583333,4.766248914930555,3.831515842013889
5380,00:01:29.650,2.814227068865741,8.529052734375,1.5387369791666667,3.9053548177083335,2.9985894097222223
5381,00:01:29.667,4.28931568287037,11.628011067708334,1.5802680121527777,5.66357421875,5.624104817708333
5382,00:01:29.683,3.6023130063657405,14.104410807291666,1.81982421875,4.482231987847222,4.5048828125
5383,00:01:29.700,2.862087673611111,9.449055989583334,1.6972927517361112,3.626247829861111,3.262722439236111
5384,00:01:29.717,3.093144169560185,13.080647786458334,1.5898708767361112,3.791015625,3.8985460069444446
5385,00:01:29.733,4.009711371527778,21.609700520833332,2.1338433159722223,5.117540147569445,4.777750651041667
5386,00:01:29.750,4.7008282696759265,21.920979817708332,2.4507649739583335,5.946587456597222,5.705132378472222
5387,00:01:29.767,5.851255063657407,27.93212890625,3.0553656684027777,7.369547526041667,7.128851996527778
5388,00:01:29.783,6.486617476851852,27.60009765625,3.347927517361111,8.036024305555555,8.07590060763889
5389,00:01:29.800,6.903202763310186,24.957682291666668,3.5536024305555554,8.433892144097221,8.722113715277779
5390,00:01:29.817,0.045184100115740734,2.1651204427083335,0.023139105902777776,0.04446072048611111,0.06795247395833333
5391,00:01:29.833,7.9034559461805545,26.970621744791668,3.86572265625,9.740532769097221,10.104112413194445
5392,00:01:29.850,7.2542588975694455,26.5625,3.4510362413194446,9.095458984375,9.21628146701389
5393,00:01:29.867,7.0452745225694455,22.95166015625,3.3578016493055554,8.885362413194445,8.892659505208334
5394,00:01:29.883,8.513364438657407,27.959798177083332,4.289143880208333,10.53879123263889,10.712158203125
5395,00:01:29.900,8.998598451967593,29.855143229166668,4.584526909722222,11.259901258680555,11.1513671875
5396,00:01:29.917,6.460141782407407,23.408203125,3.5921766493055554,7.956651475694445,7.831597222222222
5397,00:01:29.933,0.053837528935185196,0.4634602864583333,0.030680338541666668,0.052978515625,0.0778537326388889
5398,00:01:29.950,6.889069733796297,24.037679036458332,4.282552083333333,8.529134114583334,7.855523003472222
5399,00:01:29.967,7.612630208333333,26.590169270833332,5.290988498263889,9.269476996527779,8.277425130208334
5400,00:01:29.983,6.764865451388888,21.886393229166668,4.801242404513889,8.109293619791666,7.384060329861111
