frame,t,content_val,fdiff,flow,flow_p95,edge
0,0.0,,,,,0.18085
1,0.017,7.434,2.4779,0.201,0.3566,0.18085
2,0.033,13.786,4.5952,0.2322,0.4885,0.17923
3,0.05,33.687,11.2288,0.2706,0.5778,0.16816
4,0.067,37.317,12.439,0.2169,0.5897,0.16007
5,0.083,22.448,7.4827,0.148,0.4664,0.14428
6,0.1,30.763,10.2543,0.1685,0.5027,0.12786
7,0.117,0.107,0.0355,0.0061,0.0282,0.12898
8,0.133,58.477,19.4925,0.2981,0.9812,0.08905
9,0.15,58.739,19.5796,0.9364,4.628,0.00361
10,0.167,15.866,5.2886,0.1045,0.5351,0.00361
11,0.183,0.019,0.0063,0.0004,0.0,0.00373
12,0.2,0.009,0.0031,0.0003,0.0,0.00386
13,0.217,0.005,0.0015,0.0002,0.0,0.00386
14,0.233,0.024,0.0079,0.0004,0.0001,0.00386
15,0.25,1.636,0.5453,0.0005,0.0016,0.00386
16,0.267,0.006,0.0022,0.0002,0.0,0.00386
17,0.283,0.045,0.015,0.0003,0.0003,0.00386
18,0.3,0.03,0.01,0.0001,0.0,0.00386
19,0.317,0.002,0.0006,0.0001,0.0,0.00386
20,0.333,0.003,0.0009,0.0001,0.0,0.00386
21,0.35,0.026,0.0086,0.0002,0.0001,0.00386
22,0.367,0.017,0.0058,0.0002,0.0,0.00386
23,0.383,0.01,0.0034,0.0002,0.0,0.00386
24,0.4,0.009,0.003,0.0002,0.0,0.00386
25,0.417,0.008,0.0026,0.0002,0.0,0.00386
26,0.433,0.014,0.0046,0.0002,0.0001,0.00386
27,0.45,0.013,0.0043,0.0002,0.0,0.00386
28,0.467,0.021,0.0071,0.0002,0.0002,0.00386
29,0.483,0.058,0.0195,0.0016,0.0,0.00373
30,0.5,0.807,0.2691,0.0004,0.0001,0.00373
31,0.517,0.0,0.0001,0.0001,0.0,0.00373
32,0.533,0.001,0.0002,0.0001,0.0,0.00373
33,0.55,0.005,0.0016,0.0001,0.0,0.00386
34,0.567,0.003,0.0009,0.0001,0.0,0.00386
35,0.583,0.003,0.001,0.0001,0.0,0.00373
36,0.6,0.004,0.0013,0.0001,0.0,0.00373
37,0.617,0.003,0.0011,0.0001,0.0,0.00373
38,0.633,0.002,0.0007,0.0001,0.0,0.00373
39,0.65,0.003,0.0009,0.0001,0.0,0.00386
40,0.667,0.004,0.0012,0.0001,0.0,0.00373
41,0.683,0.003,0.0009,0.0001,0.0,0.00373
42,0.7,0.002,0.0008,0.0001,0.0,0.00386
43,0.717,0.002,0.0006,0.0001,0.0,0.00386
44,0.733,0.003,0.001,0.0001,0.0,0.00386
45,0.75,0.014,0.0045,0.0005,0.0,0.00373
46,0.767,0.001,0.0003,0.0001,0.0,0.00373
47,0.783,0.001,0.0003,0.0001,0.0,0.00373
48,0.8,0.001,0.0002,0.0001,0.0,0.00373
49,0.817,0.001,0.0004,0.0001,0.0,0.00373
50,0.833,0.001,0.0003,0.0001,0.0,0.00373
51,0.85,0.002,0.0006,0.0001,0.0,0.00373
52,0.867,0.001,0.0003,0.0001,0.0,0.00373
53,0.883,0.001,0.0004,0.0001,0.0,0.00386
54,0.9,0.001,0.0003,0.0001,0.0,0.00386
55,0.917,0.001,0.0002,0.0001,0.0,0.00386
56,0.933,0.001,0.0004,0.0,0.0,0.00386
57,0.95,0.001,0.0003,0.0001,0.0,0.00386
58,0.967,0.0,0.0001,0.0001,0.0,0.00386
59,0.983,0.0,0.0001,0.0001,0.0,0.00386
60,1.0,0.004,0.0012,0.0001,0.0,0.00373
61,1.017,0.001,0.0002,0.0001,0.0,0.00386
62,1.033,0.0,0.0001,0.0001,0.0,0.00386
63,1.05,0.0,0.0001,0.0001,0.0,0.00386
64,1.067,0.0,0.0001,0.0001,0.0,0.00386
65,1.083,0.003,0.0009,0.0001,0.0,0.00398
66,1.1,0.0,0.0001,0.0001,0.0,0.00398
67,1.117,0.0,0.0,0.0001,0.0,0.00398
68,1.133,0.001,0.0003,0.0,0.0,0.00398
69,1.15,0.0,0.0001,0.0001,0.0,0.00398
70,1.167,0.0,0.0,0.0001,0.0,0.00398
71,1.183,0.0,0.0,0.0001,0.0,0.00398
72,1.2,0.0,0.0,0.0,0.0,0.00398
73,1.217,0.0,0.0,0.0,0.0,0.00398
74,1.233,0.0,0.0,0.0001,0.0,0.00398
75,1.25,0.0,0.0,0.0001,0.0,0.00398
76,1.267,0.0,0.0,0.0,0.0,0.00398
77,1.283,0.0,0.0,0.0,0.0,0.00398
78,1.3,0.0,0.0,0.0001,0.0,0.00398
79,1.317,0.0,0.0,0.0001,0.0,0.00398
80,1.333,0.0,0.0,0.0,0.0,0.00398
81,1.35,0.0,0.0,0.0,0.0,0.00398
82,1.367,0.0,0.0,0.0001,0.0,0.00398
83,1.383,0.0,0.0,0.0001,0.0,0.00398
84,1.4,0.0,0.0,0.0,0.0,0.00398
85,1.417,0.0,0.0,0.0,0.0,0.00398
86,1.433,0.0,0.0,0.0001,0.0,0.00398
87,1.45,0.0,0.0,0.0001,0.0,0.00398
88,1.467,0.0,0.0,0.0,0.0,0.00398
89,1.483,0.026,0.0088,0.0008,0.0,0.0041
90,1.5,0.003,0.0009,0.0001,0.0,0.0041
91,1.517,0.0,0.0,0.0,0.0,0.0041
92,1.533,0.0,0.0,0.0,0.0,0.0041
93,1.55,0.0,0.0,0.0,0.0,0.0041
94,1.567,0.0,0.0,0.0,0.0,0.0041
95,1.583,0.0,0.0,0.0,0.0,0.0041
96,1.6,0.0,0.0,0.0,0.0,0.0041
97,1.617,0.0,0.0,0.0,0.0,0.0041
98,1.633,0.0,0.0,0.0,0.0,0.0041
99,1.65,0.0,0.0,0.0,0.0,0.0041
100,1.667,0.0,0.0,0.0,0.0,0.0041
101,1.683,0.0,0.0,0.0,0.0,0.0041
102,1.7,0.0,0.0,0.0,0.0,0.0041
103,1.717,0.0,0.0,0.0,0.0,0.0041
104,1.733,0.0,0.0,0.0,0.0,0.0041
105,1.75,0.011,0.0037,0.0008,0.0,0.0041
106,1.767,0.0,0.0,0.0,0.0,0.0041
107,1.783,0.0,0.0,0.0,0.0,0.0041
108,1.8,0.0,0.0,0.0,0.0,0.0041
109,1.817,0.0,0.0,0.0,0.0,0.0041
110,1.833,0.0,0.0,0.0,0.0,0.0041
111,1.85,0.0,0.0,0.0,0.0,0.0041
112,1.867,0.0,0.0,0.0,0.0,0.0041
113,1.883,0.0,0.0,0.0,0.0,0.0041
114,1.9,0.0,0.0,0.0,0.0,0.0041
115,1.917,0.0,0.0,0.0,0.0,0.0041
116,1.933,0.0,0.0,0.0,0.0,0.0041
117,1.95,0.0,0.0,0.0,0.0,0.0041
118,1.967,0.0,0.0,0.0,0.0,0.0041
119,1.983,0.0,0.0,0.0,0.0,0.0041
120,2.0,0.0,0.0,0.0001,0.0,0.0041
121,2.017,0.0,0.0,0.0,0.0,0.0041
122,2.033,0.0,0.0,0.0,0.0,0.0041
123,2.05,0.0,0.0,0.0,0.0,0.0041
124,2.067,0.0,0.0,0.0,0.0,0.0041
125,2.083,0.0,0.0,0.0,0.0,0.0041
126,2.1,0.0,0.0,0.0,0.0,0.0041
127,2.117,0.0,0.0,0.0,0.0,0.0041
128,2.133,0.0,0.0,0.0,0.0,0.0041
129,2.15,0.0,0.0,0.0,0.0,0.0041
130,2.167,0.0,0.0,0.0,0.0,0.0041
131,2.183,0.0,0.0,0.0,0.0,0.0041
132,2.2,0.0,0.0,0.0,0.0,0.0041
133,2.217,0.0,0.0,0.0,0.0,0.0041
134,2.233,0.0,0.0,0.0,0.0,0.0041
135,2.25,0.0,0.0,0.0,0.0,0.0041
136,2.267,0.011,0.0037,0.0008,0.0,0.0041
137,2.283,0.0,0.0,0.0,0.0,0.0041
138,2.3,0.0,0.0,0.0,0.0,0.0041
139,2.317,0.0,0.0,0.0,0.0,0.0041
140,2.333,0.0,0.0,0.0,0.0,0.0041
141,2.35,0.0,0.0,0.0,0.0,0.0041
142,2.367,0.0,0.0,0.0,0.0,0.0041
143,2.383,0.0,0.0,0.0,0.0,0.0041
144,2.4,0.0,0.0,0.0,0.0,0.0041
145,2.417,0.0,0.0,0.0,0.0,0.0041
146,2.433,0.0,0.0,0.0,0.0,0.0041
147,2.45,0.0,0.0,0.0,0.0,0.0041
148,2.467,0.0,0.0,0.0,0.0,0.0041
149,2.483,0.0,0.0,0.0,0.0,0.0041
150,2.5,0.048,0.016,0.0015,0.0,0.00373
151,2.517,0.0,0.0,0.0,0.0,0.00373
152,2.533,0.0,0.0,0.0,0.0,0.00373
153,2.55,0.0,0.0,0.0001,0.0,0.00373
154,2.567,0.0,0.0,0.0,0.0,0.00373
155,2.583,0.0,0.0,0.0,0.0,0.00373
156,2.6,0.0,0.0,0.0,0.0,0.00373
157,2.617,0.0,0.0,0.0,0.0,0.00373
158,2.633,0.0,0.0,0.0,0.0,0.00373
159,2.65,0.0,0.0,0.0,0.0,0.00373
160,2.667,0.0,0.0,0.0,0.0,0.00373
161,2.683,0.0,0.0,0.0,0.0,0.00373
162,2.7,0.0,0.0,0.0,0.0,0.00373
163,2.717,0.0,0.0,0.0,0.0,0.00373
164,2.733,0.0,0.0,0.0,0.0,0.00373
165,2.75,0.0,0.0,0.0,0.0,0.00373
166,2.767,0.0,0.0,0.0,0.0,0.00373
167,2.783,0.012,0.0039,0.0005,0.0,0.00361
168,2.8,0.0,0.0,0.0,0.0,0.00361
169,2.817,0.0,0.0,0.0,0.0,0.00361
170,2.833,0.0,0.0,0.0,0.0,0.00361
171,2.85,0.0,0.0,0.0,0.0,0.00361
172,2.867,0.0,0.0,0.0,0.0,0.00361
173,2.883,0.0,0.0,0.0,0.0,0.00361
174,2.9,0.0,0.0,0.0,0.0,0.00361
175,2.917,0.0,0.0,0.0,0.0,0.00361
176,2.933,0.0,0.0,0.0,0.0,0.00361
177,2.95,0.0,0.0,0.0,0.0,0.00361
178,2.967,0.0,0.0,0.0,0.0,0.00361
179,2.983,0.0,0.0,0.0,0.0,0.00361
180,3.0,0.0,0.0,0.0001,0.0,0.00361
181,3.017,0.0,0.0,0.0,0.0,0.00361
182,3.033,0.0,0.0,0.0,0.0,0.00361
183,3.05,0.0,0.0,0.0001,0.0,0.00361
184,3.067,0.0,0.0,0.0,0.0,0.00361
185,3.083,0.0,0.0,0.0,0.0,0.00361
186,3.1,0.0,0.0,0.0,0.0,0.00361
187,3.117,0.0,0.0,0.0,0.0,0.00361
188,3.133,0.0,0.0,0.0,0.0,0.00361
189,3.15,0.0,0.0,0.0,0.0,0.00361
190,3.167,0.0,0.0,0.0,0.0,0.00361
191,3.183,0.0,0.0,0.0,0.0,0.00361
192,3.2,0.0,0.0,0.0,0.0,0.00361
193,3.217,0.0,0.0,0.0,0.0,0.00361
194,3.233,0.0,0.0,0.0,0.0,0.00361
195,3.25,0.0,0.0,0.0,0.0,0.00361
196,3.267,0.0,0.0,0.0,0.0,0.00361
197,3.283,0.012,0.0039,0.0005,0.0,0.00373
198,3.3,0.0,0.0,0.0,0.0,0.00373
199,3.317,0.0,0.0,0.0,0.0,0.00373
200,3.333,0.0,0.0,0.0,0.0,0.00373
201,3.35,0.0,0.0,0.0,0.0,0.00373
202,3.367,0.0,0.0,0.0,0.0,0.00373
203,3.383,0.0,0.0,0.0,0.0,0.00373
204,3.4,0.0,0.0,0.0,0.0,0.00373
205,3.417,0.0,0.0,0.0,0.0,0.00373
206,3.433,0.0,0.0,0.0,0.0,0.00373
207,3.45,0.0,0.0,0.0,0.0,0.00373
208,3.467,0.0,0.0,0.0,0.0,0.00373
209,3.483,0.061,0.0204,0.002,0.0,0.0041
210,3.5,0.001,0.0004,0.0001,0.0,0.0041
211,3.517,0.0,0.0,0.0,0.0,0.0041
212,3.533,0.0,0.0,0.0,0.0,0.0041
213,3.55,0.0,0.0,0.0,0.0,0.0041
214,3.567,0.0,0.0,0.0,0.0,0.0041
215,3.583,0.0,0.0,0.0,0.0,0.0041
216,3.6,0.0,0.0,0.0,0.0,0.0041
217,3.617,0.0,0.0,0.0,0.0,0.0041
218,3.633,0.0,0.0,0.0,0.0,0.0041
219,3.65,0.0,0.0,0.0,0.0,0.0041
220,3.667,0.0,0.0,0.0,0.0,0.0041
221,3.683,0.0,0.0,0.0,0.0,0.0041
222,3.7,0.0,0.0,0.0,0.0,0.0041
223,3.717,0.0,0.0,0.0,0.0,0.0041
224,3.733,0.0,0.0,0.0,0.0,0.0041
225,3.75,0.0,0.0,0.0,0.0,0.0041
226,3.767,0.016,0.0053,0.0005,0.0,0.0041
227,3.783,0.0,0.0,0.0,0.0,0.0041
228,3.8,0.0,0.0,0.0,0.0,0.0041
229,3.817,0.0,0.0,0.0,0.0,0.0041
230,3.833,0.0,0.0,0.0,0.0,0.0041
231,3.85,0.0,0.0,0.0,0.0,0.0041
232,3.867,0.0,0.0,0.0,0.0,0.0041
233,3.883,0.0,0.0,0.0,0.0,0.0041
234,3.9,0.0,0.0,0.0,0.0,0.0041
235,3.917,0.0,0.0,0.0,0.0,0.0041
236,3.933,0.0,0.0,0.0,0.0,0.0041
237,3.95,0.0,0.0,0.0,0.0,0.0041
238,3.967,0.0,0.0,0.0,0.0,0.0041
239,3.983,0.0,0.0,0.0,0.0,0.0041
240,4.0,0.0,0.0,0.0001,0.0,0.0041
241,4.017,0.0,0.0,0.0,0.0,0.0041
242,4.033,0.0,0.0,0.0,0.0,0.0041
243,4.05,0.0,0.0,0.0,0.0,0.0041
244,4.067,0.0,0.0,0.0,0.0,0.0041
245,4.083,0.0,0.0,0.0,0.0,0.0041
246,4.1,0.0,0.0,0.0,0.0,0.0041
247,4.117,0.0,0.0,0.0,0.0,0.0041
248,4.133,0.0,0.0,0.0,0.0,0.0041
249,4.15,0.0,0.0,0.0,0.0,0.0041
250,4.167,0.0,0.0,0.0,0.0,0.0041
251,4.183,0.0,0.0,0.0,0.0,0.0041
252,4.2,0.0,0.0,0.0,0.0,0.0041
253,4.217,0.0,0.0,0.0,0.0,0.0041
254,4.233,0.0,0.0,0.0,0.0,0.0041
255,4.25,0.172,0.0572,0.0082,0.0,0.0056
256,4.267,0.0,0.0,0.0,0.0,0.0056
257,4.283,0.0,0.0,0.0,0.0,0.0056
258,4.3,0.0,0.0,0.0,0.0,0.0056
259,4.317,0.0,0.0,0.0,0.0,0.0056
260,4.333,0.0,0.0,0.0,0.0,0.0056
261,4.35,0.0,0.0,0.0,0.0,0.0056
262,4.367,0.0,0.0,0.0,0.0,0.0056
263,4.383,0.0,0.0,0.0,0.0,0.0056
264,4.4,0.0,0.0,0.0,0.0,0.0056
265,4.417,0.0,0.0,0.0,0.0,0.0056
266,4.433,0.0,0.0,0.0,0.0,0.0056
267,4.45,0.0,0.0,0.0,0.0,0.0056
268,4.467,0.0,0.0,0.0,0.0,0.0056
269,4.483,0.0,0.0,0.0,0.0,0.0056
270,4.5,0.001,0.0002,0.0001,0.0,0.0056
271,4.517,0.0,0.0,0.0,0.0,0.0056
272,4.533,0.0,0.0,0.0,0.0,0.0056
273,4.55,0.0,0.0,0.0,0.0,0.0056
274,4.567,0.0,0.0,0.0,0.0,0.0056
275,4.583,0.0,0.0,0.0,0.0,0.0056
276,4.6,0.0,0.0,0.0,0.0,0.0056
277,4.617,0.0,0.0,0.0,0.0,0.0056
278,4.633,0.0,0.0,0.0,0.0,0.0056
279,4.65,0.0,0.0,0.0,0.0,0.0056
280,4.667,0.0,0.0,0.0,0.0,0.0056
281,4.683,0.0,0.0,0.0,0.0,0.0056
282,4.7,0.0,0.0,0.0,0.0,0.0056
283,4.717,0.0,0.0,0.0,0.0,0.0056
284,4.733,0.0,0.0,0.0,0.0,0.0056
285,4.75,0.0,0.0,0.0,0.0,0.0056
286,4.767,0.0,0.0,0.0,0.0,0.0056
287,4.783,0.0,0.0,0.0,0.0,0.0056
288,4.8,0.0,0.0,0.0,0.0,0.0056
289,4.817,0.0,0.0,0.0,0.0,0.0056
290,4.833,0.0,0.0,0.0,0.0,0.0056
291,4.85,0.0,0.0,0.0,0.0,0.0056
292,4.867,0.0,0.0,0.0,0.0,0.0056
293,4.883,0.0,0.0,0.0,0.0,0.0056
294,4.9,0.0,0.0,0.0,0.0,0.0056
295,4.917,0.0,0.0,0.0,0.0,0.0056
296,4.933,0.0,0.0,0.0,0.0,0.0056
297,4.95,0.0,0.0,0.0,0.0,0.0056
298,4.967,0.0,0.0,0.0,0.0,0.0056
299,4.983,0.0,0.0,0.0,0.0,0.0056
300,5.0,0.0,0.0,0.0001,0.0,0.0056
301,5.017,0.0,0.0,0.0,0.0,0.0056
302,5.033,0.0,0.0,0.0,0.0,0.0056
303,5.05,0.0,0.0,0.0,0.0,0.0056
304,5.067,0.086,0.0286,0.0028,0.0,0.00522
305,5.083,0.0,0.0001,0.0001,0.0,0.00522
306,5.1,0.0,0.0,0.0,0.0,0.00522
307,5.117,0.0,0.0,0.0,0.0,0.00522
308,5.133,0.0,0.0,0.0,0.0,0.00522
309,5.15,0.0,0.0,0.0,0.0,0.00522
310,5.167,0.0,0.0,0.0,0.0,0.00522
311,5.183,0.0,0.0,0.0,0.0,0.00522
312,5.2,0.0,0.0,0.0,0.0,0.00522
313,5.217,0.0,0.0,0.0,0.0,0.00522
314,5.233,0.0,0.0,0.0,0.0,0.00522
315,5.25,0.0,0.0001,0.0001,0.0,0.00522
316,5.267,0.0,0.0,0.0,0.0,0.00522
317,5.283,0.0,0.0,0.0,0.0,0.00522
318,5.3,0.0,0.0,0.0,0.0,0.00522
319,5.317,0.0,0.0,0.0,0.0,0.00522
320,5.333,0.0,0.0,0.0,0.0,0.00522
321,5.35,0.0,0.0,0.0,0.0,0.00522
322,5.367,0.0,0.0,0.0,0.0,0.00522
323,5.383,0.0,0.0,0.0,0.0,0.00522
324,5.4,0.0,0.0,0.0,0.0,0.00522
325,5.417,0.0,0.0,0.0,0.0,0.00522
326,5.433,0.0,0.0,0.0,0.0,0.00522
327,5.45,0.0,0.0,0.0,0.0,0.00522
328,5.467,0.057,0.019,0.0017,0.0,0.00535
329,5.483,0.0,0.0001,0.0001,0.0,0.00535
330,5.5,0.002,0.0007,0.0002,0.0,0.00535
331,5.517,0.0,0.0,0.0,0.0,0.00535
332,5.533,0.0,0.0,0.0,0.0,0.00535
333,5.55,0.0,0.0,0.0,0.0,0.00535
334,5.567,0.0,0.0,0.0,0.0,0.00535
335,5.583,0.014,0.0047,0.0003,0.0,0.00535
336,5.6,0.0,0.0,0.0,0.0,0.00535
337,5.617,0.0,0.0,0.0,0.0,0.00535
338,5.633,0.0,0.0,0.0,0.0,0.00535
339,5.65,0.0,0.0,0.0,0.0,0.00535
340,5.667,0.0,0.0,0.0,0.0,0.00535
341,5.683,0.0,0.0,0.0,0.0,0.00535
342,5.7,0.0,0.0,0.0,0.0,0.00535
343,5.717,0.0,0.0,0.0,0.0,0.00535
344,5.733,0.0,0.0,0.0,0.0,0.00535
345,5.75,0.0,0.0,0.0,0.0,0.00535
346,5.767,0.0,0.0,0.0,0.0,0.00535
347,5.783,0.0,0.0,0.0,0.0,0.00535
348,5.8,0.0,0.0,0.0,0.0,0.00535
349,5.817,0.0,0.0,0.0,0.0,0.00535
350,5.833,0.0,0.0,0.0,0.0,0.00535
351,5.85,0.0,0.0,0.0,0.0,0.00535
352,5.867,0.0,0.0,0.0,0.0,0.00535
353,5.883,0.0,0.0,0.0,0.0,0.00535
354,5.9,0.0,0.0,0.0,0.0,0.00535
355,5.917,0.0,0.0,0.0,0.0,0.00535
356,5.933,0.0,0.0,0.0,0.0,0.00535
357,5.95,0.0,0.0,0.0,0.0,0.00535
358,5.967,0.0,0.0,0.0,0.0,0.00535
359,5.983,0.0,0.0,0.0,0.0,0.00535
360,6.0,0.0,0.0,0.0001,0.0,0.00535
361,6.017,0.0,0.0,0.0,0.0,0.00535
362,6.033,0.0,0.0,0.0,0.0,0.00535
363,6.05,0.0,0.0,0.0,0.0,0.00535
364,6.067,0.0,0.0,0.0,0.0,0.00535
365,6.083,0.0,0.0,0.0,0.0,0.00535
366,6.1,0.012,0.0041,0.0004,0.0,0.00535
367,6.117,0.0,0.0,0.0,0.0,0.00535
368,6.133,0.0,0.0,0.0,0.0,0.00535
369,6.15,0.0,0.0,0.0,0.0,0.00535
370,6.167,0.0,0.0,0.0,0.0,0.00535
371,6.183,0.0,0.0,0.0,0.0,0.00535
372,6.2,9.624,3.2079,0.4465,2.6215,0.02848
373,6.217,7.16,2.3866,0.071,0.4211,0.02848
374,6.233,5.959,1.9862,0.0513,0.3526,0.02861
375,6.25,4.596,1.5319,0.0539,0.5513,0.02848
376,6.267,5.329,1.7764,0.1101,1.1398,0.02761
377,6.283,5.199,1.7331,0.1371,1.4046,0.02649
378,6.3,8.777,2.9256,0.2654,2.6884,0.025
379,6.317,7.929,2.6431,0.2431,2.345,0.02289
380,6.333,10.794,3.5979,0.3369,3.0195,0.0199
381,6.35,9.665,3.2218,0.3033,2.3991,0.01729
382,6.367,9.062,3.0207,0.3032,0.5044,0.01331
383,6.383,6.789,2.2629,0.2863,0.0,0.00896
384,6.4,0.086,0.0287,0.002,0.0,0.00933
385,6.417,0.0,0.0,0.0,0.0,0.00933
386,6.433,0.272,0.0907,0.0061,0.0,0.0092
387,6.45,0.36,0.1199,0.0079,0.0,0.00896
388,6.467,0.221,0.0738,0.0051,0.0,0.00933
389,6.483,0.076,0.0253,0.0024,0.0,0.00896
390,6.5,0.014,0.0047,0.0003,0.0,0.00896
391,6.517,0.003,0.0011,0.0001,0.0,0.00896
392,6.533,0.009,0.0031,0.0002,0.0,0.00896
393,6.55,0.008,0.0028,0.0002,0.0,0.00896
394,6.567,0.026,0.0088,0.0004,0.0,0.00896
395,6.583,0.041,0.0138,0.0005,0.0,0.00896
396,6.6,0.054,0.0179,0.0009,0.0,0.00883
397,6.617,0.058,0.0192,0.0006,0.0,0.00883
398,6.633,0.04,0.0133,0.0005,0.0,0.00883
399,6.65,12.391,4.1305,0.106,0.5355,0.0092
400,6.667,43.759,14.5865,0.2697,1.0126,0.03582
401,6.683,15.623,5.2076,0.0962,0.2734,0.04527
402,6.7,26.984,8.9947,0.1131,0.3182,0.06256
403,6.717,24.069,8.0229,0.1042,0.274,0.08147
404,6.733,20.026,6.6752,0.0921,0.2234,0.08794
405,6.75,12.558,4.1861,0.0811,0.1985,0.09192
406,6.767,15.842,5.2805,0.0877,0.216,0.09677
407,6.783,8.808,2.9361,0.0763,0.1932,0.11393
408,6.8,14.54,4.8466,0.0847,0.2125,0.125
409,6.817,6.833,2.2775,0.0786,0.21,0.12102
410,6.833,10.982,3.6608,0.0889,0.23,0.13818
411,6.85,6.256,2.0855,0.087,0.2344,0.13955
412,6.867,3.482,1.1608,0.0779,0.2263,0.13856
413,6.883,6.511,2.1704,0.0904,0.2583,0.14838
414,6.9,3.603,1.201,0.0755,0.2071,0.14565
415,6.917,1.54,0.5133,0.0524,0.1518,0.14353
416,6.933,3.605,1.2015,0.0674,0.1867,0.14167
417,6.95,1.101,0.367,0.0273,0.0743,0.14104
418,6.967,0.532,0.1772,0.014,0.0461,0.14366
419,6.983,0.17,0.0566,0.0057,0.0248,0.14291
420,7.0,4.209,1.403,0.0568,0.1589,0.14975
421,7.017,0.236,0.0785,0.0072,0.0275,0.14988
422,7.033,0.216,0.0719,0.0084,0.029,0.14851
423,7.05,0.284,0.0946,0.0108,0.0342,0.14925
424,7.067,0.395,0.1317,0.0147,0.0428,0.14789
425,7.083,0.694,0.2315,0.0213,0.0625,0.14963
426,7.1,0.602,0.2007,0.0186,0.0548,0.15112
427,7.117,0.62,0.2067,0.0195,0.0593,0.15025
428,7.133,0.814,0.2712,0.0203,0.059,0.15174
429,7.15,0.928,0.3095,0.022,0.0643,0.15075
430,7.167,0.507,0.169,0.0144,0.045,0.14863
431,7.183,0.416,0.1386,0.0126,0.04,0.15037
432,7.2,4.541,1.5137,0.0937,0.3877,0.16169
433,7.217,3.778,1.2592,0.0487,0.232,0.15796
434,7.233,0.131,0.0435,0.0067,0.0212,0.15697
435,7.25,4.242,1.4139,0.0506,0.31,0.15684
436,7.267,3.469,1.1564,0.0701,0.5183,0.15522
437,7.283,3.503,1.1676,0.105,0.8422,0.15746
438,7.3,4.495,1.4984,0.1629,1.389,0.15659
439,7.317,5.552,1.8508,0.2282,1.9758,0.16231
440,7.333,6.624,2.208,0.2872,2.4134,0.15945
441,7.35,6.214,2.0715,0.2691,1.6321,0.15945
442,7.367,7.156,2.3853,0.4179,3.0137,0.15609
443,7.383,5.481,1.8272,0.382,0.376,0.15535
444,7.4,1.842,0.6141,0.0719,0.0427,0.15274
445,7.417,0.346,0.1154,0.0123,0.0349,0.15386
446,7.433,0.557,0.1857,0.0169,0.041,0.15174
447,7.45,0.479,0.1595,0.0155,0.0401,0.15187
448,7.467,0.212,0.0705,0.0074,0.0253,0.14925
449,7.483,0.163,0.0544,0.0039,0.0169,0.14838
450,7.5,2.086,0.6953,0.033,0.0921,0.15274
451,7.517,0.376,0.1253,0.0134,0.0388,0.15075
452,7.533,0.087,0.029,0.0043,0.0146,0.15112
453,7.55,0.267,0.0891,0.0081,0.0275,0.15112
454,7.567,0.676,0.2253,0.0185,0.0509,0.15124
455,7.583,0.304,0.1015,0.0099,0.0313,0.15012
456,7.6,0.431,0.1437,0.011,0.0353,0.1495
457,7.617,0.406,0.1354,0.0107,0.0338,0.15012
458,7.633,0.292,0.0974,0.0085,0.0301,0.1505
459,7.65,0.284,0.0947,0.0084,0.03,0.14963
460,7.667,0.307,0.1024,0.0085,0.032,0.15
461,7.683,0.247,0.0823,0.0076,0.0286,0.1505
462,7.7,0.276,0.092,0.0083,0.0313,0.15
463,7.717,0.252,0.0839,0.0072,0.0278,0.15087
464,7.733,0.307,0.1024,0.0089,0.0301,0.15062
465,7.75,0.219,0.073,0.0062,0.0247,0.14913
466,7.767,0.287,0.0957,0.0083,0.0307,0.15
467,7.783,0.222,0.074,0.0068,0.0268,0.15012
468,7.8,0.275,0.0918,0.0079,0.0305,0.15012
469,7.817,0.262,0.0873,0.0082,0.029,0.15087
470,7.833,0.275,0.0918,0.0083,0.0305,0.15075
471,7.85,0.284,0.0946,0.0091,0.0308,0.151
472,7.867,0.251,0.0837,0.0079,0.0289,0.15423
473,7.883,0.244,0.0812,0.0081,0.0276,0.14701
474,7.9,0.269,0.0897,0.0087,0.0285,0.14764
475,7.917,0.017,0.0056,0.0013,0.0065,0.14764
476,7.933,0.321,0.1069,0.0088,0.0306,0.14826
477,7.95,0.327,0.1091,0.0097,0.0324,0.14689
478,7.967,0.207,0.0689,0.0069,0.0253,0.14689
479,7.983,0.232,0.0775,0.0077,0.0297,0.14776
480,8.0,1.841,0.6136,0.0287,0.0798,0.14826
481,8.017,0.366,0.1218,0.0129,0.0383,0.14813
482,8.033,0.316,0.1054,0.009,0.0301,0.14826
483,8.05,0.186,0.0619,0.0059,0.0201,0.14838
484,8.067,0.475,0.1583,0.0156,0.0452,0.14838
485,8.083,5.702,1.9006,0.2995,0.5619,0.1449
486,8.1,0.432,0.1439,0.0132,0.0386,0.14515
487,8.117,0.294,0.0979,0.0092,0.0309,0.1444
488,8.133,5.579,1.8596,0.2958,0.5644,0.14975
489,8.15,0.191,0.0637,0.0075,0.0281,0.15199
490,8.167,0.178,0.0593,0.0065,0.0263,0.15
491,8.183,0.168,0.0559,0.0057,0.0255,0.14925
492,8.2,2.362,0.7873,0.0444,0.0686,0.15796
493,8.217,1.668,0.5561,0.0209,0.0638,0.1546
494,8.233,1.791,0.5971,0.0235,0.0756,0.15634
495,8.25,0.015,0.0049,0.0013,0.0061,0.15622
496,8.267,1.252,0.4172,0.0216,0.0512,0.15609
497,8.283,1.653,0.551,0.046,0.0633,0.15659
498,8.3,1.167,0.3889,0.0463,0.0522,0.15423
499,8.317,1.788,0.596,0.0886,0.069,0.15361
500,8.333,1.579,0.5264,0.0837,0.0603,0.15423
501,8.35,2.065,0.6882,0.123,0.0618,0.15336
502,8.367,2.334,0.7779,0.1918,0.0497,0.15124
503,8.383,1.859,0.6196,0.1886,0.0378,0.15087
504,8.4,0.695,0.2317,0.0461,0.0234,0.14963
505,8.417,0.199,0.0665,0.0067,0.0242,0.14913
506,8.433,0.192,0.064,0.007,0.022,0.14938
507,8.45,0.235,0.0783,0.0087,0.0262,0.15012
508,8.467,0.185,0.0616,0.0063,0.024,0.14938
509,8.483,0.216,0.072,0.0062,0.0243,0.14938
510,8.5,1.775,0.5917,0.028,0.079,0.14938
511,8.517,0.368,0.1227,0.0127,0.0384,0.14963
512,8.533,0.267,0.089,0.0075,0.0258,0.15187
513,8.55,0.237,0.0791,0.0066,0.0234,0.15037
514,8.567,0.606,0.2022,0.0169,0.0453,0.14988
515,8.583,0.285,0.0949,0.0093,0.0292,0.1551
516,8.6,0.288,0.096,0.0083,0.0264,0.15187
517,8.617,0.222,0.0739,0.0061,0.0259,0.1505
518,8.633,0.208,0.0692,0.0056,0.024,0.15174
519,8.65,0.013,0.0043,0.001,0.0044,0.15187
520,8.667,0.251,0.0837,0.007,0.03,0.151
521,8.683,0.195,0.065,0.0051,0.022,0.15062
522,8.7,0.236,0.0788,0.0063,0.0259,0.15
523,8.717,0.198,0.0659,0.0059,0.0234,0.15062
524,8.733,0.6,0.2,0.017,0.0492,0.14826
525,8.75,0.231,0.077,0.0076,0.0271,0.14677
526,8.767,0.214,0.0713,0.0067,0.0288,0.14851
527,8.783,0.197,0.0656,0.0062,0.0228,0.14925
528,8.8,0.18,0.06,0.0058,0.0241,0.14801
529,8.817,0.21,0.0701,0.0058,0.0241,0.14975
530,8.833,0.202,0.0675,0.006,0.0247,0.151
531,8.85,0.194,0.0648,0.0057,0.0215,0.15174
532,8.867,0.201,0.0669,0.0061,0.0231,0.15435
533,8.883,0.212,0.0708,0.0065,0.0247,0.14801
534,8.9,0.227,0.0755,0.0068,0.025,0.14789
535,8.917,0.178,0.0595,0.0055,0.0216,0.14739
536,8.933,0.209,0.0698,0.0063,0.0241,0.14677
537,8.95,0.173,0.0576,0.0054,0.0208,0.14789
538,8.967,0.161,0.0537,0.0047,0.0204,0.14701
539,8.983,0.155,0.0516,0.0051,0.0201,0.14726
540,9.0,1.892,0.6306,0.0305,0.0857,0.15062
541,9.017,5.559,1.8529,0.3012,0.5657,0.14677
542,9.033,0.331,0.1103,0.0124,0.0375,0.13706
543,9.05,0.368,0.1228,0.0106,0.029,0.13706
544,9.067,0.268,0.0893,0.0095,0.0285,0.13818
545,9.083,0.631,0.2103,0.0187,0.0482,0.14577
546,9.1,0.272,0.0906,0.011,0.0294,0.14602
547,9.117,0.244,0.0812,0.0087,0.0265,0.14465
548,9.133,0.25,0.0835,0.0077,0.0256,0.14527
549,9.15,0.169,0.0565,0.0059,0.0224,0.14614
550,9.167,0.216,0.0721,0.0064,0.0254,0.14701
551,9.183,0.215,0.0716,0.0069,0.0269,0.1459
552,9.2,1.585,0.5283,0.0385,0.2303,0.14565
553,9.217,7.427,2.4756,0.2183,1.488,0.18831
554,9.233,9.539,3.1796,0.5418,4.0618,0.18557
555,9.25,12.594,4.1981,0.6746,4.842,0.18333
556,9.267,23.803,7.9344,1.7469,11.2925,0.17413
557,9.283,20.891,6.9636,1.4941,10.2577,0.16007
558,9.3,20.318,6.7727,0.9207,7.3553,0.16542
559,9.317,14.557,4.8522,0.6144,5.2305,0.15634
560,9.333,14.494,4.8312,0.6728,3.8028,0.15274
561,9.35,3.49,1.1633,0.127,0.211,0.15323
562,9.367,0.887,0.2958,0.0263,0.0668,0.15361
563,9.383,1.73,0.5768,0.0457,0.1163,0.15162
564,9.4,2.326,0.7753,0.0587,0.1419,0.15261
565,9.417,1.379,0.4596,0.0281,0.0806,0.14963
566,9.433,2.05,0.6833,0.0514,0.1489,0.1505
567,9.45,1.237,0.4124,0.0238,0.071,0.14838
568,9.467,0.797,0.2656,0.0139,0.0462,0.15112
569,9.483,0.563,0.1877,0.0111,0.0422,0.15286
570,9.5,2.863,0.9544,0.0416,0.1205,0.14801
571,9.517,0.573,0.1911,0.0135,0.0416,0.14888
572,9.533,0.665,0.2216,0.0156,0.05,0.14913
573,9.55,0.717,0.2389,0.0161,0.0476,0.14925
574,9.567,1.081,0.3605,0.0205,0.0572,0.14677
575,9.583,0.992,0.3308,0.0209,0.0602,0.15211
576,9.6,0.727,0.2424,0.013,0.0387,0.15037
577,9.617,0.724,0.2414,0.0112,0.036,0.1505
578,9.633,0.507,0.1689,0.0075,0.0336,0.15012
579,9.65,0.388,0.1292,0.0064,0.0318,0.15
580,9.667,0.455,0.1516,0.0069,0.0322,0.15037
581,9.683,0.518,0.1726,0.0075,0.0358,0.15149
582,9.7,0.029,0.0098,0.0016,0.0086,0.15236
583,9.717,0.353,0.1178,0.0071,0.0283,0.14813
584,9.733,0.509,0.1697,0.0096,0.0351,0.14888
585,9.75,0.396,0.1319,0.0082,0.0367,0.14851
586,9.767,0.465,0.1549,0.0096,0.0429,0.15012
587,9.783,0.482,0.1606,0.0077,0.0404,0.14776
588,9.8,0.161,0.0537,0.005,0.0219,0.1459
589,9.817,0.465,0.1552,0.0074,0.035,0.14801
590,9.833,0.198,0.0659,0.0074,0.0229,0.14801
591,9.85,0.237,0.0791,0.008,0.0218,0.14664
592,9.867,0.192,0.0639,0.0087,0.0205,0.14701
593,9.883,0.187,0.0624,0.0075,0.0187,0.14776
594,9.9,0.189,0.0631,0.0073,0.0185,0.14751
595,9.917,0.204,0.0679,0.0084,0.0199,0.14677
596,9.933,0.234,0.0781,0.008,0.0212,0.14776
597,9.95,0.171,0.057,0.0075,0.0179,0.14813
598,9.967,0.163,0.0545,0.0064,0.0179,0.14627
599,9.983,0.2,0.0665,0.0076,0.0216,0.14614
600,10.0,2.366,0.7887,0.0382,0.1197,0.14677
601,10.017,0.255,0.0849,0.012,0.0316,0.14303
602,10.033,0.404,0.1346,0.016,0.0391,0.14552
603,10.05,0.491,0.1637,0.0164,0.0391,0.14813
604,10.067,0.533,0.1776,0.0166,0.0398,0.14925
605,10.083,0.742,0.2475,0.0195,0.0481,0.15137
606,10.1,0.827,0.2757,0.021,0.054,0.15348
607,10.117,0.272,0.0908,0.0103,0.0263,0.15137
608,10.133,0.191,0.0635,0.0067,0.0199,0.15162
609,10.15,0.251,0.0835,0.0086,0.0234,0.15236
610,10.167,0.176,0.0585,0.007,0.0203,0.15187
611,10.183,5.935,1.9785,0.2082,0.7395,0.15249
612,10.2,0.162,0.0539,0.0062,0.0194,0.15199
613,10.217,0.201,0.0669,0.0076,0.022,0.15174
614,10.233,0.216,0.0719,0.0073,0.0228,0.15211
615,10.25,0.238,0.0793,0.0075,0.0217,0.15224
616,10.267,0.213,0.071,0.0064,0.0201,0.15137
617,10.283,0.211,0.0704,0.006,0.0205,0.15149
618,10.3,0.164,0.0546,0.0052,0.0186,0.15187
619,10.317,0.012,0.0042,0.0009,0.0038,0.15174
620,10.333,0.311,0.1035,0.0087,0.0318,0.15037
621,10.35,0.029,0.0096,0.0011,0.0051,0.15037
622,10.367,0.222,0.0738,0.0053,0.0222,0.15137
623,10.383,0.199,0.0663,0.0048,0.0215,0.1505
624,10.4,0.212,0.0706,0.005,0.0208,0.14925
625,10.417,0.21,0.0699,0.005,0.021,0.15025
626,10.433,0.17,0.0566,0.0047,0.0208,0.15075
627,10.45,0.185,0.0615,0.0049,0.0216,0.15062
628,10.467,0.163,0.0542,0.0044,0.0186,0.14975
629,10.483,0.192,0.0641,0.0049,0.0224,0.15087
630,10.5,2.491,0.8305,0.0414,0.1231,0.14888
631,10.517,0.178,0.0593,0.0083,0.0287,0.15037
632,10.533,0.269,0.0898,0.0105,0.0323,0.15124
633,10.55,0.448,0.1494,0.0151,0.0426,0.15124
634,10.567,5.531,1.8437,0.3025,0.5719,0.14565
635,10.583,0.501,0.1669,0.0156,0.0433,0.14614
636,10.6,0.647,0.2158,0.0172,0.0478,0.14403
637,10.617,0.21,0.0699,0.0077,0.0274,0.14403
638,10.633,0.239,0.0795,0.0067,0.0283,0.14453
639,10.65,0.13,0.0432,0.0047,0.0212,0.14403
640,10.667,0.161,0.0536,0.0052,0.0235,0.14328
641,10.683,0.179,0.0598,0.0052,0.0233,0.14428
642,10.7,0.047,0.0156,0.0018,0.0078,0.14428
643,10.717,5.644,1.8813,0.2935,0.5609,0.15025
644,10.733,0.264,0.0881,0.0075,0.0341,0.149
645,10.75,0.008,0.0026,0.001,0.0039,0.149
646,10.767,0.109,0.0362,0.0038,0.0179,0.14913
647,10.783,0.15,0.0499,0.0045,0.0228,0.14863
648,10.8,0.125,0.0418,0.0038,0.0176,0.14863
649,10.817,0.163,0.0543,0.0046,0.0223,0.14851
650,10.833,0.142,0.0473,0.0041,0.0201,0.149
651,10.85,0.159,0.053,0.0044,0.0213,0.14826
652,10.867,0.132,0.044,0.0041,0.0171,0.14863
653,10.883,0.139,0.0462,0.0038,0.0187,0.14888
654,10.9,0.142,0.0474,0.0042,0.0182,0.149
655,10.917,0.142,0.0474,0.004,0.0208,0.14863
656,10.933,0.262,0.0873,0.0092,0.0274,0.15
657,10.95,0.114,0.0382,0.0036,0.0182,0.1505
658,10.967,0.17,0.0567,0.0054,0.0225,0.15112
659,10.983,0.155,0.0515,0.0047,0.0212,0.15062
660,11.0,2.426,0.8088,0.0429,0.1273,0.14677
661,11.017,0.157,0.0522,0.0076,0.0251,0.14838
662,11.033,5.324,1.7745,0.3006,0.5749,0.13905
663,11.05,0.487,0.1624,0.0167,0.0463,0.14291
664,11.067,0.505,0.1683,0.015,0.04,0.13918
665,11.083,0.496,0.1654,0.0152,0.0424,0.13968
666,11.1,0.795,0.2649,0.0183,0.0486,0.14017
667,11.117,0.169,0.0564,0.0066,0.0228,0.14117
668,11.133,0.138,0.046,0.0047,0.0212,0.1408
669,11.15,0.137,0.0458,0.0044,0.0193,0.14117
670,11.167,0.161,0.0538,0.0049,0.0208,0.14092
671,11.183,0.154,0.0512,0.0043,0.0188,0.1403
672,11.2,0.222,0.0739,0.0058,0.024,0.14017
673,11.217,0.186,0.0618,0.0053,0.0194,0.14142
674,11.233,0.261,0.0869,0.0083,0.0242,0.14677
675,11.25,0.27,0.0898,0.0093,0.0242,0.1398
676,11.267,0.235,0.0783,0.0082,0.0194,0.13893
677,11.283,0.273,0.0909,0.0096,0.0227,0.1403
678,11.3,0.281,0.0935,0.0095,0.0242,0.14478
679,11.317,5.569,1.8563,0.2967,0.565,0.15286
680,11.333,0.44,0.1466,0.0139,0.0338,0.15597
681,11.35,0.306,0.102,0.009,0.0245,0.1556
682,11.367,0.496,0.1655,0.0132,0.0301,0.15274
683,11.383,0.394,0.1314,0.0094,0.026,0.15299
684,11.4,0.444,0.1479,0.0115,0.0299,0.1546
685,11.417,0.492,0.164,0.012,0.0276,0.15572
686,11.433,0.534,0.178,0.0126,0.0298,0.15622
687,11.45,0.575,0.1918,0.0133,0.0342,0.15535
688,11.467,0.48,0.1598,0.0115,0.0378,0.15647
689,11.483,0.464,0.1547,0.0109,0.0355,0.15609
690,11.5,2.344,0.7813,0.04,0.1183,0.15572
691,11.517,0.342,0.1139,0.0124,0.0373,0.15746
692,11.533,0.533,0.1775,0.0156,0.049,0.15522
693,11.55,0.605,0.2017,0.0176,0.049,0.15448
694,11.567,0.629,0.2098,0.0168,0.0483,0.15473
695,11.583,0.266,0.0887,0.008,0.0288,0.15721
696,11.6,0.232,0.0773,0.0061,0.0257,0.15821
697,11.617,0.239,0.0796,0.0058,0.0258,0.15808
698,11.633,0.235,0.0784,0.0052,0.0245,0.15684
699,11.65,0.253,0.0842,0.0056,0.0271,0.1592
700,11.667,0.235,0.0782,0.0052,0.0248,0.15771
701,11.683,0.208,0.0694,0.0049,0.0241,0.15833
702,11.7,0.135,0.045,0.0037,0.0169,0.15833
703,11.717,0.156,0.052,0.0048,0.0234,0.15796
704,11.733,0.128,0.0427,0.004,0.0187,0.15721
705,11.75,0.148,0.0492,0.0043,0.0206,0.15709
706,11.767,0.104,0.0345,0.0034,0.0167,0.15759
707,11.783,0.121,0.0404,0.0037,0.0181,0.15721
708,11.8,0.101,0.0337,0.0032,0.0149,0.15634
709,11.817,0.15,0.05,0.0041,0.02,0.15609
710,11.833,0.097,0.0325,0.0032,0.0152,0.15498
711,11.85,0.135,0.0451,0.0039,0.019,0.15622
712,11.867,0.128,0.0426,0.0036,0.0176,0.15659
713,11.883,5.311,1.7703,0.2937,0.5603,0.14876
714,11.9,0.251,0.0838,0.0091,0.0307,0.1495
715,11.917,5.198,1.7325,0.2881,0.5618,0.15759
716,11.933,0.224,0.0746,0.0085,0.0307,0.15808
717,11.95,0.197,0.0657,0.0054,0.0245,0.15846
718,11.967,0.131,0.0437,0.0037,0.0187,0.15821
719,11.983,0.132,0.0439,0.0037,0.0183,0.15833
720,12.0,2.865,0.9549,0.0445,0.1276,0.15759
721,12.017,0.227,0.0758,0.0094,0.0299,0.15796
722,12.033,0.257,0.0858,0.0103,0.0313,0.15572
723,12.05,0.461,0.1536,0.0141,0.0403,0.15572
724,12.067,0.724,0.2414,0.0188,0.0504,0.15435
725,12.083,0.622,0.2074,0.0172,0.0483,0.15746
726,12.1,5.378,1.7927,0.2943,0.5638,0.15535
727,12.117,0.065,0.0217,0.0055,0.0221,0.15473
728,12.133,0.21,0.0699,0.0065,0.0256,0.15423
729,12.15,0.173,0.0578,0.0054,0.0221,0.14913
730,12.167,0.204,0.0681,0.0063,0.0263,0.14863
731,12.183,0.185,0.0615,0.0057,0.0229,0.14664
732,12.2,0.15,0.0499,0.0048,0.0208,0.14677
733,12.217,0.139,0.0464,0.0046,0.0216,0.14701
734,12.233,0.157,0.0525,0.0044,0.0194,0.14726
735,12.25,0.181,0.0602,0.0056,0.0218,0.14627
736,12.267,0.129,0.043,0.0039,0.0189,0.14776
737,12.283,0.14,0.0467,0.0043,0.0205,0.14764
738,12.3,0.132,0.044,0.004,0.0169,0.14789
739,12.317,0.136,0.0453,0.0041,0.0198,0.14938
740,12.333,0.139,0.0463,0.0042,0.0198,0.14988
741,12.35,5.268,1.7561,0.2924,0.5625,0.15535
742,12.367,0.211,0.0703,0.0081,0.0285,0.15609
743,12.383,0.158,0.0525,0.0052,0.022,0.15522
744,12.4,5.256,1.7519,0.2917,0.565,0.14453
745,12.417,0.219,0.073,0.0078,0.0298,0.15274
746,12.433,5.247,1.7491,0.2903,0.5643,0.15498
747,12.45,0.161,0.0536,0.0062,0.024,0.1546
748,12.467,0.177,0.0589,0.0049,0.0226,0.15498
749,12.483,0.154,0.0514,0.004,0.0189,0.15498
750,12.5,2.929,0.9762,0.0492,0.1289,0.15597
751,12.517,0.253,0.0842,0.0109,0.0299,0.15498
752,12.533,0.313,0.1042,0.0122,0.0336,0.15609
753,12.55,0.482,0.1607,0.0166,0.0403,0.15572
754,12.567,0.814,0.2714,0.0316,0.0551,0.15075
755,12.583,0.73,0.2435,0.0229,0.0489,0.15647
756,12.6,0.683,0.2277,0.0223,0.0484,0.15572
757,12.617,0.329,0.1098,0.0185,0.0268,0.1556
758,12.633,0.015,0.005,0.0013,0.0062,0.15522
759,12.65,0.394,0.1312,0.0131,0.0321,0.15
760,12.667,0.281,0.0936,0.0125,0.0224,0.15224
761,12.683,0.247,0.0823,0.0095,0.0211,0.15348
762,12.7,0.201,0.067,0.0058,0.0213,0.15336
763,12.717,5.396,1.7986,0.2929,0.5638,0.14764
764,12.733,0.297,0.0989,0.0102,0.0299,0.15025
765,12.75,0.186,0.0621,0.0062,0.0227,0.15075
766,12.767,0.134,0.0448,0.0041,0.0197,0.15124
767,12.783,0.313,0.1045,0.012,0.0261,0.1556
768,12.8,5.337,1.7791,0.2939,0.5648,0.15609
769,12.817,0.036,0.0119,0.0035,0.0145,0.15547
770,12.833,0.405,0.1351,0.0135,0.0369,0.15386
771,12.85,0.008,0.0025,0.0009,0.0039,0.15386
772,12.867,0.242,0.0807,0.0085,0.0235,0.15597
773,12.883,0.195,0.0651,0.0054,0.0236,0.15659
774,12.9,0.211,0.0703,0.006,0.0242,0.15771
775,12.917,5.319,1.773,0.2905,0.5628,0.14739
776,12.933,5.318,1.7727,0.2906,0.5634,0.15709
777,12.95,0.291,0.0969,0.0089,0.0292,0.15585
778,12.967,0.199,0.0664,0.0057,0.021,0.1556
779,12.983,0.205,0.0683,0.0055,0.0212,0.14925
780,13.0,3.141,1.0469,0.0484,0.1385,0.15585
781,13.017,0.247,0.0823,0.0097,0.0314,0.15473
782,13.033,0.309,0.1029,0.0114,0.0339,0.15697
783,13.05,0.412,0.1372,0.013,0.038,0.15759
784,13.067,0.585,0.1951,0.0174,0.0478,0.15672
785,13.083,0.893,0.2976,0.0234,0.0616,0.15659
786,13.1,0.785,0.2618,0.0227,0.0534,0.15697
787,13.117,0.44,0.1466,0.015,0.0324,0.15771
788,13.133,0.338,0.1128,0.0119,0.0235,0.15821
789,13.15,0.377,0.1257,0.0149,0.0258,0.15062
790,13.167,5.367,1.7888,0.2942,0.5661,0.151
791,13.183,5.33,1.7766,0.2935,0.5633,0.15771
792,13.2,0.4,0.1332,0.0189,0.0325,0.15435
793,13.217,0.318,0.1058,0.0122,0.0259,0.15808
794,13.233,0.28,0.0932,0.0096,0.0226,0.15448
795,13.25,0.224,0.0746,0.0084,0.0225,0.15597
796,13.267,0.296,0.0987,0.0117,0.0253,0.15734
797,13.283,0.017,0.0055,0.0013,0.0064,0.15746
798,13.3,0.279,0.093,0.0106,0.0248,0.15746
799,13.317,0.279,0.0931,0.0096,0.0249,0.15498
800,13.333,0.325,0.1083,0.012,0.0276,0.15547
801,13.35,0.263,0.0878,0.0093,0.0234,0.15498
802,13.367,5.333,1.7775,0.2931,0.56,0.14764
803,13.383,0.576,0.192,0.0249,0.0438,0.14826
804,13.4,0.281,0.0936,0.0103,0.0229,0.149
805,13.417,0.271,0.0902,0.0092,0.0263,0.149
806,13.433,0.286,0.0953,0.0111,0.026,0.15174
807,13.45,0.012,0.004,0.0012,0.006,0.15174
808,13.467,0.301,0.1005,0.0109,0.0268,0.14938
809,13.483,0.354,0.1179,0.0124,0.0287,0.14888
810,13.5,3.129,1.0429,0.0535,0.1472,0.14577
811,13.517,0.293,0.0978,0.0127,0.0373,0.14701
812,13.533,0.396,0.1318,0.0147,0.0371,0.14925
813,13.55,0.443,0.1476,0.0161,0.0402,0.15659
814,13.567,0.593,0.1976,0.018,0.0467,0.15299
815,13.583,1.385,0.4616,0.0295,0.0772,0.14789
816,13.6,5.428,1.8092,0.287,0.5586,0.1592
817,13.617,0.185,0.0615,0.0095,0.0268,0.1592
818,13.633,0.183,0.0611,0.0073,0.0188,0.15871
819,13.65,0.118,0.0392,0.0047,0.0095,0.15995
820,13.667,0.137,0.0457,0.0055,0.0071,0.15883
821,13.683,0.102,0.034,0.004,0.003,0.15983
822,13.7,0.105,0.0351,0.0038,0.0019,0.15796
823,13.717,0.118,0.0392,0.0044,0.0069,0.15945
824,13.733,0.128,0.0428,0.0039,0.0027,0.16082
825,13.75,0.0,0.0001,0.0002,0.0,0.16082
826,13.767,0.128,0.0425,0.0042,0.0059,0.16045
827,13.783,0.087,0.0289,0.0022,0.0039,0.1607
828,13.8,0.197,0.0658,0.0067,0.0192,0.1592
829,13.817,0.008,0.0028,0.0005,0.0007,0.1592
830,13.833,0.097,0.0323,0.0032,0.0074,0.15833
831,13.85,0.16,0.0533,0.0044,0.018,0.15846
832,13.867,0.149,0.0496,0.0055,0.0106,0.15883
833,13.883,0.11,0.0366,0.0038,0.0064,0.15846
834,13.9,0.148,0.0493,0.0045,0.0141,0.15784
835,13.917,0.113,0.0377,0.0038,0.007,0.15883
836,13.933,0.139,0.0462,0.0044,0.0197,0.1597
837,13.95,0.174,0.0578,0.0061,0.022,0.16107
838,13.967,0.182,0.0608,0.0052,0.0256,0.16057
839,13.983,0.151,0.0505,0.0044,0.0201,0.15945
840,14.0,6.282,2.094,0.2834,0.5485,0.15149
841,14.017,0.263,0.0877,0.011,0.0362,0.15286
842,14.033,0.283,0.0944,0.0122,0.0295,0.15211
843,14.05,0.454,0.1514,0.0163,0.0472,0.15759
844,14.067,5.149,1.7163,0.2818,0.5461,0.15249
845,14.083,0.573,0.191,0.0184,0.0536,0.15286
846,14.1,0.167,0.0557,0.0075,0.025,0.15286
847,14.117,0.049,0.0165,0.0021,0.0098,0.15236
848,14.133,0.226,0.0752,0.0068,0.0296,0.15224
849,14.15,0.207,0.069,0.0095,0.0248,0.15348
850,14.167,0.124,0.0413,0.0041,0.0156,0.15386
851,14.183,0.029,0.0096,0.0016,0.0029,0.15373
852,14.2,0.179,0.0598,0.0066,0.0252,0.15299
853,14.217,0.146,0.0487,0.0044,0.0191,0.15323
854,14.233,0.17,0.0567,0.0054,0.024,0.15299
855,14.25,0.217,0.0724,0.0058,0.0296,0.15348
856,14.267,0.215,0.0718,0.0068,0.0323,0.15286
857,14.283,0.105,0.0352,0.0038,0.0109,0.15274
858,14.3,0.25,0.0835,0.0096,0.0274,0.15771
859,14.317,0.186,0.0621,0.008,0.0186,0.15746
860,14.333,0.231,0.077,0.0081,0.0242,0.15647
861,14.35,0.165,0.0551,0.0059,0.0217,0.15634
862,14.367,0.219,0.0731,0.0078,0.0184,0.15659
863,14.383,0.227,0.0756,0.0076,0.0293,0.15535
864,14.4,0.204,0.0679,0.0071,0.0238,0.15697
865,14.417,0.173,0.0576,0.0052,0.0193,0.15771
866,14.433,0.515,0.1715,0.0177,0.0442,0.15846
867,14.45,0.85,0.2834,0.0204,0.0551,0.15659
868,14.467,0.203,0.0677,0.007,0.023,0.15734
869,14.483,0.236,0.0785,0.0073,0.0278,0.15585
870,14.5,6.184,2.0612,0.2823,0.5584,0.15149
871,14.517,4.839,1.6129,0.2729,0.5422,0.15796
872,14.533,0.303,0.101,0.0143,0.0414,0.15945
873,14.55,0.396,0.132,0.0145,0.0421,0.15796
874,14.567,0.692,0.2308,0.0191,0.052,0.15473
875,14.583,0.678,0.226,0.0197,0.0523,0.1546
876,14.6,0.645,0.2149,0.0185,0.0485,0.15211
877,14.617,0.094,0.0312,0.0043,0.0156,0.15211
878,14.633,0.289,0.0965,0.0077,0.0325,0.15236
879,14.65,0.203,0.0676,0.0053,0.0246,0.15398
880,14.667,0.046,0.0153,0.0016,0.0087,0.15398
881,14.683,0.158,0.0526,0.0043,0.0213,0.15883
882,14.7,0.196,0.0653,0.0053,0.0252,0.15361
883,14.717,0.165,0.0549,0.0044,0.0199,0.15336
884,14.733,0.173,0.0578,0.005,0.0239,0.15771
885,14.75,0.166,0.0553,0.0046,0.0217,0.15808
886,14.767,0.165,0.0551,0.0054,0.0235,0.15597
887,14.783,0.151,0.0504,0.0048,0.0211,0.15634
888,14.8,0.2,0.0665,0.006,0.0255,0.15361
889,14.817,0.183,0.061,0.0058,0.023,0.15311
890,14.833,0.192,0.0639,0.0058,0.0237,0.15759
891,14.85,0.209,0.0697,0.0054,0.0213,0.15734
892,14.867,0.313,0.1042,0.0077,0.0326,0.15249
893,14.883,0.257,0.0857,0.0053,0.0233,0.15721
894,14.9,0.29,0.0966,0.0063,0.0284,0.15734
895,14.917,0.293,0.0976,0.0062,0.0262,0.15697
896,14.933,0.236,0.0788,0.0052,0.0232,0.15261
897,14.95,0.349,0.1164,0.0067,0.0298,0.15585
898,14.967,0.31,0.1032,0.0068,0.0289,0.15162
899,14.983,0.322,0.1072,0.006,0.0251,0.15025
900,15.0,3.014,1.0048,0.0459,0.1316,0.14801
901,15.017,0.377,0.1257,0.0106,0.0338,0.14726
902,15.033,0.396,0.1319,0.0117,0.0378,0.14701
903,15.05,0.555,0.1851,0.0156,0.0458,0.14963
904,15.067,0.896,0.2986,0.0216,0.0604,0.149
905,15.083,0.714,0.238,0.0179,0.0514,0.14826
906,15.1,0.463,0.1543,0.0114,0.0396,0.14751
907,15.117,0.355,0.1185,0.008,0.0311,0.14254
908,15.133,5.484,1.828,0.2976,0.5611,0.14279
909,15.15,0.398,0.1326,0.011,0.0383,0.14826
910,15.167,0.255,0.085,0.0064,0.0284,0.14602
911,15.183,0.187,0.0624,0.0055,0.0242,0.14328
912,15.2,0.184,0.0613,0.0053,0.0215,0.14552
913,15.217,0.253,0.0843,0.008,0.0265,0.14303
914,15.233,0.164,0.0547,0.0052,0.0219,0.14552
915,15.25,0.23,0.0767,0.0067,0.0257,0.14154
916,15.267,0.146,0.0485,0.0042,0.0195,0.1444
917,15.283,0.151,0.0503,0.0042,0.0195,0.14279
918,15.3,5.372,1.7907,0.2963,0.5614,0.14863
919,15.317,0.271,0.0902,0.009,0.0312,0.14776
920,15.333,0.168,0.0561,0.0052,0.0217,0.14739
921,15.35,0.183,0.0611,0.005,0.0216,0.13955
922,15.367,0.182,0.0607,0.005,0.0207,0.14005
923,15.383,0.2,0.0666,0.0059,0.0247,0.14167
924,15.4,0.142,0.0473,0.0042,0.0201,0.13893
925,15.417,0.164,0.0547,0.0047,0.0215,0.14204
926,15.433,0.143,0.0476,0.0043,0.0203,0.1408
927,15.45,0.152,0.0507,0.0042,0.0197,0.14005
928,15.467,0.008,0.0025,0.0007,0.0027,0.14005
929,15.483,0.181,0.0602,0.0047,0.0225,0.1454
930,15.5,6.322,2.1073,0.2886,0.5573,0.14241
931,15.517,0.35,0.1167,0.0115,0.0372,0.14279
932,15.533,0.318,0.1061,0.0112,0.0328,0.14353
933,15.55,0.447,0.149,0.0146,0.0391,0.14378
934,15.567,5.429,1.8098,0.2892,0.5561,0.14851
935,15.583,0.334,0.1113,0.0113,0.0348,0.14677
936,15.6,0.185,0.0616,0.0062,0.0223,0.1459
937,15.617,0.19,0.0634,0.0054,0.0223,0.14577
938,15.633,0.235,0.0783,0.0066,0.0269,0.14764
939,15.65,0.162,0.054,0.005,0.021,0.14714
940,15.667,0.18,0.06,0.0051,0.0244,0.14739
941,15.683,0.16,0.0532,0.0046,0.022,0.14813
942,15.7,0.164,0.0546,0.0047,0.0224,0.14838
943,15.717,0.141,0.0469,0.005,0.0225,0.14789
944,15.733,0.239,0.0797,0.0106,0.0326,0.15
945,15.75,0.63,0.21,0.0168,0.0486,0.15274
946,15.767,0.004,0.0014,0.0006,0.002,0.15274
947,15.783,0.172,0.0575,0.0051,0.0226,0.15187
948,15.8,0.243,0.0811,0.0073,0.0271,0.15224
949,15.817,0.184,0.0613,0.0053,0.0228,0.15211
950,15.833,0.164,0.0548,0.0044,0.0206,0.15311
951,15.85,0.271,0.0903,0.0075,0.0286,0.15373
952,15.867,0.203,0.0675,0.0065,0.0242,0.15373
953,15.883,0.235,0.0784,0.0068,0.0268,0.15274
954,15.9,0.212,0.0706,0.0063,0.0273,0.15124
955,15.917,0.229,0.0762,0.0068,0.0262,0.1505
956,15.933,0.177,0.0589,0.005,0.0216,0.1495
957,15.95,0.187,0.0625,0.0053,0.0242,0.15174
958,15.967,0.203,0.0676,0.0059,0.0272,0.15199
959,15.983,5.408,1.8025,0.2949,0.5595,0.14316
960,16.0,3.095,1.0316,0.0488,0.1392,0.14216
961,16.017,0.239,0.0796,0.0099,0.0339,0.14241
962,16.033,0.296,0.0987,0.0114,0.0366,0.14291
963,16.05,0.355,0.1182,0.0126,0.0362,0.14279
964,16.067,0.506,0.1688,0.0159,0.0438,0.14813
965,16.083,0.824,0.2746,0.0212,0.0573,0.14764
966,16.1,5.282,1.7607,0.2877,0.5531,0.14627
967,16.117,0.272,0.0907,0.0108,0.0333,0.14714
968,16.133,0.198,0.0662,0.0067,0.0271,0.14739
969,16.15,0.239,0.0795,0.0077,0.03,0.14167
970,16.167,0.19,0.0632,0.0061,0.0246,0.14826
971,16.183,0.214,0.0712,0.0068,0.0278,0.14701
972,16.2,0.178,0.0592,0.0056,0.0207,0.14216
973,16.217,0.194,0.0647,0.0062,0.0252,0.13993
974,16.233,0.419,0.1396,0.0119,0.038,0.14104
975,16.25,0.249,0.0829,0.008,0.0269,0.14415
976,16.267,0.133,0.0445,0.0049,0.0184,0.14204
977,16.283,0.251,0.0835,0.0084,0.0321,0.14204
978,16.3,0.005,0.0018,0.0007,0.0028,0.14801
979,16.317,0.286,0.0954,0.0096,0.0335,0.14216
980,16.333,0.007,0.0023,0.0009,0.0043,0.14801
981,16.35,0.189,0.0631,0.0094,0.0298,0.14117
982,16.367,0.029,0.0095,0.002,0.0095,0.14104
983,16.383,0.266,0.0887,0.0082,0.0262,0.14254
984,16.4,0.45,0.1501,0.0174,0.0476,0.14216
985,16.417,0.257,0.0856,0.008,0.0273,0.14652
986,16.433,0.242,0.0807,0.0079,0.0257,0.14303
987,16.45,0.179,0.0596,0.0058,0.0243,0.14353
988,16.467,0.215,0.0718,0.0052,0.0229,0.14341
989,16.483,0.181,0.0604,0.0053,0.0242,0.14353
990,16.5,6.247,2.0823,0.2823,0.5512,0.1398
991,16.517,0.286,0.0954,0.0112,0.0374,0.14689
992,16.533,0.291,0.097,0.0112,0.034,0.14602
993,16.55,0.343,0.1145,0.0124,0.0361,0.1454
994,16.567,0.515,0.1716,0.0163,0.0465,0.14963
995,16.583,0.829,0.2762,0.0209,0.0556,0.15224
996,16.6,0.24,0.0798,0.0097,0.0323,0.14813
997,16.617,0.339,0.113,0.0144,0.0268,0.14714
998,16.633,0.248,0.0826,0.0076,0.0267,0.15124
999,16.65,0.167,0.0555,0.0055,0.0254,0.15187
1000,16.667,0.161,0.0536,0.0052,0.0245,0.15236
1001,16.683,0.161,0.0537,0.0056,0.0248,0.15124
1002,16.7,0.188,0.0628,0.0057,0.0253,0.15299
1003,16.717,0.496,0.1652,0.0155,0.0441,0.14279
1004,16.733,0.027,0.0089,0.0016,0.0076,0.14279
1005,16.75,0.263,0.0876,0.008,0.028,0.1495
1006,16.767,0.24,0.0801,0.0064,0.0256,0.14888
1007,16.783,0.208,0.0695,0.0058,0.0233,0.14764
1008,16.8,0.204,0.0679,0.0063,0.0273,0.14801
1009,16.817,0.187,0.0625,0.0056,0.0239,0.1495
1010,16.833,0.01,0.0032,0.0009,0.0039,0.14963
1011,16.85,0.229,0.0764,0.0063,0.0297,0.1454
1012,16.867,0.172,0.0575,0.0053,0.0226,0.14465
1013,16.883,0.174,0.0579,0.005,0.0248,0.13881
1014,16.9,0.198,0.0661,0.0057,0.0234,0.14328
1015,16.917,0.174,0.0579,0.0051,0.0216,0.14515
1016,16.933,0.155,0.0518,0.0045,0.0217,0.13806
1017,16.95,5.3,1.7667,0.2893,0.5581,0.15386
1018,16.967,0.261,0.087,0.0102,0.0332,0.14963
1019,16.983,0.19,0.0635,0.0063,0.0237,0.14627
1020,17.0,3.012,1.0039,0.0495,0.1424,0.14216
1021,17.017,0.217,0.0722,0.0094,0.0314,0.14154
1022,17.033,0.282,0.094,0.0107,0.0332,0.1398
1023,17.05,0.302,0.1007,0.0114,0.0337,0.1398
1024,17.067,0.491,0.1637,0.0157,0.044,0.14179
1025,17.083,0.818,0.2725,0.022,0.0605,0.13905
1026,17.1,0.267,0.089,0.0098,0.0295,0.14378
1027,17.117,0.185,0.0618,0.0064,0.0259,0.13955
1028,17.133,0.131,0.0437,0.0047,0.019,0.14391
1029,17.15,0.013,0.0043,0.001,0.005,0.14353
1030,17.167,0.509,0.1697,0.0158,0.044,0.13632
1031,17.183,0.161,0.0537,0.0055,0.0222,0.1347
1032,17.2,5.368,1.7893,0.2955,0.557,0.13993
1033,17.217,0.24,0.0799,0.0078,0.0283,0.14751
1034,17.233,0.157,0.0525,0.0059,0.0251,0.14726
1035,17.25,0.175,0.0584,0.005,0.0228,0.13694
1036,17.267,0.236,0.0786,0.0085,0.0282,0.13706
1037,17.283,5.23,1.7433,0.2918,0.556,0.13831
1038,17.3,0.199,0.0665,0.0069,0.0285,0.13794
1039,17.317,0.165,0.055,0.0053,0.0237,0.13756
1040,17.333,1.077,0.3591,0.0408,0.0312,0.13619
1041,17.35,1.258,0.4192,0.1064,0.0241,0.13582
1042,17.367,0.835,0.2782,0.0489,0.0352,0.13619
1043,17.383,0.493,0.1643,0.0216,0.0265,0.13669
1044,17.4,1.142,0.3807,0.0728,0.0353,0.13806
1045,17.417,1.519,0.5063,0.1098,0.0321,0.13968
1046,17.433,1.466,0.4887,0.0789,0.0312,0.13968
1047,17.45,1.718,0.5726,0.1008,0.0325,0.1541
1048,17.467,2.407,0.8024,0.1704,0.0429,0.13968
1049,17.483,2.82,0.9401,0.2154,0.0438,0.14751
1050,17.5,2.853,0.951,0.0443,0.1291,0.14838
1051,17.517,3.966,1.3219,0.4403,0.1138,0.15373
1052,17.533,0.175,0.0584,0.0082,0.0266,0.15149
1053,17.55,3.263,1.0878,0.3203,0.0827,0.15386
1054,17.567,3.33,1.1098,0.2867,0.0976,0.15361
1055,17.583,2.764,0.9213,0.2166,0.0588,0.15386
1056,17.6,2.951,0.9837,0.1725,0.0541,0.15423
1057,17.617,2.87,0.9568,0.1814,0.0396,0.15435
1058,17.633,3.153,1.0511,0.2537,0.0665,0.15361
1059,17.65,3.04,1.0132,0.2233,0.0484,0.15473
1060,17.667,8.256,2.752,0.531,0.6374,0.15672
1061,17.683,8.22,2.7399,0.5081,0.6095,0.15448
1062,17.7,3.02,1.0066,0.2328,0.0623,0.1551
1063,17.717,3.025,1.0085,0.2415,0.0526,0.15286
1064,17.733,2.654,0.8847,0.1888,0.0456,0.15261
1065,17.75,2.804,0.9345,0.1871,0.0906,0.15336
1066,17.767,1.399,0.4663,0.1101,0.0423,0.15261
1067,17.783,6.269,2.0896,0.36,0.5897,0.15361
1068,17.8,1.161,0.387,0.0638,0.0422,0.15373
1069,17.817,0.013,0.0044,0.0013,0.0058,0.15373
1070,17.833,1.859,0.6198,0.1351,0.0608,0.15386
1071,17.85,0.029,0.0096,0.0016,0.0082,0.15361
1072,17.867,2.021,0.6738,0.1492,0.0528,0.15435
1073,17.883,6.4,2.1334,0.367,0.5852,0.15174
1074,17.9,1.53,0.51,0.1154,0.0446,0.151
1075,17.917,2.234,0.7448,0.345,0.1039,0.14714
1076,17.933,1.674,0.5578,0.1659,0.0515,0.14652
1077,17.95,1.485,0.4951,0.138,0.0352,0.14826
1078,17.967,1.683,0.561,0.1574,0.0446,0.14192
1079,17.983,1.428,0.476,0.1119,0.0385,0.14764
1080,18.0,4.953,1.6509,0.2685,0.2013,0.149
1081,18.017,1.401,0.4669,0.0935,0.0462,0.149
1082,18.033,2.117,0.7058,0.2156,0.0543,0.15311
1083,18.05,1.608,0.5358,0.0871,0.0502,0.15075
1084,18.067,2.133,0.7111,0.1615,0.0687,0.14913
1085,18.083,1.984,0.6613,0.0944,0.0731,0.14838
1086,18.1,1.303,0.4345,0.0712,0.0425,0.1495
1087,18.117,1.176,0.3919,0.0643,0.0358,0.15187
1088,18.133,1.194,0.398,0.0667,0.0319,0.15075
1089,18.15,0.028,0.0095,0.0017,0.009,0.15087
1090,18.167,1.563,0.521,0.109,0.0563,0.14888
1091,18.183,0.017,0.0058,0.0013,0.0064,0.14888
1092,18.2,1.071,0.3571,0.0499,0.0324,0.15149
1093,18.217,6.255,2.0849,0.3394,0.5863,0.14876
1094,18.233,0.877,0.2925,0.03,0.0441,0.15299
1095,18.25,6.131,2.0438,0.3239,0.5804,0.15286
1096,18.267,1.34,0.4466,0.0662,0.0366,0.15286
1097,18.283,6.498,2.166,0.3662,0.5816,0.13893
1098,18.3,1.446,0.482,0.0682,0.0334,0.14192
1099,18.317,1.223,0.4075,0.0607,0.0326,0.1408
1100,18.333,0.995,0.3317,0.0383,0.0333,0.14428
1101,18.35,5.64,1.8799,0.3107,0.5703,0.14963
1102,18.367,0.501,0.1671,0.0235,0.0334,0.14851
1103,18.383,0.475,0.1583,0.0227,0.0309,0.1454
1104,18.4,0.401,0.1336,0.0167,0.0241,0.14602
1105,18.417,0.525,0.1751,0.0306,0.0317,0.14664
1106,18.433,0.517,0.1723,0.0271,0.024,0.14714
1107,18.45,0.682,0.2272,0.0382,0.034,0.14627
1108,18.467,0.48,0.16,0.0196,0.0239,0.14714
1109,18.483,0.032,0.0108,0.0018,0.0103,0.14801
1110,18.5,3.628,1.2094,0.0727,0.1544,0.14789
1111,18.517,0.637,0.2125,0.0293,0.0428,0.14813
1112,18.533,0.682,0.2274,0.0271,0.0426,0.15025
1113,18.55,0.776,0.2588,0.0276,0.0464,0.15187
1114,18.567,0.814,0.2713,0.0295,0.0465,0.15187
1115,18.583,1.131,0.3769,0.0394,0.0671,0.15249
1116,18.6,1.215,0.4049,0.0381,0.0668,0.15124
1117,18.617,0.749,0.2496,0.0294,0.0392,0.14963
1118,18.633,0.707,0.2357,0.027,0.0283,0.15012
1119,18.65,0.857,0.2857,0.034,0.0364,0.15149
1120,18.667,0.559,0.1865,0.0194,0.027,0.15261
1121,18.683,0.813,0.2711,0.0366,0.0384,0.15137
1122,18.7,0.602,0.2007,0.023,0.0345,0.15224
1123,18.717,0.549,0.1832,0.019,0.0299,0.15299
1124,18.733,0.459,0.1532,0.0144,0.0225,0.15336
1125,18.75,0.67,0.2233,0.0229,0.0386,0.15311
1126,18.767,0.593,0.1978,0.0207,0.0323,0.15311
1127,18.783,0.657,0.219,0.0272,0.0287,0.15199
1128,18.8,5.904,1.968,0.3265,0.5816,0.15025
1129,18.817,0.791,0.2636,0.0334,0.04,0.14714
1130,18.833,0.018,0.0061,0.0018,0.0082,0.14726
1131,18.85,0.543,0.1809,0.02,0.0252,0.13881
1132,18.867,0.704,0.2346,0.0268,0.0367,0.13905
1133,18.883,5.632,1.8773,0.3054,0.5754,0.15199
1134,18.9,0.715,0.2383,0.0299,0.0388,0.15236
1135,18.917,0.62,0.2066,0.027,0.0307,0.15112
1136,18.933,0.519,0.1729,0.0217,0.0279,0.1449
1137,18.95,0.528,0.176,0.0229,0.0292,0.14366
1138,18.967,0.558,0.1861,0.024,0.0281,0.14328
1139,18.983,0.613,0.2044,0.0295,0.0309,0.14863
1140,19.0,3.416,1.1385,0.066,0.1529,0.1454
1141,19.017,0.612,0.204,0.0291,0.0408,0.14714
1142,19.033,0.712,0.2375,0.0315,0.0466,0.15435
1143,19.05,0.764,0.2547,0.0327,0.0464,0.14988
1144,19.067,0.784,0.2614,0.0332,0.0492,0.1444
1145,19.083,1.13,0.3766,0.0421,0.0714,0.15012
1146,19.1,1.201,0.4003,0.038,0.0683,0.1449
1147,19.117,0.083,0.0278,0.0053,0.0191,0.1449
1148,19.133,0.569,0.1896,0.024,0.0309,0.14988
1149,19.15,0.852,0.284,0.0274,0.0529,0.14751
1150,19.167,0.474,0.1581,0.017,0.0298,0.14813
1151,19.183,0.496,0.1652,0.0169,0.0274,0.14851
1152,19.2,0.51,0.1699,0.0184,0.0274,0.14726
1153,19.217,0.841,0.2804,0.0475,0.0314,0.1454
1154,19.233,0.726,0.2419,0.0393,0.0261,0.1454
1155,19.25,0.927,0.3089,0.0611,0.0386,0.14602
1156,19.267,0.564,0.1879,0.0263,0.0337,0.14552
1157,19.283,0.702,0.234,0.0363,0.0308,0.14415
1158,19.3,0.674,0.2248,0.0323,0.0333,0.14577
1159,19.317,0.606,0.2021,0.0277,0.0262,0.1454
1160,19.333,0.458,0.1528,0.0151,0.0339,0.14801
1161,19.35,0.48,0.1601,0.0179,0.0269,0.14726
1162,19.367,0.602,0.2008,0.0249,0.0369,0.14863
1163,19.383,0.437,0.1457,0.0153,0.0255,0.1556
1164,19.4,0.687,0.229,0.0268,0.0332,0.15659
1165,19.417,0.021,0.0071,0.0012,0.0061,0.15647
1166,19.433,0.823,0.2744,0.042,0.0263,0.15609
1167,19.45,0.83,0.2768,0.0437,0.0387,0.14701
1168,19.467,0.618,0.2062,0.0279,0.0256,0.14826
1169,19.483,0.713,0.2377,0.0311,0.0341,0.15112
1170,19.5,3.443,1.1477,0.0705,0.1493,0.14851
1171,19.517,0.669,0.223,0.0307,0.0405,0.14925
1172,19.533,0.705,0.2351,0.0301,0.0422,0.1495
1173,19.55,0.771,0.2569,0.0297,0.0468,0.15498
1174,19.567,0.824,0.2745,0.0305,0.0466,0.15659
1175,19.583,0.998,0.3328,0.0354,0.0549,0.16194
1176,19.6,0.655,0.2183,0.0303,0.0334,0.15336
1177,19.617,0.677,0.2255,0.0339,0.027,0.15846
1178,19.633,0.651,0.2171,0.0295,0.0275,0.15995
1179,19.65,0.533,0.1778,0.0243,0.0274,0.15
1180,19.667,0.483,0.1611,0.0174,0.0205,0.1495
1181,19.683,0.491,0.1638,0.0181,0.0251,0.14876
1182,19.7,0.369,0.1229,0.01,0.0216,0.15398
1183,19.717,0.437,0.1457,0.0124,0.0257,0.149
1184,19.733,0.429,0.143,0.0136,0.0222,0.15622
1185,19.75,0.546,0.182,0.0157,0.0271,0.15037
1186,19.767,0.421,0.1404,0.0149,0.0241,0.15087
1187,19.783,5.516,1.8386,0.3034,0.5762,0.14652
1188,19.8,5.266,1.7553,0.2907,0.5646,0.15697
1189,19.817,0.511,0.1703,0.0206,0.0395,0.1551
1190,19.833,0.383,0.1277,0.0139,0.0286,0.15162
1191,19.85,0.006,0.0019,0.0009,0.0037,0.15162
1192,19.867,0.576,0.1919,0.0285,0.0454,0.15771
1193,19.883,5.306,1.7686,0.293,0.5594,0.15746
1194,19.9,0.044,0.0148,0.0045,0.0177,0.15759
1195,19.917,0.49,0.1634,0.018,0.0378,0.14453
1196,19.933,5.383,1.7944,0.2996,0.564,0.14863
1197,19.95,0.402,0.1338,0.0152,0.0325,0.14677
1198,19.967,0.391,0.1304,0.0134,0.0302,0.15187
1199,19.983,0.378,0.1261,0.0122,0.028,0.14614
1200,20.0,3.215,1.0716,0.0577,0.1482,0.14975
1201,20.017,0.452,0.1505,0.0171,0.036,0.15473
1202,20.033,0.591,0.1971,0.0219,0.0385,0.15448
1203,20.05,0.71,0.2368,0.0259,0.0405,0.16132
1204,20.067,0.901,0.3004,0.0304,0.0508,0.15672
1205,20.083,1.112,0.3707,0.0297,0.0634,0.15224
1206,20.1,0.533,0.1777,0.018,0.0334,0.14764
1207,20.117,0.49,0.1634,0.0161,0.0321,0.14888
1208,20.133,0.339,0.1129,0.0109,0.0253,0.14925
1209,20.15,0.525,0.1749,0.0186,0.0311,0.15672
1210,20.167,0.411,0.1369,0.0141,0.0233,0.1551
1211,20.183,0.565,0.1882,0.021,0.0322,0.15659
1212,20.2,0.468,0.156,0.0164,0.029,0.15697
1213,20.217,0.526,0.1753,0.0199,0.028,0.14863
1214,20.233,0.431,0.1438,0.0145,0.0249,0.14851
1215,20.25,0.48,0.1599,0.0174,0.0284,0.14876
1216,20.267,0.54,0.18,0.023,0.0262,0.15087
1217,20.283,0.501,0.167,0.0211,0.0246,0.15498
1218,20.3,0.501,0.1669,0.0243,0.0297,0.15323
1219,20.317,0.42,0.1399,0.0215,0.0212,0.15261
1220,20.333,0.371,0.1236,0.0136,0.0334,0.15211
1221,20.35,0.282,0.0939,0.0097,0.0226,0.15137
1222,20.367,0.342,0.114,0.0123,0.0261,0.15249
1223,20.383,0.33,0.11,0.0095,0.0281,0.15211
1224,20.4,0.398,0.1325,0.014,0.027,0.15286
1225,20.417,0.008,0.0028,0.0008,0.004,0.15286
1226,20.433,0.423,0.1411,0.0162,0.0235,0.15224
1227,20.45,0.44,0.1466,0.0202,0.0277,0.15162
1228,20.467,0.399,0.133,0.015,0.0248,0.15149
1229,20.483,0.585,0.1949,0.0363,0.0306,0.15435
1230,20.5,2.969,0.9896,0.052,0.1301,0.15137
1231,20.517,0.611,0.2037,0.046,0.0399,0.1541
1232,20.533,0.549,0.183,0.028,0.0343,0.14963
1233,20.55,0.762,0.2539,0.0627,0.0452,0.1505
1234,20.567,0.831,0.277,0.0495,0.0507,0.15037
1235,20.583,0.571,0.1905,0.0505,0.0341,0.15609
1236,20.6,0.603,0.2009,0.0638,0.0307,0.15821
1237,20.617,0.5,0.1668,0.031,0.026,0.15647
1238,20.633,0.498,0.166,0.0289,0.0256,0.15808
1239,20.65,0.52,0.1732,0.0293,0.0239,0.15871
1240,20.667,0.539,0.1797,0.0278,0.0248,0.15721
1241,20.683,0.419,0.1397,0.0171,0.0241,0.15771
1242,20.7,0.01,0.0034,0.0009,0.0045,0.15784
1243,20.717,0.897,0.2991,0.1773,0.0455,0.15647
1244,20.733,0.01,0.0032,0.0009,0.0044,0.15647
1245,20.75,0.87,0.2899,0.1023,0.0535,0.15858
1246,20.767,0.016,0.0053,0.0009,0.0044,0.15871
1247,20.783,5.845,1.9484,0.3449,0.5674,0.1556
1248,20.8,0.732,0.244,0.0451,0.0367,0.15547
1249,20.817,0.49,0.1633,0.0276,0.0248,0.15634
1250,20.833,5.447,1.8158,0.3151,0.5607,0.14789
1251,20.85,0.278,0.0928,0.0234,0.0282,0.14726
1252,20.867,0.157,0.0523,0.0099,0.0231,0.14701
1253,20.883,0.149,0.0497,0.0179,0.0211,0.14652
1254,20.9,0.113,0.0378,0.0036,0.0179,0.14627
1255,20.917,0.147,0.0492,0.0048,0.0225,0.1454
1256,20.933,0.126,0.042,0.0044,0.0204,0.14428
1257,20.95,0.118,0.0392,0.0039,0.0193,0.1444
1258,20.967,0.498,0.1661,0.0158,0.0439,0.14776
1259,20.983,0.144,0.048,0.0058,0.0208,0.14913
1260,21.0,2.899,0.9663,0.0479,0.1325,0.14701
1261,21.017,0.223,0.0744,0.0096,0.0321,0.14726
1262,21.033,0.258,0.0859,0.0103,0.0319,0.14813
1263,21.05,0.308,0.1026,0.0115,0.0338,0.14888
1264,21.067,0.666,0.2221,0.0195,0.0569,0.14714
1265,21.083,0.624,0.2078,0.0161,0.0472,0.14664
1266,21.1,0.168,0.056,0.007,0.0233,0.14764
1267,21.117,0.193,0.0643,0.0062,0.0266,0.14776
1268,21.133,0.156,0.052,0.0048,0.0202,0.14776
1269,21.15,0.151,0.0504,0.0048,0.0208,0.14751
1270,21.167,0.147,0.0489,0.0044,0.0222,0.14801
1271,21.183,0.133,0.0443,0.0042,0.0191,0.14801
1272,21.2,0.128,0.0427,0.0043,0.0201,0.14789
1273,21.217,0.134,0.0448,0.0042,0.0193,0.14739
1274,21.233,0.007,0.0025,0.0008,0.0035,0.14751
1275,21.25,0.216,0.0719,0.006,0.0263,0.14701
1276,21.267,0.155,0.0516,0.0048,0.0201,0.14751
1277,21.283,0.175,0.0584,0.0048,0.0222,0.14751
1278,21.3,0.19,0.0633,0.0053,0.0257,0.14714
1279,21.317,0.145,0.0483,0.0044,0.0212,0.14701
1280,21.333,0.165,0.0549,0.0052,0.022,0.14726
1281,21.35,0.19,0.0632,0.0056,0.0257,0.14726
1282,21.367,0.15,0.0501,0.0044,0.0207,0.14764
1283,21.383,0.178,0.0594,0.005,0.0286,0.14813
1284,21.4,0.15,0.0499,0.0042,0.0191,0.14776
1285,21.417,0.186,0.0619,0.0049,0.0257,0.14988
1286,21.433,0.159,0.0531,0.0044,0.0235,0.14988
1287,21.45,0.108,0.0361,0.0039,0.0195,0.15
1288,21.467,0.455,0.1518,0.0153,0.0467,0.14988
1289,21.483,0.238,0.0794,0.0079,0.0301,0.1495
1290,21.5,2.887,0.9624,0.0443,0.1215,0.15062
1291,21.517,0.227,0.0756,0.0091,0.031,0.14938
1292,21.533,0.305,0.1017,0.0113,0.0364,0.15037
1293,21.55,5.282,1.7608,0.2984,0.5645,0.14465
1294,21.567,0.566,0.1886,0.0189,0.0538,0.14975
1295,21.583,0.675,0.2249,0.018,0.0509,0.1449
1296,21.6,0.209,0.0697,0.0084,0.0296,0.14502
1297,21.617,5.278,1.7595,0.2901,0.5577,0.15037
1298,21.633,0.211,0.0704,0.0084,0.0286,0.14677
1299,21.65,0.135,0.0451,0.0043,0.0212,0.14652
1300,21.667,0.14,0.0465,0.0046,0.0217,0.14714
1301,21.683,0.149,0.0497,0.0048,0.023,0.14813
1302,21.7,0.154,0.0513,0.005,0.0248,0.14863
1303,21.717,0.131,0.0436,0.0044,0.0197,0.14863
1304,21.733,0.027,0.0089,0.0016,0.0081,0.14851
1305,21.75,5.344,1.7812,0.2932,0.5581,0.14428
1306,21.767,0.194,0.0647,0.007,0.0241,0.14453
1307,21.783,0.14,0.0467,0.0045,0.0205,0.151
1308,21.8,0.109,0.0363,0.004,0.0189,0.1444
1309,21.817,0.003,0.0012,0.0007,0.0026,0.1444
1310,21.833,0.236,0.0786,0.0069,0.0339,0.14453
1311,21.85,0.126,0.0419,0.0041,0.0193,0.1444
1312,21.867,0.139,0.0465,0.004,0.0182,0.14478
1313,21.883,0.156,0.0521,0.0046,0.021,0.14527
1314,21.9,0.164,0.0545,0.0055,0.0243,0.1449
1315,21.917,0.627,0.2089,0.0177,0.0484,0.14403
1316,21.933,0.044,0.0148,0.0036,0.0143,0.14415
1317,21.95,0.088,0.0292,0.0028,0.0141,0.14391
1318,21.967,0.341,0.1138,0.0126,0.0379,0.14366
1319,21.983,0.116,0.0387,0.0049,0.0216,0.14216
1320,22.0,3.07,1.0232,0.0479,0.1395,0.14316
1321,22.017,0.158,0.0526,0.008,0.0318,0.14925
1322,22.033,0.191,0.0637,0.0088,0.0283,0.15336
1323,22.05,0.279,0.0929,0.0114,0.0363,0.14888
1324,22.067,0.526,0.1753,0.0166,0.0473,0.14627
1325,22.083,0.14,0.0467,0.0063,0.0229,0.14614
1326,22.1,4.984,1.6615,0.2834,0.54,0.14888
1327,22.117,0.251,0.0838,0.0103,0.0381,0.15012
1328,22.133,0.105,0.0349,0.0043,0.0208,0.1495
1329,22.15,0.065,0.0217,0.0024,0.0114,0.14938
1330,22.167,0.068,0.0225,0.0023,0.0083,0.14963
1331,22.183,0.537,0.1791,0.0168,0.0492,0.149
1332,22.2,0.119,0.0398,0.0043,0.021,0.14851
1333,22.217,0.204,0.0679,0.0085,0.0368,0.14863
1334,22.233,0.489,0.1629,0.016,0.0483,0.14801
1335,22.25,0.161,0.0537,0.0065,0.023,0.14851
1336,22.267,0.116,0.0387,0.0045,0.0224,0.14826
1337,22.283,0.119,0.0398,0.0038,0.0198,0.14938
1338,22.3,0.165,0.055,0.0054,0.0302,0.14963
1339,22.317,0.171,0.0571,0.0051,0.0259,0.15
1340,22.333,0.114,0.0381,0.0038,0.0216,0.15
1341,22.35,0.198,0.0659,0.0055,0.0261,0.15
1342,22.367,0.158,0.0527,0.0052,0.03,0.14963
1343,22.383,0.151,0.0502,0.0047,0.024,0.14913
1344,22.4,0.16,0.0532,0.0046,0.0238,0.14888
1345,22.417,0.168,0.0561,0.0054,0.0253,0.14975
1346,22.433,0.017,0.0056,0.0013,0.0058,0.14975
1347,22.45,0.165,0.0549,0.0048,0.0237,0.15
1348,22.467,0.152,0.0508,0.0051,0.0267,0.14988
1349,22.483,0.193,0.0644,0.0053,0.0257,0.14988
1350,22.5,2.947,0.9822,0.0464,0.1284,0.14751
1351,22.517,0.249,0.0828,0.0124,0.0314,0.15647
1352,22.533,0.282,0.0939,0.0135,0.0338,0.14751
1353,22.55,0.428,0.1428,0.0166,0.0412,0.1551
1354,22.567,0.838,0.2794,0.0255,0.058,0.15112
1355,22.583,0.736,0.2453,0.0317,0.0533,0.15124
1356,22.6,0.783,0.2609,0.0484,0.0511,0.14888
1357,22.617,0.351,0.1169,0.0276,0.0333,0.15697
1358,22.633,0.348,0.116,0.0362,0.0315,0.15585
1359,22.65,0.339,0.113,0.0342,0.0303,0.15535
1360,22.667,0.363,0.1209,0.0344,0.0298,0.15473
1361,22.683,0.32,0.1065,0.0194,0.0307,0.14913
1362,22.7,0.365,0.1217,0.0283,0.031,0.15025
1363,22.717,0.301,0.1005,0.0162,0.0275,0.15771
1364,22.733,0.293,0.0978,0.0113,0.0275,0.15759
1365,22.75,0.244,0.0812,0.0092,0.0282,0.1556
1366,22.767,0.218,0.0727,0.0084,0.0243,0.15721
1367,22.783,0.188,0.0627,0.0059,0.0243,0.15746
1368,22.8,0.199,0.0664,0.0067,0.0277,0.15821
1369,22.817,0.186,0.062,0.0063,0.0238,0.15846
1370,22.833,0.211,0.0705,0.0067,0.0298,0.15833
1371,22.85,0.176,0.0587,0.0061,0.0234,0.15871
1372,22.867,0.308,0.1027,0.0186,0.0303,0.15684
1373,22.883,0.265,0.0883,0.0168,0.0236,0.15833
1374,22.9,0.299,0.0996,0.0192,0.0268,0.15896
1375,22.917,0.309,0.1028,0.0217,0.0277,0.15597
1376,22.933,0.294,0.098,0.0182,0.0265,0.15746
1377,22.95,0.302,0.1007,0.0199,0.0242,0.15535
1378,22.967,0.253,0.0842,0.0107,0.0241,0.15746
1379,22.983,0.246,0.0822,0.0136,0.0241,0.15622
1380,23.0,6.543,2.1809,0.2863,0.5519,0.149
1381,23.017,0.327,0.1088,0.0144,0.0343,0.15348
1382,23.033,0.448,0.1494,0.0209,0.0383,0.15075
1383,23.05,0.449,0.1498,0.0202,0.0379,0.15311
1384,23.067,0.576,0.1919,0.0196,0.0494,0.15087
1385,23.083,0.904,0.3015,0.0276,0.0612,0.1551
1386,23.1,0.717,0.2389,0.0227,0.0488,0.1541
1387,23.117,0.29,0.0966,0.0131,0.0325,0.15087
1388,23.133,0.281,0.0936,0.0124,0.0264,0.14801
1389,23.15,0.197,0.0656,0.009,0.0217,0.15473
1390,23.167,0.391,0.1305,0.0172,0.0266,0.14826
1391,23.183,0.321,0.1069,0.0152,0.0224,0.14813
1392,23.2,0.489,0.1631,0.0261,0.0271,0.15672
1393,23.217,0.379,0.1265,0.0155,0.0206,0.14925
1394,23.233,0.542,0.1806,0.0329,0.0279,0.15087
1395,23.25,0.523,0.1744,0.0298,0.0262,0.15709
1396,23.267,0.012,0.0042,0.001,0.0042,0.15709
1397,23.283,0.518,0.1728,0.0279,0.0284,0.15808
1398,23.3,5.793,1.9311,0.3151,0.566,0.15721
1399,23.317,0.785,0.2616,0.0503,0.0417,0.15908
1400,23.333,0.708,0.2361,0.0584,0.034,0.15896
1401,23.35,0.485,0.1616,0.03,0.0262,0.15808
1402,23.367,0.472,0.1573,0.0196,0.0309,0.15597
1403,23.383,0.518,0.1725,0.0385,0.0293,0.15162
1404,23.4,0.443,0.1477,0.0246,0.0294,0.15908
1405,23.417,0.374,0.1246,0.0217,0.0227,0.15858
1406,23.433,0.502,0.1673,0.0349,0.0311,0.15709
1407,23.45,0.422,0.1407,0.0261,0.0244,0.15659
1408,23.467,0.495,0.1649,0.0343,0.0283,0.15759
1409,23.483,0.01,0.0032,0.0009,0.0036,0.15746
1410,23.5,3.339,1.1129,0.0889,0.1505,0.1597
1411,23.517,0.104,0.0346,0.0065,0.0221,0.16082
1412,23.533,0.494,0.1646,0.0188,0.0386,0.15945
1413,23.55,5.572,1.8573,0.3037,0.5703,0.14701
1414,23.567,0.885,0.2951,0.0272,0.0599,0.1546
1415,23.583,0.998,0.3328,0.0689,0.0558,0.15721
1416,23.6,0.451,0.1505,0.0207,0.0301,0.15734
1417,23.617,0.442,0.1474,0.0255,0.0303,0.15323
1418,23.633,0.359,0.1198,0.0149,0.03,0.15609
1419,23.65,5.566,1.8554,0.2977,0.5706,0.15808
1420,23.667,0.44,0.1466,0.0164,0.0392,0.15808
1421,23.683,0.286,0.0952,0.0105,0.0255,0.15871
1422,23.7,0.3,0.1,0.0113,0.0252,0.15796
1423,23.717,0.306,0.1019,0.0119,0.0269,0.15112
1424,23.733,0.277,0.0922,0.0105,0.022,0.15896
1425,23.75,0.403,0.1344,0.015,0.03,0.15187
1426,23.767,0.359,0.1198,0.0129,0.0296,0.15398
1427,23.783,0.265,0.0883,0.0091,0.0252,0.15124
1428,23.8,0.218,0.0726,0.0078,0.0203,0.15162
1429,23.817,0.248,0.0826,0.0082,0.023,0.15149
1430,23.833,0.47,0.1566,0.0154,0.0392,0.15112
1431,23.85,0.32,0.1066,0.0105,0.0303,0.15323
1432,23.867,0.297,0.0989,0.0125,0.0238,0.14963
1433,23.883,0.212,0.0708,0.008,0.0204,0.149
1434,23.9,0.28,0.0934,0.011,0.0228,0.15261
1435,23.917,0.282,0.0939,0.0121,0.0229,0.15597
1436,23.933,0.295,0.0985,0.0106,0.0242,0.15721
1437,23.95,0.02,0.0066,0.0011,0.0049,0.15721
1438,23.967,5.537,1.8455,0.2973,0.5708,0.1505
1439,23.983,0.43,0.1434,0.0164,0.0339,0.14925
1440,24.0,3.211,1.0704,0.0566,0.1469,0.15
1441,24.017,0.38,0.1267,0.0175,0.0367,0.15274
1442,24.033,5.201,1.7336,0.2833,0.5559,0.15522
1443,24.05,0.51,0.1699,0.0205,0.0484,0.1556
1444,24.067,0.641,0.2138,0.0243,0.0488,0.1556
1445,24.083,1.008,0.3361,0.0305,0.0611,0.15435
1446,24.1,0.852,0.284,0.0288,0.0517,0.15274
1447,24.117,0.507,0.1691,0.0186,0.0398,0.15299
1448,24.133,0.364,0.1213,0.0114,0.026,0.15211
1449,24.15,0.43,0.1434,0.0124,0.0284,0.14925
1450,24.167,0.38,0.1266,0.0122,0.0317,0.14988
1451,24.183,0.305,0.1016,0.01,0.0258,0.15535
1452,24.2,0.272,0.0907,0.0103,0.0228,0.15012
1453,24.217,0.34,0.1132,0.0113,0.0284,0.15249
1454,24.233,0.28,0.0935,0.0085,0.0209,0.15286
1455,24.25,0.383,0.1276,0.0113,0.0282,0.15149
1456,24.267,0.273,0.091,0.0082,0.0208,0.15299
1457,24.283,0.358,0.1192,0.0116,0.0281,0.15211
1458,24.3,0.259,0.0864,0.0091,0.0231,0.15012
1459,24.317,0.011,0.0035,0.001,0.0041,0.14988
1460,24.333,5.659,1.8862,0.3003,0.5637,0.14577
1461,24.35,0.061,0.0204,0.0054,0.0198,0.14652
1462,24.367,0.491,0.1635,0.0167,0.036,0.14714
1463,24.383,0.266,0.0886,0.0096,0.025,0.14714
1464,24.4,0.283,0.0942,0.0091,0.0266,0.14751
1465,24.417,0.371,0.1237,0.0145,0.026,0.14764
1466,24.433,0.305,0.1017,0.0099,0.0225,0.14403
1467,24.45,0.348,0.116,0.0136,0.0268,0.14639
1468,24.467,5.577,1.8589,0.2993,0.5677,0.15759
1469,24.483,0.38,0.1267,0.0147,0.0326,0.15597
1470,24.5,6.476,2.1587,0.2861,0.5549,0.15448
1471,24.517,0.349,0.1163,0.0132,0.0351,0.15361
1472,24.533,0.475,0.1583,0.0169,0.0405,0.1444
1473,24.55,0.421,0.1405,0.0152,0.0381,0.1454
1474,24.567,0.632,0.2107,0.02,0.0525,0.15149
1475,24.583,0.937,0.3122,0.0259,0.0646,0.14104
1476,24.6,5.464,1.8212,0.2918,0.5597,0.14577
1477,24.617,0.354,0.118,0.0136,0.04,0.15162
1478,24.633,0.257,0.0857,0.0086,0.0306,0.14403
1479,24.65,0.256,0.0854,0.0089,0.0232,0.14975
1480,24.667,0.211,0.0704,0.0077,0.0253,0.14925
1481,24.683,0.228,0.076,0.0076,0.0266,0.14204
1482,24.7,0.468,0.1559,0.0156,0.0381,0.14938
1483,24.717,0.194,0.0648,0.007,0.0233,0.14353
1484,24.733,0.299,0.0996,0.0094,0.0283,0.14838
1485,24.75,0.29,0.0965,0.0089,0.0271,0.14378
1486,24.767,0.214,0.0712,0.0073,0.024,0.1444
1487,24.783,0.274,0.0913,0.0095,0.0282,0.151
1488,24.8,0.212,0.0706,0.0067,0.023,0.15075
1489,24.817,0.008,0.0027,0.0007,0.0034,0.15075
1490,24.833,0.294,0.0982,0.0078,0.0273,0.14851
1491,24.85,0.22,0.0733,0.0065,0.0244,0.14813
1492,24.867,0.288,0.0958,0.0079,0.0274,0.149
1493,24.883,0.224,0.0748,0.0066,0.0236,0.14366
1494,24.9,0.187,0.0623,0.0053,0.0209,0.14988
1495,24.917,0.266,0.0886,0.008,0.0284,0.14876
1496,24.933,0.281,0.0935,0.0101,0.0225,0.14925
1497,24.95,0.293,0.0977,0.0092,0.0238,0.14726
1498,24.967,0.215,0.0717,0.0065,0.0205,0.14888
1499,24.983,0.278,0.0927,0.0088,0.023,0.14963
1500,25.0,3.061,1.0203,0.0513,0.1435,0.15025
1501,25.017,0.331,0.1102,0.014,0.0369,0.14888
1502,25.033,0.384,0.1281,0.0156,0.0362,0.14888
1503,25.05,0.477,0.1589,0.0178,0.0388,0.14863
1504,25.067,0.621,0.2068,0.0206,0.0497,0.149
1505,25.083,0.079,0.0264,0.0048,0.0181,0.14863
1506,25.1,0.878,0.2928,0.0241,0.0612,0.149
1507,25.117,0.267,0.0891,0.0092,0.0238,0.14776
1508,25.133,0.181,0.0604,0.0061,0.021,0.1505
1509,25.15,0.325,0.1082,0.012,0.03,0.15684
1510,25.167,0.641,0.2137,0.0195,0.0494,0.14689
1511,25.183,0.2,0.0668,0.0073,0.0186,0.1449
1512,25.2,0.274,0.0912,0.0086,0.0269,0.14515
1513,25.217,0.386,0.1286,0.012,0.0315,0.14391
1514,25.233,5.596,1.8652,0.2976,0.5725,0.14192
1515,25.25,0.304,0.1012,0.0099,0.0259,0.14366
1516,25.267,0.222,0.074,0.007,0.0233,0.14403
1517,25.283,0.294,0.098,0.0099,0.0292,0.1444
1518,25.3,0.339,0.1132,0.0136,0.0291,0.14664
1519,25.317,0.284,0.0948,0.0107,0.0227,0.14714
1520,25.333,0.479,0.1597,0.0305,0.0328,0.14602
1521,25.35,0.4,0.1332,0.0268,0.0242,0.14689
1522,25.367,0.429,0.143,0.0378,0.0285,0.14391
1523,25.383,5.556,1.8521,0.3154,0.5707,0.14701
1524,25.4,0.393,0.1309,0.0296,0.0313,0.14677
1525,25.417,0.376,0.1252,0.0302,0.0267,0.14328
1526,25.433,0.309,0.1029,0.0198,0.0229,0.1449
1527,25.45,0.298,0.0992,0.0218,0.0252,0.14876
1528,25.467,0.114,0.038,0.0045,0.0158,0.14838
1529,25.483,0.401,0.1335,0.0237,0.0337,0.14801
1530,25.5,2.921,0.9736,0.0523,0.1388,0.14341
1531,25.517,0.317,0.1056,0.0179,0.0334,0.14826
1532,25.533,0.358,0.1195,0.016,0.0359,0.1495
1533,25.55,0.43,0.1433,0.0216,0.0362,0.1495
1534,25.567,0.605,0.2016,0.0202,0.0463,0.14366
1535,25.583,0.344,0.1147,0.0162,0.0305,0.14465
1536,25.6,0.234,0.078,0.0111,0.0229,0.15025
1537,25.617,0.253,0.0842,0.0121,0.0258,0.151
1538,25.633,0.234,0.0779,0.0115,0.0225,0.1444
1539,25.65,0.197,0.0657,0.0081,0.0212,0.14453
1540,25.667,0.196,0.0654,0.0089,0.021,0.14502
1541,25.683,0.162,0.0539,0.0059,0.0186,0.14502
1542,25.7,5.588,1.8627,0.3016,0.5714,0.14154
1543,25.717,0.219,0.0731,0.0075,0.0267,0.1408
1544,25.733,0.193,0.0644,0.0067,0.0218,0.13607
1545,25.75,0.241,0.0804,0.0071,0.0252,0.13694
1546,25.767,0.166,0.0552,0.005,0.0204,0.13818
1547,25.783,0.262,0.0874,0.0102,0.0291,0.14428
1548,25.8,0.48,0.1599,0.0152,0.0417,0.14316
1549,25.817,0.261,0.0869,0.0085,0.0272,0.14154
1550,25.833,0.237,0.0791,0.007,0.0231,0.13818
1551,25.85,0.228,0.0761,0.0062,0.0242,0.13831
1552,25.867,0.199,0.0664,0.0059,0.0232,0.13781
1553,25.883,0.178,0.0593,0.0052,0.022,0.13744
1554,25.9,0.187,0.0622,0.0054,0.0221,0.13632
1555,25.917,0.175,0.0584,0.0054,0.0205,0.14192
1556,25.933,0.162,0.054,0.0047,0.0207,0.13595
1557,25.95,0.17,0.0567,0.005,0.0221,0.14229
1558,25.967,0.166,0.0553,0.0046,0.0198,0.13769
1559,25.983,0.169,0.0563,0.0049,0.0196,0.13694
1560,26.0,2.987,0.9958,0.0472,0.1317,0.14801
1561,26.017,0.259,0.0862,0.0109,0.0329,0.14988
1562,26.033,0.304,0.1012,0.0117,0.0344,0.14925
1563,26.05,5.281,1.7605,0.2848,0.5514,0.14801
1564,26.067,0.571,0.1905,0.0194,0.0504,0.151
1565,26.083,0.742,0.2475,0.0207,0.0535,0.151
1566,26.1,0.195,0.0649,0.009,0.0267,0.15236
1567,26.117,0.116,0.0388,0.0047,0.0193,0.15137
1568,26.133,0.095,0.0318,0.0038,0.0131,0.15137
1569,26.15,0.085,0.0282,0.0028,0.0124,0.15137
1570,26.167,0.092,0.0308,0.0034,0.0115,0.15199
1571,26.183,0.543,0.1809,0.0174,0.0494,0.15124
1572,26.2,0.083,0.0277,0.0029,0.0136,0.15124
1573,26.217,0.226,0.0755,0.0084,0.0264,0.15187
1574,26.233,0.511,0.1703,0.0161,0.0491,0.15299
1575,26.25,0.157,0.0522,0.0068,0.0247,0.15274
1576,26.267,0.107,0.0357,0.0035,0.0166,0.15087
1577,26.283,0.201,0.067,0.0075,0.0143,0.15249
1578,26.3,0.091,0.0302,0.0031,0.0121,0.15348
1579,26.317,0.135,0.0449,0.0036,0.0164,0.15274
1580,26.333,0.107,0.0357,0.0034,0.0156,0.15299
1581,26.35,0.12,0.0398,0.0039,0.0153,0.15249
1582,26.367,0.107,0.0357,0.0038,0.0154,0.15187
1583,26.383,0.136,0.0452,0.0039,0.0206,0.15174
1584,26.4,0.127,0.0422,0.0042,0.018,0.15199
1585,26.417,0.117,0.039,0.0039,0.0188,0.15211
1586,26.433,0.122,0.0408,0.0037,0.0166,0.15199
1587,26.45,0.141,0.047,0.0042,0.019,0.15211
1588,26.467,0.145,0.0483,0.0044,0.019,0.15236
1589,26.483,0.153,0.0511,0.0045,0.0221,0.15187
1590,26.5,6.442,2.1474,0.2865,0.5585,0.1449
1591,26.517,0.298,0.0992,0.0118,0.0377,0.14303
1592,26.533,0.324,0.108,0.0124,0.0364,0.14303
1593,26.55,0.346,0.1153,0.013,0.0365,0.14291
1594,26.567,0.37,0.1233,0.0132,0.0388,0.14167
1595,26.583,0.857,0.2857,0.0224,0.0613,0.14677
1596,26.6,0.666,0.2219,0.0187,0.0523,0.14913
1597,26.617,0.315,0.105,0.0103,0.0346,0.15137
1598,26.633,0.198,0.066,0.0073,0.0264,0.14378
1599,26.65,0.183,0.0609,0.0066,0.0268,0.14366
1600,26.667,0.172,0.0573,0.0065,0.0231,0.14465
1601,26.683,0.204,0.068,0.0066,0.0283,0.15075
1602,26.7,0.261,0.087,0.0079,0.0287,0.14938
1603,26.717,5.395,1.7983,0.2896,0.5575,0.14938
1604,26.733,0.411,0.1369,0.0138,0.0302,0.14913
1605,26.75,0.158,0.0526,0.0054,0.0207,0.14963
1606,26.767,0.224,0.0747,0.008,0.0285,0.1505
1607,26.783,0.187,0.0624,0.0062,0.0251,0.1505
1608,26.8,0.176,0.0587,0.0057,0.0234,0.15062
1609,26.817,0.145,0.0483,0.0046,0.0206,0.15075
1610,26.833,0.14,0.0465,0.0043,0.0207,0.15062
1611,26.85,0.139,0.0464,0.0047,0.0216,0.151
1612,26.867,0.138,0.0461,0.0039,0.0199,0.15087
1613,26.883,0.122,0.0408,0.004,0.0199,0.15075
1614,26.9,0.161,0.0536,0.0049,0.019,0.15124
1615,26.917,0.164,0.0547,0.0048,0.0202,0.15075
1616,26.933,0.185,0.0615,0.0055,0.0236,0.15149
1617,26.95,0.122,0.0406,0.0038,0.0173,0.15124
1618,26.967,0.133,0.0442,0.0042,0.0197,0.151
1619,26.983,0.144,0.048,0.0042,0.0175,0.15124
1620,27.0,2.982,0.9939,0.0481,0.1402,0.1495
1621,27.017,0.237,0.079,0.0097,0.0316,0.14988
1622,27.033,0.266,0.0885,0.0104,0.0309,0.14851
1623,27.05,0.38,0.1266,0.0141,0.0374,0.15112
1624,27.067,0.541,0.1804,0.0169,0.0438,0.15062
1625,27.083,5.646,1.882,0.2997,0.5695,0.14279
1626,27.1,0.666,0.222,0.0185,0.0497,0.15137
1627,27.117,5.414,1.8047,0.2919,0.5578,0.151
1628,27.133,0.155,0.0516,0.0049,0.0208,0.15286
1629,27.15,0.207,0.069,0.0057,0.0244,0.15361
1630,27.167,0.237,0.079,0.0072,0.0246,0.15274
1631,27.183,0.307,0.1025,0.0093,0.0266,0.15187
1632,27.2,0.222,0.074,0.0065,0.0227,0.15286
1633,27.217,0.235,0.0783,0.0067,0.0228,0.15124
1634,27.233,0.192,0.064,0.0049,0.0195,0.15087
1635,27.25,0.177,0.0589,0.0048,0.0221,0.15187
1636,27.267,0.167,0.0557,0.0044,0.0187,0.15199
1637,27.283,0.176,0.0587,0.0053,0.0221,0.15174
1638,27.3,0.124,0.0414,0.0041,0.0174,0.15025
1639,27.317,0.145,0.0484,0.004,0.0185,0.15025
1640,27.333,0.119,0.0396,0.0036,0.0177,0.15025
1641,27.35,0.142,0.0472,0.0045,0.0223,0.15012
1642,27.367,0.144,0.048,0.004,0.0197,0.15012
1643,27.383,0.121,0.0402,0.0037,0.0174,0.15025
1644,27.4,0.137,0.0455,0.0043,0.02,0.149
1645,27.417,0.126,0.0422,0.0038,0.0174,0.15062
1646,27.433,0.131,0.0435,0.0042,0.0184,0.15062
1647,27.45,0.147,0.049,0.0047,0.0185,0.1505
1648,27.467,0.143,0.0476,0.0044,0.0204,0.15124
1649,27.483,0.171,0.0571,0.0044,0.0205,0.15124
1650,27.5,2.871,0.9569,0.0456,0.1275,0.14888
1651,27.517,0.232,0.0773,0.0093,0.0312,0.14925
1652,27.533,0.256,0.0852,0.0102,0.0316,0.14714
1653,27.55,0.322,0.1073,0.0123,0.0362,0.14913
1654,27.567,0.487,0.1624,0.0154,0.044,0.15087
1655,27.583,0.81,0.2699,0.0213,0.0597,0.15435
1656,27.6,5.599,1.8662,0.2976,0.5659,0.14192
1657,27.617,0.184,0.0612,0.006,0.0259,0.14751
1658,27.633,0.191,0.0635,0.0072,0.0246,0.14764
1659,27.65,0.289,0.0962,0.0103,0.0282,0.14714
1660,27.667,0.267,0.0888,0.0082,0.0233,0.14415
1661,27.683,0.194,0.0646,0.0061,0.0201,0.14577
1662,27.7,0.29,0.0966,0.009,0.0266,0.15
1663,27.717,0.215,0.0717,0.0073,0.0176,0.14428
1664,27.733,0.306,0.1021,0.0083,0.0211,0.1454
1665,27.75,0.205,0.0685,0.0058,0.0196,0.14328
1666,27.767,5.505,1.8351,0.2974,0.5648,0.1495
1667,27.783,0.232,0.0772,0.0086,0.0247,0.1495
1668,27.8,0.246,0.0821,0.0082,0.0206,0.14938
1669,27.817,0.241,0.0805,0.0065,0.0201,0.1495
1670,27.833,0.239,0.0796,0.0075,0.0202,0.14913
1671,27.85,0.207,0.069,0.0059,0.0202,0.15112
1672,27.867,0.17,0.0565,0.0048,0.0203,0.15112
1673,27.883,0.181,0.0604,0.005,0.0203,0.151
1674,27.9,0.173,0.0576,0.0048,0.0197,0.15236
1675,27.917,0.217,0.0724,0.0098,0.022,0.15124
1676,27.933,0.141,0.0471,0.0051,0.0157,0.15149
1677,27.95,0.209,0.0697,0.0075,0.0195,0.15137
1678,27.967,0.149,0.0496,0.007,0.0181,0.15224
1679,27.983,0.177,0.059,0.0057,0.0194,0.15124
1680,28.0,2.901,0.967,0.0483,0.1302,0.1495
1681,28.017,0.235,0.0782,0.0128,0.0313,0.15162
1682,28.033,0.292,0.0975,0.0118,0.0327,0.14975
1683,28.05,0.375,0.125,0.014,0.0366,0.149
1684,28.067,0.499,0.1662,0.0167,0.0417,0.14963
1685,28.083,0.833,0.2778,0.022,0.0597,0.15012
1686,28.1,0.228,0.0759,0.0085,0.0219,0.15075
1687,28.117,0.272,0.0908,0.0107,0.028,0.15236
1688,28.133,0.559,0.1863,0.0163,0.0443,0.15224
1689,28.15,5.534,1.8446,0.298,0.5654,0.14726
1690,28.167,5.325,1.775,0.295,0.5633,0.14963
1691,28.183,0.183,0.0609,0.009,0.028,0.15037
1692,28.2,0.186,0.0619,0.0064,0.0227,0.15224
1693,28.217,0.128,0.0428,0.0041,0.018,0.14913
1694,28.233,0.211,0.0704,0.0075,0.0283,0.14963
1695,28.25,0.266,0.0887,0.009,0.0272,0.14876
1696,28.267,0.403,0.1344,0.0144,0.0378,0.14988
1697,28.283,0.231,0.077,0.0074,0.025,0.14938
1698,28.3,0.202,0.0672,0.0068,0.0252,0.14863
1699,28.317,0.179,0.0595,0.0053,0.0207,0.14776
1700,28.333,0.139,0.0462,0.0048,0.0177,0.14813
1701,28.35,0.157,0.0524,0.0059,0.0201,0.14975
1702,28.367,0.164,0.0547,0.0049,0.02,0.15012
1703,28.383,0.19,0.0632,0.0057,0.0221,0.1505
1704,28.4,0.169,0.0563,0.0055,0.0197,0.14925
1705,28.417,0.19,0.0633,0.0064,0.0231,0.149
1706,28.433,5.434,1.8115,0.2967,0.5632,0.15199
1707,28.45,0.042,0.014,0.004,0.0158,0.15187
1708,28.467,5.423,1.8077,0.2979,0.5636,0.14925
1709,28.483,0.262,0.0872,0.0081,0.0311,0.14988
1710,28.5,2.952,0.9839,0.0482,0.1325,0.14851
1711,28.517,0.257,0.0858,0.011,0.035,0.14863
1712,28.533,0.316,0.1053,0.011,0.0321,0.149
1713,28.55,0.411,0.1371,0.0146,0.0404,0.1505
1714,28.567,0.655,0.2183,0.0193,0.0563,0.15075
1715,28.583,0.755,0.2515,0.0198,0.0551,0.14988
1716,28.6,0.284,0.0946,0.0096,0.031,0.14913
1717,28.617,0.23,0.0766,0.007,0.0243,0.14838
1718,28.633,5.53,1.8434,0.2981,0.5657,0.14764
1719,28.65,5.448,1.8159,0.2966,0.5633,0.14913
1720,28.667,0.24,0.08,0.0091,0.0296,0.14888
1721,28.683,0.146,0.0487,0.0051,0.022,0.149
1722,28.7,0.169,0.0563,0.0054,0.0212,0.149
1723,28.717,0.066,0.022,0.0024,0.0119,0.14888
1724,28.733,0.012,0.004,0.0011,0.0061,0.14876
1725,28.75,0.011,0.0036,0.001,0.0054,0.14876
1726,28.767,0.032,0.0107,0.0015,0.0083,0.14876
1727,28.783,0.345,0.1151,0.0116,0.0329,0.15124
1728,28.8,0.597,0.1989,0.0156,0.0511,0.1495
1729,28.817,0.319,0.1063,0.009,0.0287,0.151
1730,28.833,0.228,0.0759,0.0062,0.0241,0.15398
1731,28.85,0.23,0.0767,0.007,0.0218,0.15261
1732,28.867,0.177,0.0589,0.0048,0.0192,0.1556
1733,28.883,0.205,0.0682,0.006,0.0234,0.15311
1734,28.9,0.008,0.0025,0.0008,0.0034,0.15311
1735,28.917,0.306,0.1019,0.0093,0.0318,0.15137
1736,28.933,0.185,0.0615,0.0059,0.0219,0.15037
1737,28.95,0.185,0.0616,0.0059,0.0205,0.15249
1738,28.967,0.181,0.0605,0.0058,0.0192,0.15112
1739,28.983,0.185,0.0616,0.0056,0.0197,0.15087
1740,29.0,2.822,0.9406,0.0454,0.1278,0.14627
1741,29.017,0.28,0.0935,0.0115,0.0328,0.14677
1742,29.033,0.299,0.0996,0.0117,0.0304,0.14664
1743,29.05,0.354,0.1181,0.0142,0.0361,0.14863
1744,29.067,0.527,0.1757,0.0183,0.0472,0.14975
1745,29.083,0.252,0.084,0.0102,0.0286,0.14963
1746,29.1,0.173,0.0576,0.007,0.0234,0.14876
1747,29.117,0.777,0.2591,0.0228,0.0568,0.14751
1748,29.133,0.134,0.0448,0.0061,0.019,0.14714
1749,29.15,0.151,0.0502,0.0054,0.0195,0.14776
1750,29.167,0.24,0.0801,0.0086,0.0269,0.14789
1751,29.183,0.403,0.1343,0.0135,0.0403,0.14838
1752,29.2,0.27,0.0899,0.0086,0.0302,0.14801
1753,29.217,0.239,0.0798,0.0069,0.0253,0.14813
1754,29.233,0.219,0.0731,0.0064,0.0252,0.14851
1755,29.25,0.224,0.0746,0.0053,0.0216,0.14826
1756,29.267,0.19,0.0632,0.0054,0.022,0.14826
1757,29.283,0.177,0.059,0.0048,0.0205,0.14851
1758,29.3,5.501,1.8336,0.2966,0.5634,0.14739
1759,29.317,0.34,0.1134,0.0114,0.036,0.14838
1760,29.333,5.461,1.8203,0.2953,0.5629,0.14826
1761,29.35,0.151,0.0505,0.0055,0.0208,0.14863
1762,29.367,0.187,0.0624,0.0061,0.0264,0.149
1763,29.383,0.21,0.0701,0.0069,0.0279,0.14913
1764,29.4,0.163,0.0544,0.0049,0.0238,0.149
1765,29.417,0.175,0.0584,0.0056,0.026,0.1495
1766,29.433,0.184,0.0614,0.0057,0.0258,0.14913
1767,29.45,0.173,0.0575,0.0058,0.0248,0.15025
1768,29.467,0.173,0.0576,0.0056,0.0233,0.15012
1769,29.483,0.118,0.0392,0.0041,0.0196,0.15124
1770,29.5,2.957,0.9858,0.048,0.135,0.15323
1771,29.517,0.228,0.0762,0.01,0.033,0.15448
1772,29.533,0.293,0.0978,0.0112,0.0338,0.15647
1773,29.55,0.376,0.1255,0.0133,0.0365,0.15448
1774,29.567,0.49,0.1634,0.0165,0.0467,0.15498
1775,29.583,0.223,0.0743,0.0085,0.0274,0.1546
1776,29.6,0.131,0.0436,0.0052,0.022,0.1551
1777,29.617,5.365,1.7884,0.2979,0.5659,0.15373
1778,29.633,0.197,0.0657,0.0087,0.0285,0.15386
1779,29.65,0.145,0.0482,0.0058,0.0233,0.15398
1780,29.667,5.287,1.7624,0.2945,0.5631,0.1551
1781,29.683,0.039,0.0128,0.0043,0.0185,0.15609
1782,29.7,0.19,0.0635,0.0067,0.0265,0.15547
1783,29.717,0.523,0.1745,0.0182,0.0481,0.15647
1784,29.733,0.135,0.045,0.006,0.0193,0.15684
1785,29.75,0.31,0.1033,0.0118,0.0304,0.15622
1786,29.767,0.543,0.181,0.0171,0.0448,0.1546
1787,29.783,0.179,0.0595,0.0082,0.0258,0.15435
1788,29.8,0.163,0.0542,0.006,0.0207,0.15348
1789,29.817,0.168,0.0561,0.0057,0.0231,0.15274
1790,29.833,0.219,0.0728,0.0071,0.0238,0.15348
1791,29.85,0.192,0.064,0.008,0.0218,0.1541
1792,29.867,0.196,0.0654,0.0082,0.0236,0.15435
1793,29.883,0.169,0.0562,0.0071,0.0193,0.15535
1794,29.9,5.542,1.8474,0.3012,0.567,0.15634
1795,29.917,0.314,0.1047,0.0135,0.0329,0.15473
1796,29.933,0.253,0.0842,0.0114,0.0277,0.15522
1797,29.95,0.187,0.0622,0.0081,0.0197,0.15398
1798,29.967,5.452,1.8174,0.2991,0.5652,0.15261
1799,29.983,0.233,0.0777,0.011,0.0263,0.15236
1800,30.0,2.937,0.979,0.0515,0.1386,0.15299
1801,30.017,0.247,0.0822,0.012,0.0334,0.1551
1802,30.033,5.347,1.7822,0.3043,0.5836,0.1505
1803,30.05,5.243,1.7477,0.2945,0.5626,0.15597
1804,30.067,0.667,0.2224,0.0233,0.0543,0.15261
1805,30.083,0.537,0.179,0.015,0.0449,0.15423
1806,30.1,0.26,0.0866,0.0103,0.0275,0.15522
1807,30.117,0.239,0.0798,0.0096,0.0281,0.15373
1808,30.133,0.223,0.0742,0.0082,0.0226,0.15249
1809,30.15,0.253,0.0843,0.009,0.0243,0.15261
1810,30.167,0.174,0.058,0.0069,0.0201,0.15336
1811,30.183,0.19,0.0632,0.0073,0.0218,0.15211
1812,30.2,0.182,0.0607,0.0072,0.0238,0.15311
1813,30.217,0.23,0.0765,0.0096,0.0257,0.15286
1814,30.233,0.165,0.055,0.0063,0.0204,0.15485
1815,30.25,0.851,0.2835,0.0228,0.0566,0.15423
1816,30.267,0.228,0.0759,0.0095,0.0248,0.15448
1817,30.283,0.174,0.0579,0.0064,0.0199,0.15448
1818,30.3,0.087,0.0291,0.0033,0.0087,0.1541
1819,30.317,0.145,0.0485,0.0045,0.0193,0.15448
1820,30.333,0.385,0.1284,0.014,0.041,0.1541
1821,30.35,0.168,0.056,0.0067,0.0227,0.15211
1822,30.367,0.087,0.0291,0.0032,0.0132,0.15224
1823,30.383,0.12,0.0401,0.0037,0.0123,0.15187
1824,30.4,0.145,0.0485,0.0035,0.0158,0.15112
1825,30.417,0.143,0.0477,0.0043,0.0136,0.15037
1826,30.433,0.108,0.0361,0.0027,0.01,0.14975
1827,30.45,0.179,0.0595,0.0052,0.0214,0.14963
1828,30.467,0.145,0.0484,0.0037,0.0125,0.1495
1829,30.483,0.146,0.0486,0.0036,0.0169,0.15
1830,30.5,3.08,1.0265,0.0476,0.1339,0.14701
1831,30.517,0.194,0.0648,0.0094,0.0328,0.14739
1832,30.533,0.281,0.0937,0.0111,0.033,0.14801
1833,30.55,0.308,0.1028,0.0129,0.0366,0.14677
1834,30.567,0.536,0.1788,0.0176,0.0499,0.14751
1835,30.583,0.726,0.2419,0.0191,0.0553,0.15336
1836,30.6,0.718,0.2392,0.0203,0.0569,0.15187
1837,30.617,0.017,0.0057,0.0012,0.0055,0.15162
1838,30.633,0.149,0.0497,0.0054,0.0244,0.15299
1839,30.65,0.176,0.0587,0.0072,0.0257,0.15286
1840,30.667,0.122,0.0406,0.0039,0.0182,0.15299
1841,30.683,5.45,1.8165,0.2988,0.5695,0.14938
1842,30.7,0.203,0.0675,0.0087,0.0324,0.15435
1843,30.717,0.158,0.0528,0.0055,0.027,0.15236
1844,30.733,0.149,0.0496,0.0049,0.0236,0.15398
1845,30.75,0.288,0.096,0.0121,0.0256,0.14838
1846,30.767,0.146,0.0485,0.0053,0.0264,0.14876
1847,30.783,0.146,0.0487,0.0047,0.0226,0.14925
1848,30.8,0.158,0.0528,0.0047,0.0241,0.14838
1849,30.817,0.144,0.048,0.004,0.0208,0.14813
1850,30.833,5.348,1.7826,0.2947,0.5633,0.15124
1851,30.85,0.193,0.0644,0.0071,0.0274,0.15137
1852,30.867,0.133,0.0445,0.0038,0.0199,0.15199
1853,30.883,0.166,0.0554,0.0042,0.0194,0.15149
1854,30.9,0.182,0.0607,0.0043,0.0208,0.15087
1855,30.917,0.162,0.0541,0.0042,0.0209,0.15075
1856,30.933,0.129,0.043,0.0036,0.0189,0.15087
1857,30.95,0.138,0.0461,0.0036,0.0186,0.15075
1858,30.967,0.142,0.0472,0.0042,0.0191,0.15075
1859,30.983,0.169,0.0563,0.005,0.0221,0.15199
1860,31.0,2.851,0.9505,0.0478,0.1334,0.15137
1861,31.017,0.114,0.0381,0.0072,0.0251,0.15162
1862,31.033,0.344,0.1146,0.0121,0.0346,0.14975
1863,31.05,0.374,0.1246,0.0126,0.0362,0.15174
1864,31.067,0.588,0.1959,0.0181,0.0459,0.15498
1865,31.083,0.877,0.2922,0.0226,0.0573,0.15373
1866,31.1,0.798,0.2659,0.0206,0.0503,0.15522
1867,31.117,0.315,0.105,0.0097,0.0286,0.1541
1868,31.133,0.255,0.085,0.007,0.0223,0.15485
1869,31.15,0.219,0.0729,0.0056,0.0218,0.15547
1870,31.167,0.196,0.0654,0.0049,0.0182,0.1551
1871,31.183,0.213,0.0711,0.0056,0.022,0.15498
1872,31.2,0.174,0.0581,0.0045,0.0176,0.1546
1873,31.217,0.187,0.0625,0.0048,0.02,0.15423
1874,31.233,5.573,1.8577,0.2998,0.5702,0.14925
1875,31.25,0.332,0.1107,0.011,0.0338,0.15037
1876,31.267,0.269,0.0896,0.0076,0.0261,0.14776
1877,31.283,0.258,0.0859,0.0073,0.0282,0.14838
1878,31.3,0.156,0.0521,0.0047,0.0203,0.149
1879,31.317,0.293,0.0976,0.0085,0.0253,0.14876
1880,31.333,0.01,0.0033,0.0008,0.0036,0.14876
1881,31.35,0.293,0.0977,0.0078,0.0309,0.14403
1882,31.367,0.01,0.0033,0.0009,0.004,0.14403
1883,31.383,0.149,0.0495,0.0041,0.018,0.14415
1884,31.4,5.479,1.8265,0.2947,0.5593,0.15124
1885,31.417,0.285,0.0951,0.009,0.0314,0.15112
1886,31.433,0.229,0.0763,0.0058,0.0232,0.15224
1887,31.45,0.214,0.0715,0.0054,0.022,0.15224
1888,31.467,0.264,0.0879,0.0067,0.0262,0.14988
1889,31.483,0.208,0.0692,0.0053,0.0211,0.15012
1890,31.5,3.033,1.0111,0.0488,0.1383,0.14938
1891,31.517,0.243,0.081,0.0101,0.032,0.1505
1892,31.533,0.443,0.1477,0.0142,0.0387,0.15012
1893,31.55,0.335,0.1115,0.0118,0.0337,0.14963
1894,31.567,0.569,0.1896,0.0166,0.0461,0.15174
1895,31.583,0.075,0.025,0.0046,0.0169,0.15249
1896,31.6,0.171,0.0571,0.0051,0.0215,0.15274
1897,31.617,0.707,0.2357,0.019,0.0515,0.1505
1898,31.633,0.132,0.044,0.0042,0.0177,0.15211
1899,31.65,0.144,0.0479,0.0041,0.0193,0.15162
1900,31.667,0.249,0.083,0.0083,0.0275,0.15124
1901,31.683,0.566,0.1886,0.0162,0.0456,0.15
1902,31.7,0.144,0.048,0.0039,0.0189,0.15012
1903,31.717,0.227,0.0758,0.0074,0.0215,0.15025
1904,31.733,0.28,0.0935,0.0082,0.0267,0.15012
1905,31.75,0.398,0.1326,0.0108,0.0243,0.1505
1906,31.767,0.202,0.0673,0.0055,0.021,0.15025
1907,31.783,0.214,0.0715,0.0066,0.0205,0.151
1908,31.8,0.189,0.0628,0.0052,0.019,0.151
1909,31.817,0.235,0.0782,0.0064,0.0213,0.15062
1910,31.833,0.188,0.0626,0.0052,0.0182,0.14876
1911,31.85,0.215,0.0716,0.0069,0.0231,0.14876
1912,31.867,0.168,0.0561,0.0049,0.0185,0.14938
1913,31.883,0.188,0.0627,0.0052,0.0196,0.15025
1914,31.9,0.172,0.0573,0.0047,0.0205,0.1495
1915,31.917,0.193,0.0642,0.005,0.024,0.14975
1916,31.933,0.199,0.0664,0.0052,0.0239,0.15037
1917,31.95,0.173,0.0576,0.0045,0.0199,0.15211
1918,31.967,5.561,1.8537,0.2979,0.5653,0.15012
1919,31.983,0.066,0.022,0.0056,0.0203,0.14975
1920,32.0,3.031,1.0103,0.0476,0.1315,0.15025
1921,32.017,0.107,0.0356,0.0069,0.0226,0.14502
1922,32.033,0.348,0.1159,0.012,0.0332,0.14515
1923,32.05,0.436,0.1453,0.0155,0.0424,0.14527
1924,32.067,0.807,0.2689,0.0224,0.0579,0.14378
1925,32.083,0.711,0.237,0.0191,0.0505,0.14378
1926,32.1,0.262,0.0873,0.0085,0.027,0.14403
1927,32.117,0.243,0.0811,0.007,0.0276,0.14378
1928,32.133,0.217,0.0722,0.0057,0.023,0.14428
1929,32.15,0.326,0.1087,0.013,0.0275,0.1454
1930,32.167,0.246,0.0819,0.0068,0.0251,0.15012
1931,32.183,0.21,0.0699,0.0054,0.0214,0.14888
1932,32.2,0.178,0.0593,0.0048,0.0215,0.14925
1933,32.217,0.2,0.0666,0.0053,0.0238,0.14403
1934,32.233,0.145,0.0484,0.0042,0.0203,0.14465
1935,32.25,0.188,0.0627,0.0051,0.0227,0.1454
1936,32.267,0.135,0.0449,0.004,0.019,0.14092
1937,32.283,0.141,0.0469,0.0041,0.0207,0.1454
1938,32.3,0.202,0.0673,0.0055,0.0217,0.14577
1939,32.317,5.492,1.8308,0.2931,0.5578,0.14789
1940,32.333,0.063,0.0211,0.0053,0.0201,0.14801
1941,32.35,0.252,0.084,0.0091,0.026,0.14888
1942,32.367,0.193,0.0642,0.0061,0.0244,0.14913
1943,32.383,0.166,0.0553,0.0053,0.022,0.14938
1944,32.4,0.156,0.0519,0.005,0.0217,0.14925
1945,32.417,0.184,0.0614,0.0051,0.0227,0.14888
1946,32.433,0.14,0.0465,0.0042,0.019,0.14876
1947,32.45,0.128,0.0427,0.0041,0.0198,0.14838
1948,32.467,0.187,0.0623,0.0048,0.0225,0.14876
1949,32.483,0.18,0.06,0.0046,0.0197,0.149
1950,32.5,2.868,0.956,0.0455,0.1299,0.15012
1951,32.517,0.221,0.0737,0.0091,0.0301,0.15025
1952,32.533,0.255,0.0851,0.0093,0.0277,0.15124
1953,32.55,0.409,0.1364,0.0138,0.041,0.15112
1954,32.567,0.746,0.2488,0.0192,0.0546,0.15261
1955,32.583,0.623,0.2076,0.017,0.048,0.15423
1956,32.6,0.231,0.0771,0.0077,0.0257,0.15274
1957,32.617,0.192,0.0642,0.0055,0.0232,0.15361
1958,32.633,5.539,1.8465,0.2985,0.565,0.14428
1959,32.65,0.257,0.0856,0.0093,0.0303,0.1454
1960,32.667,0.133,0.0442,0.0045,0.021,0.15062
1961,32.683,0.008,0.0027,0.0011,0.0044,0.15062
1962,32.7,5.415,1.8048,0.2957,0.5618,0.14739
1963,32.717,0.176,0.0586,0.007,0.0263,0.1495
1964,32.733,0.178,0.0594,0.0056,0.0246,0.14876
1965,32.75,0.261,0.0869,0.0068,0.0226,0.1495
1966,32.767,0.153,0.0511,0.0052,0.0224,0.149
1967,32.783,0.114,0.0381,0.0037,0.0188,0.1495
1968,32.8,0.147,0.0489,0.0044,0.0204,0.14888
1969,32.817,0.114,0.0382,0.0036,0.0176,0.14925
1970,32.833,4.233,1.4109,0.1796,0.3228,0.14614
1971,32.85,4.532,1.5106,0.1867,0.3383,0.14863
1972,32.867,0.185,0.0615,0.0072,0.0241,0.14863
1973,32.883,0.174,0.0579,0.0055,0.0235,0.14515
1974,32.9,0.142,0.0474,0.005,0.0217,0.14515
1975,32.917,4.306,1.4354,0.184,0.3307,0.14677
1976,32.933,0.229,0.0762,0.0086,0.0256,0.14689
1977,32.95,0.25,0.0834,0.0087,0.0266,0.14602
1978,32.967,0.134,0.0446,0.0041,0.0201,0.14726
1979,32.983,0.126,0.0419,0.004,0.0208,0.14701
1980,33.0,3.032,1.0108,0.0452,0.1306,0.14963
1981,33.017,0.269,0.0897,0.0114,0.0334,0.15261
1982,33.033,0.329,0.1098,0.0123,0.0347,0.14776
1983,33.05,0.347,0.1155,0.0119,0.0333,0.15137
1984,33.067,0.526,0.1753,0.0158,0.044,0.151
1985,33.083,0.77,0.2567,0.0206,0.0574,0.15224
1986,33.1,0.604,0.2012,0.0171,0.0474,0.15211
1987,33.117,0.233,0.0775,0.0081,0.0279,0.15286
1988,33.133,0.122,0.0406,0.0046,0.0187,0.14789
1989,33.15,0.208,0.0692,0.0061,0.0233,0.15162
1990,33.167,0.165,0.055,0.0051,0.0203,0.15174
1991,33.183,0.174,0.0579,0.0051,0.0221,0.15323
1992,33.2,0.144,0.0481,0.0047,0.0192,0.15112
1993,33.217,0.161,0.0537,0.0046,0.0203,0.14838
1994,33.233,0.128,0.0428,0.004,0.0177,0.14813
1995,33.25,0.133,0.0444,0.004,0.0194,0.15037
1996,33.267,0.178,0.0594,0.0047,0.0195,0.15249
1997,33.283,0.194,0.0646,0.0048,0.0206,0.15299
1998,33.3,0.15,0.0501,0.0049,0.0222,0.14838
1999,33.317,0.172,0.0575,0.0046,0.0191,0.15087
2000,33.333,0.008,0.0026,0.0006,0.0029,0.15087
2001,33.35,5.569,1.8562,0.2974,0.5633,0.13545
2002,33.367,0.387,0.1291,0.0127,0.0361,0.14826
2003,33.383,0.194,0.0647,0.0069,0.0263,0.15162
2004,33.4,0.184,0.0612,0.0064,0.0258,0.14465
2005,33.417,0.13,0.0434,0.0046,0.0206,0.14577
2006,33.433,0.155,0.0517,0.005,0.0219,0.14938
2007,33.45,0.137,0.0457,0.0042,0.0195,0.14465
2008,33.467,0.164,0.0546,0.005,0.0214,0.14017
2009,33.483,0.167,0.0556,0.005,0.022,0.14527
2010,33.5,3.019,1.0064,0.0472,0.1346,0.13769
2011,33.517,0.229,0.0765,0.0097,0.0327,0.13756
2012,33.533,0.275,0.0917,0.0106,0.033,0.14303
2013,33.55,0.331,0.1102,0.0121,0.0346,0.13943
2014,33.567,0.526,0.1753,0.0163,0.0451,0.14328
2015,33.583,0.789,0.263,0.0204,0.0577,0.14639
2016,33.6,0.633,0.2109,0.0169,0.0475,0.1454
2017,33.617,0.274,0.0914,0.0087,0.0298,0.14988
2018,33.633,0.151,0.0505,0.0048,0.0197,0.15012
2019,33.65,0.013,0.0045,0.0011,0.0054,0.1495
2020,33.667,0.445,0.1484,0.012,0.042,0.15386
2021,33.683,0.211,0.0704,0.006,0.0234,0.15435
2022,33.7,0.015,0.005,0.001,0.0045,0.15423
2023,33.717,0.179,0.0598,0.0051,0.0223,0.14913
2024,33.733,4.287,1.4291,0.1807,0.3275,0.15299
2025,33.75,0.407,0.1356,0.0138,0.0328,0.14652
2026,33.767,0.155,0.0518,0.0056,0.0224,0.1449
2027,33.783,4.252,1.4172,0.1821,0.3259,0.1459
2028,33.8,0.309,0.103,0.0106,0.0321,0.14938
2029,33.817,0.194,0.0645,0.0065,0.0215,0.1449
2030,33.833,0.185,0.0616,0.0052,0.0226,0.15286
2031,33.85,0.148,0.0494,0.0045,0.0199,0.15224
2032,33.867,0.193,0.0642,0.0057,0.0195,0.14689
2033,33.883,0.233,0.0778,0.0079,0.0249,0.14614
2034,33.9,0.18,0.06,0.0061,0.0202,0.1449
2035,33.917,0.234,0.078,0.0066,0.0247,0.15012
2036,33.933,0.169,0.0563,0.0048,0.021,0.13905
2037,33.95,0.15,0.0501,0.0043,0.0201,0.14216
2038,33.967,0.007,0.0022,0.0008,0.0031,0.14216
2039,33.983,0.001,0.0002,0.0005,0.0005,0.14216
2040,34.0,2.957,0.9858,0.0497,0.1385,0.14826
2041,34.017,70.498,23.4994,3.0037,11.817,0.17948
2042,34.033,1.411,0.4702,0.035,0.1468,0.18147
2043,34.05,1.748,0.5826,0.0299,0.1072,0.18383
2044,34.067,2.165,0.7216,0.0362,0.1138,0.18308
2045,34.083,2.033,0.6777,0.0325,0.108,0.18781
2046,34.1,2.032,0.6774,0.0376,0.1141,0.18632
2047,34.117,1.971,0.6569,0.0421,0.111,0.1847
2048,34.133,1.693,0.5642,0.0407,0.1115,0.18595
2049,34.15,2.726,0.9088,0.059,0.1572,0.18657
2050,34.167,2.768,0.9226,0.045,0.1537,0.1857
2051,34.183,6.124,2.0412,0.0878,0.3419,0.17948
2052,34.2,3.897,1.299,0.0517,0.2337,0.17724
2053,34.217,6.435,2.1449,0.0904,0.372,0.17687
2054,34.233,4.259,1.4197,0.0624,0.2625,0.17139
2055,34.25,0.749,0.2497,0.0395,0.1251,0.17201
2056,34.267,0.867,0.2891,0.0295,0.1081,0.17276
2057,34.283,1.406,0.4686,0.0332,0.1511,0.17139
2058,34.3,1.267,0.4223,0.029,0.1315,0.17239
2059,34.317,1.433,0.4776,0.0323,0.1412,0.17301
2060,34.333,1.542,0.5139,0.0333,0.1517,0.17276
2061,34.35,1.457,0.4858,0.0334,0.1581,0.17425
2062,34.367,1.454,0.4846,0.0312,0.1457,0.17438
2063,34.383,1.258,0.4192,0.0317,0.1512,0.17624
2064,34.4,1.378,0.4593,0.0305,0.1408,0.17724
2065,34.417,2.086,0.6953,0.0473,0.1629,0.17662
2066,34.433,1.182,0.3939,0.0313,0.1388,0.17724
2067,34.45,1.338,0.4461,0.0304,0.1332,0.17973
2068,34.467,1.204,0.4015,0.0303,0.1434,0.18271
2069,34.483,1.148,0.3827,0.0252,0.1129,0.18408
2070,34.5,4.191,1.3971,0.0738,0.2115,0.18147
2071,34.517,1.276,0.4253,0.0331,0.1194,0.1842
2072,34.533,1.498,0.4994,0.0348,0.1242,0.18184
2073,34.55,1.426,0.4755,0.0336,0.1007,0.18408
2074,34.567,1.632,0.5441,0.0372,0.1074,0.18085
2075,34.583,1.21,0.4033,0.029,0.103,0.18396
2076,34.6,1.18,0.3935,0.0252,0.0917,0.1842
2077,34.617,1.117,0.3725,0.0243,0.0881,0.18346
2078,34.633,1.254,0.4181,0.0229,0.0897,0.18582
2079,34.65,1.209,0.4031,0.0224,0.0855,0.18445
2080,34.667,1.009,0.3362,0.0214,0.0801,0.18371
2081,34.683,1.204,0.4013,0.0223,0.0834,0.1857
2082,34.7,1.005,0.3349,0.0189,0.0734,0.18731
2083,34.717,1.084,0.3613,0.0206,0.075,0.18333
2084,34.733,0.765,0.2549,0.0173,0.059,0.1806
2085,34.75,1.071,0.3571,0.0187,0.0665,0.18097
2086,34.767,0.788,0.2627,0.0168,0.0537,0.1801
2087,34.783,0.746,0.2486,0.0153,0.0527,0.17861
2088,34.8,0.588,0.1959,0.0132,0.0433,0.17836
2089,34.817,0.998,0.3327,0.0185,0.0604,0.17624
2090,34.833,0.586,0.1952,0.0124,0.0433,0.17587
2091,34.85,0.748,0.2493,0.0145,0.0529,0.17488
2092,34.867,0.529,0.1764,0.0125,0.0494,0.17512
2093,34.883,0.534,0.1778,0.0124,0.048,0.17575
2094,34.9,67.534,22.5112,2.7533,10.9034,0.14975
2095,34.917,0.394,0.1312,0.0224,0.0322,0.15423
2096,34.933,0.511,0.1704,0.0176,0.0295,0.1541
2097,34.95,0.121,0.0403,0.0043,0.0219,0.15199
2098,34.967,0.133,0.0444,0.0045,0.0208,0.14826
2099,34.983,0.136,0.0452,0.0049,0.0232,0.14838
2100,35.0,2.957,0.9858,0.0458,0.1299,0.15162
2101,35.017,0.211,0.0702,0.0098,0.033,0.15199
2102,35.033,0.273,0.0908,0.0111,0.0356,0.15771
2103,35.05,0.395,0.1315,0.0148,0.0406,0.1556
2104,35.067,0.597,0.1989,0.0185,0.0493,0.15398
2105,35.083,0.745,0.2482,0.0203,0.0599,0.14527
2106,35.1,0.33,0.1101,0.0114,0.0345,0.15249
2107,35.117,0.19,0.0634,0.0068,0.0247,0.14963
2108,35.133,0.178,0.0594,0.0061,0.0225,0.15062
2109,35.15,0.172,0.0574,0.0051,0.0225,0.16194
2110,35.167,0.171,0.0569,0.0056,0.0218,0.16095
2111,35.183,0.91,0.3033,0.0401,0.1242,0.16132
2112,35.2,37.647,12.5489,6.0326,14.3358,0.16393
2113,35.217,46.217,15.4056,3.5511,9.8618,0.16928
2114,35.233,51.46,17.1532,4.9501,13.6607,0.17438
2115,35.25,53.456,17.8186,4.9263,13.0292,0.18271
2116,35.267,0.029,0.0097,0.0019,0.0123,0.18085
2117,35.283,59.634,19.8779,4.598,10.8178,0.16505
2118,35.3,29.435,9.8116,2.6623,4.5821,0.18619
2119,35.317,10.455,3.485,0.6023,3.1304,0.18246
2120,35.333,0.143,0.0477,0.011,0.0519,0.17749
2121,35.35,7.164,2.3882,0.4446,2.9547,0.19291
2122,35.367,20.466,6.8222,1.3641,3.0078,0.17898
2123,35.383,5.987,1.9956,0.3594,2.5119,0.1745
2124,35.4,10.231,3.4104,0.622,2.1826,0.17973
2125,35.417,26.459,8.8197,2.2095,3.2787,0.17724
2126,35.433,55.682,18.5606,8.1556,13.6334,0.20124
2127,35.45,48.631,16.2102,6.6514,9.8776,0.19527
2128,35.467,51.378,17.126,6.6124,9.7826,0.18072
2129,35.483,53.499,17.833,6.4451,9.8186,0.19241
2130,35.5,58.403,19.4678,7.0486,11.4369,0.19104
2131,35.517,48.946,16.3154,4.8911,7.6966,0.19963
2132,35.533,45.459,15.1528,3.9148,10.0823,0.16095
2133,35.55,26.243,8.7477,2.4867,5.2756,0.16045
2134,35.567,23.926,7.9753,2.1218,4.5894,0.16928
2135,35.583,18.317,6.1056,1.383,3.3745,0.15697
2136,35.6,22.065,7.3551,1.7458,3.8118,0.15883
2137,35.617,23.855,7.9518,2.0123,4.0359,0.16318
2138,35.633,33.191,11.0635,3.5895,7.1073,0.1541
2139,35.65,28.814,9.6048,2.7555,5.4451,0.16231
2140,35.667,30.481,10.1602,3.0554,6.0058,0.15299
2141,35.683,27.818,9.2727,2.7021,5.4065,0.15211
2142,35.7,19.862,6.6205,1.5019,3.4263,0.1495
2143,35.717,11.891,3.9635,0.7947,2.3542,0.15883
2144,35.733,11.142,3.7139,0.7319,2.1319,0.16119
2145,35.75,12.409,4.1365,0.8177,2.3536,0.17537
2146,35.767,11.136,3.7121,0.7311,2.1507,0.16567
2147,35.783,11.991,3.997,0.7777,2.1846,0.17637
2148,35.8,11.051,3.6837,0.7155,2.1292,0.16654
2149,35.817,16.248,5.416,1.1517,3.536,0.16045
2150,35.833,18.021,6.0069,1.2838,4.4726,0.17027
2151,35.85,14.448,4.816,0.9237,2.83,0.16517
2152,35.867,17.252,5.7506,1.2409,3.7817,0.16468
2153,35.883,13.722,4.574,0.9855,2.9209,0.16082
2154,35.9,13.112,4.3707,0.8922,2.6324,0.17127
2155,35.917,13.317,4.4391,0.9111,2.6811,0.16095
2156,35.933,13.099,4.3663,0.8963,2.6475,0.17002
2157,35.95,13.316,4.4387,1.0053,3.5029,0.16629
2158,35.967,14.661,4.8871,0.9313,3.0315,0.16368
2159,35.983,15.616,5.2054,0.9379,2.9879,0.15896
2160,36.0,6.191,2.0637,0.0979,0.3231,0.14776
2161,36.017,8.398,2.7993,0.3866,2.3027,0.15858
2162,36.033,0.134,0.0448,0.01,0.0487,0.15274
2163,36.05,7.414,2.4714,0.6823,5.8612,0.15821
2164,36.067,8.055,2.6851,0.5558,4.7553,0.16443
2165,36.083,6.173,2.0576,0.6367,3.5806,0.16766
2166,36.1,8.174,2.7245,0.7351,6.3011,0.1648
2167,36.117,6.958,2.3192,0.4747,3.6301,0.16318
2168,36.133,8.604,2.868,0.6194,6.0864,0.16393
2169,36.15,8.953,2.9843,0.5584,5.1738,0.16182
2170,36.167,9.167,3.0557,0.6739,5.9515,0.16244
2171,36.183,7.5,2.4999,0.4502,3.7294,0.16032
2172,36.2,8.278,2.7593,0.6531,6.3499,0.16393
2173,36.217,6.509,2.1695,0.4074,3.4359,0.16704
2174,36.233,122.884,40.9615,3.336,11.0877,0.21517
2175,36.25,6.945,2.3149,0.355,2.4806,0.21791
2176,36.267,6.229,2.0763,0.3042,2.1757,0.21418
2177,36.283,7.774,2.5915,0.4147,3.0985,0.21468
2178,36.3,7.804,2.6012,0.4284,2.9902,0.2204
2179,36.317,8.703,2.901,0.4743,3.1797,0.21667
2180,36.333,9.02,3.0067,0.4447,3.1518,0.21629
2181,36.35,6.205,2.0682,0.3178,2.4363,0.22313
2182,36.367,8.494,2.8314,0.5126,3.3317,0.22326
2183,36.383,9.312,3.1039,0.4365,3.4277,0.22077
2184,36.4,0.058,0.0192,0.0037,0.018,0.21803
2185,36.417,9.732,3.2441,0.3827,2.8756,0.2158
2186,36.433,8.755,2.9184,0.2799,2.1527,0.21555
2187,36.45,11.069,3.6895,0.3711,3.0608,0.20945
2188,36.467,6.364,2.1213,0.2155,1.615,0.21032
2189,36.483,3.944,1.3146,0.2142,1.5547,0.21032
2190,36.5,8.134,2.7112,0.2227,1.3668,0.21468
2191,36.517,3.298,1.0995,0.121,0.9528,0.21381
2192,36.533,4.105,1.3684,0.1305,0.9764,0.21405
2193,36.55,3.535,1.1784,0.1018,0.7924,0.21381
2194,36.567,3.503,1.1678,0.0964,0.7008,0.21405
2195,36.583,3.296,1.0987,0.0963,0.6123,0.21393
2196,36.6,3.753,1.2511,0.108,0.6875,0.21555
2197,36.617,3.104,1.0346,0.0929,0.564,0.21306
2198,36.633,4.46,1.4867,0.1398,0.8944,0.21729
2199,36.65,3.447,1.1491,0.1105,0.7609,0.21878
2200,36.667,3.662,1.2205,0.1118,0.7804,0.21965
2201,36.683,3.797,1.2657,0.1164,0.8529,0.21928
2202,36.7,3.716,1.2386,0.1119,0.8482,0.2194
2203,36.717,3.263,1.0875,0.1015,0.7255,0.21555
2204,36.733,0.186,0.062,0.0083,0.0361,0.21791
2205,36.75,4.752,1.5841,0.1563,1.2086,0.21306
2206,36.767,3.311,1.1035,0.1005,0.7069,0.2209
2207,36.783,3.103,1.0343,0.0944,0.6219,0.21617
2208,36.8,3.591,1.1969,0.0995,0.6556,0.21816
2209,36.817,21.372,7.124,1.1813,6.9141,0.23047
2210,36.833,3.983,1.3276,0.1323,0.5325,0.23109
2211,36.85,5.951,1.9837,0.2127,0.9082,0.22799
2212,36.867,6.538,2.1795,0.2757,1.11,0.22077
2213,36.883,7.768,2.5892,0.3448,1.2019,0.22027
2214,36.9,11.521,3.8403,0.574,2.6263,0.22289
2215,36.917,11.461,3.8204,0.6443,3.2449,0.22226
2216,36.933,13.898,4.6325,0.7431,2.6095,0.22612
2217,36.95,12.758,4.2527,0.6924,2.5155,0.23085
2218,36.967,15.035,5.0118,0.8016,2.5043,0.22313
2219,36.983,11.971,3.9905,0.6133,2.0047,0.22152
2220,37.0,16.46,5.4868,0.718,2.4389,0.21953
2221,37.017,8.982,2.994,0.4543,1.5163,0.22525
2222,37.033,11.883,3.9611,0.6018,2.1504,0.22662
2223,37.05,10.463,3.4877,0.5789,1.8762,0.21617
2224,37.067,0.079,0.0264,0.0056,0.0293,0.21891
2225,37.083,13.673,4.5577,0.7373,2.5822,0.21418
2226,37.1,9.552,3.184,0.4622,1.5622,0.21866
2227,37.117,13.127,4.3755,0.7711,2.4627,0.21853
2228,37.133,11.805,3.935,0.6484,2.2209,0.21493
2229,37.15,10.358,3.4528,0.5622,1.701,0.21604
2230,37.167,11.689,3.8964,0.6794,1.9543,0.21841
2231,37.183,9.237,3.0789,0.523,1.2215,0.21318
2232,37.2,8.912,2.9707,0.4625,1.092,0.21082
2233,37.217,6.475,2.1584,0.3066,0.6929,0.21393
2234,37.233,7.213,2.4042,0.3808,0.7484,0.21617
2235,37.25,5.649,1.8832,0.2527,0.652,0.21517
2236,37.267,6.151,2.0503,0.2792,0.8285,0.21007
2237,37.283,6.504,2.1679,0.2908,1.0647,0.2102
2238,37.3,6.452,2.1508,0.2908,1.0795,0.20958
2239,37.317,23.682,7.894,2.3591,8.6912,0.22077
2240,37.333,24.882,8.294,2.7043,10.2796,0.21816
2241,37.35,23.775,7.9251,2.512,9.8471,0.21331
2242,37.367,22.412,7.4707,2.3206,9.1294,0.22002
2243,37.383,19.886,6.6286,1.9271,7.8883,0.21455
2244,37.4,20.194,6.7313,2.0188,8.4853,0.22177
2245,37.417,22.8,7.6,2.3051,9.4389,0.2107
2246,37.433,20.709,6.9031,2.0196,8.6001,0.20075
2247,37.45,23.48,7.8267,2.3066,9.8682,0.20734
2248,37.467,19.395,6.4649,1.9725,9.3038,0.20075
2249,37.483,19.554,6.5181,2.1705,10.2364,0.19465
2250,37.5,4.817,1.6057,0.0885,0.2871,0.19378
2251,37.517,16.695,5.5651,1.9102,9.2384,0.19229
2252,37.533,16.725,5.575,2.0841,10.7262,0.19789
2253,37.55,15.802,5.2672,2.1092,11.3826,0.18719
2254,37.567,14.693,4.8977,1.9289,10.2221,0.18259
2255,37.583,13.613,4.5375,1.67,9.6702,0.176
2256,37.6,10.627,3.5422,1.2239,7.7352,0.17649
2257,37.617,12.948,4.3159,1.5362,8.8844,0.17326
2258,37.633,9.167,3.0557,1.1853,7.3131,0.18172
2259,37.65,10.142,3.3807,1.2849,6.9565,0.17774
2260,37.667,10.895,3.6317,1.1374,5.7864,0.18035
2261,37.683,7.797,2.599,0.7781,3.999,0.17749
2262,37.7,8.511,2.8371,0.8409,4.4282,0.1745
2263,37.717,7.925,2.6416,0.739,3.7624,0.17575
2264,37.733,8.667,2.889,0.7943,3.8886,0.17015
2265,37.75,7.316,2.4387,0.6379,3.1425,0.17873
2266,37.767,9.088,3.0295,0.8195,4.0008,0.17114
2267,37.783,8.599,2.8662,0.7532,3.6758,0.1704
2268,37.8,10.39,3.4632,0.9524,4.4139,0.17699
2269,37.817,10.439,3.4797,0.9254,4.143,0.17724
2270,37.833,9.718,3.2394,0.7902,3.468,0.18109
2271,37.85,8.927,2.9756,0.6756,2.8803,0.18109
2272,37.867,11.156,3.7187,0.7815,2.9928,0.18246
2273,37.883,10.982,3.6607,0.7487,2.843,0.18296
2274,37.9,10.801,3.6002,0.7411,2.8163,0.18507
2275,37.917,0.094,0.0312,0.0079,0.0407,0.18333
2276,37.933,8.12,2.7066,0.6006,2.2583,0.18396
2277,37.95,10.326,3.442,0.776,3.0362,0.18607
2278,37.967,8.148,2.7159,0.5495,2.0988,0.18109
2279,37.983,11.018,3.6726,0.8442,3.1502,0.18246
2280,38.0,12.1,4.0335,0.654,2.4149,0.18209
2281,38.017,9.673,3.2242,0.698,2.7674,0.18545
2282,38.033,10.018,3.3392,0.7081,2.8559,0.18308
2283,38.05,9.69,3.2298,0.6726,2.726,0.18756
2284,38.067,11.897,3.9656,0.8792,3.5572,0.1893
2285,38.083,10.826,3.6086,0.7671,3.0397,0.19154
2286,38.1,10.733,3.5777,0.7704,3.0165,0.18507
2287,38.117,8.192,2.7308,0.57,2.1938,0.18246
2288,38.133,14.936,4.9786,1.2556,4.9238,0.19279
2289,38.15,11.506,3.8353,0.9121,3.4507,0.18072
2290,38.167,11.089,3.6965,0.7914,2.87,0.18893
2291,38.183,9.93,3.3099,0.6576,2.3778,0.18706
2292,38.2,12.241,4.0805,0.909,3.3117,0.19167
2293,38.217,9.494,3.1645,0.6672,2.3618,0.19017
2294,38.233,13.195,4.3982,1.0207,3.7073,0.18843
2295,38.25,9.902,3.3007,0.7134,2.5817,0.18806
2296,38.267,0.102,0.034,0.0078,0.0372,0.18893
2297,38.283,10.731,3.5769,0.7934,2.8589,0.18806
2298,38.3,10.02,3.34,0.712,2.5277,0.19104
2299,38.317,11.677,3.8922,0.8712,3.0551,0.18607
2300,38.333,10.714,3.5713,0.774,2.6265,0.19291
2301,38.35,13.83,4.61,1.1276,3.8586,0.1954
2302,38.367,12.29,4.0966,0.935,3.2936,0.19764
2303,38.383,10.812,3.6041,0.7815,2.7857,0.19888
2304,38.4,12.208,4.0694,0.9088,3.2291,0.20199
2305,38.417,10.78,3.5933,0.7539,2.7209,0.20473
2306,38.433,13.085,4.3617,0.9967,3.6042,0.20149
2307,38.45,11.839,3.9465,0.8761,3.3582,0.20585
2308,38.467,13.746,4.5819,1.0851,4.3118,0.21368
2309,38.483,11.521,3.8405,0.8305,3.4131,0.21356
2310,38.5,14.908,4.9694,0.9014,3.7157,0.21294
2311,38.517,11.606,3.8686,0.8514,3.7516,0.21007
2312,38.533,11.893,3.9644,0.8864,3.9159,0.22027
2313,38.55,11.824,3.9412,0.8955,4.0061,0.226
2314,38.567,13.161,4.3871,1.0956,4.8554,0.21057
2315,38.583,12.632,4.2106,0.9748,4.0759,0.20945
2316,38.6,12.285,4.095,1.0201,4.2783,0.20672
2317,38.617,12.004,4.0012,1.0146,4.1995,0.21294
2318,38.633,13.05,4.3502,1.1576,4.518,0.21331
2319,38.65,13.145,4.3818,1.0628,3.9941,0.21331
2320,38.667,14.855,4.9518,1.2153,4.492,0.2107
2321,38.683,17.667,5.8889,1.4996,5.3612,0.21828
2322,38.7,17.387,5.7955,1.345,4.4751,0.21443
2323,38.717,19.783,6.5944,1.5945,4.8359,0.22102
2324,38.733,19.31,6.4367,1.4787,4.3726,0.21107
2325,38.75,20.953,6.9843,1.687,5.1107,0.21853
2326,38.767,23.057,7.6858,2.0196,6.4253,0.21978
2327,38.783,21.993,7.3309,1.9058,5.7949,0.20846
2328,38.8,21.582,7.1941,1.7877,5.5465,0.20846
2329,38.817,0.116,0.0386,0.0081,0.0376,0.20858
2330,38.833,29.234,9.7445,3.1498,12.2888,0.21132
2331,38.85,0.084,0.0281,0.0067,0.0301,0.21144
2332,38.867,22.517,7.5056,2.013,6.7242,0.20174
2333,38.883,22.891,7.6302,2.2162,7.8162,0.20684
2334,38.9,20.751,6.9169,1.9077,6.8987,0.20821
2335,38.917,22.096,7.3653,2.2083,9.0188,0.18619
2336,38.933,19.212,6.4039,1.7045,6.7288,0.19328
2337,38.95,20.627,6.8755,2.1346,8.8363,0.17786
2338,38.967,19.463,6.4876,1.8412,7.6497,0.18756
2339,38.983,20.233,6.7443,2.0647,8.9418,0.19167
2340,39.0,23.344,7.7815,1.8619,8.2751,0.19403
2341,39.017,20.384,6.7945,1.9317,9.1968,0.1949
2342,39.033,19.731,6.5768,1.8022,8.0367,0.20672
2343,39.05,21.602,7.2006,1.6973,7.1938,0.19776
2344,39.067,19.11,6.37,1.7184,7.7062,0.19801
2345,39.083,26.727,8.909,2.1105,8.5843,0.2005
2346,39.1,28.472,9.4908,1.9374,8.6237,0.23085
2347,39.117,14.332,4.7773,1.3928,5.6101,0.21754
2348,39.133,15.582,5.1938,1.354,5.8755,0.22264
2349,39.15,0.083,0.0277,0.0068,0.0349,0.22251
2350,39.167,27.415,9.1383,2.0525,9.2659,0.22836
2351,39.183,19.731,6.5771,1.3961,6.6642,0.22724
2352,39.2,0.108,0.036,0.0085,0.0417,0.22724
2353,39.217,22.724,7.5747,1.3861,5.2198,0.22873
2354,39.233,15.976,5.3253,1.1675,4.7828,0.22898
2355,39.25,12.491,4.1637,0.8456,3.2097,0.225
2356,39.267,14.236,4.7453,0.9018,3.416,0.23047
2357,39.283,14.586,4.862,1.0234,3.9051,0.23308
2358,39.3,16.363,5.4544,1.2283,4.1993,0.22973
2359,39.317,13.211,4.4037,0.9063,3.205,0.2204
2360,39.333,19.779,6.593,1.5236,7.3628,0.22164
2361,39.35,11.59,3.8633,0.7953,2.9278,0.21604
2362,39.367,12.114,4.0379,0.837,3.3193,0.21206
2363,39.383,11.789,3.9295,0.7629,2.952,0.20622
2364,39.4,11.973,3.9909,0.7358,2.8861,0.20647
2365,39.417,12.423,4.1411,0.7904,3.1533,0.20386
2366,39.433,11.815,3.9383,0.744,3.0195,0.21567
2367,39.45,12.253,4.0844,0.7068,2.3432,0.21555
2368,39.467,11.699,3.8996,0.7561,3.5369,0.21269
2369,39.483,13.176,4.3922,1.0073,5.9265,0.21617
2370,39.5,12.997,4.3323,0.5787,1.8791,0.21766
2371,39.517,9.387,3.129,0.5321,2.1211,0.21716
2372,39.533,9.597,3.1989,0.5476,2.1154,0.22077
2373,39.55,12.042,4.014,0.8086,2.6529,0.20684
2374,39.567,12.805,4.2683,0.8698,3.2459,0.21542
2375,39.583,16.55,5.5167,1.3966,5.7534,0.21144
2376,39.6,16.278,5.4259,1.3524,6.2979,0.21915
2377,39.617,13.973,4.6577,1.1275,4.8973,0.21343
2378,39.633,11.133,3.7111,0.7766,3.224,0.21182
2379,39.65,12.085,4.0285,0.8759,3.5637,0.2107
2380,39.667,14.389,4.7964,1.196,5.2359,0.20647
2381,39.683,13.928,4.6427,1.1552,4.877,0.19714
2382,39.7,15.366,5.1219,1.3429,6.2801,0.19826
2383,39.717,14.35,4.7834,1.2827,5.3361,0.19478
2384,39.733,0.05,0.0166,0.0044,0.024,0.19552
2385,39.75,13.25,4.4168,1.1996,5.0601,0.19677
2386,39.767,12.467,4.1556,1.0727,4.8041,0.19975
2387,39.783,11.585,3.8618,0.983,4.4617,0.19602
2388,39.8,12.201,4.0669,1.1247,5.4187,0.19963
2389,39.817,11.384,3.7948,1.0416,4.9325,0.20348
2390,39.833,11.652,3.8839,1.0393,5.0784,0.19739
2391,39.85,10.623,3.541,0.9264,4.5391,0.20075
2392,39.867,11.441,3.8137,0.997,5.0037,0.19614
2393,39.883,10.706,3.5686,0.9653,4.9061,0.1954
2394,39.9,11.036,3.6786,0.9419,4.6394,0.19216
2395,39.917,10.488,3.4959,0.8995,4.5215,0.19639
2396,39.933,10.03,3.3434,0.8048,3.4114,0.19117
2397,39.95,9.929,3.3097,0.8154,3.4002,0.17575
2398,39.967,10.528,3.5092,0.9622,4.0619,0.17873
2399,39.983,10.278,3.4261,0.9721,4.1757,0.18184
2400,40.0,13.044,4.3478,0.936,3.8248,0.18483
2401,40.017,9.326,3.1087,0.8357,3.3028,0.18308
2402,40.033,8.083,2.6945,0.672,2.5442,0.18943
2403,40.05,8.977,2.9924,0.7509,2.8979,0.1842
2404,40.067,8.32,2.7735,0.6197,2.4489,0.18333
2405,40.083,9.644,3.2147,0.7347,2.9936,0.18706
2406,40.1,8.321,2.7736,0.6114,2.5094,0.18545
2407,40.117,8.566,2.8552,0.6544,2.8577,0.18072
2408,40.133,9.369,3.1231,0.7698,3.5256,0.1842
2409,40.15,9.655,3.2185,0.8153,3.817,0.17973
2410,40.167,7.795,2.5983,0.6578,3.0087,0.18532
2411,40.183,8.543,2.8475,0.7703,3.703,0.18557
2412,40.2,7.888,2.6295,0.7125,3.6003,0.17985
2413,40.217,6.955,2.3182,0.5994,2.9265,0.18172
2414,40.233,9.872,3.2905,1.0103,4.9558,0.18234
2415,40.25,8.348,2.7827,0.8293,4.2425,0.18159
2416,40.267,8.057,2.6857,0.7661,4.0809,0.17935
2417,40.283,0.081,0.0269,0.0074,0.0372,0.17861
2418,40.3,8.521,2.8404,0.8339,4.4543,0.18296
2419,40.317,7.769,2.5896,0.7602,3.9159,0.17848
2420,40.333,6.656,2.2186,0.6215,3.2282,0.17388
2421,40.35,7.463,2.4877,0.7186,3.7744,0.17376
2422,40.367,6.246,2.0821,0.5864,3.0876,0.17301
2423,40.383,6.568,2.1893,0.6259,3.414,0.17873
2424,40.4,5.526,1.8419,0.51,2.7798,0.17674
2425,40.417,5.735,1.9116,0.5356,2.8538,0.17736
2426,40.433,6.231,2.077,0.5625,3.1478,0.17662
2427,40.45,5.894,1.9648,0.5344,3.0125,0.17525
2428,40.467,5.114,1.7047,0.4635,2.6611,0.17736
2429,40.483,4.16,1.3868,0.4383,2.6859,0.17264
2430,40.5,7.711,2.5703,0.4747,2.586,0.17624
2431,40.517,4.025,1.3418,0.4386,2.8552,0.17898
2432,40.533,4.03,1.3433,0.4486,2.9567,0.1791
2433,40.55,4.609,1.5363,0.4821,2.9766,0.17326
2434,40.567,4.288,1.4293,0.4417,2.7853,0.17624
2435,40.583,5.12,1.7065,0.4884,2.7556,0.18159
2436,40.6,5.238,1.7459,0.486,2.7442,0.17886
2437,40.617,5.661,1.8868,0.5129,2.8355,0.17289
2438,40.633,6.707,2.2358,0.5574,3.0167,0.17587
2439,40.65,5.363,1.7875,0.5149,3.0073,0.17226
2440,40.667,6.135,2.045,0.5384,2.8132,0.17711
2441,40.683,5.784,1.928,0.5052,2.594,0.17525
2442,40.7,7.234,2.4114,0.6065,3.1304,0.17923
2443,40.717,7.347,2.449,0.6127,3.046,0.18284
2444,40.733,7.898,2.6328,0.6202,3.156,0.18047
2445,40.75,8.114,2.7047,0.6008,2.6575,0.18246
2446,40.767,9.759,3.2531,0.7665,3.8541,0.18545
2447,40.783,14.188,4.7293,1.0415,6.1015,0.16866
2448,40.8,14.733,4.911,1.0064,5.5044,0.18333
2449,40.817,9.463,3.1544,0.7423,3.9478,0.18495
2450,40.833,11.623,3.8745,0.9426,4.7022,0.17724
2451,40.85,10.092,3.3639,0.856,4.2137,0.17973
2452,40.867,13.238,4.4128,1.1577,6.3759,0.174
2453,40.883,9.684,3.2281,0.8034,4.4524,0.17649
2454,40.9,7.708,2.5694,0.6537,3.7191,0.176
2455,40.917,8.506,2.8353,0.6263,3.2716,0.1755
2456,40.933,0.261,0.0871,0.0206,0.0854,0.175
2457,40.95,9.029,3.0098,0.6834,3.457,0.17724
2458,40.967,7.865,2.6216,0.7013,3.6328,0.17836
2459,40.983,8.836,2.9454,0.6212,2.9262,0.1709
2460,41.0,10.212,3.4039,0.5858,2.954,0.17749
2461,41.017,6.261,2.0871,0.4673,2.4607,0.17823
2462,41.033,4.689,1.563,0.34,1.6964,0.17848
2463,41.05,5.51,1.8365,0.3844,1.7492,0.17637
2464,41.067,5.739,1.913,0.414,1.9313,0.17898
2465,41.083,6.384,2.1279,0.4458,1.9859,0.17537
2466,41.1,5.441,1.8136,0.3474,1.7071,0.17575
2467,41.117,5.643,1.8809,0.3492,1.7969,0.17587
2468,41.133,4.577,1.5258,0.2836,1.4482,0.17313
2469,41.15,2.319,0.7731,0.1614,0.9152,0.17313
2470,41.167,5.24,1.7465,0.3763,1.8253,0.17637
2471,41.183,4.569,1.523,0.3113,1.448,0.176
2472,41.2,4.797,1.5991,0.3047,1.4525,0.18159
2473,41.217,4.216,1.4054,0.2867,1.3568,0.17711
2474,41.233,5.119,1.7063,0.3403,1.4808,0.17761
2475,41.25,4.448,1.4825,0.261,1.1439,0.17711
2476,41.267,4.731,1.577,0.2714,1.1503,0.17935
2477,41.283,4.299,1.4329,0.3165,1.4302,0.17836
2478,41.3,5.051,1.6836,0.3657,1.5258,0.17749
2479,41.317,4.102,1.3674,0.2745,1.2241,0.17525
2480,41.333,5.1,1.6999,0.3366,1.3241,0.17189
2481,41.35,4.942,1.6473,0.3047,1.0321,0.17948
2482,41.367,5.61,1.87,0.3665,1.3059,0.17363
2483,41.383,5.31,1.77,0.3519,1.2015,0.17475
2484,41.4,0.286,0.0952,0.0171,0.0686,0.174
2485,41.417,7.726,2.5753,0.5361,2.1692,0.17438
2486,41.433,6.94,2.3134,0.4687,2.3606,0.17724
2487,41.45,7.298,2.4326,0.5246,2.6473,0.17438
2488,41.467,5.662,1.8873,0.4155,2.1611,0.175
2489,41.483,4.519,1.5064,0.3125,1.5384,0.17537
2490,41.5,7.372,2.4574,0.3693,1.669,0.17898
2491,41.517,3.879,1.2929,0.288,1.3884,0.17948
2492,41.533,4.025,1.3416,0.3026,1.3654,0.17886
2493,41.55,3.087,1.0289,0.2179,0.9485,0.18085
2494,41.567,3.665,1.2218,0.2622,1.0745,0.17749
2495,41.583,3.378,1.126,0.224,0.8825,0.17749
2496,41.6,3.545,1.1817,0.2133,0.8604,0.17189
2497,41.617,4.204,1.4013,0.2591,1.1024,0.17239
2498,41.633,3.953,1.3176,0.2334,1.0165,0.17301
2499,41.65,3.297,1.099,0.2315,0.9811,0.17562
2500,41.667,3.897,1.2992,0.2827,1.1257,0.17662
2501,41.683,2.627,0.8758,0.1982,0.9181,0.17873
2502,41.7,3.344,1.1146,0.2522,1.1103,0.17687
2503,41.717,2.898,0.9661,0.2006,0.9796,0.17388
2504,41.733,4.231,1.4102,0.287,1.3576,0.18246
2505,41.75,3.75,1.2499,0.2337,1.1101,0.17537
2506,41.767,4.292,1.4307,0.2771,1.283,0.17786
2507,41.783,5.347,1.7822,0.3539,1.562,0.17575
2508,41.8,4.664,1.5546,0.294,1.3183,0.1709
2509,41.817,6.124,2.0414,0.409,1.714,0.16866
2510,41.833,0.243,0.0809,0.014,0.0503,0.16903
2511,41.85,5.558,1.8525,0.366,1.3884,0.17214
2512,41.867,7.214,2.4048,0.5061,1.7548,0.17724
2513,41.883,7.444,2.4813,0.5035,1.9989,0.17935
2514,41.9,6.989,2.3296,0.452,1.7466,0.17239
2515,41.917,7.672,2.5573,0.5089,1.9651,0.17699
2516,41.933,6.113,2.0377,0.4267,1.4633,0.17973
2517,41.95,9.955,3.3182,0.7474,2.6064,0.176
2518,41.967,7.589,2.5297,0.5378,1.7416,0.17711
2519,41.983,8.058,2.6859,0.6006,1.8894,0.17761
2520,42.0,11.078,3.6928,0.6705,2.1782,0.18346
2521,42.017,9.984,3.3282,0.7433,2.9478,0.17898
2522,42.033,9.939,3.3131,0.7652,3.5392,0.18582
2523,42.05,8.126,2.7087,0.548,3.6584,0.1796
2524,42.067,7.421,2.4738,0.5031,3.0961,0.18172
2525,42.083,7.546,2.5152,0.4935,2.8965,0.18085
2526,42.1,0.051,0.0169,0.0054,0.0274,0.18147
2527,42.117,12.609,4.2028,0.7159,3.058,0.18022
2528,42.133,0.21,0.07,0.0164,0.069,0.1796
2529,42.15,7.628,2.5426,0.6157,3.87,0.17749
2530,42.167,5.397,1.7988,0.3848,1.3112,0.1806
2531,42.183,5.386,1.7953,0.3948,1.6584,0.18035
2532,42.2,5.248,1.7494,0.3354,1.4116,0.17998
2533,42.217,6.394,2.1315,0.4247,2.2747,0.19005
2534,42.233,6.666,2.2219,0.4525,1.8836,0.18284
2535,42.25,5.986,1.9954,0.3539,1.5482,0.18507
2536,42.267,4.843,1.6144,0.2477,1.0148,0.18458
2537,42.283,5.49,1.8301,0.299,1.0841,0.18756
2538,42.3,4.273,1.4244,0.2301,0.7445,0.18818
2539,42.317,5.662,1.8873,0.3274,0.95,0.1852
2540,42.333,3.929,1.3097,0.2131,0.6547,0.18968
2541,42.35,6.352,2.1172,0.3555,0.936,0.19017
2542,42.367,5.387,1.7957,0.3034,0.798,0.18893
2543,42.383,4.548,1.516,0.2586,0.7158,0.18843
2544,42.4,4.524,1.508,0.2426,0.6787,0.19154
2545,42.417,3.881,1.2935,0.1945,0.5831,0.18731
2546,42.433,6.401,2.1336,0.3557,0.9798,0.18371
2547,42.45,4.627,1.5423,0.232,0.6816,0.18831
2548,42.467,6.156,2.0522,0.3095,0.8462,0.18955
2549,42.483,4.772,1.5905,0.2476,0.6964,0.18744
2550,42.5,7.711,2.5704,0.2984,0.7975,0.19179
2551,42.517,3.511,1.1702,0.1941,0.5755,0.19391
2552,42.533,4.971,1.657,0.293,0.806,0.19316
2553,42.55,0.14,0.0466,0.0105,0.0474,0.19403
2554,42.567,4.372,1.4573,0.2504,0.6695,0.19552
2555,42.583,4.379,1.4596,0.2348,0.6702,0.19328
2556,42.6,4.316,1.4387,0.2151,0.6398,0.19067
2557,42.617,5.029,1.6763,0.2441,0.6959,0.18993
2558,42.633,5.275,1.7585,0.2701,0.8106,0.1852
2559,42.65,6.289,2.0962,0.3832,1.0854,0.19005
2560,42.667,4.807,1.6025,0.298,0.7121,0.19366
2561,42.683,4.774,1.5914,0.2936,0.6976,0.1908
2562,42.7,5.359,1.7862,0.3181,0.7921,0.18607
2563,42.717,5.422,1.8072,0.3176,0.8351,0.18657
2564,42.733,5.893,1.9642,0.3396,0.9485,0.1857
2565,42.75,5.272,1.7574,0.2918,0.8913,0.18408
2566,42.767,5.9,1.9667,0.3339,1.1146,0.18706
2567,42.783,4.374,1.458,0.2437,0.8126,0.18557
2568,42.8,5.13,1.7101,0.3021,0.9757,0.18744
2569,42.817,5.006,1.6687,0.2918,0.9971,0.19241
2570,42.833,4.594,1.5313,0.2495,0.8654,0.19266
2571,42.85,5.764,1.9212,0.3325,1.1701,0.19341
2572,42.867,4.016,1.3386,0.207,0.706,0.1944
2573,42.883,5.994,1.9979,0.3436,1.1737,0.19515
2574,42.9,4.39,1.4634,0.2527,0.8474,0.19042
2575,42.917,5.515,1.8384,0.3263,1.014,0.18955
2576,42.933,5.412,1.804,0.3577,0.97,0.18657
2577,42.95,6.527,2.1756,0.3945,1.2079,0.18818
2578,42.967,6.167,2.0558,0.3388,1.1391,0.18955
2579,42.983,6.29,2.0967,0.3324,1.097,0.19154
2580,43.0,8.832,2.9439,0.3771,1.2667,0.1944
2581,43.017,0.006,0.0019,0.0007,0.0018,0.19428
2582,43.033,5.509,1.8365,0.2975,1.0384,0.19527
2583,43.05,5.525,1.8415,0.3075,1.0892,0.19577
2584,43.067,6.3,2.1001,0.3913,1.2747,0.19204
2585,43.083,5.772,1.924,0.3408,1.1371,0.18993
2586,43.1,5.829,1.943,0.3322,1.0717,0.19104
2587,43.117,5.122,1.7072,0.2558,0.8175,0.19055
2588,43.133,5.718,1.9059,0.3203,0.9922,0.19192
2589,43.15,5.38,1.7935,0.3026,0.8929,0.19192
2590,43.167,6.926,2.3087,0.4566,1.3991,0.18669
2591,43.183,5.975,1.9917,0.3369,1.12,0.18993
2592,43.2,6.576,2.1919,0.3922,1.4528,0.19341
2593,43.217,5.883,1.9611,0.3202,1.0141,0.19714
2594,43.233,5.11,1.7032,0.2541,0.7454,0.19366
2595,43.25,5.338,1.7793,0.2847,0.9526,0.19216
2596,43.267,4.862,1.6206,0.2397,0.7156,0.19366
2597,43.283,5.731,1.9104,0.2749,0.8373,0.19204
2598,43.3,5.236,1.7455,0.2464,0.7488,0.18794
2599,43.317,5.603,1.8675,0.2723,0.8431,0.19353
2600,43.333,5.116,1.7052,0.2544,0.7781,0.18495
2601,43.35,3.285,1.095,0.1642,0.5554,0.18731
2602,43.367,4.538,1.5126,0.23,0.7728,0.1852
2603,43.383,5.138,1.7125,0.2665,0.8398,0.17973
2604,43.4,5.1,1.6999,0.261,0.7418,0.18035
2605,43.417,5.298,1.7659,0.2762,0.7585,0.18271
2606,43.433,5.765,1.9218,0.3084,0.8496,0.18595
2607,43.45,6.89,2.2967,0.4036,1.0716,0.18781
2608,43.467,5.948,1.9825,0.327,0.9016,0.18383
2609,43.483,7.045,2.3484,0.3709,0.9832,0.18433
2610,43.5,8.548,2.8493,0.3186,0.9386,0.18719
2611,43.517,8.016,2.672,0.3989,1.1885,0.18806
2612,43.533,5.817,1.9389,0.277,0.8851,0.19142
2613,43.55,6.008,2.0026,0.2802,0.9373,0.19266
2614,43.567,0.237,0.079,0.0165,0.0631,0.19104
2615,43.583,9.329,3.1098,0.5277,1.7425,0.18731
2616,43.6,7.374,2.4579,0.4037,1.403,0.18831
2617,43.617,5.818,1.9393,0.3058,1.0047,0.19129
2618,43.633,6.206,2.0687,0.3537,1.2738,0.1949
2619,43.65,5.669,1.8898,0.3089,1.1055,0.19614
2620,43.667,7.117,2.3724,0.4152,1.3974,0.19751
2621,43.683,6.352,2.1175,0.3998,1.201,0.19453
2622,43.7,6.71,2.2367,0.4405,1.3714,0.19067
2623,43.717,7.103,2.3675,0.4677,1.3723,0.19017
2624,43.733,6.082,2.0273,0.3787,1.0751,0.18993
2625,43.75,7.786,2.5952,0.5008,1.5194,0.19067
2626,43.767,6.736,2.2454,0.397,1.2016,0.18507
2627,43.783,0.072,0.024,0.0066,0.0332,0.18532
2628,43.8,5.721,1.9068,0.3167,1.058,0.1903
2629,43.817,6.188,2.0628,0.3691,1.2499,0.18532
2630,43.833,7.283,2.4276,0.4344,1.4912,0.18296
2631,43.85,6.847,2.2822,0.4158,1.4048,0.18433
2632,43.867,5.882,1.9606,0.3623,1.2611,0.19129
2633,43.883,4.88,1.6266,0.2977,1.022,0.1893
2634,43.9,6.22,2.0733,0.4034,1.4072,0.19067
2635,43.917,4.377,1.4589,0.2652,0.9009,0.18532
2636,43.933,6.817,2.2725,0.4535,1.5541,0.19142
2637,43.95,6.049,2.0163,0.3775,1.2581,0.18657
2638,43.967,5.999,1.9995,0.3728,1.276,0.1847
2639,43.983,6.963,2.3211,0.4436,1.3902,0.1842
2640,44.0,9.817,3.2722,0.4845,1.5194,0.19017
2641,44.017,6.652,2.2174,0.4205,1.3809,0.18184
2642,44.033,6.3,2.0999,0.3563,1.2527,0.18607
2643,44.05,6.743,2.2476,0.3977,1.3672,0.18495
2644,44.067,6.532,2.1773,0.3707,1.276,0.18918
2645,44.083,7.518,2.5062,0.4326,1.4811,0.19005
2646,44.1,7.185,2.395,0.4113,1.3925,0.18507
2647,44.117,6.579,2.1929,0.3906,1.3268,0.18781
2648,44.133,6.199,2.0664,0.3644,1.2507,0.18632
2649,44.15,8.188,2.7294,0.4984,1.7588,0.18694
2650,44.167,6.599,2.1997,0.3621,1.1903,0.18731
2651,44.183,6.935,2.3118,0.3822,1.1842,0.18371
2652,44.2,6.043,2.0142,0.3325,1.0363,0.18284
2653,44.217,5.965,1.9884,0.3269,0.9461,0.1847
2654,44.233,7.158,2.3861,0.3989,1.2063,0.18321
2655,44.25,0.287,0.0955,0.02,0.0776,0.18234
2656,44.267,11.673,3.8911,0.7943,2.5234,0.18595
2657,44.283,0.355,0.1184,0.0204,0.0743,0.18433
2658,44.3,6.226,2.0753,0.2988,0.8082,0.18806
2659,44.317,9.241,3.0804,0.5331,1.5773,0.19167
2660,44.333,6.874,2.2913,0.3589,1.0953,0.19627
2661,44.35,7.556,2.5185,0.4243,1.388,0.19428
2662,44.367,7.083,2.3611,0.4062,1.3336,0.19266
2663,44.383,6.991,2.3303,0.4088,1.4918,0.18632
2664,44.4,6.41,2.1368,0.3853,1.4044,0.18507
2665,44.417,6.845,2.2818,0.4438,1.7161,0.18881
2666,44.433,6.69,2.23,0.4413,1.7796,0.19055
2667,44.45,7.787,2.5958,0.5129,2.1883,0.18744
2668,44.467,6.587,2.1955,0.4136,1.8723,0.18918
2669,44.483,6.613,2.2043,0.4175,1.831,0.19602
2670,44.5,8.978,2.9927,0.499,1.6427,0.19453
2671,44.517,8.321,2.7738,0.63,2.4743,0.19813
2672,44.533,7.492,2.4973,0.4751,2.0176,0.19577
2673,44.55,7.306,2.4353,0.4758,2.0593,0.19527
2674,44.567,7.687,2.5622,0.5176,2.2778,0.19117
2675,44.583,6.877,2.2922,0.4629,1.9971,0.19341
2676,44.6,6.925,2.3084,0.4794,2.0713,0.1954
2677,44.617,7.315,2.4383,0.5232,2.1966,0.19838
2678,44.633,7.592,2.5306,0.5412,2.2771,0.19117
2679,44.65,7.41,2.4701,0.5297,2.2435,0.18881
2680,44.667,7.049,2.3498,0.4839,2.0483,0.19527
2681,44.683,7.44,2.48,0.5428,2.1767,0.18744
2682,44.7,8.159,2.7196,0.6329,2.5956,0.18856
2683,44.717,7.346,2.4486,0.5471,2.4043,0.19042
2684,44.733,7.84,2.6133,0.6108,2.6241,0.19366
2685,44.75,6.66,2.2201,0.4859,2.0361,0.19129
2686,44.767,8.501,2.8335,0.6848,2.9589,0.1898
2687,44.783,8.171,2.7236,0.7343,3.003,0.19527
2688,44.8,8.238,2.746,0.7325,3.1239,0.18184
2689,44.817,7.358,2.4528,0.6228,2.6656,0.19254
2690,44.833,6.961,2.3204,0.5842,2.4868,0.18794
2691,44.85,6.979,2.3263,0.6025,2.5082,0.20386
2692,44.867,7.896,2.6319,0.7321,3.1258,0.20498
2693,44.883,7.811,2.6037,0.7299,3.1771,0.20224
2694,44.9,7.531,2.5102,0.6711,2.8731,0.20137
2695,44.917,8.466,2.822,0.8285,3.2477,0.20299
2696,44.933,0.097,0.0323,0.0078,0.0389,0.20311
2697,44.95,7.289,2.4298,0.667,2.8501,0.19776
2698,44.967,6.977,2.3255,0.6145,2.4904,0.20373
2699,44.983,6.497,2.1658,0.5712,2.3956,0.19838
2700,45.0,12.878,4.2927,1.2245,5.2457,0.19726
2701,45.017,0.009,0.0032,0.0009,0.0036,0.19739
2702,45.033,7.516,2.5054,0.7309,3.0099,0.19639
2703,45.05,8.933,2.9777,0.8377,3.3742,0.19291
2704,45.067,8.436,2.8121,0.7039,2.7916,0.19366
2705,45.083,9.492,3.1639,0.8116,3.1259,0.19316
2706,45.1,9.166,3.0553,0.7407,2.6847,0.19254
2707,45.117,8.898,2.966,0.814,3.1078,0.18918
2708,45.133,9.063,3.0209,0.8523,3.3466,0.19192
2709,45.15,8.261,2.7537,0.7599,3.0205,0.19465
2710,45.167,7.91,2.6366,0.7154,2.9058,0.19403
2711,45.183,6.701,2.2336,0.5291,2.06,0.19229
2712,45.2,8.643,2.8809,0.8092,3.116,0.19938
2713,45.217,4.497,1.4989,0.3008,1.1773,0.18918
2714,45.233,10.489,3.4962,1.2422,4.9598,0.18968
2715,45.25,8.235,2.7451,0.7578,2.7357,0.19602
2716,45.267,0.092,0.0306,0.0074,0.0351,0.1959
2717,45.283,8.552,2.8508,0.746,2.7698,0.1959
2718,45.3,9.131,3.0435,0.7669,2.8506,0.20274
2719,45.317,9.919,3.3062,0.9129,3.3445,0.20274
2720,45.333,8.038,2.6793,0.647,2.408,0.19975
2721,45.35,9.262,3.0874,0.8431,3.1233,0.19813
2722,45.367,8.636,2.8786,0.7156,2.6167,0.19316
2723,45.383,10.003,3.3343,0.9873,3.8213,0.20522
2724,45.4,8.915,2.9715,0.8049,3.0746,0.20025
2725,45.417,8.18,2.7266,0.7071,2.7424,0.1995
2726,45.433,8.171,2.7236,0.6919,2.6984,0.20323
2727,45.45,7.555,2.5182,0.6349,2.4079,0.19876
2728,45.467,9.05,3.0166,0.8283,3.1878,0.19701
2729,45.483,7.314,2.438,0.5969,2.2771,0.20124
2730,45.5,10.9,3.6332,0.8001,2.9867,0.19565
2731,45.517,7.677,2.5589,0.6416,2.5003,0.19726
2732,45.533,9.071,3.0238,0.8455,3.3683,0.19415
2733,45.55,0.088,0.0294,0.0064,0.0314,0.19739
2734,45.567,8.362,2.7873,0.732,2.7733,0.19739
2735,45.583,9.0,3.0,0.8031,3.0083,0.19627
2736,45.6,9.499,3.1664,0.7743,2.8959,0.19677
2737,45.617,9.959,3.3195,0.8141,2.9744,0.19316
2738,45.633,10.804,3.6015,0.9147,3.2909,0.19017
2739,45.65,9.381,3.127,0.7697,2.5735,0.19789
2740,45.667,9.957,3.3191,0.8607,3.0793,0.19353
2741,45.683,9.429,3.1431,0.7831,2.8755,0.20448
2742,45.7,9.216,3.0719,0.7826,2.9211,0.19627
2743,45.717,8.531,2.8436,0.6933,2.5179,0.19552
2744,45.733,9.445,3.1482,0.8249,2.9831,0.1959
2745,45.75,8.471,2.8238,0.6698,2.3938,0.19801
2746,45.767,9.404,3.1347,0.7917,2.8712,0.2041
2747,45.783,10.333,3.4443,0.9171,3.1252,0.20274
2748,45.8,10.386,3.4619,0.8695,2.9396,0.20435
2749,45.817,11.424,3.8079,0.9731,3.2513,0.20373
2750,45.833,0.038,0.0127,0.0038,0.0195,0.20386
2751,45.85,9.109,3.0362,0.647,2.1268,0.20759
2752,45.867,10.582,3.5272,0.8649,3.0133,0.19925
2753,45.883,11.172,3.7239,1.0028,3.462,0.19627
2754,45.9,9.801,3.267,0.7434,2.4962,0.20087
2755,45.917,11.654,3.8846,1.0086,3.5423,0.201
2756,45.933,9.221,3.0737,0.6604,2.1031,0.20448
2757,45.95,12.359,4.1195,1.0109,3.6404,0.21132
2758,45.967,10.797,3.5991,0.8205,2.4325,0.21144
2759,45.983,14.867,4.9558,1.0528,3.3094,0.21617
2760,46.0,18.04,6.0133,1.1993,5.4579,0.22065
2761,46.017,18.342,6.1139,1.3037,6.1682,0.22786
2762,46.033,21.108,7.0359,1.3933,6.4805,0.23022
2763,46.05,23.488,7.8293,1.5376,7.2092,0.23246
2764,46.067,22.813,7.6045,1.943,10.231,0.23632
2765,46.083,27.049,9.0163,1.5547,7.3773,0.23507
2766,46.1,26.459,8.8197,1.2544,5.8054,0.21493
2767,46.117,27.764,9.2546,1.358,7.4084,0.21455
2768,46.133,32.257,10.7524,1.6958,8.2991,0.22289
2769,46.15,0.11,0.0367,0.0076,0.037,0.22301
2770,46.167,46.69,15.5633,2.3557,11.1325,0.18856
2771,46.183,47.403,15.8009,2.0954,8.9496,0.19366
2772,46.2,0.316,0.1052,0.0194,0.0766,0.19403
2773,46.217,6.253,2.0842,0.3496,0.9793,0.1959
2774,46.233,6.155,2.0517,0.3519,0.9526,0.19453
2775,46.25,6.622,2.2074,0.3704,0.9984,0.19975
2776,46.267,6.087,2.0291,0.361,0.924,0.20124
2777,46.283,4.729,1.5765,0.2781,0.7973,0.19279
2778,46.3,7.027,2.3422,0.4125,1.2241,0.19838
2779,46.317,5.176,1.7254,0.2747,0.9612,0.19988
2780,46.333,5.779,1.9264,0.3096,1.1142,0.19988
2781,46.35,0.094,0.0315,0.0066,0.0303,0.20037
2782,46.367,5.423,1.8075,0.2871,1.1093,0.19963
2783,46.383,5.397,1.799,0.2887,1.1715,0.20124
2784,46.4,3.633,1.2109,0.1772,0.7531,0.20087
2785,46.417,4.561,1.5202,0.2326,0.9225,0.19789
2786,46.433,3.316,1.1053,0.1668,0.6939,0.20037
2787,46.45,4.817,1.6056,0.256,0.9437,0.19963
2788,46.467,3.248,1.0825,0.1583,0.6844,0.19838
2789,46.483,5.054,1.6847,0.2545,1.0742,0.20336
2790,46.5,8.228,2.7427,0.2522,0.8261,0.2046
2791,46.517,4.678,1.5592,0.2024,0.8325,0.20299
2792,46.533,0.068,0.0228,0.0041,0.0212,0.20373
2793,46.55,4.066,1.3553,0.1758,0.7143,0.20336
2794,46.567,6.579,2.193,0.2567,1.0947,0.19888
2795,46.583,3.786,1.2619,0.1582,0.7083,0.19888
2796,46.6,3.611,1.2037,0.1552,0.6437,0.20995
2797,46.617,3.012,1.0041,0.1226,0.5994,0.20373
2798,46.633,2.427,0.809,0.1,0.4767,0.201
2799,46.65,6.922,2.3073,0.3784,1.6675,0.20473
2800,46.667,4.584,1.5281,0.1898,0.7598,0.20709
2801,46.683,5.848,1.9492,0.2709,1.1348,0.21095
2802,46.7,4.903,1.6342,0.1985,0.8048,0.20858
2803,46.717,4.402,1.4672,0.1825,0.7664,0.20746
2804,46.733,4.692,1.5642,0.1929,0.655,0.20846
2805,46.75,5.294,1.7646,0.2567,1.0548,0.21057
2806,46.767,5.21,1.7368,0.2167,0.5102,0.21119
2807,46.783,5.296,1.7652,0.2787,0.9405,0.20746
2808,46.8,7.421,2.4737,0.4619,2.7897,0.20572
2809,46.817,10.7,3.5667,0.5731,3.589,0.20846
2810,46.833,7.572,2.5241,0.438,2.6101,0.20062
2811,46.85,0.034,0.0113,0.0031,0.0171,0.20062
2812,46.867,6.633,2.2111,0.3802,1.952,0.2051
2813,46.883,5.688,1.896,0.3085,1.5242,0.20211
2814,46.9,8.804,2.9347,0.5198,2.5179,0.20062
2815,46.917,6.698,2.2328,0.3153,1.5498,0.19739
2816,46.933,10.493,3.4977,0.6818,3.1841,0.20137
2817,46.95,7.333,2.4442,0.4974,2.2161,0.20236
2818,46.967,9.677,3.2255,0.5726,2.0076,0.19938
2819,46.983,7.503,2.5008,0.5222,1.8806,0.20137
2820,47.0,11.753,3.9176,0.5945,2.0555,0.20547
2821,47.017,7.613,2.5377,0.4731,1.8073,0.20609
2822,47.033,7.991,2.6638,0.5151,1.7595,0.20522
2823,47.05,8.645,2.8817,0.5436,1.9385,0.20236
2824,47.067,25.843,8.6143,1.4205,6.9178,0.22724
2825,47.083,31.001,10.3337,1.4334,6.5615,0.23582
2826,47.1,28.086,9.3619,1.6255,8.0284,0.24502
2827,47.117,26.195,8.7318,1.6106,8.6092,0.24465
2828,47.133,24.003,8.0009,1.8426,9.4528,0.24714
2829,47.15,21.381,7.127,1.5954,8.9574,0.24055
2830,47.167,18.504,6.1679,1.3954,8.1723,0.23794
2831,47.183,19.12,6.3734,1.2214,5.7012,0.24117
2832,47.2,14.89,4.9635,1.2995,7.9734,0.24104
2833,47.217,16.01,5.3365,1.2326,6.2545,0.22251
2834,47.233,11.95,3.9833,1.1483,8.072,0.22786
2835,47.25,13.54,4.5133,1.3328,9.0086,0.22114
2836,47.267,10.153,3.3843,0.9516,6.9043,0.21692
2837,47.283,12.405,4.1349,1.1396,7.0751,0.21604
2838,47.3,11.93,3.9766,1.017,4.7948,0.21405
2839,47.317,0.132,0.044,0.0098,0.045,0.21443
2840,47.333,13.811,4.6036,0.9742,3.2253,0.21057
2841,47.35,0.09,0.03,0.0075,0.036,0.21057
2842,47.367,9.91,3.3033,0.6818,2.1307,0.21269
2843,47.383,9.627,3.209,0.5949,2.2911,0.21493
2844,47.4,8.986,2.9954,0.5412,2.4524,0.21281
2845,47.417,27.271,9.0904,1.3044,6.6166,0.20771
2846,47.433,11.787,3.9289,0.8182,2.6581,0.20137
2847,47.45,10.876,3.6252,0.6936,1.7733,0.19391
2848,47.467,9.532,3.1774,0.5573,1.4262,0.19639
2849,47.483,8.886,2.9621,0.5077,1.3223,0.20012
2850,47.5,11.493,3.831,0.547,1.5136,0.20112
2851,47.517,7.95,2.6502,0.4293,1.1303,0.20448
2852,47.533,8.473,2.8243,0.4786,1.2984,0.20634
2853,47.55,9.851,3.2837,0.5759,1.8061,0.2
2854,47.567,8.198,2.7328,0.4562,1.6991,0.20311
2855,47.583,8.735,2.9115,0.5157,1.352,0.19714
2856,47.6,6.209,2.0697,0.341,0.9177,0.20995
2857,47.617,6.557,2.1857,0.3556,0.9271,0.20846
2858,47.633,6.065,2.0215,0.3195,0.8344,0.19689
2859,47.65,6.612,2.204,0.3449,0.8921,0.2
2860,47.667,6.488,2.1625,0.3256,0.8284,0.19739
2861,47.683,5.503,1.8342,0.2786,0.7156,0.20336
2862,47.7,7.196,2.3987,0.4073,1.0527,0.2056
2863,47.717,4.195,1.3983,0.2252,0.5607,0.20871
2864,47.733,5.834,1.9448,0.3462,0.8519,0.21057
2865,47.75,4.314,1.438,0.2297,0.5683,0.21119
2866,47.767,5.038,1.6794,0.2672,0.6882,0.20087
2867,47.783,4.721,1.5738,0.2317,0.5896,0.20784
2868,47.8,5.62,1.8734,0.2809,0.6904,0.20435
2869,47.817,2.978,0.9927,0.141,0.4008,0.20323
2870,47.833,44.195,14.7317,1.6202,7.2168,0.23159
2871,47.85,4.698,1.5659,0.2221,0.4832,0.23321
2872,47.867,0.028,0.0093,0.0023,0.0117,0.23333
2873,47.883,66.355,22.1185,6.6185,16.3762,0.23122
2874,47.9,66.798,22.2661,7.7023,15.3987,0.22898
2875,47.917,0.288,0.0959,0.0141,0.0471,0.23147
2876,47.933,74.661,24.8869,7.5286,17.2022,0.20784
2877,47.95,110.913,36.9711,6.8781,17.809,0.20386
2878,47.967,84.65,28.2166,7.8412,19.684,0.20386
2879,47.983,99.724,33.2413,7.5468,21.8567,0.19739
2880,48.0,85.794,28.5978,6.4268,18.5502,0.18321
2881,48.017,69.282,23.094,5.4539,15.9852,0.16965
2882,48.033,54.513,18.171,4.7228,14.4971,0.16144
2883,48.05,40.267,13.4222,2.6582,8.3325,0.16343
2884,48.067,27.811,9.2702,1.5049,5.8267,0.16604
2885,48.083,25.293,8.431,1.1192,7.5073,0.15759
2886,48.1,19.245,6.4149,0.8482,5.7675,0.15336
2887,48.117,17.449,5.8162,0.7562,4.0848,0.1556
2888,48.133,15.832,5.2772,0.6677,3.9215,0.14726
2889,48.15,12.357,4.119,0.6428,2.3886,0.14627
2890,48.167,21.207,7.0691,0.7859,4.9459,0.14689
2891,48.183,22.853,7.6177,1.0987,7.1658,0.15162
2892,48.2,21.286,7.0952,1.0701,6.2086,0.15025
2893,48.217,24.642,8.2139,1.5371,10.0333,0.15945
2894,48.233,21.366,7.1219,1.1891,6.3648,0.15808
2895,48.25,19.031,6.3436,1.0647,6.1008,0.16032
2896,48.267,19.308,6.4361,1.149,7.6028,0.1648
2897,48.283,16.295,5.4318,0.9348,6.7116,0.15535
2898,48.3,14.981,4.9936,0.874,6.2755,0.15535
2899,48.317,11.435,3.8117,0.7267,5.2592,0.14888
2900,48.333,10.878,3.6259,0.7591,6.109,0.14913
2901,48.35,8.481,2.8271,0.5414,4.4545,0.14888
2902,48.367,8.729,2.9098,0.6196,5.4191,0.1459
2903,48.383,8.71,2.9032,0.4327,2.7449,0.14801
2904,48.4,10.313,3.4377,0.6147,4.9064,0.14714
2905,48.417,9.756,3.2521,0.6152,3.7688,0.149
2906,48.433,9.435,3.1451,0.5512,3.4095,0.1444
2907,48.45,12.911,4.3036,0.8337,3.006,0.14204
2908,48.467,21.238,7.0794,1.5884,5.4733,0.14366
2909,48.483,17.937,5.979,1.2545,4.4163,0.14913
2910,48.5,18.247,6.0824,0.9055,2.9919,0.13557
2911,48.517,6.953,2.3177,0.3641,1.074,0.13794
2912,48.533,5.729,1.9096,0.3267,0.7427,0.14216
2913,48.55,6.009,2.0029,0.4162,0.94,0.13619
2914,48.567,5.785,1.9284,0.2614,0.7926,0.1398
2915,48.583,6.433,2.1442,0.3728,1.5681,0.14092
2916,48.6,0.468,0.1559,0.0206,0.0781,0.13756
2917,48.617,8.083,2.6944,0.428,2.6027,0.14216
2918,48.633,0.157,0.0523,0.0097,0.0391,0.13657
2919,48.65,5.448,1.8159,0.3672,2.4352,0.13657
2920,48.667,6.591,2.197,0.3571,2.2915,0.14216
2921,48.683,6.739,2.2462,0.2792,1.4525,0.13595
2922,48.7,6.906,2.3019,0.3956,2.8453,0.1301
2923,48.717,6.869,2.2897,0.4697,4.6456,0.13968
2924,48.733,6.59,2.1968,0.3914,3.084,0.13769
2925,48.75,5.228,1.7425,0.2944,2.1058,0.13719
2926,48.767,7.445,2.4817,0.4143,2.31,0.1408
2927,48.783,36.859,12.2864,2.6553,8.8804,0.13595
2928,48.8,132.713,44.2377,5.952,16.0454,0.17239
2929,48.817,5.673,1.8911,0.3491,2.3608,0.17662
2930,48.833,4.348,1.4492,0.2607,1.5576,0.18035
2931,48.85,5.494,1.8315,0.3708,2.1737,0.17935
2932,48.867,5.973,1.9911,0.3347,2.2744,0.17463
2933,48.883,6.176,2.0588,0.2942,2.2158,0.17786
2934,48.9,6.463,2.1543,0.3666,2.4595,0.17799
2935,48.917,4.971,1.657,0.2783,2.0614,0.17873
2936,48.933,4.268,1.4228,0.1785,1.193,0.18035
2937,48.95,4.2,1.4,0.1896,1.1893,0.17923
2938,48.967,3.47,1.1567,0.1421,0.8441,0.17749
2939,48.983,0.128,0.0426,0.0059,0.0258,0.17761
2940,49.0,110.209,36.7362,3.2427,12.2312,0.14701
2941,49.017,0.009,0.003,0.0014,0.0044,0.14701
2942,49.033,13.931,4.6436,0.8536,2.5278,0.15025
2943,49.05,14.949,4.983,0.9584,2.9323,0.15423
2944,49.067,38.553,12.8511,2.9681,8.8286,0.14714
2945,49.083,52.931,17.6436,4.3574,13.3063,0.15784
2946,49.1,58.798,19.5993,4.8006,14.8967,0.16343
2947,49.117,70.568,23.5226,6.331,18.838,0.17127
2948,49.133,73.409,24.4698,6.4874,20.686,0.17413
2949,49.15,64.743,21.5809,6.6306,16.2454,0.17674
2950,49.167,65.068,21.6894,6.529,16.6946,0.17674
2951,49.183,53.708,17.9028,6.0382,12.9562,0.17823
2952,49.2,51.011,17.0037,5.8765,12.2525,0.18308
2953,49.217,39.695,13.2315,4.0828,7.7634,0.19216
2954,49.233,34.846,11.6153,3.3321,6.2112,0.18072
2955,49.25,29.622,9.8739,2.4908,4.3562,0.18047
2956,49.267,29.664,9.888,2.3884,4.1997,0.1857
2957,49.283,22.889,7.6296,1.4383,2.4771,0.17799
2958,49.3,22.868,7.6226,1.4214,2.462,0.18072
2959,49.317,27.638,9.2127,2.0809,5.1992,0.18072
2960,49.333,19.29,6.4301,1.0551,1.8752,0.1903
2961,49.35,8.491,2.8303,0.3732,0.8406,0.19117
2962,49.367,8.375,2.7917,0.3959,1.6721,0.19303
2963,49.383,7.58,2.5267,0.3521,1.5358,0.19104
2964,49.4,0.189,0.0631,0.0134,0.0534,0.1898
2965,49.417,17.048,5.6827,1.0798,5.3657,0.19391
2966,49.433,0.132,0.0439,0.0125,0.0517,0.1959
2967,49.45,15.855,5.2851,1.1968,6.797,0.20149
2968,49.467,21.109,7.0365,1.4802,6.2444,0.19689
2969,49.483,0.145,0.0484,0.0129,0.0505,0.19714
2970,49.5,19.079,6.3597,1.1451,5.0125,0.19415
2971,49.517,15.459,5.1531,0.9342,2.8573,0.20025
2972,49.533,15.657,5.2189,0.9438,3.2503,0.1893
2973,49.55,14.791,4.9304,1.0729,5.2707,0.20323
2974,49.567,13.322,4.4406,0.7407,1.7323,0.19391
2975,49.583,14.105,4.7017,0.8811,2.3864,0.20249
2976,49.6,14.038,4.6795,0.9276,4.0292,0.20423
2977,49.617,13.236,4.4118,0.7501,2.6009,0.19689
2978,49.633,15.062,5.0207,1.0929,5.6264,0.20373
2979,49.65,14.072,4.6906,0.8284,2.2686,0.19938
2980,49.667,13.123,4.3744,0.7766,2.2031,0.19167
2981,49.683,12.928,4.3094,0.8435,3.7347,0.20062
2982,49.7,9.968,3.3226,0.5432,1.8911,0.19925
2983,49.717,9.802,3.2673,0.5364,1.5349,0.19689
2984,49.733,9.015,3.005,0.4841,1.4502,0.19677
2985,49.75,8.148,2.716,0.4189,1.1902,0.20211
2986,49.767,9.189,3.0631,0.4255,0.7977,0.20261
2987,49.783,9.781,3.2603,0.4474,0.8127,0.20871
2988,49.8,9.757,3.2524,0.4365,0.8415,0.20647
2989,49.817,10.004,3.3347,0.4423,0.8697,0.1944
2990,49.833,33.964,11.3212,3.158,6.7609,0.19913
2991,49.85,0.115,0.0384,0.0117,0.0482,0.21107
2992,49.867,45.811,15.2703,5.8407,12.1571,0.1954
2993,49.883,39.181,13.0602,4.7741,10.0302,0.19888
2994,49.9,42.968,14.3227,5.5734,11.5601,0.20211
2995,49.917,38.093,12.6978,4.3873,9.1396,0.21144
2996,49.933,39.258,13.0862,4.4261,9.226,0.21953
2997,49.95,43.298,14.4326,4.9204,10.9313,0.20684
2998,49.967,41.167,13.7222,4.6847,10.8701,0.20137
2999,49.983,38.809,12.9365,4.2477,10.0065,0.21866
3000,50.0,43.362,14.4539,4.7522,11.8729,0.20734
3001,50.017,37.387,12.4622,4.0269,9.8469,0.19988
3002,50.033,40.322,13.4406,4.8535,12.7652,0.20087
3003,50.05,36.261,12.0871,4.2081,11.3399,0.21517
3004,50.067,40.417,13.4725,4.3913,12.2646,0.20323
3005,50.083,38.754,12.918,4.2436,12.1822,0.19502
3006,50.1,32.997,10.999,3.5202,10.4875,0.19963
3007,50.117,42.693,14.231,4.2939,11.2576,0.19639
3008,50.133,38.085,12.695,3.7577,9.7069,0.19453
3009,50.15,39.74,13.2466,4.0018,10.4856,0.18893
3010,50.167,33.531,11.177,3.3148,8.4209,0.18694
3011,50.183,36.019,12.0063,4.0191,11.088,0.17463
3012,50.2,29.803,9.9344,3.0153,8.5555,0.18632
3013,50.217,32.219,10.7396,3.4593,10.1665,0.15697
3014,50.233,31.051,10.3504,3.4525,9.9811,0.15771
3015,50.25,26.643,8.8811,2.8338,8.2049,0.16679
3016,50.267,0.139,0.0465,0.0124,0.0555,0.16779
3017,50.283,43.879,14.6263,4.6384,11.8,0.1607
3018,50.3,0.098,0.0328,0.0091,0.0417,0.16381
3019,50.317,36.975,12.3249,4.3919,12.371,0.15012
3020,50.333,33.925,11.3083,4.0105,11.3898,0.14876
3021,50.35,35.579,11.8596,4.1938,11.682,0.14677
3022,50.367,24.134,8.0447,2.397,7.6167,0.14938
3023,50.383,39.228,13.0759,5.0876,12.5131,0.15672
3024,50.4,67.861,22.6203,6.9782,18.2524,0.15224
3025,50.417,53.174,17.7245,6.3224,13.8749,0.15224
3026,50.433,37.157,12.3857,4.3729,11.222,0.15323
3027,50.45,0.035,0.0117,0.0033,0.0184,0.15323
3028,50.467,0.004,0.0014,0.0008,0.0007,0.15323
3029,50.483,0.002,0.0007,0.0009,0.0011,0.15323
3030,50.5,34.644,11.5481,3.616,9.2974,0.14055
3031,50.517,66.758,22.2525,6.7696,18.1579,0.16878
3032,50.533,35.007,11.6691,3.268,8.2077,0.18744
3033,50.55,37.888,12.6293,3.4527,8.5601,0.18619
3034,50.567,35.84,11.9467,3.1545,7.721,0.18545
3035,50.583,49.376,16.4587,5.3627,13.2474,0.19341
3036,50.6,38.18,12.7268,4.0055,8.8454,0.18694
3037,50.617,54.729,18.2429,6.2966,15.2667,0.16704
3038,50.633,40.775,13.5917,4.4082,11.819,0.16517
3039,50.65,37.328,12.4426,3.8935,10.612,0.16617
3040,50.667,44.826,14.9421,4.9854,13.3941,0.17139
3041,50.683,31.414,10.4714,3.3071,8.7678,0.14652
3042,50.7,46.411,15.4702,5.9458,15.3264,0.151
3043,50.717,39.002,13.0005,4.3784,11.9042,0.15386
3044,50.733,39.804,13.268,4.3772,12.7561,0.12886
3045,50.75,38.569,12.8565,4.257,13.06,0.14104
3046,50.767,36.117,12.039,4.0532,13.4066,0.14067
3047,50.783,0.072,0.024,0.0065,0.0312,0.14017
3048,50.8,38.243,12.7477,3.8154,12.3568,0.1408
3049,50.817,38.442,12.814,4.0944,13.7373,0.14701
3050,50.833,33.991,11.3303,3.5227,12.3893,0.14465
3051,50.85,36.693,12.231,3.4978,10.1714,0.1301
3052,50.867,34.141,11.3802,3.3209,9.3993,0.12313
3053,50.883,31.921,10.6403,3.0537,9.3791,0.12226
3054,50.9,33.892,11.2973,3.1295,9.6114,0.11915
3055,50.917,29.436,9.8119,2.6846,8.3709,0.11791
3056,50.933,33.451,11.1505,3.0812,9.7382,0.11443
3057,50.95,38.571,12.8571,3.5085,10.7361,0.11381
3058,50.967,27.353,9.1177,2.6636,8.5745,0.12177
3059,50.983,0.092,0.0308,0.0087,0.0449,0.12177
3060,51.0,44.461,14.8205,3.6191,11.8839,0.11642
3061,51.017,39.137,13.0457,3.6383,12.2667,0.12002
3062,51.033,30.911,10.3036,2.5751,9.038,0.124
3063,51.05,33.169,11.0565,2.831,10.443,0.12326
3064,51.067,32.732,10.9106,2.9402,11.1075,0.11269
3065,51.083,34.182,11.3939,3.206,12.0864,0.1051
3066,51.1,32.952,10.9839,3.1458,12.3363,0.09391
3067,51.117,43.305,14.4349,4.1665,16.7487,0.09577
3068,51.133,35.92,11.9733,3.3405,14.3173,0.09279
3069,51.15,41.792,13.9306,3.722,16.7171,0.08557
3070,51.167,42.504,14.1682,3.1852,15.4899,0.08781
3071,51.183,43.362,14.4541,2.8243,14.3143,0.08831
3072,51.2,31.274,10.4245,2.1401,11.6855,0.08557
3073,51.217,25.051,8.3504,1.7205,8.5472,0.07761
3074,51.233,42.783,14.2609,3.0343,15.2873,0.0847
3075,51.25,58.895,19.6317,4.0587,21.4301,0.0898
3076,51.267,54.125,18.0416,3.2134,17.4753,0.09739
3077,51.283,50.057,16.6857,2.9987,14.0412,0.1153
3078,51.3,40.425,13.4751,3.0056,12.3994,0.13022
3079,51.317,48.318,16.1061,3.2251,13.7688,0.13595
3080,51.333,42.4,14.1334,3.5937,12.8317,0.14714
3081,51.35,0.102,0.0341,0.0077,0.0407,0.14689
3082,51.367,64.689,21.5628,4.1937,14.1247,0.15348
3083,51.383,46.418,15.4727,4.5767,15.8914,0.15697
3084,51.4,71.791,23.9305,5.1395,15.5048,0.17326
3085,51.417,45.672,15.2241,5.0785,14.1193,0.17463
3086,51.433,24.716,8.2387,2.2004,4.7901,0.17488
3087,51.45,19.153,6.3843,1.6893,5.2803,0.17438
3088,51.467,17.006,5.6685,1.3996,4.7185,0.17662
3089,51.483,17.285,5.7617,1.3524,4.6377,0.17786
3090,51.5,18.194,6.0647,1.0635,3.5275,0.18072
3091,51.517,0.05,0.0166,0.0038,0.0192,0.17761
3092,51.533,14.732,4.9108,1.0198,3.4835,0.17239
3093,51.55,16.661,5.5537,1.1696,4.021,0.17724
3094,51.567,11.505,3.835,0.6047,2.0304,0.176
3095,51.583,14.077,4.6925,0.7753,2.5646,0.18072
3096,51.6,29.128,9.7093,2.1391,5.6107,0.17886
3097,51.617,32.105,10.7017,2.4087,6.1144,0.1806
3098,51.633,33.61,11.2032,2.6993,6.5634,0.18818
3099,51.65,0.103,0.0344,0.009,0.0424,0.18582
3100,51.667,31.481,10.4935,2.4372,5.5388,0.1898
3101,51.683,36.317,12.1056,3.4447,8.0722,0.18221
3102,51.7,29.256,9.7519,2.3796,5.4115,0.18495
3103,51.717,39.722,13.2408,4.3988,10.0935,0.19366
3104,51.733,26.32,8.7733,1.8432,3.3962,0.18868
3105,51.75,23.925,7.9751,1.6541,4.3925,0.19266
3106,51.767,58.254,19.4181,2.3472,9.0745,0.18346
3107,51.783,20.122,6.7075,1.5688,6.4555,0.18955
3108,51.8,16.835,5.6117,1.0562,4.2151,0.17289
3109,51.817,19.901,6.6336,1.8218,7.8022,0.17152
3110,51.833,18.829,6.2762,1.4264,5.6232,0.1755
3111,51.85,17.215,5.7382,1.1169,3.9167,0.16754
3112,51.867,10.646,3.5488,0.6559,3.2436,0.17351
3113,51.883,15.767,5.2555,1.0512,4.7434,0.17799
3114,51.9,17.244,5.748,1.128,4.9684,0.18109
3115,51.917,22.458,7.4858,1.6076,7.4839,0.18209
3116,51.933,18.478,6.1594,1.058,4.3314,0.18632
3117,51.95,21.66,7.2199,1.4256,6.1844,0.18495
3118,51.967,0.053,0.0178,0.005,0.0255,0.18507
3119,51.983,56.365,18.7885,2.2689,9.1838,0.19677
3120,52.0,33.569,11.1898,2.6078,7.4693,0.19652
3121,52.017,29.607,9.8691,2.2579,6.5788,0.201
3122,52.033,27.806,9.2687,2.0135,5.934,0.19689
3123,52.05,26.705,8.9018,1.6755,4.0829,0.20112
3124,52.067,37.397,12.4655,3.2515,6.9401,0.20535
3125,52.083,26.594,8.8645,1.6642,4.5785,0.20808
3126,52.1,21.742,7.2473,1.2102,3.4596,0.20759
3127,52.117,0.087,0.029,0.0074,0.0362,0.20759
3128,52.133,17.152,5.7172,0.8731,2.7159,0.21045
3129,52.15,19.185,6.3948,1.049,3.3315,0.21517
3130,52.167,20.186,6.7286,1.3332,3.0972,0.20808
3131,52.183,52.249,17.4164,6.269,16.38,0.21642
3132,52.2,49.528,16.5094,5.9173,15.4999,0.21356
3133,52.217,63.499,21.1662,6.0722,14.3646,0.21803
3134,52.233,51.583,17.1943,5.5821,14.7725,0.22239
3135,52.25,55.363,18.4543,5.7487,15.3691,0.21654
3136,52.267,58.519,19.5065,5.5796,13.8134,0.22214
3137,52.283,50.311,16.7703,5.608,14.9635,0.21356
3138,52.3,53.713,17.9044,6.3301,16.22,0.21045
3139,52.317,46.427,15.4757,5.6321,12.1098,0.21306
3140,52.333,46.009,15.3364,5.7152,11.8024,0.21144
3141,52.35,36.776,12.2585,3.8564,7.5597,0.21206
3142,52.367,50.159,16.7197,7.1607,15.6979,0.20572
3143,52.383,39.879,13.2931,5.2665,11.0424,0.19602
3144,52.4,39.607,13.2022,5.1764,13.1371,0.17985
3145,52.417,41.539,13.8464,4.7286,12.3398,0.17264
3146,52.433,41.071,13.6903,4.8493,12.2702,0.17388
3147,52.45,43.108,14.3693,4.7323,12.4904,0.17289
3148,52.467,43.835,14.6115,4.623,12.2216,0.17313
3149,52.483,40.481,13.4938,4.7485,12.5653,0.175
3150,52.5,43.205,14.4016,4.7692,12.87,0.18035
3151,52.517,44.758,14.9194,4.5602,13.0256,0.17811
3152,52.533,0.102,0.034,0.0078,0.0411,0.17898
3153,52.55,48.502,16.1673,4.5369,12.9507,0.18557
3154,52.567,45.238,15.0794,4.4881,12.0337,0.19167
3155,52.583,46.832,15.6108,5.4391,13.1775,0.19055
3156,52.6,46.599,15.5329,4.2952,11.5667,0.19751
3157,52.617,61.493,20.4977,5.0417,14.8063,0.20261
3158,52.633,60.498,20.166,4.7829,12.0772,0.21704
3159,52.65,58.905,19.6349,4.769,11.7844,0.23221
3160,52.667,61.436,20.4786,4.786,11.4068,0.24515
3161,52.683,53.61,17.8699,4.0477,9.8731,0.25224
3162,52.7,48.471,16.157,3.9036,10.1932,0.25336
3163,52.717,64.836,21.6121,6.1589,13.9061,0.26281
3164,52.733,84.25,28.0833,4.8303,11.9492,0.2607
3165,52.75,75.949,25.3163,5.9208,15.5701,0.25199
3166,52.767,68.117,22.7057,5.7399,13.8524,0.24938
3167,52.783,0.166,0.0553,0.0089,0.0449,0.24826
3168,52.8,66.25,22.0833,5.5555,13.0713,0.26604
3169,52.817,0.18,0.0601,0.0105,0.0519,0.2653
3170,52.833,53.869,17.9564,4.7202,11.0061,0.25361
3171,52.85,55.476,18.4921,4.669,10.5268,0.26455
3172,52.867,55.837,18.6123,4.9924,11.0517,0.26443
3173,52.883,55.091,18.3636,4.8128,10.7574,0.26978
3174,52.9,0.188,0.0626,0.0112,0.0512,0.27015
3175,52.917,0.058,0.0194,0.0039,0.0212,0.2699
3176,52.933,0.359,0.1198,0.0209,0.0839,0.26953
3177,52.95,57.854,19.2848,5.3711,11.186,0.26493
3178,52.967,74.07,24.6901,5.5135,16.5337,0.25286
3179,52.983,52.8,17.5998,4.9145,11.108,0.24328
3180,53.0,46.788,15.5959,3.9226,9.2807,0.23694
3181,53.017,41.265,13.7549,3.8722,11.1658,0.23831
3182,53.033,31.745,10.5817,2.615,9.5787,0.23993
3183,53.05,31.471,10.4903,2.617,9.2812,0.24067
3184,53.067,26.584,8.8614,1.5951,5.6663,0.23557
3185,53.083,33.37,11.1233,2.8891,10.3173,0.2352
3186,53.1,26.279,8.7597,1.7795,7.0006,0.23582
3187,53.117,0.154,0.0514,0.0125,0.0624,0.23545
3188,53.133,33.514,11.1713,3.1619,11.8956,0.21891
3189,53.15,26.494,8.8315,2.6202,11.3549,0.21891
3190,53.167,26.348,8.7826,2.4386,10.6494,0.22189
3191,53.183,23.963,7.9878,2.1488,10.2927,0.21853
3192,53.2,26.542,8.8472,2.2163,10.5181,0.21692
3193,53.217,22.392,7.4639,1.8172,9.8406,0.2143
3194,53.233,21.646,7.2152,1.5993,8.7577,0.21331
3195,53.25,24.7,8.2335,1.7288,7.1441,0.20535
3196,53.267,0.111,0.0371,0.0096,0.0466,0.20796
3197,53.283,19.785,6.595,1.3832,5.6692,0.20236
3198,53.3,20.798,6.9328,1.5113,6.5744,0.18644
3199,53.317,13.394,4.4648,0.7151,2.9307,0.19092
3200,53.333,13.814,4.6045,0.7639,3.2446,0.18259
3201,53.35,0.13,0.0433,0.0097,0.0474,0.18209
3202,53.367,11.734,3.9112,0.5899,2.6267,0.18968
3203,53.383,23.955,7.9851,2.0284,8.0436,0.1842
3204,53.4,12.856,4.2853,0.7567,3.1369,0.18582
3205,53.417,10.519,3.5062,0.6039,2.5394,0.18607
3206,53.433,7.222,2.4074,0.3671,1.5184,0.18856
3207,53.45,0.077,0.0257,0.0073,0.0375,0.18831
3208,53.467,6.837,2.2791,0.353,1.1308,0.18868
3209,53.483,12.391,4.1304,0.805,2.024,0.18756
3210,53.5,36.887,12.2957,5.8796,12.389,0.1709
3211,53.517,36.384,12.1279,6.2766,13.125,0.16617
3212,53.533,23.294,7.7646,2.7655,5.5518,0.17239
3213,53.55,65.486,21.8287,3.4069,8.8578,0.16803
3214,53.567,5.399,1.7998,0.3202,1.1645,0.16915
3215,53.583,0.222,0.0741,0.0183,0.0782,0.17164
3216,53.6,6.719,2.2397,0.407,1.3318,0.1801
3217,53.617,4.654,1.5514,0.2759,0.8728,0.17799
3218,53.633,5.283,1.7611,0.32,0.9957,0.17985
3219,53.65,7.283,2.4275,0.4759,1.4819,0.18246
3220,53.667,7.657,2.5524,0.4631,1.3554,0.18271
3221,53.683,6.331,2.1103,0.3931,1.12,0.18371
3222,53.7,8.543,2.8477,0.5454,1.5481,0.19465
3223,53.717,7.98,2.66,0.4995,1.3591,0.18955
3224,53.733,6.219,2.0729,0.4056,1.0545,0.18806
3225,53.75,10.494,3.4979,0.7492,2.0666,0.17786
3226,53.767,6.387,2.1292,0.3804,1.0476,0.18507
3227,53.783,9.452,3.1507,0.6474,1.7985,0.17662
3228,53.8,7.932,2.6439,0.5104,1.3102,0.18097
3229,53.817,0.087,0.0289,0.0075,0.037,0.1796
3230,53.833,9.95,3.3165,0.6566,1.6942,0.18893
3231,53.85,12.199,4.0662,0.8897,2.3621,0.18396
3232,53.867,12.179,4.0598,0.8802,2.3663,0.17935
3233,53.883,8.203,2.7342,0.489,1.3104,0.18147
3234,53.9,13.21,4.4033,0.9986,2.663,0.1847
3235,53.917,9.376,3.1255,0.5866,1.6186,0.18109
3236,53.933,11.185,3.7284,0.7601,2.0391,0.18209
3237,53.95,8.25,2.7501,0.4951,1.3587,0.17425
3238,53.967,12.874,4.2912,0.9202,2.4701,0.18881
3239,53.983,8.557,2.8524,0.5056,1.3404,0.18321
3240,54.0,15.666,5.222,0.7682,2.5373,0.18756
3241,54.017,14.394,4.7979,0.955,6.3278,0.18346
3242,54.033,0.028,0.0094,0.0034,0.018,0.18358
3243,54.05,19.37,6.4566,1.3812,6.8426,0.18744
3244,54.067,22.498,7.4995,1.5434,6.7324,0.18495
3245,54.083,21.973,7.3242,1.5181,5.4726,0.17935
3246,54.1,14.546,4.8487,1.0338,3.6612,0.18197
3247,54.117,10.467,3.489,0.6425,1.5503,0.1806
3248,54.133,12.232,4.0772,0.7459,1.9286,0.18172
3249,54.15,9.674,3.2247,0.5542,1.4519,0.18246
3250,54.167,13.533,4.5112,0.8877,2.4415,0.18147
3251,54.183,10.557,3.5189,0.5922,1.3963,0.18234
3252,54.2,0.043,0.0143,0.0047,0.0261,0.18221
3253,54.217,11.202,3.734,0.6359,1.7577,0.18159
3254,54.233,12.023,4.0076,0.6887,1.9142,0.18072
3255,54.25,13.567,4.5222,0.8265,2.3133,0.18097
3256,54.267,8.923,2.9743,0.4536,1.1352,0.18209
3257,54.283,13.22,4.4067,0.7552,2.1209,0.18109
3258,54.3,16.505,5.5018,1.1506,4.7379,0.18968
3259,54.317,11.013,3.671,0.5294,1.5436,0.18657
3260,54.333,10.36,3.4532,0.5187,1.5414,0.19863
3261,54.35,17.831,5.9438,0.9411,3.3943,0.17948
3262,54.367,8.583,2.861,0.3907,1.1304,0.17736
3263,54.383,13.099,4.3665,0.7787,2.1233,0.18694
3264,54.4,7.974,2.6579,0.3924,1.1781,0.18321
3265,54.417,10.963,3.6544,0.6233,1.7474,0.18308
3266,54.433,0.089,0.0296,0.0084,0.0418,0.18321
3267,54.45,9.034,3.0114,0.4775,1.4192,0.1857
3268,54.467,6.82,2.2732,0.3303,1.0121,0.18557
3269,54.483,9.703,3.2345,0.5132,1.509,0.18483
3270,54.5,13.825,4.6082,0.6396,1.9609,0.1949
3271,54.517,6.684,2.228,0.3588,1.1316,0.19179
3272,54.533,6.277,2.0922,0.3379,1.0466,0.19005
3273,54.55,7.425,2.4749,0.4351,1.3738,0.18756
3274,54.567,6.009,2.0029,0.3385,1.0675,0.18483
3275,54.583,5.528,1.8427,0.2984,0.9846,0.18582
3276,54.6,0.071,0.0238,0.007,0.034,0.18632
3277,54.617,5.967,1.9889,0.3285,1.0925,0.18731
3278,54.633,6.288,2.0959,0.3552,1.1983,0.19092
3279,54.65,9.856,3.2854,0.6131,2.069,0.18843
3280,54.667,7.729,2.5763,0.4619,1.3811,0.18781
3281,54.683,5.245,1.7483,0.3222,0.9224,0.19303
3282,54.7,0.062,0.0206,0.006,0.0317,0.19167
3283,54.717,9.651,3.2171,0.5984,1.846,0.19154
3284,54.733,10.902,3.6338,0.7027,2.1028,0.18806
3285,54.75,10.865,3.6217,0.6537,1.9256,0.19391
3286,54.767,7.089,2.3629,0.3795,1.1085,0.19527
3287,54.783,12.25,4.0832,0.7656,2.2113,0.18856
3288,54.8,10.151,3.3836,0.582,1.6738,0.19291
3289,54.817,13.893,4.6309,0.8942,2.6649,0.19254
3290,54.833,11.861,3.9535,0.7075,2.0685,0.1954
3291,54.85,12.704,4.2348,0.7939,2.1981,0.18968
3292,54.867,15.234,5.078,0.9906,2.2415,0.19714
3293,54.883,14.411,4.8035,1.0332,3.0193,0.19913
3294,54.9,8.399,2.7998,0.5008,1.4919,0.20261
3295,54.917,11.77,3.9233,0.8712,2.7049,0.20684
3296,54.933,13.68,4.5601,0.9334,2.3664,0.19303
3297,54.95,12.435,4.1449,0.891,2.6114,0.19353
3298,54.967,8.757,2.9189,0.5402,1.6256,0.19726
3299,54.983,12.427,4.1422,0.9049,2.8086,0.2
3300,55.0,5.683,1.8943,0.0878,0.2839,0.20075
3301,55.017,7.235,2.4116,0.4163,1.3135,0.199
3302,55.033,12.249,4.0829,0.9013,2.7912,0.19701
3303,55.05,12.316,4.1052,0.8723,2.7046,0.1954
3304,55.067,10.551,3.5171,0.6657,2.0309,0.18993
3305,55.083,7.94,2.6465,0.4383,1.3461,0.19851
3306,55.1,53.635,17.8783,2.0023,7.5882,0.18843
3307,55.117,22.269,7.423,1.8541,4.7441,0.19154
3308,55.133,16.899,5.6331,1.1861,2.9948,0.1903
3309,55.15,16.819,5.6065,1.1803,2.9319,0.18134
3310,55.167,16.815,5.605,1.1623,2.8746,0.19577
3311,55.183,12.704,4.2347,0.7293,1.8152,0.19988
3312,55.2,19.521,6.507,1.4668,3.5461,0.19614
3313,55.217,19.679,6.5595,1.4784,3.5457,0.18893
3314,55.233,16.874,5.6247,1.0994,2.6202,0.19353
3315,55.25,17.005,5.6682,1.0687,2.5316,0.20311
3316,55.267,18.874,6.2913,1.2916,3.0606,0.19428
3317,55.283,17.128,5.7094,1.0982,2.5777,0.19689
3318,55.3,20.227,6.7423,1.4833,3.5062,0.19627
3319,55.317,17.063,5.6878,1.0967,2.8167,0.19627
3320,55.333,18.544,6.1813,1.2475,2.9859,0.19888
3321,55.35,14.172,4.7239,0.7742,1.8437,0.20112
3322,55.367,21.973,7.3243,1.7029,4.2033,0.19378
3323,55.383,18.62,6.2068,1.1815,2.8799,0.20199
3324,55.4,0.06,0.0201,0.0049,0.0255,0.20112
3325,55.417,24.327,8.1091,2.3239,5.5033,0.19689
3326,55.433,34.151,11.3836,4.5121,10.8147,0.2
3327,55.45,31.104,10.368,3.6763,8.3622,0.19677
3328,55.467,26.996,8.9988,2.7802,6.372,0.20361
3329,55.483,18.246,6.0819,1.2965,3.3365,0.1995
3330,55.5,21.84,7.28,1.3618,3.313,0.20012
3331,55.517,16.395,5.4649,1.1015,2.7529,0.19552
3332,55.533,18.279,6.0931,1.283,3.186,0.19938
3333,55.55,20.89,6.9633,1.5948,3.7874,0.20124
3334,55.567,21.931,7.3103,1.6869,4.0563,0.19851
3335,55.583,21.529,7.1764,1.6181,3.807,0.19776
3336,55.6,21.654,7.2181,1.5654,3.8815,0.19988
3337,55.617,21.671,7.2237,1.5883,3.876,0.19826
3338,55.633,22.962,7.6541,1.5535,3.6616,0.19341
3339,55.65,15.705,5.2351,0.8467,2.1119,0.20473
3340,55.667,26.841,8.9472,1.9312,4.6266,0.20261
3341,55.683,19.705,6.5685,1.177,3.2298,0.20323
3342,55.7,22.02,7.34,1.3515,3.7009,0.21132
3343,55.717,24.458,8.1528,1.5704,3.5377,0.22114
3344,55.733,23.973,7.991,1.511,4.2001,0.21791
3345,55.75,19.626,6.5419,1.071,2.6451,0.22065
3346,55.767,27.227,9.0755,1.8396,5.1228,0.21318
3347,55.783,0.108,0.0361,0.0088,0.0421,0.21306
3348,55.8,18.431,6.1438,0.9904,3.1404,0.21915
3349,55.817,27.657,9.2191,2.0211,6.4236,0.21729
3350,55.833,23.801,7.9337,1.4993,5.025,0.21866
3351,55.85,25.774,8.5912,1.6097,5.3341,0.23383
3352,55.867,28.84,9.6133,2.0047,7.352,0.22948
3353,55.883,30.239,10.0798,2.1427,7.8759,0.22537
3354,55.9,30.505,10.1685,2.0248,7.0663,0.22463
3355,55.917,32.856,10.9519,2.2412,7.5414,0.22761
3356,55.933,31.211,10.4035,2.0292,6.9418,0.22923
3357,55.95,42.33,14.1099,3.3164,11.2317,0.23507
3358,55.967,40.456,13.4855,3.1982,10.7635,0.23507
3359,55.983,24.557,8.1858,1.3358,5.3305,0.23657
3360,56.0,39.839,13.2797,2.4334,7.5535,0.23209
3361,56.017,0.036,0.012,0.002,0.0101,0.23234
3362,56.033,35.248,11.7494,1.9769,6.2616,0.23085
3363,56.05,26.376,8.7919,1.126,3.6438,0.226
3364,56.067,32.938,10.9794,2.0523,7.4951,0.22836
3365,56.083,21.443,7.1477,0.8883,3.3995,0.23818
3366,56.1,30.76,10.2532,2.2224,8.4576,0.22998
3367,56.117,37.712,12.5707,2.3022,6.5629,0.23408
3368,56.133,37.927,12.6425,2.1092,5.142,0.225
3369,56.15,30.601,10.2004,1.5374,5.0164,0.22313
3370,56.167,29.627,9.8757,1.3691,4.2527,0.23532
3371,56.183,32.421,10.807,1.7248,5.2363,0.23532
3372,56.2,26.194,8.7312,1.1504,4.0724,0.23109
3373,56.217,26.561,8.8537,1.2216,4.1491,0.23072
3374,56.233,28.814,9.6047,1.2354,3.5914,0.22152
3375,56.25,26.606,8.8686,1.1091,3.3434,0.22338
3376,56.267,35.476,11.8253,1.8296,3.5398,0.225
3377,56.283,36.328,12.1094,1.9922,4.4192,0.24092
3378,56.3,24.37,8.1234,0.9955,3.7182,0.23445
3379,56.317,26.38,8.7933,1.1871,4.5873,0.22886
3380,56.333,22.036,7.3453,0.9225,3.6181,0.23209
3381,56.35,0.108,0.0361,0.0086,0.0422,0.23109
3382,56.367,29.773,9.9245,1.3534,4.1933,0.22973
3383,56.383,26.715,8.9049,1.0678,3.5504,0.23085
3384,56.4,27.969,9.3231,1.6876,7.2769,0.22276
3385,56.417,24.726,8.2419,1.2802,5.5973,0.22873
3386,56.433,20.671,6.8904,0.9575,4.2278,0.22649
3387,56.45,24.449,8.1498,1.5162,6.6114,0.22637
3388,56.467,25.151,8.3836,1.5973,6.8794,0.22774
3389,56.483,0.119,0.0396,0.0093,0.043,0.22973
3390,56.5,27.183,9.0608,1.7962,7.8311,0.2255
3391,56.517,23.11,7.7032,1.7724,8.1494,0.22774
3392,56.533,22.053,7.3511,1.597,7.3364,0.22376
3393,56.55,20.342,6.7806,1.3541,6.0316,0.22139
3394,56.567,24.28,8.0933,1.8453,8.0332,0.21306
3395,56.583,15.292,5.0974,0.8393,3.7019,0.21779
3396,56.6,22.378,7.4594,1.5414,6.9465,0.21592
3397,56.617,19.92,6.64,1.2222,5.3641,0.22562
3398,56.633,24.366,8.1221,1.8539,8.2891,0.2194
3399,56.65,20.582,6.8606,1.4012,6.3765,0.21741
3400,56.667,25.115,8.3718,2.0556,9.7953,0.21418
3401,56.683,19.228,6.4093,1.3715,6.5116,0.21007
3402,56.7,0.109,0.0363,0.0094,0.0452,0.20647
3403,56.717,20.693,6.8978,1.6094,7.8461,0.21119
3404,56.733,25.897,8.6325,2.3125,11.2225,0.21219
3405,56.75,23.192,7.7306,2.1113,10.481,0.21306
3406,56.767,32.934,10.9779,2.5794,10.4777,0.20734
3407,56.783,30.035,10.0117,2.0776,8.7373,0.20473
3408,56.8,28.263,9.421,2.2063,9.0573,0.20473
3409,56.817,32.809,10.9362,2.123,7.41,0.20311
3410,56.833,27.822,9.274,1.9029,7.8745,0.21182
3411,56.85,26.077,8.6923,1.8334,7.818,0.20945
3412,56.867,27.708,9.2361,2.202,6.4718,0.19988
3413,56.883,0.096,0.0321,0.0087,0.0408,0.1995
3414,56.9,21.46,7.1535,1.2995,4.6337,0.19291
3415,56.917,28.866,9.6221,1.903,5.5916,0.18495
3416,56.933,47.028,15.6759,4.3063,10.1504,0.18719
3417,56.95,51.36,17.12,5.1495,12.6894,0.19627
3418,56.967,47.774,15.9246,4.2891,10.177,0.18284
3419,56.983,46.956,15.6522,3.8856,8.7828,0.19067
3420,57.0,28.535,9.5117,1.3528,2.8884,0.1806
3421,57.017,0.018,0.0059,0.0019,0.0067,0.18085
3422,57.033,41.253,13.7511,2.8591,6.1619,0.19179
3423,57.05,32.423,10.8076,1.9576,4.6185,0.19117
3424,57.067,16.568,5.5225,0.9122,3.4181,0.19092
3425,57.083,23.327,7.7758,1.2964,3.8226,0.19988
3426,57.1,24.429,8.1431,1.2738,3.1858,0.19316
3427,57.117,0.128,0.0425,0.0116,0.052,0.19328
3428,57.133,27.906,9.3019,1.701,5.129,0.19515
3429,57.15,18.454,6.1512,0.9717,2.968,0.19565
3430,57.167,19.08,6.3599,1.1861,4.6185,0.19179
3431,57.183,13.444,4.4813,0.6951,2.9441,0.18881
3432,57.2,16.932,5.6439,0.7748,3.3005,0.19303
3433,57.217,16.05,5.3502,0.7679,3.198,0.18968
3434,57.233,12.821,4.2737,0.627,2.5984,0.18794
3435,57.25,13.39,4.4633,0.646,2.6746,0.19764
3436,57.267,10.285,3.4283,0.4766,1.953,0.19353
3437,57.283,14.149,4.7163,0.5764,1.8952,0.19515
3438,57.3,11.886,3.9619,0.3996,1.2171,0.19614
3439,57.317,16.6,5.5334,0.6283,1.7993,0.19254
3440,57.333,0.102,0.0341,0.0081,0.0385,0.19241
3441,57.35,14.316,4.7719,0.5028,1.5694,0.19565
3442,57.367,18.596,6.1986,0.7109,2.1797,0.19614
3443,57.383,22.127,7.3755,0.9563,3.0175,0.20075
3444,57.4,0.103,0.0342,0.0089,0.0414,0.20149
3445,57.417,29.076,9.6919,1.5389,5.3726,0.19577
3446,57.433,16.598,5.5326,0.6041,1.8996,0.19963
3447,57.45,20.807,6.9355,0.8779,2.8478,0.19241
3448,57.467,19.38,6.4599,0.8173,2.583,0.20211
3449,57.483,20.899,6.9662,0.9009,2.9614,0.19801
3450,57.5,22.266,7.422,0.7846,2.278,0.20087
3451,57.517,35.764,11.9215,1.885,4.9853,0.1954
3452,57.533,0.061,0.0202,0.006,0.0317,0.19565
3453,57.55,31.129,10.3762,1.6416,4.2029,0.20037
3454,57.567,44.887,14.9625,3.1967,7.5602,0.19552
3455,57.583,45.966,15.3219,3.7991,9.8215,0.18806
3456,57.6,41.393,13.7976,3.5068,9.2985,0.19129
3457,57.617,60.956,20.3186,5.4302,15.1189,0.19838
3458,57.633,58.333,19.4444,5.5473,15.3417,0.19167
3459,57.65,43.935,14.6451,3.4892,9.1818,0.19055
3460,57.667,47.951,15.9837,4.8344,13.5792,0.18321
3461,57.683,27.61,9.2033,2.1649,5.7533,0.18371
3462,57.7,46.899,15.6331,4.6154,13.2895,0.17736
3463,57.717,0.129,0.043,0.0101,0.0482,0.17724
3464,57.733,30.843,10.2808,2.9263,7.8912,0.18271
3465,57.75,27.633,9.2108,2.3511,6.4828,0.17761
3466,57.767,8.266,2.7552,0.4212,1.3473,0.18134
3467,57.783,4.79,1.5968,0.2891,1.2411,0.1806
3468,57.8,15.588,5.196,0.948,2.7509,0.18085
3469,57.817,32.835,10.9451,3.0686,8.462,0.18047
3470,57.833,36.75,12.2501,3.8415,10.5003,0.17761
3471,57.85,0.128,0.0428,0.0109,0.0502,0.17886
3472,57.867,47.328,15.7761,5.3095,14.3059,0.17201
3473,57.883,32.503,10.8344,3.3248,9.0961,0.16256
3474,57.9,43.989,14.663,4.501,13.39,0.16405
3475,57.917,71.391,23.797,4.7018,12.7976,0.18557
3476,57.933,36.163,12.0544,3.5799,9.5489,0.1842
3477,57.95,61.881,20.627,4.9891,17.677,0.18843
3478,57.967,47.9,15.9667,5.0928,13.0334,0.18682
3479,57.983,48.482,16.1608,5.2373,13.0421,0.18856
3480,58.0,36.087,12.0292,2.603,6.3263,0.18706
3481,58.017,16.695,5.5652,0.7874,1.8733,0.18868
3482,58.033,9.797,3.2657,0.5407,1.9379,0.18632
3483,58.05,0.149,0.0495,0.0096,0.0454,0.18607
3484,58.067,9.683,3.2277,0.5391,2.7111,0.18955
3485,58.083,9.192,3.0641,0.5386,3.2261,0.19005
3486,58.1,13.723,4.5744,0.7107,2.755,0.18781
3487,58.117,11.767,3.9223,0.5845,2.2485,0.18731
3488,58.133,10.341,3.4468,0.5082,2.2102,0.18818
3489,58.15,7.041,2.347,0.2856,1.0113,0.19117
3490,58.167,10.446,3.4821,0.4535,1.5781,0.19042
3491,58.183,7.143,2.3809,0.2957,1.0839,0.19104
3492,58.2,10.622,3.5408,0.4546,1.7136,0.1959
3493,58.217,7.524,2.5079,0.315,1.1675,0.19241
3494,58.233,0.114,0.0379,0.009,0.0423,0.19179
3495,58.25,9.919,3.3065,0.4102,1.4367,0.1903
3496,58.267,9.669,3.2231,0.4106,1.3809,0.19129
3497,58.283,19.27,6.4233,0.9944,2.4243,0.19104
3498,58.3,18.188,6.0628,0.9285,2.14,0.19216
3499,58.317,56.871,18.9571,6.2205,15.3347,0.18557
3500,58.333,66.735,22.2449,5.8147,17.568,0.18669
3501,58.35,58.413,19.4711,6.0968,15.4029,0.18955
3502,58.367,59.639,19.8797,6.0752,16.8858,0.18818
3503,58.383,45.438,15.1459,5.3744,13.5661,0.18371
3504,58.4,44.447,14.8158,5.1358,13.3416,0.18706
3505,58.417,0.116,0.0386,0.009,0.0433,0.18769
3506,58.433,11.269,3.7562,0.6574,1.6166,0.18172
3507,58.45,9.71,3.2368,0.5128,2.5906,0.18321
3508,58.467,9.105,3.0351,0.4034,1.8175,0.18396
3509,58.483,4.563,1.5209,0.1997,0.858,0.18396
3510,58.5,15.01,5.0033,0.6535,2.8188,0.18246
3511,58.517,6.095,2.0317,0.3669,1.5581,0.18246
3512,58.533,9.738,3.2459,0.7086,5.0132,0.17898
3513,58.55,9.482,3.1608,0.5615,3.4174,0.17811
3514,58.567,11.303,3.7677,0.5767,2.7312,0.17699
3515,58.583,12.08,4.0266,0.6038,2.6728,0.17786
3516,58.6,15.818,5.2728,0.9826,4.1993,0.17612
3517,58.617,24.728,8.2427,1.3437,5.385,0.17998
3518,58.633,24.714,8.238,1.151,4.7609,0.17363
3519,58.65,0.075,0.0249,0.0079,0.0386,0.17376
3520,58.667,17.367,5.7889,1.3513,6.0218,0.17637
3521,58.683,17.989,5.9962,1.329,5.8781,0.18035
3522,58.7,57.542,19.1807,5.4356,13.8139,0.1959
3523,58.717,62.505,20.8351,6.0187,16.0948,0.19888
3524,58.733,95.545,31.8483,6.3235,18.4612,0.20983
3525,58.75,66.374,22.1246,6.7737,17.7013,0.22985
3526,58.767,47.434,15.8114,4.1989,10.7532,0.23234
3527,58.783,25.071,8.3571,1.4273,4.6599,0.23122
3528,58.8,17.299,5.7664,0.8404,2.6666,0.23433
3529,58.817,23.07,7.69,1.217,3.7797,0.23333
3530,58.833,19.347,6.4491,0.931,2.7441,0.23221
3531,58.85,21.304,7.1015,0.9594,3.6026,0.22438
3532,58.867,20.617,6.8723,0.9651,3.4995,0.22637
3533,58.883,0.172,0.0573,0.0114,0.0507,0.22687
3534,58.9,34.507,11.5025,1.922,7.3894,0.2306
3535,58.917,32.402,10.8006,1.8194,6.8861,0.23209
3536,58.933,53.633,17.8776,4.0937,12.553,0.23905
3537,58.95,55.608,18.5359,3.8889,11.4866,0.24838
3538,58.967,56.993,18.9977,3.881,11.6893,0.25037
3539,58.983,49.073,16.3577,3.4312,11.0803,0.24552
3540,59.0,37.479,12.493,1.9029,6.1107,0.23644
3541,59.017,52.594,17.5313,3.8837,9.7243,0.24751
3542,59.033,40.135,13.3782,2.1193,5.9313,0.23993
3543,59.05,36.532,12.1773,2.3329,7.6416,0.25211
3544,59.067,36.799,12.2662,2.3336,7.582,0.25075
3545,59.083,31.999,10.6663,1.6319,5.2426,0.23756
3546,59.1,0.068,0.0227,0.0051,0.0259,0.23719
3547,59.117,37.814,12.6047,2.3683,7.7852,0.25075
3548,59.133,37.269,12.4231,2.1324,6.9901,0.24925
3549,59.15,35.638,11.8794,1.9125,6.3619,0.24764
3550,59.167,38.858,12.9527,2.5929,8.5117,0.24366
3551,59.183,43.336,14.4453,3.3941,11.5551,0.23657
3552,59.2,37.827,12.609,2.35,8.0676,0.24664
3553,59.217,41.357,13.7857,2.9172,9.5593,0.24092
3554,59.233,40.276,13.4255,2.7505,8.8284,0.23843
3555,59.25,38.023,12.6742,2.2028,7.0892,0.23893
3556,59.267,39.26,13.0867,2.5355,8.1324,0.23831
3557,59.283,0.134,0.0448,0.0096,0.0443,0.23806
3558,59.3,39.207,13.0689,2.4999,8.2291,0.24328
3559,59.317,43.998,14.6661,2.9918,10.2402,0.23769
3560,59.333,40.09,13.3632,2.5134,9.0508,0.23333
3561,59.35,37.966,12.6553,2.0557,6.824,0.23346
3562,59.367,43.921,14.6404,2.8102,9.5714,0.24254
3563,59.383,42.118,14.0394,2.7465,9.5884,0.23159
3564,59.4,38.427,12.8089,2.1698,7.2306,0.23669
3565,59.417,41.987,13.9957,2.6298,8.9713,0.23159
3566,59.433,39.118,13.0393,2.2332,7.6567,0.23122
3567,59.45,35.576,11.8588,1.4626,4.8936,0.22973
3568,59.467,41.661,13.887,2.7153,9.278,0.22251
3569,59.483,38.37,12.7899,2.2737,7.9587,0.23259
3570,59.5,47.87,15.9567,3.2288,9.9338,0.2393
3571,59.517,0.062,0.0207,0.0041,0.0178,0.23632
3572,59.533,68.971,22.9904,6.8895,17.6887,0.22226
3573,59.55,78.189,26.0632,6.9083,20.3341,0.21903
3574,59.567,101.453,33.8177,5.4243,15.1125,0.21915
3575,59.583,103.306,34.4352,4.6235,12.618,0.2051
3576,59.6,74.624,24.8746,4.9361,15.4093,0.18333
3577,59.617,60.817,20.2722,4.5527,13.5909,0.19117
3578,59.633,42.848,14.2827,4.3458,13.6819,0.17537
3579,59.65,28.99,9.6634,2.5233,8.4464,0.18085
3580,59.667,37.813,12.6042,4.9935,13.8949,0.18122
3581,59.683,42.046,14.0154,4.9433,12.9984,0.17935
3582,59.7,33.172,11.0573,3.9961,10.9693,0.17388
3583,59.717,28.25,9.4167,2.9842,9.0944,0.17488
3584,59.733,19.997,6.6655,1.3768,4.2787,0.1709
3585,59.75,29.475,9.8251,3.2609,9.7869,0.16567
3586,59.767,20.894,6.9647,1.6462,4.8805,0.16953
3587,59.783,24.344,8.1146,1.9954,6.7975,0.16381
3588,59.8,19.528,6.5094,1.5809,6.3797,0.16294
3589,59.817,0.135,0.0451,0.0118,0.0611,0.16318
3590,59.833,17.556,5.852,1.1909,4.7204,0.15323
3591,59.85,30.649,10.2162,2.9793,9.794,0.15473
3592,59.867,23.269,7.7562,1.9383,6.5939,0.14925
3593,59.883,30.577,10.1922,3.2178,10.3402,0.13918
3594,59.9,24.23,8.0767,2.3545,7.7501,0.13843
3595,59.917,25.299,8.4329,2.2924,7.7045,0.13955
3596,59.933,38.104,12.7015,3.496,11.8981,0.13818
3597,59.95,0.105,0.0348,0.0065,0.0346,0.13843
3598,59.967,28.373,9.4575,2.4826,10.2227,0.13221
3599,59.983,27.712,9.2374,2.4342,10.0106,0.13159
3600,60.0,37.127,12.3758,3.0343,11.3358,0.1398
3601,60.017,24.175,8.0585,2.3232,9.4513,0.15224
3602,60.033,27.75,9.2501,2.8056,10.5798,0.13856
3603,60.05,21.099,7.0331,1.8906,7.8429,0.13408
3604,60.067,22.396,7.4652,2.1317,8.5259,0.13694
3605,60.083,51.398,17.1327,3.0926,12.06,0.14913
3606,60.1,30.126,10.0421,1.8092,7.3938,0.14714
3607,60.117,37.657,12.5523,4.2217,10.9964,0.14565
3608,60.133,26.298,8.7661,2.3259,6.6002,0.15224
3609,60.15,28.976,9.6588,2.4349,7.7742,0.151
3610,60.167,33.688,11.2294,4.1063,10.2955,0.15609
3611,60.183,0.127,0.0423,0.0114,0.0573,0.15137
3612,60.2,41.866,13.9553,4.1819,10.6741,0.14179
3613,60.217,40.083,13.3609,2.9236,8.4709,0.14863
3614,60.233,38.236,12.7452,2.9122,9.2283,0.13495
3615,60.25,34.065,11.3552,3.0564,8.899,0.11231
3616,60.267,27.234,9.0781,2.9517,8.6171,0.11405
3617,60.283,20.484,6.8279,2.3398,7.7122,0.12376
3618,60.3,19.084,6.3613,2.0296,6.7858,0.12811
3619,60.317,11.63,3.8768,1.0543,3.4134,0.12836
3620,60.333,19.235,6.4115,2.094,6.7285,0.13047
3621,60.35,14.311,4.7703,1.2742,3.8994,0.14192
3622,60.367,20.182,6.7272,2.2771,6.768,0.15709
3623,60.383,0.062,0.0205,0.0065,0.0348,0.15672
3624,60.4,23.247,7.749,3.3217,10.5419,0.14428
3625,60.417,19.337,6.4456,2.2508,6.7122,0.15261
3626,60.433,19.226,6.4087,2.2452,6.8334,0.14204
3627,60.45,0.146,0.0488,0.0143,0.0683,0.14129
3628,60.467,20.378,6.7926,2.2483,6.5853,0.149
3629,60.483,27.578,9.1928,3.6599,11.0884,0.16915
3630,60.5,45.293,15.0976,4.5221,12.6089,0.17002
3631,60.517,36.577,12.1924,4.1755,12.9323,0.16107
3632,60.533,36.05,12.0166,4.1232,13.3802,0.16505
3633,60.55,32.708,10.9026,3.8079,10.6133,0.14677
3634,60.567,50.596,16.8653,5.8494,16.6722,0.16294
3635,60.583,40.207,13.4022,5.3403,11.4377,0.17289
3636,60.6,55.326,18.4421,5.371,16.5606,0.14913
3637,60.617,0.102,0.0341,0.0098,0.0496,0.14888
3638,60.633,36.58,12.1935,5.3755,13.3055,0.15286
3639,60.65,31.367,10.4556,3.8251,9.8651,0.14813
3640,60.667,15.085,5.0282,1.2983,4.5762,0.15336
3641,60.683,27.197,9.0658,2.9456,8.5487,0.15796
3642,60.7,19.737,6.5791,1.6622,4.6816,0.16219
3643,60.717,17.288,5.7627,1.458,4.7428,0.15236
3644,60.733,17.429,5.8096,1.3898,4.0994,0.17114
3645,60.75,14.367,4.7889,1.1055,3.2064,0.15945
3646,60.767,17.928,5.9759,1.661,6.0097,0.15572
3647,60.783,16.934,5.6446,1.4592,5.3057,0.15286
3648,60.8,16.613,5.5378,1.4788,5.3489,0.15012
3649,60.817,18.765,6.2549,1.8386,6.5062,0.14577
3650,60.833,16.955,5.6517,1.5317,5.1514,0.15535
3651,60.85,0.126,0.0419,0.0122,0.0595,0.15286
3652,60.867,16.44,5.48,1.517,4.9528,0.14627
3653,60.883,0.119,0.0398,0.0127,0.0637,0.1459
3654,60.9,0.058,0.0195,0.0045,0.0236,0.14652
3655,60.917,13.751,4.5835,1.1315,3.6165,0.14664
3656,60.933,0.166,0.0554,0.0149,0.0666,0.14963
3657,60.95,40.984,13.6614,3.4055,10.831,0.15933
3658,60.967,20.638,6.8792,1.7457,5.814,0.16493
3659,60.983,19.324,6.4414,1.6293,5.5081,0.16231
3660,61.0,21.653,7.2178,1.6343,5.4095,0.16791
3661,61.017,22.569,7.5228,2.0467,6.6498,0.17873
3662,61.033,22.284,7.4281,1.6184,5.3541,0.16953
3663,61.05,19.879,6.6264,1.3733,4.5668,0.18321
3664,61.067,20.787,6.9289,1.4512,4.9886,0.18085
3665,61.083,20.389,6.7963,1.4087,4.9574,0.18445
3666,61.1,18.117,6.0392,1.1484,4.0164,0.18134
3667,61.117,22.246,7.4154,1.508,5.2485,0.18507
3668,61.133,14.399,4.7997,0.841,2.7163,0.18607
3669,61.15,0.116,0.0385,0.0108,0.0524,0.1857
3670,61.167,27.562,9.1874,1.9653,6.6041,0.1847
3671,61.183,21.876,7.292,1.7196,4.8179,0.17811
3672,61.2,20.256,6.7521,1.4494,4.554,0.17823
3673,61.217,20.671,6.8902,1.3449,4.0098,0.17948
3674,61.233,50.25,16.7499,5.8527,12.2238,0.18893
3675,61.25,44.938,14.9793,4.0657,8.2418,0.18383
3676,61.267,30.447,10.1489,2.5709,7.0782,0.1908
3677,61.283,22.893,7.6309,1.3221,4.2007,0.20025
3678,61.3,29.769,9.923,1.8881,5.6597,0.20112
3679,61.317,22.707,7.569,1.3004,3.573,0.19751
3680,61.333,30.491,10.1637,1.9568,5.6609,0.20348
3681,61.35,27.263,9.0876,1.5363,4.5317,0.20473
3682,61.367,32.584,10.8614,2.0208,6.0516,0.20435
3683,61.383,30.081,10.0269,1.7393,5.1483,0.21592
3684,61.4,0.137,0.0458,0.0115,0.0529,0.21592
3685,61.417,30.207,10.069,1.7043,4.9051,0.21866
3686,61.433,38.621,12.8736,2.5107,7.2425,0.21953
3687,61.45,29.248,9.7492,1.6554,4.9467,0.22761
3688,61.467,29.671,9.8903,1.7742,5.6805,0.21716
3689,61.483,29.353,9.7842,1.761,5.3007,0.21704
3690,61.5,30.141,10.047,1.6502,4.9581,0.22525
3691,61.517,33.339,11.1131,2.1811,6.6673,0.23458
3692,61.533,32.163,10.7209,1.9963,6.1995,0.23284
3693,61.55,27.929,9.3096,1.5826,4.8339,0.22873
3694,61.567,27.693,9.2309,1.4903,4.5031,0.2255
3695,61.583,25.997,8.6658,1.4398,4.4415,0.22537
3696,61.6,24.602,8.2006,1.3285,4.0188,0.23408
3697,61.617,31.7,10.5668,1.9527,5.7896,0.22848
3698,61.633,28.26,9.4201,1.5944,4.5873,0.2347
3699,61.65,88.71,29.5699,7.8286,21.0458,0.23184
3700,61.667,101.865,33.9549,6.422,16.4775,0.23682
3701,61.683,0.078,0.026,0.0053,0.0274,0.23756
3702,61.7,122.093,40.6977,5.7915,14.1238,0.22637
3703,61.717,102.57,34.19,5.9603,14.1367,0.22264
3704,61.733,102.318,34.1059,6.9576,19.7548,0.21828
3705,61.75,66.98,22.3266,6.9384,19.0613,0.20199
3706,61.767,37.992,12.664,3.1954,7.5357,0.20858
3707,61.783,29.746,9.9152,2.3565,6.8706,0.20871
3708,61.8,37.849,12.6162,3.6727,8.3128,0.20485
3709,61.817,44.182,14.7274,4.6423,9.5695,0.20746
3710,61.833,39.911,13.3036,3.576,7.2105,0.21642
3711,61.85,48.107,16.0358,4.9786,10.3901,0.21567
3712,61.867,0.713,0.2376,0.0412,0.1544,0.21182
3713,61.883,43.973,14.6577,3.8264,7.9474,0.20721
3714,61.9,46.042,15.3474,4.2643,9.0077,0.21032
3715,61.917,30.939,10.3128,2.0732,4.9357,0.22214
3716,61.933,46.559,15.5195,4.025,7.9526,0.23221
3717,61.95,40.878,13.626,3.1176,6.095,0.22214
3718,61.967,43.662,14.5541,3.32,7.5589,0.22935
3719,61.983,58.912,19.6374,6.2038,14.8974,0.22139
3720,62.0,62.968,20.9893,6.5986,15.1408,0.2204
3721,62.017,81.174,27.0579,5.5534,14.7266,0.21953
3722,62.033,0.066,0.0218,0.0051,0.0252,0.21928
3723,62.05,82.572,27.5239,6.1243,14.8201,0.2143
3724,62.067,84.226,28.0754,5.9654,14.9531,0.23458
3725,62.083,80.104,26.7012,6.0805,15.5913,0.225
3726,62.1,78.636,26.212,6.1066,15.0186,0.2143
3727,62.117,90.926,30.3086,5.8932,14.8398,0.22637
3728,62.133,58.371,19.457,5.751,14.2847,0.22313
3729,62.15,27.43,9.1435,1.5222,4.9756,0.21716
3730,62.167,44.487,14.8291,2.5831,10.9932,0.20211
3731,62.183,23.83,7.9435,1.4595,6.4468,0.1995
3732,62.2,24.312,8.1039,1.6991,8.6892,0.20547
3733,62.217,0.642,0.2141,0.046,0.1877,0.20498
3734,62.233,25.193,8.3978,1.6469,9.1667,0.20547
3735,62.25,25.039,8.3463,1.4841,7.4848,0.20784
3736,62.267,15.63,5.21,0.9856,4.8438,0.1898
3737,62.283,16.237,5.4123,0.7984,3.3511,0.18607
3738,62.3,12.43,4.1432,0.5037,1.9194,0.1995
3739,62.317,50.116,16.7052,0.928,4.9671,0.18172
3740,62.333,38.189,12.7296,3.6446,7.8041,0.21182
3741,62.35,24.64,8.2134,1.1827,3.429,0.19515
3742,62.367,41.413,13.8045,3.8131,8.5865,0.20037
3743,62.383,33.321,11.107,2.1661,3.7786,0.2005
3744,62.4,38.098,12.6995,2.189,7.9083,0.21331
3745,62.417,0.121,0.0402,0.0094,0.0464,0.21331
3746,62.433,51.85,17.2833,6.8606,11.9509,0.21704
3747,62.45,41.403,13.801,2.7198,6.0004,0.20522
3748,62.467,60.035,20.0115,6.6647,16.0403,0.20833
3749,62.483,41.758,13.9193,3.139,7.565,0.20684
3750,62.5,57.013,19.0044,5.8014,10.8693,0.20299
3751,62.517,50.541,16.847,4.4846,7.3378,0.20025
3752,62.533,26.414,8.8047,1.0276,2.2247,0.19739
3753,62.55,42.83,14.2767,2.2402,5.5568,0.20734
3754,62.567,47.483,15.8276,4.276,7.9456,0.20896
3755,62.583,43.562,14.5206,4.3656,6.7645,0.20535
3756,62.6,42.481,14.1602,3.6573,7.3187,0.20448
3757,62.617,17.781,5.9271,0.9219,2.5457,0.21604
3758,62.633,19.639,6.5463,1.044,2.8609,0.20896
3759,62.65,21.034,7.0112,1.1087,3.3497,0.20858
3760,62.667,26.121,8.7071,1.5338,4.5359,0.21592
3761,62.683,21.502,7.1672,1.0968,3.2462,0.20896
3762,62.7,0.159,0.0529,0.0107,0.049,0.20883
3763,62.717,26.096,8.6986,1.4701,4.1925,0.21244
3764,62.733,26.472,8.8241,1.517,4.4083,0.21144
3765,62.75,22.57,7.5232,1.1535,3.477,0.21468
3766,62.767,23.17,7.7233,1.2285,3.7511,0.21057
3767,62.783,28.001,9.3337,1.6334,4.8465,0.225
3768,62.8,21.85,7.2832,1.0807,3.3609,0.22077
3769,62.817,27.626,9.2085,1.6309,4.9751,0.22649
3770,62.833,22.365,7.4551,1.1663,3.4703,0.22276
3771,62.85,23.429,7.8095,1.2133,3.4723,0.22674
3772,62.867,16.868,5.6225,0.7416,2.1791,0.21356
3773,62.883,17.069,5.6897,0.7504,2.3057,0.2102
3774,62.9,20.828,6.9428,0.9903,3.0333,0.21443
3775,62.917,16.584,5.5279,0.7311,2.1749,0.2194
3776,62.933,0.147,0.049,0.0115,0.0547,0.21878
3777,62.95,12.071,4.0237,0.4656,1.4672,0.21654
3778,62.967,17.5,5.8333,0.7001,2.0676,0.22152
3779,62.983,12.721,4.2402,0.5125,1.5398,0.21692
3780,63.0,15.947,5.3156,0.4951,1.3319,0.22276
3781,63.017,11.73,3.91,0.4281,1.3907,0.21779
3782,63.033,7.939,2.6462,0.2676,0.8554,0.22251
3783,63.05,8.069,2.6898,0.4274,2.6624,0.22077
3784,63.067,15.512,5.1706,0.7915,4.2253,0.224
3785,63.083,27.162,9.0541,1.5264,6.0278,0.22612
3786,63.1,29.177,9.7257,1.6319,4.9967,0.23433
3787,63.117,0.102,0.0339,0.0078,0.0386,0.23321
3788,63.133,40.439,13.4796,2.8894,9.2149,0.22214
3789,63.15,39.446,13.1486,3.0162,10.2249,0.21455
3790,63.167,34.598,11.5327,2.2216,6.9159,0.22438
3791,63.183,42.604,14.2012,3.1096,9.2135,0.22562
3792,63.2,32.26,10.7533,2.1283,6.4923,0.21642
3793,63.217,38.808,12.9359,3.0102,9.2292,0.20174
3794,63.233,51.207,17.069,4.2612,8.3231,0.20224
3795,63.25,55.857,18.6189,5.5665,11.2582,0.20808
3796,63.267,33.085,11.0285,2.1623,6.6529,0.20448
3797,63.283,37.29,12.4299,2.8823,8.7612,0.20423
3798,63.3,35.432,11.8105,2.726,8.3719,0.19415
3799,63.317,0.152,0.0505,0.0112,0.0553,0.19341
3800,63.333,60.569,20.1897,5.9022,15.3369,0.20435
3801,63.35,62.845,20.9482,6.7356,18.6464,0.21231
3802,63.367,62.889,20.9629,6.8499,17.9456,0.23993
3803,63.383,47.566,15.8554,4.2711,8.9745,0.22861
3804,63.4,44.326,14.7754,3.7077,8.773,0.22848
3805,63.417,37.574,12.5248,3.0832,8.1017,0.23035
3806,63.433,40.578,13.526,3.8028,9.9177,0.22027
3807,63.45,37.415,12.4717,3.0321,8.0202,0.22052
3808,63.467,37.071,12.3569,2.7389,7.2598,0.21244
3809,63.483,39.794,13.2645,3.2714,8.2103,0.21493
3810,63.5,38.165,12.7216,2.7145,6.7886,0.21604
3811,63.517,0.039,0.0129,0.0028,0.0152,0.21604
3812,63.533,38.333,12.7776,3.2965,8.2226,0.2153
3813,63.55,42.428,14.1425,4.0514,9.6601,0.21803
3814,63.567,33.668,11.2226,2.3934,5.8197,0.21679
3815,63.583,36.248,12.0827,2.6589,6.4863,0.21331
3816,63.6,32.844,10.948,2.1828,5.4747,0.21604
3817,63.617,39.319,13.1065,3.3088,8.364,0.21206
3818,63.633,36.538,12.1792,2.8684,7.1422,0.20883
3819,63.65,32.087,10.6958,2.1638,5.3604,0.20821
3820,63.667,37.469,12.4898,2.9287,7.5502,0.20659
3821,63.683,34.2,11.4002,2.2881,5.8947,0.20323
3822,63.7,0.16,0.0532,0.0116,0.056,0.20274
3823,63.717,30.841,10.2804,1.7995,4.6638,0.20945
3824,63.733,35.085,11.6951,2.452,6.6661,0.20423
3825,63.75,33.314,11.1047,2.375,6.6271,0.21082
3826,63.767,32.126,10.7088,2.2928,6.4641,0.20386
3827,63.783,32.48,10.8266,2.4256,7.1182,0.20858
3828,63.8,29.645,9.8818,2.0535,5.9438,0.21132
3829,63.817,29.941,9.9805,2.0897,6.0673,0.20634
3830,63.833,30.377,10.1258,2.2299,6.5757,0.19975
3831,63.85,0.166,0.0554,0.0134,0.0652,0.20012
3832,63.867,29.728,9.9094,2.1602,6.4423,0.19266
3833,63.883,22.351,7.4503,1.3288,4.0102,0.19254
3834,63.9,28.197,9.399,1.8591,5.6362,0.19776
3835,63.917,25.895,8.6317,1.6553,4.902,0.20423
3836,63.933,30.317,10.1056,2.1549,6.5953,0.19627
3837,63.95,25.533,8.5109,1.7588,5.4572,0.20323
3838,63.967,20.896,6.9654,1.2428,3.8606,0.21642
3839,63.983,26.48,8.8268,1.7173,5.5695,0.22376
3840,64.0,8.357,2.7858,0.1431,0.4497,0.22438
3841,64.017,29.482,9.8274,1.8407,5.7861,0.2148
3842,64.033,0.101,0.0336,0.0062,0.0313,0.21381
3843,64.05,20.267,6.7556,1.1402,4.2716,0.21443
3844,64.067,20.299,6.7663,1.1415,4.4773,0.21057
3845,64.083,27.884,9.2948,1.8394,8.1341,0.2301
3846,64.1,20.201,6.7337,1.0365,4.665,0.225
3847,64.117,95.114,31.7046,6.8601,16.6303,0.2255
3848,64.133,92.327,30.7758,5.9924,16.7549,0.21604
3849,64.15,73.469,24.4896,2.7707,8.8117,0.20697
3850,64.167,133.994,44.6646,6.5181,15.2563,0.26629
3851,64.183,123.754,41.2514,5.7358,15.6816,0.25771
3852,64.2,82.135,27.3783,4.1944,13.1121,0.25547
3853,64.217,82.282,27.4273,4.0373,12.5678,0.25348
3854,64.233,94.814,31.6046,4.5885,14.4506,0.23955
3855,64.25,102.016,34.0054,4.4619,12.8744,0.23122
3856,64.267,0.143,0.0476,0.0084,0.0376,0.23172
3857,64.283,106.217,35.4056,4.5085,14.6869,0.21716
3858,64.3,61.334,20.4448,3.6569,12.9205,0.22152
3859,64.317,73.806,24.6022,4.2876,14.1005,0.24652
3860,64.333,96.295,32.0984,6.2434,16.1548,0.251
3861,64.35,95.055,31.6849,7.3006,16.5225,0.2546
3862,64.367,88.066,29.3554,5.3015,14.9509,0.2592
3863,64.383,0.195,0.0649,0.0118,0.0585,0.25858
3864,64.4,78.276,26.092,6.369,14.3214,0.24366
3865,64.417,73.234,24.4112,6.326,14.0905,0.24565
3866,64.433,59.247,19.7488,4.7968,12.7526,0.24005
3867,64.45,69.776,23.2585,6.5748,14.7286,0.23495
3868,64.467,56.935,18.9784,3.5946,11.5594,0.24129
3869,64.483,55.928,18.6425,4.3183,15.4286,0.23856
3870,64.5,77.835,25.9451,4.2886,14.1184,0.23333
3871,64.517,82.199,27.3997,5.0073,16.5451,0.23308
3872,64.533,57.764,19.2548,5.1415,18.9544,0.23968
3873,64.55,73.929,24.643,5.9908,22.2123,0.24117
3874,64.567,41.969,13.9896,3.6262,16.1237,0.24328
3875,64.583,78.989,26.3296,4.8906,18.0915,0.24925
3876,64.6,0.148,0.0495,0.0124,0.0593,0.24888
3877,64.617,69.941,23.3137,4.0718,16.7002,0.24751
3878,64.633,34.461,11.487,2.5095,10.809,0.24129
3879,64.65,36.447,12.1492,2.1848,9.3639,0.23881
3880,64.667,29.92,9.9732,2.1512,10.0286,0.24478
3881,64.683,36.437,12.1456,2.4322,10.8599,0.22898
3882,64.7,34.002,11.3341,1.6331,7.4289,0.23458
3883,64.717,27.508,9.1695,1.4105,7.2039,0.2306
3884,64.733,40.087,13.3625,1.6845,8.4686,0.21592
3885,64.75,40.423,13.4742,2.122,11.7518,0.21368
3886,64.767,59.42,19.8067,2.6465,11.8888,0.1908
3887,64.783,27.684,9.2279,1.9376,10.499,0.20709
3888,64.8,27.125,9.0417,2.1385,10.9862,0.20386
3889,64.817,26.574,8.8581,1.9761,11.1449,0.20149
3890,64.833,25.899,8.6329,1.8973,10.9497,0.19565
3891,64.85,29.38,9.7932,2.0836,9.3218,0.20274
3892,64.867,91.354,30.4513,5.9013,15.1919,0.20274
3893,64.883,105.959,35.3196,5.658,14.1732,0.16953
3894,64.9,137.09,45.6966,5.9908,16.4775,0.14776
3895,64.917,0.076,0.0255,0.0058,0.0298,0.14701
3896,64.933,135.636,45.2119,5.6474,15.1348,0.20162
3897,64.95,0.134,0.0445,0.0086,0.0457,0.20162
3898,64.967,118.259,39.4196,5.5085,14.7217,0.21878
3899,64.983,108.4,36.1335,5.7233,15.7448,0.22923
3900,65.0,51.268,17.0894,2.9073,10.2995,0.17749
3901,65.017,40.586,13.5287,3.4544,10.1263,0.17612
3902,65.033,38.881,12.9604,3.9423,10.4033,0.17351
3903,65.05,32.118,10.7059,3.7379,10.1253,0.16592
3904,65.067,33.954,11.3181,3.9401,10.6162,0.17164
3905,65.083,35.165,11.7216,3.839,10.5738,0.17948
3906,65.1,35.67,11.8899,3.9735,10.9565,0.17488
3907,65.117,33.944,11.3146,3.6014,9.4733,0.175
3908,65.133,40.097,13.3656,4.2201,11.3687,0.17711
3909,65.15,35.157,11.719,3.6667,9.4482,0.16555
3910,65.167,65.539,21.8463,6.3776,17.9357,0.17649
3911,65.183,135.946,45.3153,6.165,15.5513,0.16617
3912,65.2,159.335,53.1116,6.2727,16.3265,0.16405
3913,65.217,133.751,44.5838,6.3679,16.6225,0.18346
3914,65.233,0.06,0.0201,0.0048,0.0258,0.18308
3915,65.25,106.15,35.3834,5.3031,13.0861,0.174
3916,65.267,85.297,28.4322,5.772,14.9945,0.17463
3917,65.283,27.972,9.324,2.6167,7.0578,0.16903
3918,65.3,32.432,10.8106,3.4149,9.3706,0.17002
3919,65.317,54.239,18.0797,5.8318,14.4434,0.18246
3920,65.333,49.392,16.4639,5.5359,12.6245,0.18893
3921,65.35,29.94,9.9799,2.6119,7.6242,0.18669
3922,65.367,31.16,10.3867,2.7427,7.6767,0.19042
3923,65.383,26.52,8.84,2.0836,6.2806,0.1801
3924,65.4,25.043,8.3475,1.7883,5.0117,0.18545
3925,65.417,28.013,9.3375,2.1523,5.7914,0.18184
3926,65.433,27.305,9.1018,2.1643,5.8226,0.18644
3927,65.45,27.663,9.2211,2.2842,6.1298,0.18868
3928,65.467,26.378,8.7925,2.2159,6.1875,0.18744
3929,65.483,22.336,7.4453,1.6976,4.8504,0.18706
3930,65.5,24.303,8.101,1.4532,3.8559,0.18769
3931,65.517,24.479,8.1596,1.6758,4.5183,0.18159
3932,65.533,0.096,0.0321,0.0091,0.0476,0.1806
3933,65.55,21.22,7.0733,1.3608,3.6336,0.18918
3934,65.567,28.232,9.4105,2.2028,6.1621,0.19005
3935,65.583,27.18,9.0599,2.0255,5.8441,0.19017
3936,65.6,23.038,7.6795,1.5051,4.3569,0.19142
3937,65.617,23.691,7.8971,1.6008,4.336,0.19279
3938,65.633,23.08,7.6933,1.5341,4.0466,0.18769
3939,65.65,22.979,7.6595,1.4861,4.4175,0.18644
3940,65.667,24.038,8.0127,1.6049,4.8561,0.18557
3941,65.683,23.005,7.6684,1.4318,4.265,0.18433
3942,65.7,18.79,6.2634,1.0458,3.2111,0.18445
3943,65.717,25.283,8.4277,1.6991,5.0552,0.1806
3944,65.733,19.717,6.5724,1.1904,3.2837,0.18905
3945,65.75,25.233,8.411,1.6469,4.8765,0.18159
3946,65.767,23.405,7.8015,1.4214,4.1929,0.18296
3947,65.783,21.86,7.2868,1.18,3.583,0.1801
3948,65.8,20.54,6.8466,1.1192,3.3671,0.1796
3949,65.817,17.505,5.8351,0.8052,2.2803,0.18085
3950,65.833,73.691,24.5638,7.1762,19.2419,0.16766
3951,65.85,68.115,22.7049,6.3999,15.6601,0.16592
3952,65.867,56.414,18.8046,5.9345,16.1334,0.16716
3953,65.883,47.395,15.7982,4.2655,9.489,0.17214
3954,65.9,0.151,0.0505,0.0152,0.0738,0.17214
3955,65.917,44.881,14.9604,4.3547,9.8227,0.17786
3956,65.933,34.381,11.4602,2.783,7.9641,0.17774
3957,65.95,30.059,10.0196,1.8986,5.793,0.18085
3958,65.967,19.069,6.3562,1.0603,4.0169,0.16928
3959,65.983,16.799,5.5997,1.0591,2.9811,0.16393
3960,66.0,23.518,7.8393,1.1833,3.4761,0.17687
3961,66.017,15.653,5.2177,0.7008,2.8564,0.17313
3962,66.033,15.931,5.3105,0.8436,3.3008,0.17276
3963,66.05,12.627,4.2089,0.6171,2.3006,0.17214
3964,66.067,18.49,6.1633,1.2927,6.2375,0.16604
3965,66.083,13.123,4.3744,0.6611,3.131,0.15784
3966,66.1,12.674,4.2248,0.6289,3.3159,0.1643
3967,66.117,13.085,4.3616,0.7106,4.0004,0.17065
3968,66.133,11.339,3.7797,0.6221,3.4671,0.17077
3969,66.15,0.103,0.0342,0.0089,0.0492,0.16953
3970,66.167,23.143,7.7143,1.142,6.7684,0.17525
3971,66.183,15.711,5.2368,0.9452,5.4033,0.17799
3972,66.2,14.1,4.6999,1.0002,5.7711,0.16667
3973,66.217,12.745,4.2485,0.6317,3.2244,0.16493
3974,66.233,12.713,4.2378,0.7536,4.5371,0.17201
3975,66.25,8.928,2.9759,0.4201,2.3704,0.16965
3976,66.267,9.653,3.2177,0.5279,2.2016,0.1658
3977,66.283,7.833,2.6111,0.348,1.7027,0.16144
3978,66.3,9.137,3.0456,0.4085,2.1304,0.16194
3979,66.317,19.232,6.4106,1.1815,6.0118,0.16057
3980,66.333,27.73,9.2432,2.2565,8.008,0.16517
3981,66.35,25.772,8.5906,1.8844,7.0407,0.17301
3982,66.367,37.364,12.4546,4.1073,10.8631,0.16493
3983,66.383,27.065,9.0216,2.5459,6.8622,0.16816
3984,66.4,34.425,11.475,4.2914,12.1138,0.17139
3985,66.417,29.269,9.7563,3.2464,9.074,0.1658
3986,66.433,35.568,11.8562,4.1788,11.14,0.1709
3987,66.45,0.132,0.0439,0.0126,0.0619,0.1704
3988,66.467,30.226,10.0755,3.2524,9.527,0.16244
3989,66.483,36.131,12.0436,4.0052,10.7392,0.15858
3990,66.5,43.986,14.6621,4.8402,11.2593,0.17002
3991,66.517,75.514,25.1715,5.5779,14.335,0.16754
3992,66.533,78.635,26.2117,5.7413,14.3284,0.17065
3993,66.55,62.65,20.8834,4.9444,12.1789,0.1597
3994,66.567,54.824,18.2748,5.3571,13.624,0.15261
3995,66.583,36.082,12.0272,3.6556,10.0881,0.15858
3996,66.6,35.758,11.9193,3.8699,11.3564,0.15547
3997,66.617,32.526,10.842,3.1871,9.5429,0.15808
3998,66.633,25.125,8.3751,2.0525,6.3807,0.15958
3999,66.65,0.202,0.0672,0.0146,0.0701,0.15684
4000,66.667,48.642,16.2142,5.6352,14.2281,0.16107
4001,66.683,42.831,14.2771,6.034,14.2432,0.15846
4002,66.7,41.187,13.7291,5.786,13.9588,0.16157
4003,66.717,21.143,7.0475,1.3388,4.413,0.16704
4004,66.733,24.63,8.21,1.9774,6.2485,0.16903
4005,66.75,21.549,7.1829,1.3699,4.4885,0.16741
4006,66.767,25.864,8.6213,1.8475,6.1816,0.16642
4007,66.783,28.518,9.506,2.0359,7.3785,0.17438
4008,66.8,34.274,11.4247,2.688,7.4122,0.16667
4009,66.817,27.444,9.1479,2.0783,6.3685,0.16803
4010,66.833,27.156,9.052,2.2601,7.7236,0.16306
4011,66.85,27.201,9.0671,2.3278,7.6088,0.16667
4012,66.867,34.479,11.4929,2.9038,8.2738,0.16704
4013,66.883,25.619,8.5398,2.0776,5.7214,0.16157
4014,66.9,38.084,12.6948,3.3521,10.0892,0.15771
4015,66.917,24.026,8.0086,1.8538,4.8681,0.15672
4016,66.933,33.01,11.0033,3.2954,8.5944,0.16231
4017,66.95,30.479,10.1597,2.9513,8.3127,0.16144
4018,66.967,0.159,0.0531,0.0143,0.0705,0.16182
4019,66.983,33.879,11.2929,2.9674,7.8246,0.17301
4020,67.0,31.716,10.5719,2.067,5.3489,0.17711
4021,67.017,36.335,12.1118,3.341,8.8235,0.17562
4022,67.033,40.349,13.4496,3.2606,8.2866,0.18209
4023,67.05,32.784,10.9281,2.7561,7.5882,0.19328
4024,67.067,35.598,11.8659,2.8912,8.3655,0.19192
4025,67.083,30.439,10.1464,2.5326,7.3398,0.19279
4026,67.1,29.812,9.9373,2.445,7.2275,0.18557
4027,67.117,30.786,10.2619,2.4997,7.104,0.18234
4028,67.133,31.108,10.3695,2.2638,6.5838,0.17811
4029,67.15,26.337,8.7791,1.9592,5.8264,0.17749
4030,67.167,27.201,9.0669,2.0777,6.6288,0.18483
4031,67.183,26.556,8.8519,1.8074,5.8589,0.18893
4032,67.2,34.128,11.3759,2.6781,8.2783,0.20473
4033,67.217,0.131,0.0437,0.0107,0.0544,0.20498
4034,67.233,26.523,8.8409,1.8183,6.1258,0.19254
4035,67.25,23.804,7.9347,1.7516,6.3998,0.19192
4036,67.267,35.496,11.8319,2.5342,9.4338,0.21095
4037,67.283,32.138,10.7128,2.3444,9.3021,0.22923
4038,67.3,28.707,9.5691,1.8379,7.3786,0.23109
4039,67.317,30.886,10.2953,1.9131,6.8963,0.22811
4040,67.333,26.923,8.9745,1.7302,7.6967,0.23308
4041,67.35,25.645,8.5482,1.7355,7.7382,0.22463
4042,67.367,19.624,6.5415,1.2609,5.971,0.21542
4043,67.383,0.159,0.0529,0.0121,0.0563,0.21542
4044,67.4,37.186,12.3954,2.1955,8.2821,0.20224
4045,67.417,17.761,5.9204,1.0656,5.767,0.19602
4046,67.433,18.796,6.2653,1.0015,5.3983,0.18968
4047,67.45,13.364,4.4548,0.7543,3.8963,0.19104
4048,67.467,28.539,9.5131,2.1585,6.0412,0.18756
4049,67.483,0.152,0.0505,0.0112,0.0555,0.18756
4050,67.5,31.929,10.6431,2.1601,5.9266,0.18259
4051,67.517,42.12,14.0401,4.9132,12.8752,0.19117
4052,67.533,41.197,13.7323,4.6247,11.9753,0.18445
4053,67.55,81.534,27.1779,5.81,15.516,0.18346
4054,67.567,119.974,39.9912,5.7209,13.9264,0.17152
4055,67.583,145.124,48.3747,5.3483,13.741,0.1597
4056,67.6,156.642,52.2141,8.1089,21.4103,0.16393
4057,67.617,138.225,46.0749,7.2618,19.4987,0.17823
4058,67.633,83.244,27.7479,8.3227,17.7121,0.16729
4059,67.65,50.825,16.9418,4.549,10.3426,0.17114
4060,67.667,58.615,19.5385,6.5835,13.9923,0.17152
4061,67.683,53.879,17.9597,5.5569,11.5615,0.16182
4062,67.7,64.596,21.5321,7.1418,14.6335,0.16915
4063,67.717,63.902,21.3008,6.9243,15.1675,0.17102
4064,67.733,66.846,22.2821,6.9243,16.0327,0.17102
4065,67.75,63.212,21.0705,6.9601,15.537,0.16828
4066,67.767,64.475,21.4917,7.1846,15.3642,0.16903
4067,67.783,0.15,0.0499,0.0134,0.0687,0.16704
4068,67.8,55.745,18.5817,5.9892,12.492,0.176
4069,67.817,45.897,15.299,4.3045,8.4392,0.1704
4070,67.833,44.779,14.9263,4.121,8.1192,0.17276
4071,67.85,55.678,18.5594,5.9923,12.3969,0.17512
4072,67.867,44.696,14.8987,3.9147,7.964,0.17736
4073,67.883,43.56,14.5199,3.6101,7.4723,0.17861
4074,67.9,45.334,15.1114,3.0168,6.2089,0.18644
4075,67.917,32.59,10.8634,1.5671,3.4668,0.18781
4076,67.933,0.164,0.0547,0.0134,0.0653,0.18818
4077,67.95,32.888,10.9627,1.6449,3.6248,0.18918
4078,67.967,32.239,10.7465,1.7035,3.754,0.1796
4079,67.983,27.966,9.3222,1.3384,2.9899,0.17898
4080,68.0,36.76,12.2535,1.5725,3.5375,0.18172
4081,68.017,24.822,8.274,1.0277,2.7496,0.17102
4082,68.033,24.24,8.0801,1.1432,2.3759,0.1745
4083,68.05,23.517,7.8389,1.0101,1.9726,0.17811
4084,68.067,24.785,8.2617,1.0843,2.7815,0.17749
4085,68.083,26.081,8.6935,1.1297,2.278,0.17326
4086,68.1,28.072,9.3574,1.1471,2.5982,0.17575
4087,68.117,26.3,8.7668,1.015,2.528,0.17935
4088,68.133,48.454,16.1514,3.539,7.6909,0.17438
4089,68.15,135.911,45.3038,7.3862,22.4918,0.17351
4090,68.167,103.331,34.4438,6.7727,17.3611,0.16741
4091,68.183,70.913,23.6376,4.8553,13.5507,0.174
4092,68.2,13.661,4.5536,0.7723,5.5026,0.17164
4093,68.217,9.948,3.3158,0.4867,3.3409,0.17363
4094,68.233,0.05,0.0166,0.0021,0.0107,0.17351
4095,68.25,9.487,3.1623,0.464,3.0904,0.17761
4096,68.267,8.333,2.7778,0.3977,2.6824,0.17786
4097,68.283,8.259,2.753,0.4646,2.7562,0.17201
4098,68.3,10.803,3.6011,0.4815,2.9669,0.17662
4099,68.317,8.464,2.8214,0.5186,3.3555,0.18358
4100,68.333,12.19,4.0634,0.6554,4.0996,0.1852
4101,68.35,12.656,4.2185,0.7544,5.1322,0.19254
4102,68.367,53.032,17.6774,5.6387,12.7519,0.18682
4103,68.383,57.74,19.2468,4.867,10.1439,0.19789
4104,68.4,23.063,7.6878,1.2419,6.9176,0.19888
4105,68.417,42.571,14.1904,2.6162,9.8416,0.19266
4106,68.433,23.7,7.8999,1.4312,6.983,0.20199
4107,68.45,28.907,9.6356,2.1272,9.8443,0.20958
4108,68.467,54.713,18.2378,3.7091,9.0666,0.22239
4109,68.483,35.442,11.8141,2.1727,7.315,0.21704
4110,68.5,22.672,7.5573,0.9533,4.7218,0.21256
4111,68.517,25.821,8.6071,1.7405,9.0125,0.20124
4112,68.533,20.258,6.7527,1.131,6.6226,0.2005
4113,68.55,44.77,14.9234,3.3868,10.0942,0.18893
4114,68.567,35.241,11.7471,2.3912,7.3574,0.19055
4115,68.583,46.114,15.3714,3.5444,11.0431,0.19042
4116,68.6,36.824,12.2747,2.3434,9.023,0.19851
4117,68.617,57.078,19.0261,2.7293,9.5677,0.18756
4118,68.633,32.84,10.9467,1.9208,7.942,0.18172
4119,68.65,25.435,8.4784,1.2353,4.0868,0.18197
4120,68.667,21.202,7.0673,1.0302,3.453,0.18943
4121,68.683,0.134,0.0446,0.0125,0.0632,0.19042
4122,68.7,60.757,20.2522,5.6203,13.1456,0.1893
4123,68.717,0.108,0.036,0.0087,0.0445,0.18943
4124,68.733,57.058,19.0193,5.5732,15.1822,0.18993
4125,68.75,38.336,12.7788,3.8352,8.4609,0.1893
4126,68.767,25.489,8.4962,1.2632,4.8542,0.17985
4127,68.783,25.184,8.3948,1.1837,4.7159,0.17711
4128,68.8,30.492,10.1642,1.1872,4.2159,0.18085
4129,68.817,25.005,8.3349,1.1097,3.5978,0.19602
4130,68.833,10.867,3.6223,0.5183,1.4976,0.19988
4131,68.85,22.899,7.6331,1.1456,3.9068,0.19403
4132,68.867,13.423,4.4743,0.6665,3.1391,0.18968
4133,68.883,85.44,28.4801,3.8537,12.74,0.18843
4134,68.9,40.059,13.3531,3.8576,8.4423,0.18806
4135,68.917,105.321,35.1069,5.3412,15.6404,0.19142
4136,68.933,105.569,35.1897,5.5612,15.5249,0.1806
4137,68.95,0.065,0.0215,0.0045,0.0217,0.17998
4138,68.967,69.976,23.3252,4.6718,13.9521,0.18445
4139,68.983,77.123,25.7077,5.3261,15.7219,0.17873
4140,69.0,80.768,26.9227,5.7834,15.6864,0.21194
4141,69.017,69.275,23.0917,5.6585,15.8099,0.22214
4142,69.033,45.949,15.3165,4.3417,10.7073,0.22189
4143,69.05,55.551,18.5168,3.7461,11.6381,0.22848
4144,69.067,41.473,13.8243,2.7337,7.9744,0.22711
4145,69.083,29.703,9.901,1.7526,4.9662,0.22388
4146,69.1,44.098,14.6992,3.1204,8.6934,0.21617
4147,69.117,37.371,12.457,2.7191,7.5049,0.20572
4148,69.133,32.052,10.6841,2.2163,7.6758,0.20037
4149,69.15,0.205,0.0682,0.0133,0.071,0.1995
4150,69.167,55.117,18.3722,4.111,10.591,0.2046
4151,69.183,0.593,0.1977,0.0325,0.1362,0.20249
4152,69.2,36.554,12.1848,3.0454,10.2534,0.20871
4153,69.217,34.856,11.6185,2.5778,12.3197,0.22749
4154,69.233,50.015,16.6716,4.975,13.6996,0.22276
4155,69.25,56.311,18.7702,4.2155,13.3511,0.21679
4156,69.267,50.812,16.9375,3.9303,11.6541,0.20871
4157,69.283,63.367,21.1223,4.5416,13.1069,0.20485
4158,69.3,61.155,20.3851,4.505,12.1459,0.2153
4159,69.317,0.141,0.0468,0.0079,0.0409,0.21555
4160,69.333,80.654,26.8847,4.4361,11.5183,0.20609
4161,69.35,49.988,16.6626,5.184,15.6504,0.21704
4162,69.367,44.922,14.9742,5.2536,15.6661,0.21269
4163,69.383,0.432,0.1441,0.0292,0.1274,0.21555
4164,69.4,42.921,14.3071,5.2043,14.4162,0.21194
4165,69.417,32.377,10.7923,3.2363,6.6241,0.20647
4166,69.433,14.373,4.7911,0.8425,5.5345,0.20597
4167,69.45,21.686,7.2288,1.1853,5.9233,0.20983
4168,69.467,18.975,6.3249,1.1292,4.8484,0.20871
4169,69.483,16.472,5.4907,0.8316,3.1874,0.2148
4170,69.5,30.866,10.2886,1.7053,6.7344,0.21555
4171,69.517,21.2,7.0666,1.2536,5.8865,0.22114
4172,69.533,0.15,0.0498,0.0092,0.0462,0.22799
4173,69.55,23.72,7.9066,1.3693,5.8374,0.224
4174,69.567,21.931,7.3104,1.2079,5.1947,0.2255
4175,69.583,38.111,12.7036,2.9892,9.1639,0.22973
4176,69.6,42.679,14.2262,3.7968,10.4963,0.2408
4177,69.617,40.608,13.5361,3.5372,9.5609,0.24055
4178,69.633,52.669,17.5564,5.0844,13.5941,0.23595
4179,69.65,48.136,16.0453,4.5806,11.7687,0.2352
4180,69.667,0.186,0.062,0.0123,0.0569,0.23868
4181,69.683,45.655,15.2184,4.1681,11.1946,0.22848
4182,69.7,50.26,16.7533,4.8303,12.2626,0.23197
4183,69.717,49.192,16.3975,4.7308,12.4577,0.23731
4184,69.733,45.673,15.2243,4.0906,11.3447,0.21928
4185,69.75,48.365,16.1218,4.5146,12.3747,0.23284
4186,69.767,43.975,14.6583,4.0329,10.9675,0.21642
4187,69.783,43.357,14.4524,4.3142,11.8887,0.19888
4188,69.8,43.723,14.5744,4.8724,12.4536,0.20746
4189,69.817,58.92,19.64,4.8903,14.6405,0.19502
4190,69.833,78.388,26.1292,4.9076,13.6955,0.17898
4191,69.85,79.098,26.3659,4.5872,12.2635,0.17002
4192,69.867,82.594,27.5313,5.4736,16.8556,0.18109
4193,69.883,79.062,26.3542,4.4046,11.7747,0.15933
4194,69.9,73.587,24.5291,5.2579,14.9778,0.17313
4195,69.917,65.436,21.812,5.3035,16.4952,0.18694
4196,69.933,35.461,11.8204,3.4397,8.5826,0.19154
4197,69.95,20.363,6.7878,1.615,5.2583,0.18843
4198,69.967,17.125,5.7082,1.2981,4.1368,0.1857
4199,69.983,0.687,0.229,0.0438,0.1661,0.18644
4200,70.0,23.279,7.7598,1.5488,4.8643,0.18545
4201,70.017,17.28,5.7601,1.2051,3.7846,0.18234
4202,70.033,19.802,6.6006,1.4615,4.4961,0.17886
4203,70.05,20.92,6.9733,1.5667,4.7736,0.18296
4204,70.067,19.469,6.4897,1.3818,4.2999,0.19291
4205,70.083,19.616,6.5386,1.3832,4.2957,0.18619
4206,70.1,18.783,6.261,1.3052,4.0559,0.17774
4207,70.117,17.059,5.6863,1.1195,3.4424,0.19241
4208,70.133,22.036,7.3453,1.616,4.8665,0.18719
4209,70.15,16.94,5.6468,1.0659,3.1216,0.18197
4210,70.167,22.37,7.4568,1.6186,4.7779,0.19415
4211,70.183,19.46,6.4867,1.2719,3.6953,0.19552
4212,70.2,20.408,6.8027,1.3568,3.8909,0.18582
4213,70.217,20.133,6.7108,1.2997,3.6972,0.19863
4214,70.233,21.447,7.1491,1.4225,4.0787,0.20162
4215,70.25,22.887,7.6288,1.4553,4.0338,0.19577
4216,70.267,20.65,6.8833,1.35,3.8591,0.19142
4217,70.283,21.25,7.0834,1.4003,3.8153,0.19229
4218,70.3,21.091,7.0305,1.3611,3.6353,0.19341
4219,70.317,21.235,7.0782,1.3692,3.6522,0.19552
4220,70.333,21.397,7.1325,1.3794,3.7372,0.19813
4221,70.35,22.263,7.421,1.4663,3.9573,0.20211
4222,70.367,23.691,7.897,1.6083,4.3924,0.19863
4223,70.383,22.111,7.3702,1.4452,3.9175,0.19353
4224,70.4,21.468,7.1561,1.3556,3.7076,0.19652
4225,70.417,25.682,8.5607,1.8276,5.0175,0.18595
4226,70.433,19.97,6.6568,1.2084,3.3846,0.19515
4227,70.45,28.759,9.5864,2.3304,6.8365,0.18993
4228,70.467,30.04,10.0134,2.447,7.4157,0.19602
4229,70.483,34.129,11.3762,3.1635,9.8284,0.19328
4230,70.5,44.862,14.954,5.0188,11.8038,0.17836
4231,70.517,42.194,14.0647,4.7866,12.627,0.19229
4232,70.533,0.09,0.03,0.0086,0.0461,0.19291
4233,70.55,32.63,10.8767,2.7537,8.2826,0.18818
4234,70.567,35.645,11.8817,2.938,7.9095,0.20659
4235,70.583,37.419,12.4728,3.2838,9.1606,0.19801
4236,70.6,34.762,11.5873,2.9802,8.6981,0.1949
4237,70.617,36.269,12.0895,3.1942,8.9779,0.19925
4238,70.633,36.302,12.1008,3.187,8.6992,0.20572
4239,70.65,33.658,11.2192,2.9935,7.9151,0.21107
4240,70.667,32.132,10.7107,2.5988,6.727,0.21866
4241,70.683,39.115,13.0384,3.5838,9.2054,0.2209
4242,70.7,39.057,13.0191,3.3441,8.5134,0.21318
4243,70.717,38.742,12.9139,3.4816,8.9615,0.21791
4244,70.733,42.392,14.1308,3.9353,10.3033,0.22575
4245,70.75,43.451,14.4836,4.0926,10.494,0.23881
4246,70.767,40.31,13.4368,3.4774,8.6657,0.23445
4247,70.783,50.44,16.8135,5.1402,12.5842,0.24478
4248,70.8,44.807,14.9356,4.9088,11.4446,0.24378
4249,70.817,0.16,0.0533,0.0122,0.0555,0.24403
4250,70.833,52.88,17.6267,4.8354,13.7819,0.25261
4251,70.85,50.458,16.8193,5.1966,14.2007,0.26169
4252,70.867,51.623,17.2077,5.6407,13.7259,0.26095
4253,70.883,56.889,18.9629,4.97,13.8508,0.27189
4254,70.9,47.926,15.9752,5.0063,11.4585,0.28022
4255,70.917,64.055,21.3517,5.1287,15.3179,0.27301
4256,70.933,56.893,18.9642,6.3171,15.4009,0.25908
4257,70.95,54.743,18.2477,6.7374,14.644,0.27264
4258,70.967,54.258,18.0859,6.968,14.4608,0.25373
4259,70.983,48.176,16.0588,6.7161,13.076,0.25473
4260,71.0,47.68,15.8932,5.6042,11.8362,0.26791
4261,71.017,43.902,14.634,4.4466,14.1333,0.25746
4262,71.033,48.213,16.0712,4.3954,13.9875,0.26219
4263,71.05,47.883,15.9611,4.4711,14.5122,0.25908
4264,71.067,54.414,18.1381,4.4483,12.1013,0.26107
4265,71.083,42.591,14.1969,3.3238,10.4063,0.26032
4266,71.1,46.839,15.6129,3.5846,11.5561,0.25087
4267,71.117,0.165,0.0549,0.0102,0.0478,0.25274
4268,71.133,53.894,17.9645,4.1826,11.7954,0.24353
4269,71.15,0.118,0.0394,0.0075,0.0367,0.24328
4270,71.167,36.184,12.0615,3.4656,12.531,0.23159
4271,71.183,34.772,11.5905,3.2085,11.6553,0.2296
4272,71.2,34.009,11.3363,3.1332,10.557,0.22674
4273,71.217,34.738,11.5793,3.173,9.2998,0.23806
4274,71.233,24.234,8.078,2.0329,8.2383,0.2209
4275,71.25,28.947,9.6489,2.535,8.3995,0.24478
4276,71.267,25.974,8.6582,2.1885,8.5438,0.2398
4277,71.283,33.525,11.1752,2.7709,8.0068,0.24925
4278,71.3,29.902,9.9673,2.4193,7.8213,0.25796
4279,71.317,34.375,11.4583,2.9268,8.8062,0.24726
4280,71.333,26.18,8.7267,1.6719,5.2066,0.25697
4281,71.35,33.712,11.2374,2.7101,8.3082,0.25634
4282,71.367,30.461,10.1537,2.2807,7.0834,0.251
4283,71.383,31.2,10.4,2.34,7.2775,0.24677
4284,71.4,27.386,9.1288,1.8147,5.7628,0.24366
4285,71.417,29.468,9.8226,2.1823,7.03,0.24764
4286,71.433,21.293,7.0976,1.3064,4.2541,0.249
4287,71.45,24.825,8.2749,1.5804,5.0968,0.251
4288,71.467,30.453,10.1509,2.364,7.5802,0.24167
4289,71.483,0.241,0.0803,0.0144,0.061,0.2449
4290,71.5,34.508,11.5025,2.617,8.4241,0.24515
4291,71.517,40.784,13.5945,3.8928,7.8033,0.24677
4292,71.533,53.628,17.8758,6.7852,15.5379,0.24104
4293,71.55,60.369,20.123,6.3989,15.7555,0.25597
4294,71.567,65.122,21.7073,6.1075,14.836,0.26828
4295,71.583,74.96,24.9865,6.3814,13.8672,0.25958
4296,71.6,60.338,20.1126,6.5607,15.2121,0.26953
4297,71.617,39.633,13.2111,3.0767,9.973,0.27015
4298,71.633,35.142,11.7141,2.7736,9.2386,0.27065
4299,71.65,34.284,11.4281,2.6835,9.1034,0.26381
4300,71.667,34.386,11.4619,2.8003,10.0788,0.26169
4301,71.683,35.216,11.7386,2.9498,10.7684,0.25896
4302,71.7,39.546,13.1819,3.3928,11.8032,0.25958
4303,71.717,34.298,11.4328,2.8202,10.3104,0.25
4304,71.733,36.977,12.3257,2.7536,9.7249,0.24092
4305,71.75,38.005,12.6684,2.8372,9.6629,0.25025
4306,71.767,0.158,0.0526,0.0127,0.0617,0.24988
4307,71.783,39.695,13.2318,2.9655,9.7561,0.25672
4308,71.8,64.299,21.4331,6.7966,13.8678,0.25535
4309,71.817,72.382,24.1275,7.1593,14.7146,0.24055
4310,71.833,64.699,21.5663,6.1577,12.5537,0.23022
4311,71.85,43.055,14.3518,4.0076,9.1479,0.23122
4312,71.867,37.559,12.5197,3.1641,9.5205,0.22687
4313,71.883,25.803,8.6011,1.5782,6.6805,0.22873
4314,71.9,35.616,11.872,3.154,10.167,0.21244
4315,71.917,38.288,12.7626,4.5892,11.7229,0.22177
4316,71.933,45.514,15.1713,5.6537,14.5775,0.20808
4317,71.95,39.199,13.0662,5.3709,12.9689,0.19826
4318,71.967,45.782,15.2607,5.4297,15.1905,0.19154
4319,71.983,34.33,11.4433,4.6372,11.2895,0.1959
4320,72.0,30.472,10.1573,2.9752,8.706,0.20386
4321,72.017,19.598,6.5326,1.4222,5.0183,0.19701
4322,72.033,24.776,8.2587,1.9437,6.7199,0.20373
4323,72.05,23.75,7.9167,1.7126,6.1392,0.19863
4324,72.067,18.674,6.2245,1.2303,4.9423,0.19353
4325,72.083,16.92,5.6401,1.0745,4.2988,0.199
4326,72.1,18.45,6.1499,1.2265,4.9762,0.18781
4327,72.117,0.15,0.0501,0.0135,0.0665,0.18881
4328,72.133,18.179,6.0596,1.12,5.1334,0.19266
4329,72.15,21.29,7.0967,1.3211,5.5514,0.19851
4330,72.167,20.347,6.7825,1.3279,5.6084,0.19639
4331,72.183,29.585,9.8615,2.3929,8.9146,0.19067
4332,72.2,24.858,8.2861,1.7546,7.702,0.19403
4333,72.217,27.692,9.2305,2.1117,8.9273,0.19378
4334,72.233,29.28,9.7601,2.2175,8.8851,0.19714
4335,72.25,25.974,8.658,1.9332,7.7739,0.1944
4336,72.267,22.739,7.5798,1.8438,6.8435,0.20224
4337,72.283,22.378,7.4594,1.9225,6.7985,0.19888
4338,72.3,22.957,7.6522,1.7029,6.2179,0.20498
4339,72.317,32.18,10.7267,2.7162,7.1443,0.20323
4340,72.333,30.562,10.1872,2.6622,6.8282,0.20784
4341,72.35,36.001,12.0002,3.3146,8.1119,0.18669
4342,72.367,32.986,10.9955,2.8896,7.3066,0.199
4343,72.383,33.993,11.331,3.1778,7.8639,0.19913
4344,72.4,27.936,9.3121,2.1686,5.6876,0.20423
4345,72.417,22.028,7.3426,1.342,4.5484,0.20448
4346,72.433,16.169,5.3896,0.7721,2.7145,0.20995
4347,72.45,21.946,7.3154,1.2673,4.5043,0.21095
4348,72.467,23.61,7.8701,1.3289,4.196,0.21132
4349,72.483,33.965,11.3216,3.017,7.1726,0.20734
4350,72.5,42.71,14.2368,4.3673,9.7755,0.21206
4351,72.517,0.01,0.0033,0.0014,0.0034,0.21219
4352,72.533,66.523,22.1742,6.3935,19.4843,0.20983
4353,72.55,65.775,21.9249,6.7857,19.9783,0.21405
4354,72.567,80.62,26.8733,6.2961,17.7954,0.20112
4355,72.583,90.32,30.1065,6.7467,18.6511,0.20423
4356,72.6,93.251,31.0836,6.6391,19.7048,0.20833
4357,72.617,90.572,30.1905,6.3467,18.8363,0.21393
4358,72.633,108.592,36.1973,7.0161,21.3227,0.19689
4359,72.65,81.796,27.2653,5.707,18.6898,0.18172
4360,72.667,67.708,22.5692,5.0319,16.5364,0.18072
4361,72.683,76.56,25.52,5.0565,17.9195,0.18259
4362,72.7,51.809,17.2697,5.3568,14.8974,0.17152
4363,72.717,39.791,13.2638,2.9935,6.864,0.17836
4364,72.733,21.401,7.1336,1.4044,4.7819,0.17289
4365,72.75,28.442,9.4805,2.4836,7.4671,0.17301
4366,72.767,0.191,0.0637,0.0137,0.0683,0.17326
4367,72.783,25.227,8.4088,2.107,6.4327,0.17761
4368,72.8,24.58,8.1934,1.8828,5.7033,0.17301
4369,72.817,24.965,8.3216,1.9591,5.6609,0.17736
4370,72.833,24.314,8.1048,1.6394,4.7362,0.18284
4371,72.85,24.81,8.2701,1.6382,4.4059,0.18694
4372,72.867,30.333,10.1111,2.2949,6.3408,0.17575
4373,72.883,26.285,8.7617,1.6855,4.5777,0.1806
4374,72.9,31.709,10.5695,2.1763,5.8313,0.18545
4375,72.917,25.874,8.6248,1.6914,4.89,0.18669
4376,72.933,26.284,8.7614,1.7166,5.5841,0.18756
4377,72.95,27.811,9.2703,1.904,6.0668,0.1903
4378,72.967,36.613,12.2042,2.947,6.377,0.18943
4379,72.983,29.777,9.9257,1.8409,6.7079,0.18072
4380,73.0,9.943,3.3145,0.1717,0.5439,0.17998
4381,73.017,18.869,6.2896,1.0646,3.4916,0.19142
4382,73.033,26.496,8.8319,1.5236,6.042,0.18097
4383,73.05,31.182,10.3939,2.0194,7.125,0.19341
4384,73.067,28.139,9.3797,1.3846,5.0657,0.19017
4385,73.083,28.508,9.5027,1.8172,6.4122,0.19353
4386,73.1,31.421,10.4738,2.0227,6.6482,0.18993
4387,73.117,26.001,8.6671,1.5288,5.2843,0.19005
4388,73.133,24.507,8.169,1.4207,4.5337,0.19279
4389,73.15,24.868,8.2893,1.4855,4.61,0.19614
4390,73.167,28.059,9.3531,1.7641,6.3772,0.21157
4391,73.183,26.92,8.9732,1.6648,5.1705,0.19515
4392,73.2,24.165,8.0549,1.434,4.4161,0.19303
4393,73.217,23.639,7.8797,1.1825,4.2453,0.20211
4394,73.233,26.977,8.9925,1.6621,4.9422,0.20386
4395,73.25,23.503,7.8343,1.2164,3.8064,0.20012
4396,73.267,0.143,0.0475,0.0106,0.0495,0.20025
4397,73.283,30.003,10.0009,1.9129,5.9953,0.19614
4398,73.3,28.516,9.5054,1.8035,5.8391,0.18595
4399,73.317,23.788,7.9293,1.3509,4.5729,0.18843
4400,73.333,24.805,8.2684,1.5604,5.4049,0.19453
4401,73.35,25.132,8.3773,1.5331,5.3776,0.20759
4402,73.367,23.616,7.872,1.3243,4.1212,0.20784
4403,73.383,24.844,8.2815,1.5367,5.1031,0.20361
4404,73.4,22.169,7.3896,1.1426,3.525,0.20672
4405,73.417,23.635,7.8784,1.2758,4.1826,0.20734
4406,73.433,25.242,8.4141,1.4139,4.7654,0.20634
4407,73.45,28.392,9.464,1.7212,5.5392,0.20187
4408,73.467,38.771,12.9235,3.3567,7.4612,0.19988
4409,73.483,49.998,16.6661,5.8848,13.1815,0.19391
4410,73.5,39.407,13.1358,3.021,6.8032,0.19851
4411,73.517,31.382,10.4605,2.1496,5.9279,0.20037
4412,73.533,28.055,9.3516,1.6166,5.2478,0.19714
4413,73.55,32.41,10.8034,1.7162,5.6924,0.18507
4414,73.567,34.068,11.3561,2.104,6.9853,0.18881
4415,73.583,30.92,10.3068,1.6952,5.9375,0.19154
4416,73.6,36.417,12.1389,2.2645,7.7422,0.18831
4417,73.617,36.406,12.1354,2.216,6.9352,0.19279
4418,73.633,34.448,11.4827,2.4277,8.6993,0.18346
4419,73.65,36.125,12.0415,2.4593,8.6425,0.19913
4420,73.667,33.252,11.084,2.4168,8.5254,0.18507
4421,73.683,28.49,9.4968,1.9787,7.6761,0.19726
4422,73.7,22.535,7.5117,1.4866,5.0729,0.17861
4423,73.717,0.123,0.041,0.0113,0.058,0.17811
4424,73.733,26.7,8.9,1.931,6.2243,0.17438
4425,73.75,23.529,7.8429,1.6622,5.5931,0.17699
4426,73.767,26.429,8.8097,1.9425,6.0621,0.1755
4427,73.783,28.485,9.4951,2.0516,5.5669,0.17973
4428,73.8,56.668,18.8892,7.0778,16.3797,0.18856
4429,73.817,49.882,16.6274,5.9285,13.4772,0.17973
4430,73.833,35.164,11.7212,3.2171,7.322,0.17823
4431,73.85,34.418,11.4727,2.9432,7.0792,0.176
4432,73.867,21.074,7.0246,1.207,3.7207,0.17226
4433,73.883,26.336,8.7786,1.7472,5.3336,0.17948
4434,73.9,18.817,6.2724,1.0177,3.0282,0.17376
4435,73.917,23.118,7.7059,1.4082,4.2911,0.18134
4436,73.933,0.125,0.0417,0.0117,0.0602,0.1806
4437,73.95,29.612,9.8707,2.1555,6.343,0.16891
4438,73.967,19.816,6.6053,1.1457,3.3966,0.15958
4439,73.983,23.932,7.9772,1.4525,4.3587,0.18794
4440,74.0,9.333,3.1109,0.1797,0.5764,0.18831
4441,74.017,17.105,5.7017,0.8614,2.6548,0.17935
4442,74.033,22.703,7.5678,1.4158,4.1039,0.175
4443,74.05,21.763,7.2544,1.2317,3.639,0.17065
4444,74.067,16.885,5.6282,0.9343,2.7089,0.17226
4445,74.083,23.525,7.8417,1.5059,4.9602,0.17189
4446,74.1,16.67,5.5567,0.8566,2.7223,0.16269
4447,74.117,16.074,5.358,0.8452,2.5992,0.16443
4448,74.133,15.094,5.0315,0.8119,2.4214,0.17388
4449,74.15,13.581,4.527,0.7006,2.1303,0.17612
4450,74.167,15.44,5.1468,0.849,2.5596,0.18371
4451,74.183,13.501,4.5002,0.6519,2.0499,0.17786
4452,74.2,17.038,5.6793,0.8912,2.4848,0.19129
4453,74.217,14.252,4.7507,0.6673,1.9349,0.201
4454,74.233,19.588,6.5295,1.1416,3.8418,0.19776
4455,74.25,15.77,5.2568,0.7591,2.5842,0.18955
4456,74.267,13.486,4.4955,0.6065,1.7384,0.1893
4457,74.283,13.397,4.4657,0.6071,1.5204,0.19291
4458,74.3,11.647,3.8823,0.5545,1.6001,0.19565
4459,74.317,0.128,0.0425,0.0108,0.0552,0.19453
4460,74.333,16.641,5.5471,0.7275,2.2213,0.19565
4461,74.35,12.828,4.2761,0.5882,1.8869,0.20137
4462,74.367,11.86,3.9535,0.4781,1.4585,0.20012
4463,74.383,10.977,3.6591,0.4225,1.3539,0.20808
4464,74.4,11.287,3.7623,0.3617,1.2691,0.21032
4465,74.417,9.604,3.2014,0.304,1.1318,0.21206
4466,74.433,10.013,3.3376,0.364,1.5105,0.20796
4467,74.45,11.502,3.8338,0.3661,1.5649,0.21779
4468,74.467,10.916,3.6387,0.3073,1.3252,0.20833
4469,74.483,9.888,3.296,0.269,1.1678,0.20759
4470,74.5,17.158,5.7193,0.4078,1.2807,0.20249
4471,74.517,7.669,2.5562,0.2757,1.1503,0.20025
4472,74.533,0.054,0.0181,0.0046,0.0227,0.20025
4473,74.55,5.682,1.894,0.1485,0.7,0.19826
4474,74.567,8.037,2.6789,0.2386,0.9156,0.19813
4475,74.583,6.307,2.1025,0.1632,0.7492,0.20249
4476,74.6,6.48,2.1601,0.1813,0.706,0.20435
4477,74.617,7.257,2.4191,0.2276,0.8521,0.21157
4478,74.633,5.151,1.717,0.141,0.6009,0.20771
4479,74.65,13.169,4.3897,0.4552,2.8318,0.20858
4480,74.667,24.485,8.1615,1.1908,5.0107,0.20634
4481,74.683,28.312,9.4372,1.8679,5.8529,0.19552
4482,74.7,31.432,10.4774,2.3457,7.2637,0.20734
4483,74.717,32.787,10.9291,2.5953,7.8499,0.2102
4484,74.733,33.848,11.2825,3.0104,9.1498,0.21667
4485,74.75,35.275,11.7582,3.3859,10.079,0.21294
4486,74.767,0.04,0.0134,0.0039,0.0218,0.21343
4487,74.783,35.544,11.8479,3.6268,10.9915,0.22662
4488,74.8,35.55,11.8502,3.7325,11.3343,0.22873
4489,74.817,30.85,10.2833,3.0042,9.0401,0.22886
4490,74.833,31.789,10.5963,3.0563,8.9639,0.21828
4491,74.85,29.201,9.7335,2.6248,6.8544,0.22575
4492,74.867,92.448,30.8158,5.6053,14.7485,0.20883
4493,74.883,106.317,35.4389,6.782,18.3419,0.17537
4494,74.9,121.741,40.5805,7.0085,19.1651,0.18246
4495,74.917,118.367,39.4555,7.2433,20.1025,0.2097
4496,74.933,128.734,42.9114,6.5876,17.4846,0.21667
4497,74.95,98.849,32.9496,6.8867,19.1704,0.23296
4498,74.967,76.364,25.4547,7.0059,19.7889,0.22475
4499,74.983,28.164,9.3879,2.124,5.1469,0.22699
4500,75.0,28.933,9.6442,1.933,7.1903,0.21555
4501,75.017,19.619,6.5396,1.3205,5.0,0.22438
4502,75.033,21.66,7.2201,1.5221,5.8083,0.21891
4503,75.05,21.47,7.1565,1.5353,6.0655,0.22624
4504,75.067,32.089,10.6962,2.8414,6.9767,0.22226
4505,75.083,30.032,10.0106,2.6578,6.9844,0.22052
4506,75.1,32.02,10.6735,2.5148,6.3933,0.21368
4507,75.117,40.996,13.6652,3.1929,7.9593,0.21493
4508,75.133,35.341,11.7804,2.4227,6.2769,0.22177
4509,75.15,0.191,0.0635,0.0152,0.0671,0.22152
4510,75.167,36.579,12.1931,2.961,8.4283,0.20647
4511,75.183,29.274,9.7579,2.7005,9.3219,0.21256
4512,75.2,25.078,8.3594,2.1571,7.6011,0.21119
4513,75.217,23.332,7.7774,1.9078,6.6789,0.20659
4514,75.233,21.286,7.0955,1.7083,6.514,0.21331
4515,75.25,25.244,8.4147,2.0347,7.6899,0.20983
4516,75.267,20.634,6.8782,1.4711,5.5444,0.20124
4517,75.283,24.087,8.0289,1.752,6.4608,0.21331
4518,75.3,18.429,6.1428,1.2296,4.849,0.20796
4519,75.317,20.604,6.868,1.491,6.2126,0.20323
4520,75.333,17.637,5.8791,1.1987,5.3722,0.20286
4521,75.35,23.676,7.8919,1.9729,9.0395,0.20585
4522,75.367,21.694,7.2313,1.7396,7.961,0.21468
4523,75.383,21.625,7.2082,1.6871,8.1931,0.21468
4524,75.4,22.218,7.4061,1.6637,7.8419,0.21032
4525,75.417,23.67,7.8902,1.7925,8.7103,0.20597
4526,75.433,28.708,9.5693,2.3145,11.202,0.20796
4527,75.45,31.07,10.3566,2.0496,8.6001,0.20299
4528,75.467,67.588,22.5294,4.8829,14.778,0.20821
4529,75.483,50.669,16.8895,4.4425,14.468,0.20087
4530,75.5,43.512,14.504,3.2663,9.3091,0.19428
4531,75.517,32.769,10.9231,2.2113,5.9702,0.19714
4532,75.533,26.569,8.8563,1.8369,6.4768,0.19229
4533,75.55,31.463,10.4876,2.1398,6.4642,0.19851
4534,75.567,28.43,9.4768,1.8315,5.0041,0.19764
4535,75.583,18.974,6.3245,1.1648,3.7554,0.19104
4536,75.6,29.545,9.8484,2.1891,5.8052,0.19104
4537,75.617,0.136,0.0453,0.0135,0.0691,0.19104
4538,75.633,30.039,10.0131,2.8111,7.002,0.18346
4539,75.65,34.782,11.5939,3.534,8.3432,0.18358
4540,75.667,29.068,9.6892,2.6371,6.5679,0.18221
4541,75.683,22.219,7.4065,1.6597,4.4069,0.1755
4542,75.7,13.369,4.4563,0.9045,3.842,0.17114
4543,75.717,12.77,4.2568,0.8713,3.3828,0.16803
4544,75.733,17.442,5.8139,1.3799,5.0613,0.17239
4545,75.75,14.541,4.8471,1.1357,4.2124,0.17413
4546,75.767,32.177,10.7255,2.341,6.9363,0.17363
4547,75.783,40.832,13.6107,3.3382,10.5387,0.18595
4548,75.8,19.741,6.5803,1.5662,5.3254,0.17662
4549,75.817,15.381,5.1271,1.3895,5.2864,0.17488
4550,75.833,18.977,6.3256,1.7972,6.9194,0.17201
4551,75.85,13.791,4.5971,1.0313,3.9126,0.176
4552,75.867,15.403,5.1342,1.1741,4.1641,0.17127
4553,75.883,12.93,4.3102,1.0931,3.5792,0.16978
4554,75.9,12.204,4.068,0.9017,3.346,0.17376
4555,75.917,13.354,4.4514,1.0464,3.9253,0.17139
4556,75.933,0.138,0.0459,0.0133,0.0674,0.17164
4557,75.95,17.234,5.7447,1.5384,5.9042,0.16779
4558,75.967,0.144,0.0479,0.015,0.0679,0.17264
4559,75.983,11.664,3.8881,0.9117,3.4244,0.17649
4560,76.0,13.754,4.5847,0.7098,2.5004,0.16219
4561,76.017,12.736,4.2455,0.9994,3.5123,0.16455
4562,76.033,10.825,3.6084,0.8433,3.2003,0.17289
4563,76.05,10.828,3.6093,0.8053,2.6802,0.17736
4564,76.067,8.809,2.9363,0.6423,2.3445,0.17438
4565,76.083,8.638,2.8792,0.5922,1.7765,0.1745
4566,76.1,31.066,10.3553,3.9334,11.2597,0.18147
4567,76.117,47.942,15.9807,5.0146,16.821,0.17836
4568,76.133,61.43,20.4767,5.6663,18.7646,0.18545
4569,76.15,63.631,21.2105,5.8903,18.9837,0.18259
4570,76.167,52.903,17.6344,5.7933,19.3735,0.16381
4571,76.183,52.803,17.6011,6.1105,20.1705,0.16455
4572,76.2,16.445,5.4816,1.8682,7.3114,0.16953
4573,76.217,28.971,9.6571,3.6071,10.9808,0.17985
4574,76.233,23.019,7.673,2.7122,8.8134,0.17239
4575,76.25,21.997,7.3323,2.4987,8.6108,0.1709
4576,76.267,22.486,7.4952,2.4894,8.9605,0.17239
4577,76.283,0.129,0.0428,0.0146,0.0701,0.17239
4578,76.3,31.329,10.443,3.0733,10.5035,0.17301
4579,76.317,0.091,0.0303,0.0101,0.0489,0.17301
4580,76.333,17.595,5.865,1.3797,5.5512,0.17711
4581,76.35,28.299,9.4329,2.6548,9.233,0.17351
4582,76.367,25.919,8.6398,2.1697,7.5186,0.16779
4583,76.383,26.447,8.8157,2.2047,7.2537,0.17736
4584,76.4,27.987,9.3291,2.3681,7.5734,0.17139
4585,76.417,27.896,9.2988,2.3134,7.2274,0.17873
4586,76.433,28.363,9.4544,2.3228,7.2731,0.17786
4587,76.45,29.765,9.9215,2.6624,8.1689,0.17637
4588,76.467,28.667,9.5556,2.3655,7.4393,0.18856
4589,76.483,24.222,8.0741,1.7678,5.7028,0.1842
4590,76.5,26.421,8.807,1.7725,5.6284,0.17985
4591,76.517,21.831,7.2771,1.8394,6.3262,0.18022
4592,76.533,22.144,7.3812,1.8024,5.8113,0.17289
4593,76.55,18.975,6.325,1.4843,4.8592,0.16741
4594,76.567,20.382,6.7942,1.7187,5.7936,0.16654
4595,76.583,0.1,0.0334,0.0107,0.0542,0.16642
4596,76.6,17.22,5.7401,1.4492,4.9579,0.16032
4597,76.617,15.75,5.2498,1.3032,4.3349,0.17189
4598,76.633,16.065,5.355,1.5229,5.384,0.17251
4599,76.65,13.31,4.4366,1.1329,3.9313,0.17425
4600,76.667,16.642,5.5474,1.5707,5.7846,0.16654
4601,76.683,14.695,4.8982,1.2771,4.6569,0.17201
4602,76.7,15.149,5.0496,1.3514,5.0301,0.17077
4603,76.717,16.566,5.5219,1.5415,5.7637,0.17463
4604,76.733,16.663,5.5545,1.5965,5.9934,0.19192
4605,76.75,20.643,6.8809,2.3441,8.9189,0.16903
4606,76.767,17.772,5.9241,1.8007,7.115,0.17289
4607,76.783,19.76,6.5868,2.1316,8.4973,0.17935
4608,76.8,17.155,5.7183,1.7792,6.9409,0.17861
4609,76.817,20.37,6.7901,2.1383,8.244,0.18246
4610,76.833,21.911,7.3037,2.4453,9.5728,0.18197
4611,76.85,20.325,6.7751,2.0919,7.9202,0.18719
4612,76.867,23.57,7.8567,2.332,8.2981,0.18968
4613,76.883,24.851,8.2838,2.5889,10.2226,0.18669
4614,76.9,28.63,9.5434,3.0791,11.8125,0.18022
4615,76.917,25.913,8.6376,2.4632,9.7758,0.18794
4616,76.933,0.36,0.1201,0.0285,0.1038,0.18595
4617,76.95,28.659,9.5531,2.6668,9.72,0.18122
4618,76.967,26.27,8.7568,2.2084,7.6298,0.17898
4619,76.983,23.865,7.955,1.7926,6.1047,0.1801
4620,77.0,29.725,9.9085,2.2645,7.7414,0.1908
4621,77.017,20.42,6.8068,1.4474,5.4688,0.18445
4622,77.033,25.111,8.3704,1.8093,5.7171,0.18047
4623,77.05,17.126,5.7087,1.0782,3.5128,0.17413
4624,77.067,21.494,7.1646,1.5741,4.7372,0.17226
4625,77.083,18.248,6.0825,1.2292,3.5849,0.16978
4626,77.1,13.611,4.5369,0.8045,2.3474,0.1658
4627,77.117,20.39,6.7968,1.4904,4.2481,0.17749
4628,77.133,0.135,0.0451,0.0131,0.0586,0.17736
4629,77.15,21.406,7.1354,1.4733,4.1679,0.18507
4630,77.167,21.476,7.1587,1.3485,3.7751,0.19167
4631,77.183,37.927,12.6423,2.0958,5.5138,0.19328
4632,77.2,33.601,11.2003,2.1328,5.618,0.20062
4633,77.217,19.76,6.5867,1.4273,4.1826,0.19366
4634,77.233,21.621,7.207,1.5153,4.5059,0.1995
4635,77.25,24.021,8.0071,1.8558,5.9586,0.20162
4636,77.267,22.69,7.5635,1.784,5.9633,0.19104
4637,77.283,21.665,7.2216,1.7962,6.2075,0.19502
4638,77.3,22.208,7.4026,1.966,7.0302,0.1944
4639,77.317,18.79,6.2633,1.5338,5.3982,0.19266
4640,77.333,22.386,7.4621,2.0935,7.4501,0.19851
4641,77.35,25.649,8.5498,2.2506,6.4675,0.1954
4642,77.367,34.738,11.5793,3.4301,8.9548,0.1944
4643,77.383,33.795,11.265,3.2661,9.8952,0.19826
4644,77.4,30.052,10.0173,2.7971,9.0629,0.19303
4645,77.417,25.618,8.5393,2.0873,6.9362,0.18843
4646,77.433,27.193,9.0642,2.2352,7.2749,0.18943
4647,77.45,21.59,7.1965,1.5195,4.9725,0.18557
4648,77.467,33.769,11.2564,2.925,8.9441,0.19154
4649,77.483,22.087,7.3623,1.7298,5.8631,0.19067
4650,77.5,29.988,9.9961,2.4413,8.3032,0.1995
4651,77.517,25.985,8.6616,2.1408,7.2084,0.20112
4652,77.533,27.502,9.1674,2.3368,7.7255,0.20187
4653,77.55,23.054,7.6846,1.7368,6.1483,0.20124
4654,77.567,0.12,0.04,0.009,0.044,0.20286
4655,77.583,23.571,7.8569,1.9133,6.44,0.21393
4656,77.6,31.078,10.3593,3.1699,10.9833,0.21144
4657,77.617,25.124,8.3747,2.0913,7.2211,0.20597
4658,77.633,32.137,10.7123,2.9209,9.6818,0.2153
4659,77.65,30.04,10.0132,2.6088,9.0418,0.20908
4660,77.667,25.61,8.5365,2.1247,8.2444,0.21032
4661,77.683,35.873,11.9578,3.1905,10.1357,0.22886
4662,77.7,37.342,12.4474,3.4492,10.3505,0.21592
4663,77.717,38.731,12.9103,3.3957,10.3379,0.22114
4664,77.733,38.558,12.8526,3.2508,9.9942,0.21754
4665,77.75,32.805,10.935,2.5945,8.1212,0.21468
4666,77.767,30.483,10.1612,2.2853,7.449,0.21679
4667,77.783,35.881,11.9603,2.9861,9.3212,0.21903
4668,77.8,38.328,12.776,3.0522,9.6964,0.21866
4669,77.817,36.762,12.2539,2.5741,7.9897,0.23333
4670,77.833,45.674,15.2246,3.5878,10.0917,0.24565
4671,77.85,39.447,13.1489,2.8197,8.9635,0.23097
4672,77.867,0.394,0.1315,0.0191,0.0885,0.23134
4673,77.883,47.811,15.937,2.8734,8.9432,0.22624
4674,77.9,48.338,16.1125,2.4432,7.483,0.22052
4675,77.917,28.146,9.3821,1.7414,6.2482,0.21468
4676,77.933,33.212,11.0706,2.1878,7.0972,0.21617
4677,77.95,27.138,9.0459,1.5814,6.2167,0.224
4678,77.967,40.617,13.539,2.4275,7.6021,0.22923
4679,77.983,31.942,10.6472,2.2107,7.744,0.22027
4680,78.0,35.543,11.8478,2.9545,9.8525,0.22537
4681,78.017,25.257,8.4191,2.0902,8.1809,0.2158
4682,78.033,13.224,4.408,0.7022,2.5361,0.21567
4683,78.05,0.163,0.0543,0.0118,0.0571,0.21642
4684,78.067,33.229,11.0763,3.1013,10.57,0.21915
4685,78.083,25.062,8.354,1.9408,6.9816,0.21667
4686,78.1,22.787,7.5957,1.6698,5.8911,0.21654
4687,78.117,23.424,7.8079,1.7751,6.341,0.21256
4688,78.133,21.48,7.1601,1.5608,5.677,0.20373
4689,78.15,24.444,8.1481,1.89,6.7162,0.20299
4690,78.167,20.795,6.9316,1.429,5.1614,0.20547
4691,78.183,64.266,21.422,2.0441,7.436,0.16082
4692,78.2,15.627,5.2091,0.85,3.1375,0.16567
4693,78.217,29.346,9.7818,1.2122,4.4712,0.18246
4694,78.233,39.021,13.0071,1.0449,3.7023,0.20448
4695,78.25,20.468,6.8227,1.172,4.1246,0.2056
4696,78.267,24.017,8.0057,1.5044,5.2323,0.20871
4697,78.283,0.135,0.0449,0.0108,0.0497,0.20796
4698,78.3,23.46,7.82,1.5348,5.5455,0.21306
4699,78.317,24.96,8.3199,1.7803,6.3838,0.20261
4700,78.333,26.242,8.7473,2.0055,7.2395,0.20199
4701,78.35,26.786,8.9288,2.1166,7.3982,0.20896
4702,78.367,21.087,7.0289,1.3796,4.8469,0.2056
4703,78.383,27.631,9.2102,2.147,7.4608,0.20299
4704,78.4,24.436,8.1452,1.7333,5.9121,0.2092
4705,78.417,29.868,9.9562,2.3542,8.0398,0.21007
4706,78.433,23.189,7.7296,1.531,5.1488,0.20485
4707,78.45,0.465,0.1549,0.0317,0.1252,0.20485
4708,78.467,27.371,9.1236,2.0351,6.5235,0.20833
4709,78.483,27.898,9.2994,2.0866,6.5946,0.21144
4710,78.5,37.501,12.5004,2.8608,8.8456,0.21219
4711,78.517,28.817,9.6057,2.1729,6.9645,0.20522
4712,78.533,26.077,8.6925,1.8205,5.705,0.21331
4713,78.55,24.492,8.1641,1.6845,5.2442,0.20721
4714,78.567,27.491,9.1638,1.9518,6.1412,0.2051
4715,78.583,28.745,9.5817,2.1013,6.8966,0.2107
4716,78.6,25.289,8.4297,1.6711,5.6219,0.20833
4717,78.617,30.184,10.0614,2.186,7.028,0.20933
4718,78.633,25.526,8.5086,1.7535,5.8242,0.20299
4719,78.65,33.641,11.2136,2.4273,8.8799,0.2107
4720,78.667,0.096,0.0319,0.0084,0.0417,0.21057
4721,78.683,36.994,12.3312,2.7519,9.7655,0.20149
4722,78.7,36.8,12.2667,2.8736,10.1144,0.20075
4723,78.717,32.96,10.9868,2.3681,8.6131,0.2005
4724,78.733,36.742,12.2474,2.7717,9.6907,0.199
4725,78.75,33.363,11.1211,2.2243,7.7804,0.20075
4726,78.767,38.2,12.7333,2.754,9.879,0.1995
4727,78.783,36.53,12.1767,2.3895,8.0955,0.20609
4728,78.8,28.883,9.6277,1.5941,5.0098,0.20037
4729,78.817,0.113,0.0377,0.0097,0.0487,0.20087
4730,78.833,30.281,10.0938,1.7276,5.5294,0.20112
4731,78.85,28.259,9.4197,1.5286,4.8962,0.20199
4732,78.867,23.966,7.9888,1.2146,3.8197,0.20323
4733,78.883,28.633,9.5443,1.546,4.7801,0.19527
4734,78.9,19.447,6.4824,0.9323,3.0395,0.19888
4735,78.917,21.184,7.0612,1.2305,3.9024,0.19328
4736,78.933,15.999,5.3329,0.8505,3.08,0.19279
4737,78.95,23.441,7.8137,1.2758,4.5189,0.19627
4738,78.967,21.529,7.1763,1.0035,3.4125,0.19801
4739,78.983,0.117,0.0391,0.0089,0.0436,0.19801
4740,79.0,35.281,11.7605,1.8202,5.8575,0.19789
4741,79.017,24.845,8.2818,1.4056,5.064,0.2051
4742,79.033,24.643,8.2144,1.2425,4.0638,0.20833
4743,79.05,28.408,9.4694,1.576,5.2099,0.20535
4744,79.067,26.795,8.9317,1.5986,5.8193,0.19938
4745,79.083,28.382,9.4607,1.7972,5.2145,0.19664
4746,79.1,70.643,23.5478,6.0794,14.7976,0.2051
4747,79.117,0.032,0.0105,0.0032,0.0166,0.2051
4748,79.133,21.542,7.1807,1.13,3.6004,0.20473
4749,79.15,19.454,6.4847,0.9583,3.7139,0.20435
4750,79.167,21.455,7.1517,0.9613,3.5695,0.20137
4751,79.183,21.885,7.2951,1.0202,3.5172,0.20435
4752,79.2,20.715,6.9049,0.9267,3.2392,0.19975
4753,79.217,18.164,6.0547,0.7338,2.6125,0.19826
4754,79.233,19.375,6.4584,0.8225,3.0296,0.19179
4755,79.25,16.308,5.436,0.6419,2.3466,0.19801
4756,79.267,18.343,6.1142,0.7229,2.7306,0.18968
4757,79.283,12.487,4.1624,0.4518,1.6893,0.18557
4758,79.3,12.7,4.2333,0.5329,1.8265,0.18856
4759,79.317,0.131,0.0438,0.0109,0.0537,0.18856
4760,79.333,12.141,4.0471,0.455,1.6269,0.18868
4761,79.35,10.396,3.4653,0.3911,1.2804,0.18794
4762,79.367,8.317,2.7723,0.2907,0.9577,0.19055
4763,79.383,9.227,3.0758,0.3069,1.0458,0.1898
4764,79.4,5.248,1.7493,0.1591,0.6062,0.1898
4765,79.417,5.761,1.9205,0.187,0.8396,0.19465
4766,79.433,5.364,1.788,0.1731,0.8391,0.19229
4767,79.45,6.424,2.1413,0.2288,1.0954,0.19801
4768,79.467,9.465,3.1551,0.3473,1.9821,0.19291
4769,79.483,7.997,2.6655,0.2724,1.3287,0.19378
4770,79.5,15.378,5.1261,0.3516,1.6647,0.18607
4771,79.517,4.269,1.423,0.1859,1.0954,0.1903
4772,79.533,4.792,1.5975,0.2542,1.3963,0.18856
4773,79.55,4.617,1.5389,0.293,1.6615,0.18545
4774,79.567,5.852,1.9505,0.2908,1.5373,0.18794
4775,79.583,7.411,2.4703,0.3743,2.3022,0.19055
4776,79.6,22.706,7.5688,1.2218,4.9507,0.19216
4777,79.617,27.738,9.2459,1.813,7.5109,0.19117
4778,79.633,0.082,0.0272,0.0063,0.0294,0.1908
4779,79.65,30.389,10.1297,2.1499,8.2329,0.18532
4780,79.667,26.986,8.9953,1.8353,7.2184,0.18794
4781,79.683,20.138,6.7128,1.223,4.8231,0.18682
4782,79.7,21.431,7.1436,1.2565,4.6607,0.18619
4783,79.717,19.506,6.5022,0.9817,3.5,0.18818
4784,79.733,92.06,30.6865,5.4849,16.1189,0.19963
4785,79.75,102.595,34.1983,5.968,14.8007,0.22052
4786,79.767,72.901,24.3003,7.0732,16.4613,0.21803
4787,79.783,0.045,0.0151,0.005,0.0236,0.21803
4788,79.8,67.313,22.4375,7.0077,15.9023,0.22637
4789,79.817,0.118,0.0394,0.0094,0.0425,0.22463
4790,79.833,18.699,6.233,0.8178,2.334,0.22264
4791,79.85,26.845,8.9483,1.4922,3.9503,0.22102
4792,79.867,22.057,7.3525,1.1092,3.2548,0.21816
4793,79.883,28.008,9.3362,1.6692,5.0492,0.22201
4794,79.9,43.236,14.4121,3.393,7.2506,0.21604
4795,79.917,35.321,11.7735,2.5374,7.2318,0.2102
4796,79.933,38.262,12.7541,2.9597,7.85,0.21517
4797,79.95,39.159,13.0529,3.4266,9.9698,0.22164
4798,79.967,34.492,11.4974,2.5742,7.6879,0.22052
4799,79.983,40.41,13.47,3.3465,9.707,0.22201
4800,80.0,35.988,11.9961,2.3152,6.655,0.21692
4801,80.017,0.016,0.0055,0.0027,0.0076,0.21692
4802,80.033,40.02,13.3401,3.3634,9.5508,0.21555
4803,80.05,40.053,13.3511,3.3037,9.297,0.21455
4804,80.067,38.263,12.7542,2.6505,7.2283,0.21393
4805,80.083,43.429,14.4762,3.5405,9.3015,0.22152
4806,80.1,43.243,14.4144,3.3333,7.8237,0.21194
4807,80.117,43.046,14.3487,3.1451,6.8637,0.20746
4808,80.133,47.22,15.7401,3.8554,8.1401,0.21729
4809,80.15,41.664,13.888,2.6565,5.2155,0.21368
4810,80.167,42.099,14.0331,2.7555,5.8839,0.20709
4811,80.183,39.383,13.1275,2.3674,5.4565,0.21057
4812,80.2,37.832,12.6107,2.2653,5.9312,0.20622
4813,80.217,32.099,10.6997,1.8134,5.5088,0.19353
4814,80.233,0.126,0.0419,0.0095,0.0455,0.19428
4815,80.25,30.906,10.3019,1.8622,6.0714,0.20808
4816,80.267,35.874,11.9582,2.668,8.1854,0.20784
4817,80.283,34.446,11.4821,2.4794,7.758,0.20846
4818,80.3,32.088,10.696,2.1271,6.5637,0.20572
4819,80.317,37.059,12.353,2.9395,9.1919,0.20249
4820,80.333,32.021,10.6738,2.2387,7.0387,0.20784
4821,80.35,37.828,12.6095,3.0786,9.7802,0.20896
4822,80.367,35.596,11.8654,2.8338,9.3132,0.21617
4823,80.383,31.423,10.4743,2.4224,8.2704,0.20784
4824,80.4,37.432,12.4774,3.2997,12.0808,0.21704
4825,80.417,34.644,11.5481,2.9516,10.3695,0.21853
4826,80.433,28.075,9.3584,1.8992,6.8664,0.21306
4827,80.45,38.77,12.9234,3.8129,14.2277,0.21381
4828,80.467,27.033,9.011,1.8958,7.2103,0.22015
4829,80.483,41.27,13.7566,3.58,11.7617,0.21642
4830,80.5,31.294,10.4313,2.1032,7.6005,0.22226
4831,80.517,0.018,0.0061,0.0016,0.0064,0.22239
4832,80.533,32.02,10.6735,2.6813,9.4043,0.22015
4833,80.55,35.764,11.9215,2.5859,8.9154,0.21978
4834,80.567,41.675,13.8916,3.7654,11.8546,0.20684
4835,80.583,35.68,11.8933,3.1981,11.0441,0.20112
4836,80.6,32.918,10.9725,2.7585,9.4798,0.18408
4837,80.617,27.658,9.2193,1.9717,6.9043,0.19328
4838,80.633,31.812,10.6039,3.1339,11.3968,0.18881
4839,80.65,27.056,9.0188,2.5372,9.2711,0.18022
4840,80.667,24.491,8.1637,2.2218,8.2073,0.18731
4841,80.683,20.855,6.9517,1.5413,5.7959,0.176
4842,80.7,19.906,6.6352,1.439,5.6073,0.17177
4843,80.717,19.052,6.3506,1.3063,5.1698,0.17861
4844,80.733,17.35,5.7835,1.1964,4.766,0.17799
4845,80.75,15.155,5.0516,0.9362,3.6655,0.16704
4846,80.767,16.529,5.5097,1.1508,4.3565,0.18134
4847,80.783,13.659,4.5528,0.8318,3.1297,0.17351
4848,80.8,16.887,5.6291,1.122,3.9654,0.16828
4849,80.817,15.378,5.1261,0.9819,3.228,0.17363
4850,80.833,31.907,10.6356,4.2838,11.6859,0.17886
4851,80.85,43.431,14.477,4.3218,13.446,0.17873
4852,80.867,0.105,0.0351,0.0078,0.0396,0.18072
4853,80.883,48.159,16.0531,4.5282,14.3319,0.18109
4854,80.9,60.112,20.0372,4.3093,13.388,0.175
4855,80.917,45.872,15.2906,5.0567,16.9213,0.17886
4856,80.933,52.662,17.5541,4.4965,14.9136,0.14925
4857,80.95,34.383,11.461,4.2548,14.1128,0.15498
4858,80.967,22.652,7.5505,1.8286,6.6802,0.15174
4859,80.983,25.137,8.3791,2.7935,8.8044,0.15697
4860,81.0,24.643,8.2144,1.9993,5.7827,0.15572
4861,81.017,28.353,9.4511,3.538,10.5555,0.14963
4862,81.033,26.467,8.8222,3.0938,9.3939,0.15485
4863,81.05,28.341,9.4471,3.5806,11.2352,0.16667
4864,81.067,18.713,6.2378,1.6113,5.1738,0.16032
4865,81.083,25.088,8.3626,2.7768,9.3969,0.16107
4866,81.1,19.947,6.6492,1.8908,6.5377,0.16405
4867,81.117,0.505,0.1683,0.0313,0.1153,0.16704
4868,81.133,19.388,6.4627,1.7791,6.2104,0.16729
4869,81.15,30.59,10.1965,3.1336,8.9903,0.15995
4870,81.167,32.43,10.81,3.7726,9.7741,0.15448
4871,81.183,58.984,19.6613,4.0448,13.5203,0.14876
4872,81.2,52.098,17.3662,3.3644,11.2313,0.15323
4873,81.217,43.283,14.4278,3.3798,12.6771,0.13495
4874,81.233,0.221,0.0738,0.0149,0.0687,0.13271
4875,81.25,38.228,12.7426,3.352,12.2756,0.13022
4876,81.267,34.613,11.5376,3.2444,13.3528,0.1301
4877,81.283,17.992,5.9975,1.8892,6.6748,0.12575
4878,81.3,18.264,6.088,1.8643,7.8575,0.13184
4879,81.317,14.946,4.982,1.4184,6.711,0.12886
4880,81.333,11.368,3.7893,0.9067,3.9483,0.13396
4881,81.35,0.124,0.0412,0.0121,0.0669,0.13396
4882,81.367,17.455,5.8182,1.7504,8.0892,0.13483
4883,81.383,0.127,0.0425,0.0121,0.0623,0.13445
4884,81.4,11.253,3.751,1.0945,5.347,0.13197
4885,81.417,12.204,4.0679,1.1449,5.4078,0.13408
4886,81.433,15.884,5.2946,1.5475,6.6664,0.13396
4887,81.45,15.031,5.0105,1.3259,6.3136,0.13843
4888,81.467,24.744,8.2479,1.746,7.3054,0.13607
4889,81.483,22.278,7.426,1.5146,6.6118,0.14652
4890,81.5,27.832,9.2774,1.6876,8.3561,0.14142
4891,81.517,30.53,10.1765,3.3951,10.444,0.1347
4892,81.533,49.579,16.5263,2.8429,10.5137,0.13905
4893,81.55,46.076,15.3587,2.7149,9.7643,0.14764
4894,81.567,0.06,0.02,0.0053,0.0267,0.14813
4895,81.583,65.991,21.997,3.4815,12.6586,0.15448
4896,81.6,79.073,26.3578,3.6995,12.2194,0.15833
4897,81.617,67.107,22.3689,3.7048,10.9026,0.16343
4898,81.633,34.627,11.5425,5.0821,14.6458,0.16853
4899,81.65,30.58,10.1934,1.6862,6.747,0.19353
4900,81.667,25.748,8.5826,1.7332,9.8021,0.1847
4901,81.683,0.126,0.042,0.0076,0.0377,0.18396
4902,81.7,36.929,12.3096,1.961,7.855,0.18495
4903,81.717,39.248,13.0825,2.0821,7.9062,0.19017
4904,81.733,33.268,11.0892,1.999,11.848,0.18955
4905,81.75,44.053,14.6843,2.6316,9.8978,0.20721
4906,81.767,41.395,13.7985,2.344,9.9427,0.20647
4907,81.783,44.744,14.9148,2.7525,11.0729,0.20585
4908,81.8,52.047,17.349,2.6074,10.7153,0.21679
4909,81.817,61.544,20.5145,3.1813,10.4143,0.21766
4910,81.833,56.025,18.6749,3.701,14.4959,0.2051
4911,81.85,0.195,0.065,0.0125,0.0555,0.2051
4912,81.867,56.957,18.9855,3.5667,11.3249,0.20448
4913,81.883,0.136,0.0453,0.0087,0.0431,0.20423
4914,81.9,59.413,19.8043,3.6139,12.0417,0.20149
4915,81.917,49.876,16.6253,2.9486,11.9823,0.19104
4916,81.933,45.02,15.0066,2.394,8.3355,0.1898
4917,81.95,41.013,13.6709,2.4296,8.744,0.18197
4918,81.967,26.766,8.9218,1.7016,5.5618,0.1755
4919,81.983,30.482,10.1607,2.7671,10.3515,0.17898
4920,82.0,21.726,7.2419,1.3708,5.2769,0.18197
4921,82.017,16.521,5.5071,1.115,4.1846,0.18706
4922,82.033,0.285,0.0949,0.0182,0.0795,0.18794
4923,82.05,57.031,19.0103,4.1808,12.557,0.17612
4924,82.067,0.265,0.0884,0.0159,0.0688,0.17251
4925,82.083,48.761,16.2537,3.7666,12.4734,0.17139
4926,82.1,54.912,18.3039,3.8777,12.9718,0.15647
4927,82.117,42.726,14.2419,4.8261,18.625,0.16107
4928,82.133,23.721,7.9069,2.7173,10.0512,0.15659
4929,82.15,22.624,7.5413,2.4791,9.0409,0.16244
4930,82.167,22.919,7.6395,2.3485,8.3926,0.15796
4931,82.183,24.532,8.1774,2.8299,10.4048,0.15585
4932,82.2,0.372,0.1239,0.0256,0.1058,0.15808
4933,82.217,15.215,5.0715,1.0872,4.1164,0.16331
4934,82.233,21.688,7.2293,2.2547,8.8349,0.17338
4935,82.25,20.685,6.8951,2.0419,8.1035,0.16866
4936,82.267,19.122,6.3741,1.6588,6.462,0.17475
4937,82.283,22.673,7.5576,2.3279,8.8706,0.17624
4938,82.3,18.703,6.2343,1.5678,6.1651,0.17127
4939,82.317,15.884,5.2948,1.1453,4.2902,0.16878
4940,82.333,17.99,5.9967,1.5176,5.7197,0.16928
4941,82.35,11.208,3.736,0.6735,2.569,0.16592
4942,82.367,17.199,5.7329,1.224,4.5965,0.1653
4943,82.383,15.731,5.2437,1.0012,3.8766,0.16692
4944,82.4,17.137,5.7124,1.1763,4.5489,0.17326
4945,82.417,17.04,5.68,1.1756,4.5585,0.1709
4946,82.433,21.381,7.1271,1.8851,7.2059,0.17276
4947,82.45,0.1,0.0333,0.0099,0.0473,0.17189
4948,82.467,19.479,6.4929,1.5009,5.9531,0.18072
4949,82.483,22.352,7.4507,1.8462,7.3074,0.176
4950,82.5,31.453,10.4844,1.9285,7.4788,0.19179
4951,82.517,19.771,6.5902,1.6388,6.6839,0.18868
4952,82.533,21.451,7.1504,2.0634,8.6896,0.18818
4953,82.55,19.567,6.5223,1.4979,6.1649,0.17687
4954,82.567,17.222,5.7406,1.3898,5.6188,0.1745
4955,82.583,0.089,0.0297,0.0091,0.0493,0.17425
4956,82.6,0.004,0.0012,0.0011,0.0008,0.17438
4957,82.617,0.024,0.0081,0.0028,0.0122,0.17413
4958,82.633,0.025,0.0084,0.0032,0.0144,0.175
4959,82.65,14.975,4.9917,1.0756,4.2188,0.17475
4960,82.667,9.017,3.0057,0.5095,1.9601,0.17674
4961,82.683,49.142,16.3805,4.3331,13.0066,0.17488
4962,82.7,0.085,0.0284,0.0067,0.0313,0.17537
4963,82.717,49.888,16.6295,4.6732,14.5354,0.17438
4964,82.733,67.056,22.3521,6.4024,18.1717,0.18109
4965,82.75,55.099,18.3664,6.1192,14.9876,0.1704
4966,82.767,37.791,12.5969,4.8635,12.4563,0.16219
4967,82.783,0.116,0.0386,0.0124,0.064,0.16405
4968,82.8,28.114,9.3713,3.155,7.293,0.1607
4969,82.817,33.354,11.118,4.4477,10.8241,0.14876
4970,82.833,23.642,7.8805,3.1096,8.3954,0.14042
4971,82.85,16.639,5.5465,1.8684,5.2788,0.15522
4972,82.867,21.137,7.0458,2.6989,7.4813,0.14565
4973,82.883,17.078,5.6927,1.9992,5.8318,0.13022
4974,82.9,24.817,8.2723,3.5964,11.1251,0.12886
4975,82.917,18.685,6.2285,2.2929,6.5489,0.13408
4976,82.933,0.138,0.0461,0.0156,0.0757,0.13495
4977,82.95,19.99,6.6632,2.4183,7.0013,0.1403
4978,82.967,21.267,7.089,2.9297,8.5016,0.14129
4979,82.983,16.498,5.4993,1.9679,5.5521,0.13234
4980,83.0,24.211,8.0703,3.1697,8.8823,0.13396
4981,83.017,17.302,5.7674,1.9232,5.1311,0.14117
4982,83.033,28.131,9.3768,4.2477,10.3653,0.14254
4983,83.05,26.868,8.956,3.4958,7.7949,0.14726
4984,83.067,30.344,10.1147,4.1611,9.5134,0.14739
4985,83.083,29.46,9.82,3.6475,8.3507,0.15609
4986,83.1,33.876,11.292,4.7994,10.7531,0.16306
4987,83.117,33.174,11.0579,4.2264,9.7946,0.16803
4988,83.133,33.553,11.1844,4.3465,9.4287,0.18333
4989,83.15,36.073,12.0245,5.5907,12.015,0.19229
4990,83.167,32.545,10.8482,4.8354,9.9597,0.19204
4991,83.183,36.794,12.2646,5.2506,13.2736,0.18072
4992,83.2,33.179,11.0596,4.9667,10.7142,0.19154
4993,83.217,39.663,13.2211,5.4829,11.7755,0.21169
4994,83.233,0.161,0.0538,0.0115,0.0521,0.21194
4995,83.25,44.788,14.9293,6.0986,12.5782,0.20311
4996,83.267,45.774,15.258,5.9979,12.2755,0.2107
4997,83.283,45.34,15.1134,5.85,12.2158,0.20473
4998,83.3,44.732,14.9105,5.7379,11.9254,0.20622
4999,83.317,50.532,16.8441,5.497,13.0051,0.20659
5000,83.333,47.464,15.8213,5.5323,13.038,0.19789
5001,83.35,44.217,14.7388,5.5606,13.5755,0.2046
5002,83.367,47.457,15.819,5.6005,13.6365,0.199
5003,83.383,41.792,13.9306,5.3958,13.074,0.20933
5004,83.4,40.299,13.4329,5.3863,13.1721,0.22127
5005,83.417,35.265,11.7549,3.6925,9.2407,0.20224
5006,83.433,0.243,0.0809,0.0126,0.0578,0.201
5007,83.45,34.349,11.4496,3.4217,9.0818,0.199
5008,83.467,39.727,13.2423,4.386,11.5307,0.21157
5009,83.483,34.526,11.5087,2.9801,7.9502,0.19552
5010,83.5,37.845,12.6149,3.1252,8.1584,0.2051
5011,83.517,37.608,12.5362,3.4863,9.6591,0.20597
5012,83.533,33.226,11.0754,2.3686,6.4731,0.20995
5013,83.55,30.845,10.2818,1.9264,5.3851,0.20995
5014,83.567,0.183,0.061,0.0109,0.0474,0.2092
5015,83.583,42.261,14.0871,3.7878,9.4558,0.22562
5016,83.6,40.843,13.6145,3.26,7.9281,0.2255
5017,83.617,35.565,11.8551,2.1935,5.1312,0.22052
5018,83.633,42.242,14.0806,3.3689,9.7569,0.23246
5019,83.65,34.492,11.4975,2.2735,6.7896,0.22724
5020,83.667,37.726,12.5752,2.7756,8.7369,0.23284
5021,83.683,35.332,11.7774,2.4286,8.1436,0.22836
5022,83.7,43.986,14.6619,3.8845,11.4315,0.23818
5023,83.717,43.778,14.5927,3.6204,10.9768,0.23607
5024,83.733,42.79,14.2632,3.5209,11.1573,0.23731
5025,83.75,39.105,13.0351,2.7593,8.9603,0.23122
5026,83.767,42.3,14.0999,3.5616,11.8116,0.24366
5027,83.783,36.51,12.17,2.45,7.8837,0.24142
5028,83.8,36.129,12.043,2.6385,8.7869,0.23396
5029,83.817,38.479,12.8262,2.7947,8.6006,0.2357
5030,83.833,42.078,14.026,3.5549,11.3739,0.23595
5031,83.85,36.694,12.2312,2.6548,8.2993,0.23756
5032,83.867,40.707,13.5692,3.4046,10.4871,0.23993
5033,83.883,0.217,0.0723,0.0107,0.0482,0.24117
5034,83.9,35.831,11.9437,2.8994,9.4324,0.2301
5035,83.917,34.617,11.539,2.8361,9.2828,0.22388
5036,83.933,41.458,13.8194,3.9195,7.9713,0.23209
5037,83.95,43.033,14.3442,5.0279,12.3736,0.22898
5038,83.967,54.693,18.231,4.2011,10.1903,0.2306
5039,83.983,47.033,15.6775,5.2816,15.1938,0.23595
5040,84.0,56.283,18.761,4.265,10.4925,0.23669
5041,84.017,40.585,13.5284,4.5028,10.2837,0.23744
5042,84.033,45.324,15.1078,3.8543,11.1822,0.23756
5043,84.05,43.923,14.6411,4.4148,11.7494,0.23072
5044,84.067,44.508,14.8359,4.57,12.9517,0.22973
5045,84.083,39.244,13.0814,3.5883,10.8629,0.23134
5046,84.1,33.035,11.0118,2.5414,7.7741,0.21828
5047,84.117,39.056,13.0186,3.4276,9.8499,0.21505
5048,84.133,33.209,11.0697,2.8908,9.2034,0.21045
5049,84.15,32.776,10.9253,2.9539,10.2386,0.20435
5050,84.167,30.654,10.218,3.079,11.4265,0.2046
5051,84.183,0.084,0.0281,0.0062,0.0331,0.20299
5052,84.2,34.651,11.5502,3.0992,9.2724,0.18706
5053,84.217,0.188,0.0628,0.0125,0.0583,0.18458
5054,84.233,22.487,7.4956,1.7441,7.1899,0.19279
5055,84.25,21.091,7.0304,1.7482,6.9803,0.19005
5056,84.267,18.661,6.2203,1.2765,6.286,0.17886
5057,84.283,21.324,7.1081,1.6189,6.1652,0.18545
5058,84.3,20.505,6.835,1.4079,4.8465,0.19303
5059,84.317,18.701,6.2338,1.1255,3.538,0.18694
5060,84.333,14.568,4.8559,0.8165,2.814,0.18968
5061,84.35,19.676,6.5586,1.1874,3.7959,0.19092
5062,84.367,17.342,5.7807,0.8522,2.8078,0.18172
5063,84.383,20.542,6.8473,1.1728,4.0884,0.19117
5064,84.4,20.411,6.8036,1.1762,4.0691,0.18408
5065,84.417,16.54,5.5133,0.7434,2.5719,0.18843
5066,84.433,0.148,0.0492,0.0108,0.0549,0.1898
5067,84.45,19.348,6.4493,1.0375,3.5854,0.1847
5068,84.467,19.843,6.6144,1.0897,3.7797,0.18433
5069,84.483,16.378,5.4592,0.7783,2.699,0.17923
5070,84.5,26.983,8.9943,1.146,3.5479,0.18296
5071,84.517,30.242,10.0807,1.0619,5.4636,0.18445
5072,84.533,59.334,19.7779,2.4885,8.3536,0.16729
5073,84.55,56.469,18.8228,4.8479,14.188,0.16953
5074,84.567,59.861,19.9536,4.2915,12.355,0.17935
5075,84.583,43.889,14.6296,2.8271,10.0944,0.1796
5076,84.6,0.084,0.028,0.0065,0.0367,0.18072
5077,84.617,51.957,17.3191,3.097,10.25,0.16891
5078,84.633,39.802,13.2675,3.4125,10.3252,0.16082
5079,84.65,0.12,0.0399,0.0083,0.0437,0.16231
5080,84.667,25.342,8.4473,2.487,6.9344,0.16318
5081,84.683,24.914,8.3046,2.6259,7.0386,0.16194
5082,84.7,20.246,6.7486,1.6797,4.7603,0.16766
5083,84.717,24.052,8.0173,2.4847,7.2369,0.17624
5084,84.733,24.756,8.2521,2.1651,6.2961,0.17413
5085,84.75,25.537,8.5124,2.6001,7.4958,0.1699
5086,84.767,24.09,8.0301,2.304,7.3855,0.16269
5087,84.783,18.001,6.0004,1.3788,4.6469,0.1648
5088,84.8,19.584,6.5281,1.6678,5.793,0.16356
5089,84.817,23.483,7.8278,2.1866,5.5745,0.17164
5090,84.833,32.906,10.9686,4.528,12.133,0.16144
5091,84.85,0.11,0.0367,0.0095,0.0499,0.16206
5092,84.867,25.195,8.3984,2.7531,7.499,0.15833
5093,84.883,21.223,7.0744,1.9076,7.0603,0.15199
5094,84.9,23.857,7.9523,2.2289,8.0998,0.15746
5095,84.917,15.185,5.0617,1.2763,5.3493,0.15261
5096,84.933,20.795,6.9315,2.0273,7.5511,0.15473
5097,84.95,14.029,4.6762,1.2082,4.7968,0.15647
5098,84.967,18.387,6.1291,1.8004,5.7041,0.15323
5099,84.983,0.137,0.0457,0.0143,0.075,0.15423
5100,85.0,18.358,6.1194,1.2672,3.9527,0.15473
5101,85.017,21.361,7.1205,1.9974,6.0668,0.1546
5102,85.033,17.644,5.8812,1.4352,4.3881,0.16032
5103,85.05,18.203,6.0676,1.2804,4.1368,0.15808
5104,85.067,26.938,8.9795,2.6434,8.2754,0.16455
5105,85.083,23.328,7.776,1.8657,5.6647,0.16007
5106,85.1,0.13,0.0435,0.0141,0.0729,0.15983
5107,85.117,20.949,6.9831,1.5425,4.614,0.16157
5108,85.133,23.489,7.8296,1.9204,6.0264,0.16729
5109,85.15,18.812,6.2707,1.3234,3.9663,0.16604
5110,85.167,19.341,6.4471,1.3591,4.1998,0.17463
5111,85.183,18.905,6.3016,1.3392,4.4477,0.16468
5112,85.2,18.958,6.3192,1.3552,4.4311,0.16891
5113,85.217,17.931,5.977,1.2329,4.2657,0.16505
5114,85.233,13.225,4.4083,0.7614,2.6368,0.16667
5115,85.25,18.589,6.1962,1.3478,4.1522,0.16953
5116,85.267,13.734,4.5781,0.883,2.9337,0.1643
5117,85.283,15.985,5.3283,1.15,3.5824,0.16878
5118,85.3,13.514,4.5047,0.8432,3.1635,0.17226
5119,85.317,17.746,5.9154,1.2873,3.737,0.17164
5120,85.333,17.126,5.7086,1.1215,3.8746,0.17102
5121,85.35,14.328,4.7761,0.9463,3.4006,0.16978
5122,85.367,0.097,0.0324,0.0097,0.052,0.1699
5123,85.383,17.688,5.896,1.3294,4.5705,0.1745
5124,85.4,18.34,6.1133,1.3927,4.2342,0.17239
5125,85.417,13.608,4.5358,0.921,2.8922,0.17189
5126,85.433,26.053,8.6842,1.8316,5.7402,0.16853
5127,85.45,28.308,9.4359,2.2705,9.0634,0.17463
5128,85.467,30.549,10.1828,2.3924,8.7491,0.16716
5129,85.483,33.537,11.1788,2.7183,7.1805,0.16803
5130,85.5,30.766,10.2554,2.3351,7.1767,0.1694
5131,85.517,28.273,9.4244,2.3657,5.6683,0.16393
5132,85.533,0.061,0.0203,0.0059,0.0339,0.16368
5133,85.55,27.468,9.1559,3.0488,5.7474,0.1699
5134,85.567,30.309,10.103,3.4351,7.0334,0.16269
5135,85.583,23.11,7.7032,1.8903,4.3089,0.16953
5136,85.6,22.562,7.5207,1.809,3.9773,0.16978
5137,85.617,21.634,7.2115,1.7525,4.0918,0.16953
5138,85.633,20.695,6.8982,1.6682,4.6502,0.16853
5139,85.65,23.978,7.9928,1.7808,5.2609,0.1704
5140,85.667,25.945,8.6485,1.9484,5.3946,0.16754
5141,85.683,22.62,7.5401,1.6238,5.6808,0.1658
5142,85.7,23.31,7.7698,1.7313,7.2869,0.16866
5143,85.717,17.625,5.8749,1.1102,5.3904,0.16443
5144,85.733,14.399,4.7998,0.8653,3.284,0.16716
5145,85.75,22.62,7.5399,1.6453,5.271,0.16281
5146,85.767,22.306,7.4352,1.6142,4.3231,0.16816
5147,85.783,24.055,8.0183,1.7957,4.5572,0.16617
5148,85.8,22.189,7.3963,1.6635,3.816,0.16418
5149,85.817,19.17,6.39,1.1844,3.6962,0.16505
5150,85.833,21.149,7.0496,1.4261,4.0605,0.17139
5151,85.85,0.449,0.1496,0.0386,0.1374,0.17052
5152,85.867,23.418,7.806,1.6485,4.7728,0.17002
5153,85.883,22.649,7.5496,1.6274,4.2392,0.16256
5154,85.9,16.515,5.505,1.0075,3.5582,0.16505
5155,85.917,18.616,6.2053,1.1419,3.5184,0.17326
5156,85.933,22.508,7.5027,1.548,4.4892,0.17164
5157,85.95,0.047,0.0155,0.0055,0.0319,0.17214
5158,85.967,27.116,9.0388,2.8895,6.0173,0.1704
5159,85.983,39.066,13.0219,5.4693,12.7512,0.1658
5160,86.0,30.671,10.2235,2.9478,6.6903,0.17413
5161,86.017,22.542,7.514,1.8385,5.5483,0.17711
5162,86.033,20.181,6.727,1.4826,5.4163,0.17662
5163,86.05,18.262,6.0873,1.3061,3.33,0.17512
5164,86.067,13.796,4.5985,0.8328,2.0121,0.17525
5165,86.083,20.307,6.7689,1.4013,3.1508,0.17164
5166,86.1,20.295,6.765,2.084,4.8331,0.17326
5167,86.117,37.829,12.6095,4.9298,13.9859,0.18184
5168,86.133,33.544,11.1815,4.1599,9.7128,0.17338
5169,86.15,29.175,9.7249,3.0117,6.3751,0.17077
5170,86.167,33.608,11.2027,4.1397,8.7208,0.16878
5171,86.183,25.169,8.3895,2.1771,7.0169,0.16294
5172,86.2,0.408,0.1361,0.0349,0.1265,0.16157
5173,86.217,27.81,9.2701,2.4569,4.7707,0.16828
5174,86.233,38.09,12.6968,4.7286,9.2079,0.16866
5175,86.25,0.127,0.0425,0.014,0.0709,0.16915
5176,86.267,22.611,7.537,2.0382,5.0502,0.16754
5177,86.283,21.22,7.0733,1.8599,4.4331,0.16318
5178,86.3,20.151,6.7169,1.8094,4.9687,0.15896
5179,86.317,22.308,7.436,2.1533,5.1391,0.1597
5180,86.333,17.781,5.927,1.5782,3.7099,0.15149
5181,86.35,12.367,4.1223,0.8698,2.2983,0.15286
5182,86.367,18.351,6.1169,1.4207,3.8115,0.15286
5183,86.383,0.11,0.0366,0.0127,0.0653,0.15286
5184,86.4,15.065,5.0216,1.134,4.5489,0.16132
5185,86.417,21.145,7.0483,1.427,4.6164,0.16095
5186,86.433,26.477,8.8258,2.1426,5.7659,0.15908
5187,86.45,20.785,6.9283,1.4006,4.2639,0.16468
5188,86.467,22.425,7.4751,1.4451,4.6897,0.17264
5189,86.483,19.616,6.5385,1.382,5.9874,0.16542
5190,86.5,24.257,8.0855,1.7582,6.8207,0.16318
5191,86.517,20.085,6.6949,1.4464,4.6648,0.17027
5192,86.533,23.505,7.8349,1.7736,4.3648,0.1709
5193,86.55,25.278,8.4259,2.0164,5.3077,0.16505
5194,86.567,21.352,7.1174,1.6581,4.9668,0.16779
5195,86.583,23.186,7.7287,2.0907,5.551,0.16791
5196,86.6,0.097,0.0325,0.0118,0.062,0.16853
5197,86.617,57.971,19.3236,4.723,12.4661,0.18197
5198,86.633,0.047,0.0157,0.0046,0.0269,0.18172
5199,86.65,45.578,15.1928,4.6889,13.9375,0.17488
5200,86.667,19.851,6.617,1.7162,3.3233,0.16965
5201,86.683,14.451,4.817,0.8709,1.6221,0.17102
5202,86.7,20.868,6.9561,1.5105,2.7489,0.17674
5203,86.717,17.105,5.7017,1.0952,1.9249,0.17624
5204,86.733,18.048,6.016,1.1398,1.979,0.17177
5205,86.75,15.587,5.1957,0.9578,1.6786,0.17114
5206,86.767,15.621,5.2069,0.8954,1.595,0.17177
5207,86.783,16.635,5.545,0.9775,1.8816,0.17438
5208,86.8,13.085,4.3616,0.7112,1.4205,0.17562
5209,86.817,0.145,0.0484,0.015,0.0657,0.17388
5210,86.833,17.155,5.7183,0.9984,2.0284,0.18047
5211,86.85,22.729,7.5763,1.4866,3.5341,0.17065
5212,86.867,27.16,9.0535,2.0145,7.0151,0.17687
5213,86.883,35.845,11.9485,3.4617,8.927,0.17848
5214,86.9,48.777,16.2589,5.8674,12.6925,0.17699
5215,86.917,54.391,18.1302,6.1665,16.8318,0.17724
5216,86.933,66.473,22.1576,5.2667,14.3665,0.18184
5217,86.95,51.852,17.2839,5.7652,16.6398,0.17749
5218,86.967,33.776,11.2587,4.1387,9.1048,0.1745
5219,86.983,0.124,0.0414,0.016,0.0742,0.17463
5220,87.0,26.877,8.9589,2.3349,4.976,0.17251
5221,87.017,23.99,7.9967,1.7059,4.9332,0.17326
5222,87.033,20.737,6.9123,1.2502,3.5364,0.17612
5223,87.05,23.255,7.7518,1.5399,5.3263,0.17425
5224,87.067,22.531,7.5102,1.363,4.399,0.17799
5225,87.083,27.624,9.2081,1.7601,6.0927,0.1796
5226,87.1,21.073,7.0242,1.2418,4.3822,0.18396
5227,87.117,23.875,7.9582,1.4165,5.1554,0.18831
5228,87.133,19.777,6.5925,1.1195,4.3601,0.18022
5229,87.15,0.117,0.0389,0.0114,0.0555,0.18085
5230,87.167,26.85,8.95,1.671,6.2928,0.17438
5231,87.183,22.977,7.6589,1.266,4.7011,0.17898
5232,87.2,21.683,7.2277,1.1416,4.2249,0.17139
5233,87.217,20.456,6.8186,1.0653,3.9535,0.17624
5234,87.233,18.71,6.2366,0.9344,3.4666,0.176
5235,87.25,21.137,7.0456,1.1563,4.3504,0.16978
5236,87.267,18.657,6.2191,1.0189,4.3877,0.17015
5237,87.283,21.044,7.0145,1.2319,5.3632,0.17127
5238,87.3,19.647,6.5489,1.1101,4.5255,0.17575
5239,87.317,19.106,6.3687,1.0769,4.4114,0.16729
5240,87.333,13.701,4.5669,0.718,2.7591,0.16306
5241,87.35,17.765,5.9215,1.2049,4.5038,0.1643
5242,87.367,10.637,3.5457,0.5944,1.5945,0.16729
5243,87.383,15.264,5.0881,1.0584,2.8708,0.16343
5244,87.4,9.656,3.2186,0.5095,1.5551,0.16604
5245,87.417,14.767,4.9223,0.8447,2.492,0.1648
5246,87.433,11.402,3.8006,0.6223,1.7568,0.16803
5247,87.45,11.96,3.9868,0.6585,1.7042,0.16244
5248,87.467,12.043,4.0142,0.6595,1.6039,0.1648
5249,87.483,14.008,4.6694,0.8301,1.8635,0.16443
5250,87.5,16.302,5.4341,0.8445,1.7062,0.16604
5251,87.517,13.903,4.6343,0.7966,1.9433,0.15983
5252,87.533,20.587,6.8623,1.9669,4.6961,0.15771
5253,87.55,0.076,0.0253,0.0083,0.0422,0.15796
5254,87.567,21.673,7.2242,2.5184,6.0986,0.1592
5255,87.583,19.079,6.3596,1.9263,4.5941,0.15423
5256,87.6,22.865,7.6217,2.805,7.0657,0.15746
5257,87.617,23.811,7.9369,3.0668,7.4945,0.15299
5258,87.633,22.486,7.4953,2.5832,6.1838,0.1459
5259,87.65,19.916,6.6388,1.9634,4.764,0.13968
5260,87.667,21.8,7.2666,1.7773,5.6416,0.15386
5261,87.683,25.053,8.3511,2.6479,5.7721,0.14664
5262,87.7,25.541,8.5137,2.8674,5.6261,0.13557
5263,87.717,18.368,6.1225,1.5352,2.8579,0.13918
5264,87.733,27.508,9.1693,3.4238,7.2307,0.12836
5265,87.75,19.07,6.3568,1.7759,6.2701,0.12985
5266,87.767,20.538,6.8459,1.7444,5.7402,0.12102
5267,87.783,16.471,5.4905,1.2627,5.0176,0.12525
5268,87.8,10.58,3.5267,0.8161,3.0631,0.12637
5269,87.817,0.151,0.0502,0.0149,0.068,0.12438
5270,87.833,14.91,4.9701,1.2445,6.4113,0.12761
5271,87.85,18.856,6.2854,1.524,6.2121,0.12624
5272,87.867,18.761,6.2535,1.4344,5.8847,0.12488
5273,87.883,24.283,8.0943,2.055,5.7446,0.13184
5274,87.9,0.114,0.0381,0.0128,0.0603,0.13172
5275,87.917,10.869,3.6229,0.8531,5.7762,0.13271
5276,87.933,18.053,6.0177,1.5755,8.6279,0.13134
5277,87.95,16.06,5.3532,1.3613,7.8082,0.14142
5278,87.967,16.694,5.5646,1.3438,7.6679,0.13545
5279,87.983,27.869,9.2897,2.0128,5.8263,0.14428
5280,88.0,24.903,8.301,1.6548,8.5372,0.14378
5281,88.017,21.318,7.1059,1.555,7.8936,0.13881
5282,88.033,20.536,6.8453,1.5824,7.5661,0.13744
5283,88.05,17.358,5.7859,1.1963,5.3464,0.13955
5284,88.067,19.624,6.5414,1.4679,6.3209,0.14129
5285,88.083,22.571,7.5236,2.1287,7.6558,0.14328
5286,88.1,22.302,7.434,2.3155,7.9533,0.14104
5287,88.117,24.774,8.2579,2.4984,7.3542,0.14515
5288,88.133,23.095,7.6983,1.7968,6.0029,0.13968
5289,88.15,21.88,7.2933,1.4728,3.8489,0.14888
5290,88.167,0.099,0.0329,0.0091,0.046,0.14863
5291,88.183,15.596,5.1986,0.9177,4.4047,0.14303
5292,88.2,12.726,4.2421,0.9606,5.5122,0.13507
5293,88.217,8.447,2.8156,0.6961,5.1338,0.13532
5294,88.233,18.515,6.1717,1.6044,6.6703,0.13507
5295,88.25,23.178,7.7259,2.3852,6.0302,0.12923
5296,88.267,20.876,6.9587,1.8002,5.3833,0.13234
5297,88.283,9.22,3.0733,0.6939,3.2829,0.1291
5298,88.3,13.45,4.4835,1.0142,4.8846,0.13134
5299,88.317,10.875,3.6249,0.9352,3.8753,0.13607
5300,88.333,22.64,7.5468,1.9114,5.6661,0.13682
5301,88.35,27.453,9.1509,3.0785,5.5607,0.14266
5302,88.367,29.684,9.8945,3.7581,6.6395,0.14614
5303,88.383,29.384,9.7948,3.6764,6.3313,0.15336
5304,88.4,0.106,0.0353,0.0116,0.06,0.15373
5305,88.417,29.399,9.7997,3.4428,5.7553,0.1556
5306,88.433,36.537,12.1789,5.2912,10.2322,0.15871
5307,88.45,35.057,11.6857,4.2751,7.3177,0.1607
5308,88.467,30.525,10.1751,2.8987,4.9602,0.17463
5309,88.483,32.329,10.7764,2.9123,6.1067,0.17301
5310,88.5,20.134,6.7114,1.0028,4.4555,0.17711
5311,88.517,27.758,9.2525,1.9635,6.2081,0.17114
5312,88.533,15.885,5.2951,0.878,2.5291,0.16617
5313,88.55,17.293,5.7642,0.8976,2.2823,0.17002
5314,88.567,20.383,6.7942,1.157,3.013,0.18072
5315,88.583,19.653,6.5509,1.0546,2.75,0.1796
5316,88.6,0.463,0.1545,0.0308,0.1067,0.17998
5317,88.617,28.412,9.4707,2.2316,4.7572,0.17749
5318,88.633,0.073,0.0245,0.0076,0.0389,0.1791
5319,88.65,24.318,8.1061,1.7272,5.6401,0.18072
5320,88.667,34.492,11.4975,4.8961,10.3323,0.18433
5321,88.683,61.932,20.6442,4.5071,11.4195,0.18706
5322,88.7,72.048,24.0158,4.7503,11.2933,0.2107
5323,88.717,86.986,28.9953,4.9778,12.0047,0.18669
5324,88.733,69.765,23.255,4.5528,11.6809,0.15522
5325,88.75,92.335,30.7783,5.8641,15.8295,0.18221
5326,88.767,81.49,27.1634,6.5653,19.8712,0.1847
5327,88.783,77.154,25.718,6.7422,24.847,0.16343
5328,88.8,48.392,16.1305,5.6258,19.6531,0.15473
5329,88.817,41.235,13.7449,5.0583,17.292,0.16418
5330,88.833,31.97,10.6566,3.3555,7.9365,0.17077
5331,88.85,20.868,6.956,1.4705,3.4204,0.16343
5332,88.867,27.801,9.2669,2.517,5.6736,0.17102
5333,88.883,22.383,7.461,1.7247,3.4583,0.17463
5334,88.9,32.002,10.6673,2.3646,5.1417,0.19179
5335,88.917,24.3,8.0998,2.0535,5.0629,0.18582
5336,88.933,29.041,9.6803,2.7669,6.5996,0.18296
5337,88.95,0.177,0.0591,0.0125,0.0617,0.18296
5338,88.967,25.31,8.4366,2.0958,4.7811,0.1847
5339,88.983,37.09,12.3632,4.2519,10.056,0.18669
5340,89.0,45.255,15.0849,5.0862,13.3219,0.18371
5341,89.017,37.313,12.4376,4.4086,10.7117,0.18744
5342,89.033,36.364,12.1214,3.7543,8.04,0.18868
5343,89.05,23.819,7.9397,1.7095,3.6985,0.19005
5344,89.067,33.145,11.0483,3.1803,7.1691,0.19938
5345,89.083,36.428,12.1428,3.7533,8.8967,0.20659
5346,89.1,32.038,10.6792,2.8517,6.5035,0.20211
5347,89.117,0.172,0.0575,0.0128,0.0615,0.20249
5348,89.133,39.155,13.0517,4.2217,9.5009,0.21318
5349,89.15,35.459,11.8198,3.6167,8.4972,0.21157
5350,89.167,31.85,10.6167,2.8966,6.7055,0.20771
5351,89.183,41.082,13.6941,4.6778,10.9149,0.20846
5352,89.2,37.158,12.3859,3.8183,9.1364,0.20896
5353,89.217,44.832,14.9442,5.0552,11.7147,0.20522
5354,89.233,41.388,13.796,4.4867,10.9592,0.20958
5355,89.25,39.121,13.0404,3.6753,8.6111,0.2158
5356,89.267,36.547,12.1825,3.1848,7.6316,0.20386
5357,89.283,40.96,13.6533,3.8731,9.314,0.20734
5358,89.3,0.179,0.0597,0.012,0.0576,0.20958
5359,89.317,40.653,13.551,3.7736,9.189,0.20709
5360,89.333,44.112,14.7039,4.334,10.56,0.20647
5361,89.35,38.858,12.9527,3.6095,8.8146,0.20498
5362,89.367,40.443,13.4811,3.9001,10.953,0.21667
5363,89.383,55.684,18.5614,5.5203,13.6419,0.2255
5364,89.4,55.798,18.5994,5.6069,13.0038,0.22114
5365,89.417,61.261,20.4204,5.4574,13.8138,0.23308
5366,89.433,0.199,0.0663,0.0101,0.0488,0.23321
5367,89.45,74.156,24.7187,5.66,14.2713,0.25361
5368,89.467,73.546,24.5154,5.7315,14.1489,0.26493
5369,89.483,71.684,23.8947,5.4911,13.9312,0.26381
5370,89.5,48.724,16.2412,3.7246,11.2206,0.25958
5371,89.517,46.98,15.6601,4.1079,11.4061,0.24851
5372,89.533,25.109,8.3697,1.4191,6.5929,0.24614
5373,89.55,18.294,6.0978,1.1625,6.424,0.23905
5374,89.567,0.24,0.0798,0.0132,0.0602,0.23744
5375,89.583,33.203,11.0677,1.8709,4.5742,0.23557
5376,89.6,30.286,10.0954,1.9137,4.9457,0.22823
5377,89.617,27.709,9.2365,1.6091,4.063,0.23595
5378,89.633,39.895,13.2985,1.2415,4.3387,0.22475
5379,89.65,24.82,8.2733,1.6346,6.015,0.22338
5380,89.667,22.948,7.6493,1.2864,3.895,0.23147
5381,89.683,26.651,8.8838,1.351,4.9028,0.22177
5382,89.7,32.195,10.7317,1.9264,6.3658,0.23296
5383,89.717,31.139,10.3796,2.0198,4.4841,0.2444
5384,89.733,0.136,0.0455,0.0105,0.0496,0.24378
5385,89.75,51.058,17.0193,5.3647,11.882,0.24117
5386,89.767,31.162,10.3873,1.9522,6.4049,0.23993
5387,89.783,41.703,13.9011,2.8601,9.423,0.24378
5388,89.8,24.787,8.2623,1.235,5.7178,0.23769
5389,89.817,25.326,8.4419,1.2514,6.3318,0.24017
5390,89.833,19.557,6.5191,1.0127,4.4685,0.24614
5391,89.85,25.865,8.6216,1.4348,4.8931,0.24801
5392,89.867,44.381,14.7936,4.4523,10.0708,0.23881
5393,89.883,0.061,0.0202,0.0046,0.0237,0.23843
5394,89.9,45.184,15.0612,5.0815,11.2979,0.23632
5395,89.917,44.966,14.9887,4.6501,10.9883,0.23147
5396,89.933,48.142,16.0475,4.1445,9.7947,0.23109
5397,89.95,37.086,12.3622,3.1406,9.6923,0.23147
5398,89.967,0.125,0.0417,0.0094,0.044,0.2296
5399,89.983,34.678,11.5595,2.5597,7.6121,0.21692
